entry_date,exit_date,entry_price,exit_price,return_pct,holding_days,symbol,return_pct_net
2017-05-31,2018-12-05,12669.451171875,20299.263671875,0.6022212325138023,553,3MINDIA,0.5996212325138023
2019-03-20,2019-08-13,21465.087890625,19425.27734375,-0.09502921941288202,146,3MINDIA,-0.09762921941288202
2020-02-10,2020-03-23,22584.396484375,14548.5947265625,-0.35581210962941,42,3MINDIA,-0.35841210962941
2020-08-27,2020-10-07,19230.36328125,16961.5703125,-0.11797972485325432,41,3MINDIA,-0.12057972485325433
2020-11-27,2022-01-24,20024.40234375,22292.828125,0.11328307044120192,423,3MINDIA,0.11068307044120192
2022-08-29,2024-04-19,21265.044921875,28245.19140625,0.3282450853040352,599,3MINDIA,0.3256450853040352
2024-06-21,2024-12-11,36153.85546875,30637.736328125,-0.15257346883496065,173,3MINDIA,-0.15517346883496064
2025-08-13,2026-05-11,30059.666015625,31227.748046875,0.03885878275037492,271,3MINDIA,0.036258782750374925
2016-04-28,2016-10-07,1096.0030517578125,987.6810302734375,-0.09883368601085911,162,ABB,-0.10143368601085911
2017-03-15,2017-12-04,1041.777587890625,1194.8531494140625,0.14693689257932924,264,ABB,0.14433689257932925
2018-01-24,2018-04-19,1439.841796875,1078.9423828125,-0.25065213056447444,85,ABB,-0.25325213056447443
2018-10-29,2019-02-28,1066.4759521484375,1063.27001953125,-0.0030060993037199606,122,ABB,-0.0056060993037199604
2019-04-15,2019-09-30,1233.3258056640625,1317.7515869140625,0.06845375395720552,168,ABB,0.06585375395720551
2019-10-07,2020-01-20,1274.619384765625,1236.21484375,-0.030130203160755136,105,ABB,-0.03273020316075514
2020-12-01,2024-12-24,1095.900634765625,6716.5634765625,5.128806995352219,1484,ABB,5.126206995352219
2016-05-05,2016-12-06,1259.101806640625,1227.1055908203125,-0.025411937026506796,215,ACC,-0.028011937026506797
2017-05-12,2018-03-07,1532.7813720703125,1446.5181884765625,-0.056278856962643786,299,ACC,-0.058878856962643784
2018-09-28,2018-11-26,1440.8544921875,1335.7384033203125,-0.07295399322911549,59,ACC,-0.07555399322911549
2019-01-09,2019-02-12,1349.7076416015625,1276.1495361328125,-0.05449928799504016,34,ACC,-0.05709928799504016
2019-03-28,2019-10-10,1515.927001953125,1333.2996826171875,-0.12047237043778487,196,ACC,-0.12307237043778488
2020-08-13,2022-02-23,1323.061279296875,2056.480712890625,0.5543351960111151,559,ACC,0.5517351960111151
2022-06-29,2022-06-30,2117.349365234375,2084.634765625,-0.015450732952496828,1,ACC,-0.018050732952496828
2022-08-24,2023-02-16,2261.174560546875,1809.2640380859375,-0.19985653931629274,176,ACC,-0.20245653931629273
2023-09-22,2024-09-23,1953.634521484375,2462.058349609375,0.2602451085573051,367,ACC,0.2576451085573051
2016-05-04,2017-08-30,943.25537109375,1231.3948974609375,0.3054735071723746,483,AIAENG,0.3028735071723746
2017-12-14,2018-04-16,1517.0985107421875,1370.17529296875,-0.0968448764092191,123,AIAENG,-0.0994448764092191
2018-05-24,2019-09-05,1495.1461181640625,1457.5794677734375,-0.02512573850424351,469,AIAENG,-0.027725738504243508
2020-02-13,2020-04-08,1770.829833984375,1229.7386474609375,-0.3055579797331401,55,AIAENG,-0.3081579797331401
2020-07-08,2021-11-18,1611.5810546875,1859.0928955078125,0.15358324057011657,498,AIAENG,0.15098324057011658
2022-06-08,2024-11-22,2134.403076171875,3397.182861328125,0.5916313555081117,898,AIAENG,0.5890313555081117
2019-05-02,2019-09-24,150.2837677001953,139.8140411376953,-0.0696663832875571,145,APLAPOLLO,-0.0722663832875571
2019-11-22,2020-04-28,153.40139770507812,122.60174560546875,-0.2007781712577564,158,APLAPOLLO,-0.2033781712577564
2020-07-23,2022-07-05,182.78553771972656,831.072021484375,3.546705564631135,712,APLAPOLLO,3.544105564631135
2022-08-23,2024-02-28,1036.879638671875,1452.134521484375,0.40048513571391403,554,APLAPOLLO,0.39788513571391404
2024-06-12,2024-08-02,1569.3236083984375,1461.863037109375,-0.0684757246459388,51,APLAPOLLO,-0.07107572464593881
2024-11-26,2025-02-17,1476.845458984375,1329.111083984375,-0.10003374022736053,83,APLAPOLLO,-0.10263374022736053
2025-05-05,2026-06-26,1612.67138671875,1793.5,0.11212985780641653,417,APLAPOLLO,0.10952985780641653
2019-05-24,2020-05-05,338.5445251464844,244.1407928466797,-0.2788517470750923,347,AUBANK,-0.2814517470750923
2020-10-26,2022-07-20,383.9302673339844,573.5220947265625,0.4938183923583459,632,AUBANK,0.4912183923583459
2022-09-16,2022-10-27,655.2998046875,577.8954467773438,-0.11812052644677487,41,AUBANK,-0.12072052644677488
2022-12-21,2023-03-14,666.6915893554688,587.6456909179688,-0.11856441524021395,83,AUBANK,-0.12116441524021396
2023-05-16,2024-02-13,725.1924438476562,591.5578002929688,-0.1842747324360713,273,AUBANK,-0.18687473243607128
2024-09-20,2024-12-10,729.6906127929688,589.9987182617188,-0.19143989532298403,81,AUBANK,-0.19403989532298402
2020-10-30,2022-04-19,1431.4000244140625,2456.699951171875,0.7162916789648056,536,AAVAS,0.7136916789648056
2023-10-13,2023-11-21,1656.199951171875,1525.949951171875,-0.07864388590751932,39,AAVAS,-0.08124388590751933
2024-06-04,2024-12-30,1525.199951171875,1659.0999755859375,0.08779178383213394,209,AAVAS,0.08519178383213394
2025-03-25,2025-09-05,1957.050048828125,1591.199951171875,-0.18693957156349672,164,AAVAS,-0.1895395715634967
2019-06-19,2021-08-10,39.75,908.4000244140625,21.852830802869498,783,ADANIGREEN,21.850230802869497
2021-10-21,2022-11-28,1198.949951171875,1990.699951171875,0.6603695168644275,403,ADANIGREEN,0.6577695168644274
2023-11-08,2024-11-06,946.6500244140625,1721.1500244140625,0.8181481857346211,364,ADANIGREEN,0.8155481857346211
2025-09-23,2026-01-27,1131.449951171875,799.0999755859375,-0.2937381147453435,126,ADANIGREEN,-0.2963381147453435
2016-08-26,2018-04-06,244.21160888671875,360.6315002441406,0.4767172694539063,588,ADANIPORTS,0.4741172694539063
2019-01-18,2019-02-26,381.5609130859375,309.12835693359375,-0.18983222250553228,39,ADANIPORTS,-0.19243222250553227
2019-04-26,2019-09-19,374.3463134765625,346.0043640136719,-0.07571050773728293,146,ADANIPORTS,-0.07831050773728293
2019-10-18,2019-12-20,403.1778259277344,355.94757080078125,-0.11714497199411626,63,ADANIPORTS,-0.11974497199411627
2020-08-21,2021-12-30,342.5301513671875,704.9962158203125,1.058201921805612,496,ADANIPORTS,1.055601921805612
2022-01-14,2022-02-18,759.3613891601562,708.1598510742188,-0.0674271023215517,35,ADANIPORTS,-0.07002710232155171
2022-04-06,2022-07-04,827.2572021484375,663.869384765625,-0.1975054637886311,89,ADANIPORTS,-0.2001054637886311
2022-08-25,2023-02-06,799.8096923828125,534.6277465820312,-0.33155630436378525,165,ADANIPORTS,-0.33415630436378524
2023-08-01,2024-11-22,755.207763671875,1126.498779296875,0.4916408880911871,479,ADANIPORTS,0.4890408880911871
2016-02-29,2016-07-21,5.5,5.670000076293945,0.03090910478071733,143,ADANIPOWER,0.028309104780717333
2017-01-13,2017-06-16,7.230000019073486,5.510000228881836,-0.23789761903929646,154,ADANIPOWER,-0.24049761903929645
2017-12-07,2018-03-27,6.960000038146973,5.039999961853027,-0.2758620784153221,110,ADANIPOWER,-0.2784620784153221
2018-09-19,2020-03-06,5.860000133514404,8.819999694824219,0.5051193675544544,534,ADANIPOWER,0.5025193675544544
2020-12-02,2023-01-16,9.029999732971191,54.59000015258789,5.045404403863237,775,ADANIPOWER,5.0428044038632365
2023-08-02,2024-11-05,53.540000915527344,120.69000244140625,1.2542024724994816,461,ADANIPOWER,1.2516024724994816
2019-12-31,2020-03-18,102.69999694824219,49.45000076293945,-0.518500465118214,78,ABCAPITAL,-0.5211004651182141
2020-10-26,2021-10-12,66.0999984741211,108.55000305175781,0.6422088586621735,351,ABCAPITAL,0.6396088586621734
2022-01-12,2022-03-25,134.25,109.19999694824219,-0.1865922015028515,72,ABCAPITAL,-0.1891922015028515
2022-09-27,2023-12-19,108.3499984741211,164.75,0.520535323674691,448,ABCAPITAL,0.517935323674691
2024-03-11,2024-11-29,179.85000610351562,194.3300018310547,0.08051151090428578,263,ABCAPITAL,0.07791151090428577
2017-02-28,2017-10-27,155.6924591064453,146.5746612548828,-0.058562873911117024,241,ABFRL,-0.06116287391111702
2018-01-25,2018-02-19,164.6131134033203,149.23606872558594,-0.09341324248001383,25,ABFRL,-0.09601324248001383
2018-08-27,2019-08-14,206.8506622314453,193.19862365722656,-0.06599949174416216,352,ABFRL,-0.06859949174416216
2019-12-03,2020-04-22,217.49630737304688,120.20700073242188,-0.4473147512971594,141,ABFRL,-0.4499147512971594
2020-12-02,2022-06-21,164.0500030517578,234.60000610351562,0.430051824074025,566,ABFRL,0.427451824074025
2022-09-09,2023-01-30,324.95001220703125,250.10000610351562,-0.23034313984215946,143,ABFRL,-0.23294313984215945
2023-11-10,2025-01-06,216.60000610351562,265.54998779296875,0.2259925222073141,423,ABFRL,0.22339252220731412
2019-05-28,2019-08-02,198.487548828125,143.57174682617188,-0.2766712689343854,66,ADVENZYMES,-0.27927126893438536
2020-02-11,2020-03-12,163.16249084472656,112.23587036132812,-0.312122107352864,30,ADVENZYMES,-0.314722107352864
2020-07-08,2021-10-22,159.4980010986328,351.900146484375,1.2062981608575871,471,ADVENZYMES,1.2036981608575872
2022-12-15,2023-02-23,291.2099609375,271.002197265625,-0.0693924191563352,70,ADVENZYMES,-0.07199241915633521
2023-07-03,2024-12-30,272.1195373535156,337.06170654296875,0.23865309275858987,546,ADVENZYMES,0.23605309275858988
2025-08-13,2026-01-06,305.6313781738281,306.1789855957031,0.001791725133548126,146,ADVENZYMES,-0.0008082748664518739
2016-05-09,2017-02-21,931.0580444335938,1045.51123046875,0.12292808887633154,288,AJANTPHARM,0.12032808887633153
2018-01-19,2018-05-17,947.1595458984375,638.7354125976562,-0.3256306021898586,118,AJANTPHARM,-0.3282306021898586
2019-01-15,2019-03-06,710.4707641601562,607.3872680664062,-0.14509181980993188,50,AJANTPHARM,-0.14769181980993187
2019-11-01,2022-02-28,650.7698364257812,1079.994873046875,0.659565045267807,850,AJANTPHARM,0.656965045267807
2022-09-13,2023-01-10,1314.309326171875,1104.2047119140625,-0.15985933453715498,119,AJANTPHARM,-0.16245933453715497
2023-05-18,2025-02-25,1204.0064697265625,2533.60986328125,1.1043158213731599,649,AJANTPHARM,1.10171582137316
2016-09-08,2017-02-03,554.015625,494.8988037109375,-0.10670605416419889,148,APLLTD,-0.10930605416419889
2018-01-31,2018-05-18,506.16436767578125,415.3028564453125,-0.17950989250327717,107,APLLTD,-0.18210989250327717
2018-08-09,2019-03-18,535.6301879882812,487.688720703125,-0.08950478961093421,221,APLLTD,-0.09210478961093421
2019-11-13,2021-03-16,517.9713745117188,854.3511352539062,0.6494176653281004,489,APLLTD,0.6468176653281004
2023-06-26,2025-01-27,604.6597290039062,914.6271362304688,0.5126311417120356,581,APLLTD,0.5100311417120356
2025-07-21,2025-12-02,1000.9200439453125,887.0078735351562,-0.1138074625433119,134,APLLTD,-0.1164074625433119
2017-12-06,2018-05-18,1920.9490966796875,1813.72216796875,-0.05581976581070085,163,ALKEM,-0.058419765810700845
2018-09-21,2018-11-06,1924.0570068359375,1736.697998046875,-0.09737705698084777,46,ALKEM,-0.09997705698084777
2019-09-24,2021-04-22,1809.9898681640625,2653.888916015625,0.46624517777414937,576,ALKEM,0.4636451777741494
2021-06-01,2022-02-25,2942.677734375,3161.656982421875,0.07441496073078636,269,ALKEM,0.07181496073078636
2023-02-27,2025-01-22,3178.4482421875,5052.82177734375,0.5897134048866097,695,ALKEM,0.5871134048866097
2025-09-09,2026-05-01,5283.87109375,5390.3525390625,0.020152165604200873,234,ALKEM,0.01755216560420087
2015-11-23,2016-03-31,40.21257781982422,32.152732849121094,-0.2004309449350879,129,ALLCARGO,-0.2030309449350879
2016-07-18,2017-01-11,38.94053268432617,37.3118782043457,-0.04182414486168581,177,ALLCARGO,-0.044424144861685805
2017-06-07,2017-07-26,35.98794937133789,36.15606689453125,0.004671494934558685,49,ALLCARGO,0.002071494934558685
2017-11-21,2017-11-23,36.433597564697266,36.04023742675781,-0.010796631796817226,2,ALLCARGO,-0.013396631796817226
2017-12-11,2018-04-03,37.677459716796875,32.29800796508789,-0.14277639183065166,113,ALLCARGO,-0.14537639183065165
2019-04-01,2019-07-30,25.761037826538086,20.865880966186523,-0.19002172557305705,120,ALLCARGO,-0.19262172557305704
2020-02-07,2020-04-01,24.94517707824707,13.896151542663574,-0.44293233521355,54,ALLCARGO,-0.44553233521355
2020-08-11,2022-06-24,24.309499740600586,65.26254272460938,1.6846518201117457,682,ALLCARGO,1.6820518201117458
2022-09-27,2023-04-12,93.30064392089844,85.45003509521484,-0.08414313659334921,197,ALLCARGO,-0.08674313659334922
2024-01-12,2024-05-21,79.40859985351562,68.67901611328125,-0.1351186617070084,130,ALLCARGO,-0.1377186617070084
2016-04-25,2016-12-05,192.2283477783203,181.94187927246094,-0.053511714711931224,224,AMBUJACEM,-0.05611171471193122
2017-05-10,2018-03-06,226.0048065185547,210.71922302246094,-0.06763388678124783,300,AMBUJACEM,-0.07023388678124784
2019-03-19,2019-08-06,204.42227172851562,179.5198516845703,-0.12181852707819009,140,AMBUJACEM,-0.1244185270781901
2020-03-05,2020-03-16,181.78773498535156,159.59788513183594,-0.12206461483940971,11,AMBUJACEM,-0.12466461483940972
2020-07-24,2022-02-04,180.29031372070312,366.045166015625,1.0303096625739092,560,AMBUJACEM,1.0277096625739093
2022-06-22,2023-02-27,351.76971435546875,324.2040100097656,-0.07836292671246722,250,AMBUJACEM,-0.08096292671246723
2023-09-05,2024-10-24,435.12060546875,554.1187133789062,0.2734830445043187,415,AMBUJACEM,0.2708830445043187
2025-06-16,2025-12-15,547.4402465820312,550.7239990234375,0.00599837600890419,182,AMBUJACEM,0.0033983760089041897
2017-06-22,2017-09-01,1249.7176513671875,1057.848876953125,-0.15352969865165833,71,APOLLOHOSP,-0.15612969865165832
2018-02-01,2018-03-22,1188.5040283203125,997.0928955078125,-0.16105215317024824,49,APOLLOHOSP,-0.16365215317024823
2018-10-11,2020-05-05,1098.4605712890625,1328.04150390625,0.2090024336037572,572,APOLLOHOSP,0.2064024336037572
2020-08-10,2022-05-02,1759.2412109375,4251.78369140625,1.4168281557822726,630,APOLLOHOSP,1.4142281557822727
2022-10-10,2023-04-26,4298.92431640625,4373.9541015625,0.0174531533085868,198,APOLLOHOSP,0.014853153308586801
2023-05-30,2025-03-07,4561.14404296875,6199.9228515625,0.35929117632669727,647,APOLLOHOSP,0.3566911763266973
2025-06-03,2026-01-09,6794.7705078125,7246.87890625,0.06653769953196716,220,APOLLOHOSP,0.06393769953196715
2015-11-24,2015-12-01,138.9891357421875,139.80419921875,0.00586422436696326,7,APOLLOTYRE,0.0032642243669632597
2016-08-18,2018-09-04,154.04542541503906,214.35609436035156,0.3915122359707835,747,APOLLOTYRE,0.3889122359707835
2020-10-01,2021-12-22,122.92538452148438,195.35104370117188,0.5891839139785587,447,APOLLOTYRE,0.5865839139785587
2022-08-18,2025-01-28,254.68109130859375,413.9955749511719,0.6255450014918416,894,APOLLOTYRE,0.6229450014918415
2025-09-05,2026-03-19,476.7337646484375,417.06488037109375,-0.12516185909623156,195,APOLLOTYRE,-0.12776185909623156
2017-03-08,2018-07-31,37.75350570678711,48.33820724487305,0.28036340837569107,510,ASHOKLEY,0.2777634083756911
2019-12-26,2020-03-25,35.4309196472168,15.48355770111084,-0.5629930621254106,90,ASHOKLEY,-0.5655930621254106
2020-09-23,2022-03-07,33.07952117919922,44.78376388549805,0.35382140638899545,530,ASHOKLEY,0.35122140638899546
2022-06-09,2023-03-02,62.286224365234375,66.02226257324219,0.059981773595721696,266,ASHOKLEY,0.0573817735957217
2023-03-08,2023-03-13,66.38615417480469,64.08912658691406,-0.034601004026264384,5,ASHOKLEY,-0.03720100402626438
2023-06-21,2024-03-15,74.55079650878906,74.795166015625,0.003277892635354042,268,ASHOKLEY,0.0006778926353540422
2024-05-08,2025-01-22,94.30766296386719,99.23113250732422,0.05220646327905928,259,ASHOKLEY,0.04960646327905928
2025-06-04,2026-06-04,115.05369567871094,144.44000244140625,0.25541384472131157,365,ASHOKLEY,0.2528138447213116
2015-12-16,2016-04-12,126.19868469238281,97.76514434814453,-0.225307739249001,118,ASHOKA,-0.22790773924900098
2016-10-18,2016-12-16,108.83663177490234,103.729248046875,-0.046927065315568714,59,ASHOKA,-0.04952706531556871
2017-01-24,2018-07-25,113.68040466308594,148.35000610351562,0.30497429652172525,547,ASHOKA,0.30237429652172526
2019-05-09,2019-08-27,115.30000305175781,102.4000015258789,-0.11188205710704219,110,ASHOKA,-0.11448205710704219
2020-11-20,2022-01-20,74.05000305175781,99.69999694824219,0.346387479262575,426,ASHOKA,0.343787479262575
2023-01-09,2023-03-29,88.5999984741211,74.8499984741211,-0.1551918762618963,79,ASHOKA,-0.15779187626189628
2023-05-11,2025-03-11,85.0,178.1199951171875,1.095529354319853,670,ASHOKA,1.092929354319853
2017-04-24,2018-02-05,985.6236572265625,1054.0784912109375,0.06945331870077007,287,ASIANPAINT,0.06685331870077006
2018-05-15,2020-05-13,1221.8892822265625,1479.9036865234375,0.21116021561848353,729,ASIANPAINT,0.20856021561848354
2020-08-24,2022-03-24,1859.1212158203125,2888.4892578125,0.553685275189543,577,ASIANPAINT,0.551085275189543
2022-08-30,2023-01-04,3256.831787109375,2901.1533203125,-0.10920995926306652,127,ASIANPAINT,-0.11180995926306653
2023-06-19,2024-02-14,3203.96728515625,2886.3447265625,-0.09913414536573843,240,ASIANPAINT,-0.10173414536573844
2024-08-26,2024-11-28,3105.152587890625,2410.866943359375,-0.22359147413199693,94,ASIANPAINT,-0.22619147413199692
2025-08-12,2026-03-13,2453.15478515625,2177.904541015625,-0.11220255884631974,213,ASIANPAINT,-0.11480255884631975
2019-12-11,2020-04-16,112.64517974853516,78.50798797607422,-0.3030506218612063,127,ASTERDM,-0.3056506218612063
2020-09-16,2021-04-19,100.56122589111328,111.13468170166016,0.10514446017191269,215,ASTERDM,0.10254446017191268
2021-06-16,2022-03-03,117.62982177734375,126.12635040283203,0.07223107624502724,260,ASTERDM,0.06963107624502723
2022-07-22,2023-03-08,167.09854125976562,174.42445373535156,0.04384186971565076,229,ASTERDM,0.04124186971565076
2023-04-17,2026-02-04,188.81192016601562,537.9934692382812,1.8493617816356227,1024,ASTERDM,1.8467617816356228
2017-06-07,2017-06-28,910.2305297851562,892.4403686523438,-0.019544676376666417,21,ASTRAZEN,-0.022144676376666415
2017-11-02,2018-04-06,1062.156005859375,951.8873901367188,-0.10381583789420794,155,ASTRAZEN,-0.10641583789420794
2018-06-01,2021-03-10,1174.286865234375,3350.99072265625,1.8536389376946905,1013,ASTRAZEN,1.8510389376946905
2022-07-28,2023-05-19,3020.13818359375,3152.176025390625,0.04371913924804571,295,ASTRAZEN,0.041119139248045715
2023-06-14,2026-01-22,3596.24169921875,8309.876953125,1.3107114727383988,953,ASTRAZEN,1.308111472738399
2016-05-18,2016-11-17,190.69712829589844,177.19647216796875,-0.07079632634520414,183,ASTRAL,-0.07339632634520414
2017-03-24,2018-11-29,251.0415496826172,474.6436462402344,0.8906975631735435,615,ASTRAL,0.8880975631735435
2018-12-20,2020-04-13,481.6960144042969,512.6314086914062,0.06422181907684354,480,ASTRAL,0.06162181907684355
2020-09-08,2022-03-16,704.826416015625,1516.8466796875,1.1520854571005092,554,ASTRAL,1.1494854571005093
2022-09-16,2023-03-14,1741.1527099609375,1380.8543701171875,-0.2069309244286983,179,ASTRAL,-0.20953092442869828
2023-06-07,2024-02-21,1910.37060546875,1921.3026123046875,0.005722453436334726,259,ASTRAL,0.003122453436334726
2024-03-04,2024-09-23,2087.109130859375,1965.376708984375,-0.05832585372518409,203,ASTRAL,-0.06092585372518409
2025-10-28,2026-01-28,1448.81298828125,1452.9000244140625,0.002820954923699998,92,ASTRAL,0.0002209549236999982
2026-02-12,2026-07-10,1591.5999755859375,1333.800048828125,-0.1619753271627848,148,ASTRAL,-0.16457532716278478
2016-04-06,2017-08-30,1557.5755615234375,2024.08642578125,0.2995109038572269,511,ATUL,0.2969109038572269
2017-11-09,2022-01-06,2404.22705078125,8986.40234375,2.737751116655094,1519,ATUL,2.7351511166550937
2022-01-17,2022-05-27,10463.9873046875,8012.0751953125,-0.23431910207656972,130,ATUL,-0.23691910207656972
2022-09-19,2022-11-01,9104.7470703125,8235.2880859375,-0.0954951277240871,43,ATUL,-0.0980951277240871
2023-10-10,2023-11-15,6804.599609375,6603.75927734375,-0.029515378355920212,36,ATUL,-0.03211537835592021
2024-07-29,2025-01-29,7804.056640625,6211.70703125,-0.20404126759995866,184,ATUL,-0.20664126759995866
2025-06-25,2025-09-25,7296.51416015625,6193.9580078125,-0.15110724493134398,92,ATUL,-0.15370724493134397
2016-06-13,2016-06-21,711.672607421875,685.2156372070312,-0.0371757602286921,8,AUROPHARMA,-0.0397757602286921
2016-09-08,2016-12-20,766.8184204101562,640.0950927734375,-0.16525858568830012,103,AUROPHARMA,-0.16785858568830012
2017-08-09,2018-01-19,651.8778076171875,614.65771484375,-0.05709673245280171,163,AUROPHARMA,-0.05969673245280171
2018-09-04,2019-06-06,648.356689453125,599.8050537109375,-0.07488414407066543,275,AUROPHARMA,-0.07748414407066544
2020-05-15,2021-08-24,642.5902709960938,668.1578369140625,0.03978828667657213,466,AUROPHARMA,0.03718828667657213
2023-04-26,2024-12-31,608.4577026367188,1329.5093994140625,1.1850481860163902,615,AUROPHARMA,1.1824481860163902
2016-07-08,2017-01-05,152.96165466308594,151.244140625,-0.01122839604389049,181,AVANTIFEED,-0.01382839604389049
2017-02-02,2018-05-14,168.75820922851562,645.97265625,2.8277998990572835,466,AVANTIFEED,2.8251998990572833
2019-10-29,2020-04-17,395.22564697265625,386.4808654785156,-0.022126047641704876,171,AVANTIFEED,-0.024726047641704878
2020-09-03,2020-09-09,479.1494140625,431.3879089355469,-0.09967977362636019,6,AVANTIFEED,-0.10227977362636019
2020-09-14,2021-03-22,497.9377136230469,424.0865173339844,-0.14831412497702468,189,AVANTIFEED,-0.15091412497702467
2021-06-08,2022-01-07,535.1424560546875,530.4651489257812,-0.008740302840835086,213,AVANTIFEED,-0.011340302840835086
2022-01-13,2022-03-03,584.6153564453125,441.4671936035156,-0.24485871139648652,49,AVANTIFEED,-0.2474587113964865
2022-10-10,2022-11-30,467.7022399902344,366.29461669921875,-0.21682090573937174,51,AVANTIFEED,-0.21942090573937173
2023-07-27,2025-08-11,380.326171875,632.5771484375,0.6632490615066221,746,AVANTIFEED,0.6606490615066221
2025-12-18,2026-07-31,846.4519653320312,889.513671875,0.05087318395684422,225,AVANTIFEED,0.04827318395684422
2019-01-08,2019-02-28,1572.4000244140625,1455.800048828125,-0.07415414256902418,51,DMART,-0.07675414256902419
2019-08-28,2020-10-09,1553.300048828125,2057.60009765625,0.3246636406202332,408,DMART,0.3220636406202332
2020-12-07,2022-03-29,2526.449951171875,4006.10009765625,0.5856637475830663,477,DMART,0.5830637475830662
2022-09-09,2023-01-11,4386.10009765625,3872.89990234375,-0.11700603814006272,124,DMART,-0.11960603814006272
2023-08-04,2024-11-18,3652.10009765625,3790.550048828125,0.037909681407890715,472,DMART,0.03530968140789072
2025-06-03,2025-12-08,4055.199951171875,3867.60009765625,-0.046261554491637887,188,DMART,-0.048861554491637885
2016-05-30,2016-12-07,500.8846740722656,440.02276611328125,-0.12150882450478703,191,AXISBANK,-0.12410882450478704
2017-06-08,2018-04-20,507.5860290527344,502.58502197265625,-0.009852530987527551,316,AXISBANK,-0.012452530987527551
2018-08-16,2019-09-11,619.6097412109375,678.3423461914062,0.09478967336066146,391,AXISBANK,0.09218967336066146
2019-12-30,2020-03-09,750.3857421875,620.478759765625,-0.17312027017354356,70,AXISBANK,-0.17572027017354355
2020-11-14,2021-12-16,610.1300048828125,706.1546020507812,0.15738383033040995,397,AXISBANK,0.15478383033040996
2022-03-14,2022-05-06,706.5526733398438,670.083251953125,-0.051615998017995435,53,AXISBANK,-0.05421599801799543
2022-09-08,2024-12-12,777.0905151367188,1143.7896728515625,0.47188731630616787,826,AXISBANK,0.4692873163061679
2025-05-21,2025-09-08,1195.85498046875,1054.6866455078125,-0.11804803865565913,110,AXISBANK,-0.12064803865565914
2016-06-09,2018-07-13,958.7022094726562,1823.191650390625,0.9017288500810797,764,BASF,0.8991288500810797
2020-04-21,2022-02-17,1034.58544921875,2748.38525390625,1.6565087069237707,667,BASF,1.6539087069237708
2022-08-29,2022-12-07,3236.216064453125,2692.21337890625,-0.1680983824047619,100,BASF,-0.1706983824047619
2023-07-25,2025-01-20,2617.62060546875,4873.6103515625,0.861847489044257,545,BASF,0.859247489044257
2016-09-23,2016-11-07,357.6855773925781,346.9348449707031,-0.030056376609436292,45,BEML,-0.032656376609436294
2017-01-16,2018-01-30,474.1253356933594,580.8261108398438,0.22504761318111277,379,BEML,0.22244761318111278
2019-01-25,2019-08-23,337.719970703125,295.5581970214844,-0.12484240595503075,210,BEML,-0.12744240595503076
2019-11-05,2020-03-12,389.26043701171875,211.07701110839844,-0.45774861496637553,128,BEML,-0.4603486149663755
2020-12-02,2022-05-30,291.7587890625,568.599365234375,0.9488679914714437,544,BEML,0.9462679914714437
2022-09-21,2023-03-20,766.3858032226562,589.9443969726562,-0.23022530624662277,180,BEML,-0.23282530624662276
2023-06-30,2025-01-23,796.8515014648438,1815.9365234375,1.2788895046307662,573,BEML,1.2762895046307663
2025-06-18,2025-12-30,2225.329345703125,1827.5445556640625,-0.17875322176788921,195,BEML,-0.1813532217678892
2019-07-02,2019-08-06,62.01455307006836,47.088382720947266,-0.24068818704952155,35,BSE,-0.24328818704952154
2020-08-06,2022-07-19,51.742286682128906,218.54421997070312,3.22370625622515,712,BSE,3.22110625622515
2016-05-03,2017-01-10,1905.7540283203125,2124.791748046875,0.11493493728548866,252,BAJAJ-AUTO,0.11233493728548866
2017-03-01,2018-04-05,2146.69287109375,2221.125732421875,0.03467326990758632,400,BAJAJ-AUTO,0.03207326990758632
2019-03-07,2019-08-06,2356.986572265625,2153.82666015625,-0.08619476856590234,152,BAJAJ-AUTO,-0.08879476856590235
2019-10-15,2020-03-23,2485.71435546875,1669.1119384765625,-0.3285182045135651,160,BAJAJ-AUTO,-0.3311182045135651
2020-07-27,2021-10-22,2604.712890625,3449.56494140625,0.32435515400644716,452,BAJAJ-AUTO,0.32175515400644716
2022-05-11,2022-11-25,3223.2666015625,3369.690185546875,0.04542707820488544,198,BAJAJ-AUTO,0.04282707820488544
2023-03-16,2024-12-23,3517.751953125,8433.03515625,1.3972796458142824,648,BAJAJ-AUTO,1.3946796458142825
2016-09-02,2016-12-05,326.5155029296875,291.6258544921875,-0.10685449274061945,94,BAJAJCON,-0.10945449274061946
2017-04-12,2017-06-29,346.577880859375,307.4335021972656,-0.11294540368544848,78,BAJAJCON,-0.11554540368544848
2017-07-17,2018-06-25,332.2537841796875,337.7720031738281,0.01660844588351263,343,BAJAJCON,0.01400844588351263
2020-09-22,2021-10-06,154.88204956054688,233.4315185546875,0.5071566990300828,379,BAJAJCON,0.5045566990300827
2022-09-22,2023-04-19,155.4453125,149.47035217285156,-0.0384377002500377,209,BAJAJCON,-0.041037700250037695
2023-05-30,2024-11-08,179.97154235839844,226.33999633789062,0.25764325499391033,528,BAJAJCON,0.25504325499391034
2016-05-26,2016-12-22,215.51107788085938,188.47909545898438,-0.1254319856207997,210,BAJAJELEC,-0.1280319856207997
2017-03-09,2018-10-09,247.4938507080078,440.34478759765625,0.7792150646893169,579,BAJAJELEC,0.7766150646893168
2019-05-02,2019-07-30,502.9588928222656,319.41876220703125,-0.36492073852264767,89,BAJAJELEC,-0.36752073852264766
2020-03-17,2020-03-27,317.4798278808594,255.70420837402344,-0.19458124290661538,10,BAJAJELEC,-0.19718124290661537
2020-06-18,2022-03-21,373.7816162109375,964.5369873046875,1.580482681524837,641,BAJAJELEC,1.577882681524837
2022-08-29,2023-03-22,1118.1536865234375,1018.9313354492188,-0.08873766841722876,205,BAJAJELEC,-0.09133766841722876
2023-06-16,2023-10-25,1131.6693115234375,1016.593505859375,-0.10168677765870407,131,BAJAJELEC,-0.10428677765870407
2024-07-26,2024-09-19,990.264892578125,997.714599609375,0.007522943696261827,55,BAJAJELEC,0.004922943696261827
2017-02-20,2018-03-16,105.80815887451172,163.38580322265625,0.5441701751604194,389,BAJFINANCE,0.5415701751604194
2018-04-24,2020-04-15,185.6397247314453,212.4786376953125,0.14457526805048626,722,BAJFINANCE,0.14197526805048627
2020-09-09,2022-03-30,333.2413330078125,707.1654663085938,1.1220820956565283,567,BAJFINANCE,1.1194820956565283
2022-09-12,2023-01-12,713.170654296875,577.27783203125,-0.1905474116845198,122,BAJFINANCE,-0.1931474116845198
2023-06-20,2024-02-13,709.4417114257812,649.0469970703125,-0.08512991748693788,238,BAJFINANCE,-0.08772991748693788
2024-09-24,2024-12-11,746.2002563476562,702.8261108398438,-0.05812668266841816,78,BAJFINANCE,-0.06072668266841816
2025-01-28,2026-03-12,751.376220703125,857.8267211914062,0.14167403433218406,408,BAJFINANCE,0.13907403433218407
2016-06-10,2018-03-28,180.36534118652344,514.9473876953125,1.855024054553716,656,BAJAJFINSV,1.852424054553716
2018-04-03,2018-11-21,535.86279296875,582.8660888671875,0.08771516984419293,232,BAJAJFINSV,0.08511516984419293
2019-01-14,2020-04-03,634.3453979492188,449.6787414550781,-0.2911137325046437,445,BAJAJFINSV,-0.29371373250464367
2020-11-23,2022-04-04,874.718994140625,1714.727783203125,0.9603184504845167,497,BAJAJFINSV,0.9577184504845166
2022-09-19,2023-02-07,1761.5447998046875,1347.031494140625,-0.23531238360217802,141,BAJAJFINSV,-0.237912383602178
2023-07-14,2024-06-14,1611.02197265625,1588.6163330078125,-0.013907718224038326,336,BAJAJFINSV,-0.016507718224038327
2024-09-04,2024-12-31,1869.393310546875,1566.0001220703125,-0.16229500061054963,118,BAJAJFINSV,-0.16489500061054962
2025-02-07,2026-02-06,1795.9417724609375,2022.47412109375,0.12613568663888275,364,BAJAJFINSV,0.12353568663888274
2016-07-08,2018-04-10,1378.5157470703125,2311.66015625,0.6769196588162671,641,BAJAJHLDNG,0.6743196588162671
2018-06-28,2018-12-18,2532.470703125,2599.755126953125,0.026568687939843825,173,BAJAJHLDNG,0.023968687939843823
2018-12-19,2020-01-27,2610.528564453125,2967.427490234375,0.1367151965471851,404,BAJAJHLDNG,0.13411519654718512
2020-02-20,2020-03-09,3306.79541015625,2621.124267578125,-0.20735215141287686,18,BAJAJHLDNG,-0.20995215141287685
2020-12-01,2022-06-23,2813.42578125,4200.0849609375,0.4928721379212676,569,BAJAJHLDNG,0.4902721379212676
2022-09-08,2025-11-11,5997.19775390625,12006.8037109375,1.0020690001621038,1160,BAJAJHLDNG,0.9994690001621037
2016-05-24,2018-10-30,310.658447265625,990.5359497070312,2.1885047981975028,889,BALKRISIND,2.1859047981975026
2019-11-28,2020-05-26,875.0530395507812,985.5530395507812,0.12627805973535783,180,BALKRISIND,0.12367805973535782
2020-06-03,2022-02-03,1074.648193359375,2246.605712890625,1.0905499369683802,610,BALKRISIND,1.0879499369683803
2022-07-25,2022-09-23,2284.31787109375,1841.3314208984375,-0.19392504686014078,60,BALKRISIND,-0.19652504686014077
2023-01-19,2023-04-06,2164.095947265625,1926.728271484375,-0.10968445095106269,77,BALKRISIND,-0.1122844509510627
2023-05-23,2024-03-05,2356.33544921875,2237.04052734375,-0.050627308567017734,287,BALKRISIND,-0.05322730856701773
2024-05-29,2024-12-26,3051.762939453125,2792.817626953125,-0.08485105745022348,211,BALKRISIND,-0.08745105745022348
2026-02-23,2026-03-24,2500.3017578125,2050.466796875,-0.17991226840197805,29,BALKRISIND,-0.18251226840197804
2015-12-03,2016-03-02,65.23724365234375,53.48930358886719,-0.18008026406024435,90,BALMLAWRIE,-0.18268026406024435
2016-06-01,2018-03-20,60.78329086303711,97.55609893798828,0.6049821842948794,657,BALMLAWRIE,0.6023821842948793
2019-11-01,2020-03-09,97.61407470703125,67.51329803466797,-0.30836512831479096,129,BALMLAWRIE,-0.31096512831479095
2020-08-14,2021-12-01,84.47515106201172,95.83370208740234,0.13446026296008057,474,BALMLAWRIE,0.13186026296008058
2022-09-21,2023-04-10,100.44990539550781,99.01054382324219,-0.014329148112169295,201,BALMLAWRIE,-0.016929148112169293
2023-05-30,2024-11-06,109.91478729248047,226.81698608398438,1.0635711688221723,526,BALMLAWRIE,1.0609711688221724
2025-07-08,2025-12-09,201.5523681640625,171.9598388671875,-0.14682302950063503,154,BALMLAWRIE,-0.14942302950063502
2018-11-01,2020-03-25,99.40886688232422,71.02136993408203,-0.2855630271074917,510,BALRAMCHIN,-0.2881630271074917
2020-09-04,2022-07-07,147.2824249267578,336.5083923339844,1.2847830791849528,671,BALRAMCHIN,1.282183079184953
2023-01-20,2024-02-08,379.24114990234375,386.5422668457031,0.01925191120541493,384,BALRAMCHIN,0.016651911205414933
2024-07-08,2025-02-14,418.11688232421875,426.0225830078125,0.018907872458169397,221,BALRAMCHIN,0.0163078724581694
2025-05-27,2025-10-07,553.9534301757812,477.7308349609375,-0.1375974785292993,133,BALRAMCHIN,-0.14019747852929929
2019-05-09,2019-08-30,553.7611694335938,457.2293701171875,-0.17432027495741953,113,BANDHANBNK,-0.17692027495741952
2019-11-07,2020-01-15,553.621337890625,479.33135986328125,-0.13418915230109987,69,BANDHANBNK,-0.13678915230109986
2020-11-12,2021-05-07,328.8526306152344,289.51690673828125,-0.11961505007079261,176,BANDHANBNK,-0.12221505007079261
2022-03-16,2022-07-22,287.6650085449219,279.4096984863281,-0.028697651133695663,128,BANDHANBNK,-0.03129765113369566
2023-06-22,2023-08-17,233.10194396972656,225.74041748046875,-0.03158071684813521,56,BANDHANBNK,-0.03418071684813521
2023-09-29,2023-12-07,247.4244842529297,234.1976776123047,-0.05345795376945758,69,BANDHANBNK,-0.056057953769457575
2025-06-20,2025-11-24,178.42010498046875,149.91000366210938,-0.15979197703913645,157,BANDHANBNK,-0.16239197703913644
2016-08-02,2017-08-07,128.86595153808594,137.4414520263672,0.0665458981672656,370,BANKBARODA,0.06394589816726559
2017-12-13,2018-02-26,140.61878967285156,123.4439697265625,-0.1221374468251799,75,BANKBARODA,-0.1247374468251799
2019-05-09,2019-08-19,95.62076568603516,88.1067886352539,-0.07858101738541738,102,BANKBARODA,-0.08118101738541739
2020-12-16,2024-09-19,57.02037811279297,220.84957885742188,2.8731693153727536,1373,BANKBARODA,2.8705693153727534
2025-06-03,2026-05-15,237.52682495117188,253.2101593017578,0.06602763436849687,346,BANKBARODA,0.06342763436849687
2016-08-16,2018-02-26,95.33609008789062,108.3171157836914,0.13616066784187955,559,BANKINDIA,0.13356066784187956
2019-01-18,2019-06-24,87.3772201538086,73.5024185180664,-0.1587919781759893,157,BANKINDIA,-0.1613919781759893
2020-12-14,2021-09-22,44.94415283203125,46.39121627807617,0.032196923400759137,282,BANKINDIA,0.02959692340075914
2022-09-08,2023-07-21,46.77946090698242,77.15849304199219,0.6494096243523686,316,BANKINDIA,0.6468096243523686
2023-08-01,2024-08-06,78.39193725585938,111.13585662841797,0.41769498903551033,371,BANKINDIA,0.41509498903551034
2025-05-20,2026-06-30,108.55673217773438,140.39999389648438,0.2933329060293991,406,BANKINDIA,0.2907329060293991
2016-07-22,2016-11-24,28.188034057617188,24.771305084228516,-0.12121203509279063,125,MAHABANK,-0.12381203509279064
2017-02-21,2017-07-10,31.690185546875,24.984851837158203,-0.21159023192838378,139,MAHABANK,-0.21419023192838377
2018-12-28,2019-08-23,12.855453491210938,9.737685203552246,-0.24252495563771892,238,MAHABANK,-0.2451249556377189
2020-08-06,2021-09-20,10.122068405151367,15.8450927734375,0.5654006808898413,410,MAHABANK,0.5628006808898413
2022-09-22,2024-10-15,16.412153244018555,51.134010314941406,2.1156186244834942,754,MAHABANK,2.113018624483494
2016-05-10,2016-10-19,523.2378540039062,451.4886779785156,-0.137125354131689,162,BATAINDIA,-0.139725354131689
2017-03-27,2020-04-03,495.5753173828125,1103.0723876953125,1.2258420647758619,1103,BATAINDIA,1.223242064775862
2020-11-24,2021-05-06,1397.9896240234375,1256.545654296875,-0.10117669494533471,163,BATAINDIA,-0.10377669494533472
2021-06-23,2022-05-17,1544.4981689453125,1642.3900146484375,0.06338100469874441,328,BATAINDIA,0.060781004698744416
2022-09-08,2022-11-23,1832.6744384765625,1625.4249267578125,-0.1130858309406166,76,BATAINDIA,-0.1156858309406166
2023-07-17,2024-01-25,1621.737060546875,1399.0860595703125,-0.1372916771732904,192,BATAINDIA,-0.1398916771732904
2024-08-05,2024-10-16,1514.5787353515625,1395.7587890625,-0.07845082168110734,72,BATAINDIA,-0.08105082168110735
2024-10-21,2024-11-05,1401.7349853515625,1328.5523681640625,-0.05220859716870476,15,BATAINDIA,-0.05480859716870476
2017-04-25,2018-03-13,202.72157287597656,195.94271850585938,-0.033439235272037064,322,BERGEPAINT,-0.03603923527203706
2018-04-27,2020-05-27,222.14248657226562,366.7389221191406,0.6509175159513488,761,BERGEPAINT,0.6483175159513488
2020-06-09,2020-06-17,395.2254638671875,403.445068359375,0.020797254336197415,8,BERGEPAINT,0.018197254336197413
2020-06-24,2020-06-25,435.7995910644531,419.19927978515625,-0.038091617384839974,1,BERGEPAINT,-0.04069161738483997
2020-08-04,2021-12-07,423.591064453125,595.6123046875,0.4061021458430954,490,BERGEPAINT,0.4035021458430954
2023-05-31,2024-03-14,528.5616455078125,553.7295532226562,0.04761584183934464,288,BERGEPAINT,0.04501584183934464
2024-09-10,2024-12-05,593.2592163085938,476.086181640625,-0.19750731458846688,86,BERGEPAINT,-0.20010731458846687
2025-05-14,2026-01-15,545.1478271484375,521.21484375,-0.04390182296722394,246,BERGEPAINT,-0.04650182296722394
2019-05-31,2020-02-10,135.4645538330078,134.415771484375,-0.007742116435312558,255,BDL,-0.010342116435312559
2020-07-14,2023-11-16,181.0916748046875,546.500244140625,2.017809872983068,1220,BDL,2.0152098729830676
2023-12-07,2024-11-07,641.691650390625,1069.167236328125,0.6661697805749497,336,BDL,0.6635697805749496
2025-04-30,2025-11-26,1523.5579833984375,1482.322265625,-0.02706540756752651,210,BDL,-0.02966540756752651
2016-06-30,2018-03-08,31.93165397644043,42.30272674560547,0.3247897142070043,616,BEL,0.3221897142070043
2019-05-16,2020-01-23,26.019729614257812,30.010414123535156,0.15337148265716805,252,BEL,0.15077148265716805
2020-08-06,2023-03-16,29.870817184448242,88.89305114746094,1.9759162797106757,952,BEL,1.9733162797106758
2023-05-25,2025-02-11,106.70906829833984,261.8652038574219,1.4540107793396966,628,BEL,1.4514107793396966
2025-05-12,2026-07-07,320.6876220703125,419.1499938964844,0.307035149004234,421,BEL,0.304435149004234
2016-09-14,2018-06-22,401.2560729980469,577.0843505859375,0.4381946826976659,646,BHARATFORG,0.43559468269766594
2019-12-23,2020-03-27,479.4141540527344,254.1005096435547,-0.46997703865121127,95,BHARATFORG,-0.47257703865121126
2020-08-26,2022-01-20,480.2509460449219,725.0460815429688,0.5097233800662813,512,BHARATFORG,0.5071233800662812
2022-09-02,2023-05-02,747.4322509765625,780.9909057617188,0.04489859079710565,242,BHARATFORG,0.04229859079710565
2023-07-31,2024-12-03,915.5453491210938,1335.4737548828125,0.458664779592668,491,BHARATFORG,0.456064779592668
2025-07-10,2025-09-09,1229.658935546875,1176.780029296875,-0.04300290488799871,61,BHARATFORG,-0.04560290488799871
2016-08-26,2016-12-30,85.09146118164062,74.15653228759766,-0.1285079459465469,126,BHEL,-0.1311079459465469
2017-02-21,2017-07-20,95.08267974853516,90.07022857666016,-0.05271676382209055,149,BHEL,-0.055316763822090546
2018-01-29,2018-04-10,94.5936050415039,83.2527847290039,-0.11988992604229536,71,BHEL,-0.12248992604229536
2019-05-07,2019-05-22,61.28880310058594,62.681732177734375,0.022727301018791158,15,BHEL,0.020127301018791156
2019-05-27,2019-06-21,69.8385009765625,68.58967590332031,-0.01788161337628492,25,BHEL,-0.020481613376284923
2019-06-24,2019-07-03,70.79913330078125,70.07865905761719,-0.010176314448698374,9,BHEL,-0.012776314448698374
2019-07-23,2019-07-30,61.38487243652344,55.47693634033203,-0.09624416996713084,7,BHEL,-0.09884416996713084
2020-08-18,2020-11-09,36.8359375,27.737606048583984,-0.24699606061108165,83,BHEL,-0.24959606061108164
2020-12-23,2022-01-18,33.3933219909668,59.6555290222168,0.7864508669833499,391,BHEL,0.7838508669833498
2022-09-14,2024-10-31,62.06535720825195,237.73196411132812,2.8303487614459466,778,BHEL,2.8277487614459464
2016-05-05,2018-02-26,84.62110900878906,128.69729614257812,0.5208651558704005,662,BPCL,0.5182651558704005
2019-03-15,2019-09-11,124.10526275634766,123.80493927001953,-0.002419909354833256,180,BPCL,-0.005019909354833256
2019-09-23,2020-03-26,144.56735229492188,95.4772720336914,-0.33956546538311905,185,BPCL,-0.34216546538311904
2020-08-24,2020-10-26,138.58242797851562,117.0551986694336,-0.15533880898968944,63,BPCL,-0.15793880898968943
2020-12-21,2021-12-30,124.2422103881836,154.32594299316406,0.2421377767747898,374,BPCL,0.2395377767747898
2023-01-11,2023-10-27,148.44236755371094,142.62498474121094,-0.03918950437377722,289,BPCL,-0.041789504373777216
2023-11-07,2024-12-17,158.7418670654297,269.6833801269531,0.6988799811444573,406,BPCL,0.6962799811444572
2025-05-30,2026-04-22,298.8526916503906,314.3999938964844,0.0520232966958905,327,BPCL,0.0494232966958905
2016-05-11,2016-10-05,302.57586669921875,272.28271484375,-0.10011754138205024,147,BHARTIARTL,-0.10271754138205025
2017-03-06,2018-03-23,305.9688720703125,352.4576416015625,0.15193953952468325,382,BHARTIARTL,0.14933953952468326
2019-05-02,2020-10-01,306.0559997558594,409.6190185546875,0.3383793125488154,518,BHARTIARTL,0.33577931254881543
2021-01-25,2022-06-21,550.216796875,631.5384521484375,0.14779929608712475,512,BHARTIARTL,0.14519929608712476
2022-09-13,2023-04-13,760.3323364257812,743.656982421875,-0.021931664885245863,212,BHARTIARTL,-0.024531664885245864
2023-06-08,2026-03-17,810.504150390625,1804.2926025390625,1.226136166816022,1013,BHARTIARTL,1.223536166816022
2015-12-07,2017-07-07,76.23097229003906,165.52919006347656,1.1714164871685089,578,BIOCON,1.168816487168509
2017-07-19,2017-10-06,204.890625,172.8479766845703,-0.1563890408135057,79,BIOCON,-0.15898904081350568
2017-11-06,2019-04-22,202.9449005126953,299.8811340332031,0.477648037844853,532,BIOCON,0.475048037844853
2019-12-18,2021-03-10,290.73822021484375,398.0162353515625,0.36898490696353803,448,BIOCON,0.36638490696353804
2022-02-23,2022-03-08,390.9962463378906,330.6832580566406,-0.1542546478288408,13,BIOCON,-0.1568546478288408
2023-07-27,2023-12-06,255.09902954101562,239.4603729248047,-0.061304257583216344,132,BIOCON,-0.06390425758321634
2024-01-15,2025-03-27,280.0013122558594,344.6763916015625,0.23098134371100512,437,BIOCON,0.22838134371100513
2025-07-14,2026-04-13,378.6471862792969,344.587890625,-0.08994995047757766,273,BIOCON,-0.09254995047757766
2016-06-29,2018-03-21,510.9731140136719,695.5386962890625,0.3612040970720277,630,BIRLACORPN,0.3586040970720277
2019-06-27,2020-04-20,549.654296875,428.5951843261719,-0.22024591318051473,298,BIRLACORPN,-0.22284591318051472
2020-08-21,2022-03-04,567.363525390625,998.4354248046875,0.7597807756804126,560,BIRLACORPN,0.7571807756804125
2023-01-18,2023-02-23,939.6219482421875,850.6358032226562,-0.09470420011580559,36,BIRLACORPN,-0.0973042001158056
2023-06-02,2024-09-03,1127.255126953125,1305.7119140625,0.1583109119155027,459,BIRLACORPN,0.1557109119155027
2025-06-04,2025-11-21,1331.569580078125,1128.233154296875,-0.15270431889058322,170,BIRLACORPN,-0.15530431889058322
2016-09-28,2017-08-29,141.0836639404297,159.75860595703125,0.13236785532084536,335,BLISSGVS,0.12976785532084537
2017-09-06,2018-06-26,158.80819702148438,166.7350311279297,0.049914514836869095,293,BLISSGVS,0.0473145148368691
2019-04-16,2019-06-19,171.03384399414062,147.10064697265625,-0.13993252132194545,64,BLISSGVS,-0.14253252132194544
2019-12-31,2020-03-17,145.86036682128906,99.25668334960938,-0.31950888707677133,77,BLISSGVS,-0.3221088870767713
2020-09-04,2021-04-08,144.06979370117188,97.44287872314453,-0.323641158775728,216,BLISSGVS,-0.326241158775728
2023-03-27,2023-04-18,70.2651138305664,73.65316009521484,0.04821804278035034,22,BLISSGVS,0.045618042780350344
2023-04-20,2023-05-19,75.17532348632812,71.73817443847656,-0.04572177263030554,29,BLISSGVS,-0.048321772630305536
2023-06-16,2024-06-07,80.38013458251953,103.97563171386719,0.2935488632097791,357,BLISSGVS,0.2909488632097791
2024-09-11,2025-04-04,125.25057983398438,119.52262115478516,-0.04573199331126007,205,BLISSGVS,-0.04833199331126007
2018-01-18,2018-04-05,4564.4521484375,3641.951904296875,-0.202105359885614,77,BLUEDART,-0.204705359885614
2019-04-22,2019-05-30,3137.49609375,2615.00146484375,-0.16653235997554777,38,BLUEDART,-0.16913235997554776
2020-02-14,2020-05-06,2821.22216796875,2105.98828125,-0.2535191644384784,82,BLUEDART,-0.2561191644384784
2020-09-28,2022-12-26,2896.687744140625,7323.228515625,1.528138744135716,819,BLUEDART,1.525538744135716
2023-08-01,2023-10-03,6563.66259765625,6760.6337890625,0.030009341351059756,63,BLUEDART,0.027409341351059754
2023-10-18,2024-03-04,6703.89501953125,5927.0830078125,-0.11587472796867668,138,BLUEDART,-0.11847472796867668
2024-06-07,2025-01-06,7333.62451171875,6755.37548828125,-0.07884900876960474,213,BLUEDART,-0.08144900876960474
2016-04-11,2018-06-05,180.0967254638672,314.4284362792969,0.7458864700034796,785,BLUESTARCO,0.7432864700034796
2019-04-05,2020-03-27,325.5393371582031,235.30718994140625,-0.27717740044714334,357,BLUESTARCO,-0.27977740044714333
2020-10-16,2021-09-23,307.6592712402344,412.0019226074219,0.339150030963026,342,BLUESTARCO,0.336550030963026
2021-09-27,2022-07-06,437.0252990722656,423.9201354980469,-0.02998719662692046,282,BLUESTARCO,-0.03258719662692046
2022-09-12,2025-05-22,559.4796752929688,1543.8759765625,1.7594853660306016,983,BLUESTARCO,1.7568853660306016
2025-10-06,2025-12-30,1883.5626220703125,1699.6644287109375,-0.09763317195010157,85,BLUESTARCO,-0.10023317195010158
2026-02-09,2026-04-24,1927.546875,1809.525634765625,-0.0612287264009468,74,BLUESTARCO,-0.0638287264009468
2016-08-19,2018-05-15,480.4242858886719,1446.7099609375,2.0113172947979243,634,BBTC,2.008717294797924
2018-05-30,2018-11-12,1532.3466796875,1376.369873046875,-0.10178950279869711,166,BBTC,-0.10438950279869712
2019-11-11,2020-04-01,1170.3280029296875,709.1506958007812,-0.3940581665776081,142,BBTC,-0.3966581665776081
2020-07-23,2021-03-05,1246.19970703125,1175.125244140625,-0.05703296388982598,225,BBTC,-0.05963296388982598
2021-07-01,2021-09-06,1288.091796875,1178.2845458984375,-0.08524800114631775,67,BBTC,-0.08784800114631776
2022-12-20,2023-02-15,955.738525390625,900.129638671875,-0.05818420545098545,57,BBTC,-0.06078420545098545
2023-06-02,2025-02-03,929.08544921875,2074.482177734375,1.2328217275157705,612,BBTC,1.2302217275157705
2025-11-10,2026-01-06,1917.462890625,1858.82666015625,-0.030580112269936774,57,BBTC,-0.03318011226993677
2016-10-07,2017-01-06,56.45764923095703,50.79283905029297,-0.10033733706287432,91,BOMDYEING,-0.10293733706287432
2017-01-27,2018-07-16,51.64970779418945,202.86416625976562,2.9276924289315662,535,BOMDYEING,2.925092428931566
2020-08-13,2020-09-25,66.02679443359375,62.238372802734375,-0.05737703402623262,43,BOMDYEING,-0.05997703402623262
2020-10-08,2022-07-14,63.4191780090332,94.75977325439453,0.49418166916161044,644,BOMDYEING,0.49158166916161045
2023-06-14,2025-01-20,90.87294006347656,172.85748291015625,0.9021887350559127,586,BOMDYEING,0.8995887350559126
2025-08-20,2025-12-18,167.05825805664062,129.0062255859375,-0.22777702170102654,120,BOMDYEING,-0.23037702170102653
2016-05-26,2016-12-08,19537.884765625,18808.48828125,-0.03733241817754509,196,BOSCHLTD,-0.03993241817754509
2017-03-29,2017-10-04,20670.8984375,18748.68359375,-0.09299135446685879,189,BOSCHLTD,-0.09559135446685879
2018-09-11,2019-03-12,18662.638671875,17369.57421875,-0.0692862609548175,182,BOSCHLTD,-0.07188626095481751
2020-08-25,2022-03-23,13182.20703125,13220.8271484375,0.0029297155700821866,575,BOSCHLTD,0.0003297155700821867
2022-08-16,2025-02-01,17031.720703125,28120.029296875,0.6510386582205698,900,BOSCHLTD,0.6484386582205698
2025-07-10,2026-02-24,35476.859375,35099.02734375,-0.010650098061280262,229,BOSCHLTD,-0.013250098061280262
2015-11-17,2016-02-23,74.30622863769531,63.369895935058594,-0.1471792190660145,98,BRIGADE,-0.1497792190660145
2016-05-23,2017-01-04,71.22332763671875,72.5062255859375,0.01801232814847252,226,BRIGADE,0.01541232814847252
2017-03-10,2018-04-05,100.18305969238281,124.33967590332031,0.24112475986570606,391,BRIGADE,0.23852475986570607
2019-02-20,2020-04-13,96.5445327758789,101.3388442993164,0.04965906805481305,418,BRIGADE,0.04705906805481305
2020-10-14,2022-06-13,119.27851867675781,330.428466796875,1.7702261099698007,607,BRIGADE,1.7676261099698007
2022-09-01,2023-01-02,382.2312927246094,344.9947204589844,-0.09741895280262484,123,BRIGADE,-0.10001895280262485
2023-05-19,2025-01-16,402.59271240234375,848.22607421875,1.10690866498112,608,BRIGADE,1.10430866498112
2025-07-17,2025-08-12,843.7530517578125,726.2628784179688,-0.1392471092046108,26,BRIGADE,-0.1418471092046108
2016-08-17,2017-01-10,1443.75341796875,1246.490478515625,-0.13663201554920562,146,BRITANNIA,-0.1392320155492056
2017-02-27,2019-04-15,1410.1767578125,2619.758544921875,0.8577518955749258,777,BRITANNIA,0.8551518955749258
2019-11-04,2020-04-09,2847.065185546875,2462.03369140625,-0.13523803251686586,157,BRITANNIA,-0.13783803251686585
2020-06-08,2021-02-22,3044.71435546875,3033.2646484375,-0.003760519278494766,259,BRITANNIA,-0.006360519278494766
2021-06-08,2021-07-05,3336.253662109375,3263.818359375,-0.021711569344093927,27,BRITANNIA,-0.024311569344093925
2021-07-06,2021-12-23,3259.603515625,3292.579345703125,0.01011651568052815,170,BRITANNIA,0.007516515680528151
2022-07-18,2023-10-18,3556.999755859375,4416.11181640625,0.2415271632031115,457,BRITANNIA,0.2389271632031115
2023-11-30,2024-12-18,4650.87646484375,4643.44970703125,-0.001596851231942904,384,BRITANNIA,-0.004196851231942904
2025-06-04,2026-04-09,5380.69921875,5385.31103515625,0.0008571035508134906,309,BRITANNIA,-0.0017428964491865092
2016-09-07,2017-10-18,909.169677734375,1108.1680908203125,0.21887928948734398,406,CARERATING,0.21627928948734398
2020-12-10,2022-01-17,461.6539001464844,573.3643798828125,0.24197884974194306,403,CARERATING,0.23937884974194307
2022-10-14,2024-08-26,460.12030029296875,965.2305908203125,1.0977787552640665,682,CARERATING,1.0951787552640666
2024-10-25,2025-04-02,1376.858642578125,1142.7032470703125,-0.17006494949210169,159,CARERATING,-0.17266494949210168
2025-05-21,2026-01-20,1642.810546875,1596.1746826171875,-0.028387852967297136,244,CARERATING,-0.030987852967297135
2016-05-27,2017-07-25,206.5731201171875,259.6150817871094,0.25677087919198555,424,CCL,0.25417087919198555
2017-11-10,2018-02-05,286.9477844238281,256.2440185546875,-0.10700122996520682,87,CCL,-0.10960122996520683
2019-02-14,2019-06-13,255.57191467285156,237.94252014160156,-0.06898017160381945,119,CCL,-0.07158017160381945
2020-07-01,2021-03-10,224.45236206054688,243.84507751464844,0.08640013977162024,252,CCL,0.08380013977162024
2021-05-11,2022-05-05,305.8981628417969,364.8590393066406,0.1927467491700396,359,CCL,0.1901467491700396
2022-08-23,2024-03-15,446.2032775878906,574.8621826171875,0.28834146114929504,570,CCL,0.28574146114929505
2024-08-19,2025-02-24,698.8132934570312,584.1072998046875,-0.1641439776923717,189,CCL,-0.1667439776923717
2015-12-04,2015-12-29,34.102535247802734,31.538066864013672,-0.07519876059520514,25,CESC,-0.07779876059520514
2016-05-24,2018-04-10,35.37722396850586,65.3945541381836,0.8484930925162555,686,CESC,0.8458930925162554
2018-05-22,2018-07-03,65.96827697753906,57.72872543334961,-0.12490172430901694,42,CESC,-0.12750172430901693
2019-06-18,2020-01-08,56.11195373535156,53.41472625732422,-0.04806867874800162,204,CESC,-0.05066867874800162
2020-10-12,2022-03-29,45.26066589355469,65.98075103759766,0.45779452721206204,533,CESC,0.45519452721206205
2022-10-06,2022-11-18,68.76566314697266,61.91051483154297,-0.0996885364251952,43,CESC,-0.10228853642519521
2023-07-11,2025-02-03,68.04669189453125,130.75843811035156,0.9215987503554204,573,CESC,0.9189987503554203
2025-06-26,2026-02-03,167.56239318847656,147.44000244140625,-0.12008894337308945,222,CESC,-0.12268894337308946
2015-11-09,2015-11-13,57.82142639160156,57.838539123535156,0.00029595831513556947,4,CGPOWER,-0.0023040416848644305
2015-11-17,2016-02-15,59.361507415771484,43.122222900390625,-0.2735659052867367,90,CGPOWER,-0.2761659052867367
2016-06-08,2017-01-03,71.17411041259766,60.011478424072266,-0.1568355673687441,209,CGPOWER,-0.1594355673687441
2017-04-24,2018-04-04,78.82988739013672,77.89143371582031,-0.01190479531794722,345,CGPOWER,-0.01450479531794722
2020-08-19,2025-02-06,15.114001274108887,612.0784301757812,39.49744465909932,1632,CGPOWER,39.49484465909932
2025-07-16,2026-01-09,673.8626708984375,593.440185546875,-0.1193455118152457,177,CGPOWER,-0.12194551181524571
2016-05-16,2017-02-16,1779.5592041015625,1764.140869140625,-0.00866413150256593,276,CRISIL,-0.01126413150256593
2018-01-24,2018-05-25,1714.3782958984375,1438.6085205078125,-0.1608570150767716,121,CRISIL,-0.1634570150767716
2019-12-03,2020-04-16,1485.171875,1276.63720703125,-0.14041113454882115,135,CRISIL,-0.14301113454882114
2020-07-13,2022-03-21,1635.6473388671875,2836.013916015625,0.7338785987814368,616,CRISIL,0.7312785987814368
2022-03-31,2022-11-04,3112.04541015625,2778.503173828125,-0.10717781791988006,218,CRISIL,-0.10977781791988006
2023-03-14,2024-06-27,3090.93505859375,3952.823486328125,0.27884391337762343,471,CRISIL,0.27624391337762344
2024-09-05,2025-03-27,4465.2158203125,4064.927490234375,-0.08964590877269414,203,CRISIL,-0.09224590877269415
2025-06-20,2025-10-01,5656.34326171875,4385.24853515625,-0.22472022431259983,103,CRISIL,-0.22732022431259982
2019-04-11,2020-04-22,327.9792175292969,274.42462158203125,-0.1632865531868093,377,CANFINHOME,-0.16588655318680928
2020-09-11,2022-05-11,371.29443359375,460.2655334472656,0.23962411445915432,607,CANFINHOME,0.23702411445915433
2022-09-12,2022-11-07,628.2489624023438,499.4216003417969,-0.20505781906575302,56,CANFINHOME,-0.207657819065753
2023-01-17,2024-05-07,504.8638610839844,713.2767944335938,0.41281016411459837,476,CANFINHOME,0.4102101641145984
2024-06-25,2025-01-03,867.8168334960938,703.8807983398438,-0.1889062631982097,192,CANFINHOME,-0.19150626319820968
2025-06-25,2026-06-04,765.5184326171875,809.0983276367188,0.05692860310435429,344,CANFINHOME,0.05432860310435429
2026-06-15,2026-06-29,856.5640869140625,829.709716796875,-0.03135126784726121,14,CANFINHOME,-0.033951267847261206
2016-08-01,2018-02-15,39.986473083496094,52.53403091430664,0.3137950627605962,563,CANBK,0.3111950627605962
2019-01-07,2019-02-27,47.10034942626953,39.13602828979492,-0.1690926125493376,51,CANBK,-0.1716926125493376
2019-04-24,2019-08-20,46.296302795410156,38.128849029541016,-0.17641697657720665,118,CANBK,-0.17901697657720664
2020-12-16,2022-06-22,20.30435562133789,31.656829833984375,0.5591152176588232,553,CANBK,0.5565152176588232
2022-08-26,2024-10-09,41.9232063293457,97.57017517089844,1.3273547925794162,775,CANBK,1.3247547925794163
2025-06-05,2026-05-21,108.76644134521484,123.88336944580078,0.13898522295683258,350,CANBK,0.13638522295683259
2016-08-29,2018-02-16,233.8760223388672,624.3432006835938,1.6695477135273475,536,CAPLIPOINT,1.6669477135273476
2019-07-10,2019-11-27,400.8372497558594,309.44012451171875,-0.22801554820518424,140,CAPLIPOINT,-0.23061554820518423
2020-06-23,2021-03-15,350.9108581542969,441.89227294921875,0.2592721561067141,265,CAPLIPOINT,0.2566721561067141
2021-05-28,2022-03-14,582.7222290039062,715.7904663085938,0.2283562058927316,290,CAPLIPOINT,0.2257562058927316
2022-09-02,2022-10-25,760.8049926757812,735.1953125,-0.03366129352767651,53,CAPLIPOINT,-0.03626129352767651
2023-06-19,2025-04-21,805.84521484375,1897.742919921875,1.3549720032647206,672,CAPLIPOINT,1.3523720032647206
2025-07-11,2025-08-05,2016.5926513671875,1950.5123291015625,-0.032768304605704374,25,CAPLIPOINT,-0.03536830460570437
2025-09-15,2025-11-27,2268.805908203125,1904.926513671875,-0.1603836596227129,73,CAPLIPOINT,-0.16298365962271288
2015-12-14,2016-03-31,174.92918395996094,166.3765869140625,-0.04889176781305982,108,CARBORUNIV,-0.051491767813059815
2016-04-21,2018-04-12,190.55784606933594,342.34259033203125,0.7965284421165595,721,CARBORUNIV,0.7939284421165594
2018-09-21,2019-06-24,367.5875549316406,334.8582458496094,-0.0890381315768915,276,CARBORUNIV,-0.0916381315768915
2020-01-30,2020-03-24,328.8995056152344,183.5880126953125,-0.44181122330392203,54,CARBORUNIV,-0.444411223303922
2020-11-04,2022-04-06,294.00439453125,795.2056274414062,1.7047406169191908,518,CARBORUNIV,1.7021406169191908
2022-09-13,2023-12-28,914.9457397460938,1084.7296142578125,0.18556715129231097,471,CARBORUNIV,0.18296715129231098
2024-01-29,2024-01-30,1126.2615966796875,1098.5736083984375,-0.024583976194230972,1,CARBORUNIV,-0.02718397619423097
2024-04-19,2024-11-26,1238.901123046875,1397.67578125,0.12815765136498114,221,CARBORUNIV,0.12555765136498115
2016-08-23,2017-01-02,138.41322326660156,128.0189666748047,-0.07509583511234479,132,CASTROLIND,-0.07769583511234479
2017-04-03,2017-07-24,144.5604705810547,138.12376403808594,-0.044526048629315335,112,CASTROLIND,-0.04712604862931533
2018-04-03,2018-05-30,140.0612335205078,119.53268432617188,-0.14656838782824327,57,CASTROLIND,-0.14916838782824327
2019-03-11,2019-06-19,115.53657531738281,98.63890075683594,-0.14625389850900808,100,CASTROLIND,-0.14885389850900807
2019-11-26,2020-01-17,105.13091278076172,100.5742416381836,-0.04334282868903205,52,CASTROLIND,-0.045942828689032045
2020-02-14,2020-04-15,115.37422943115234,82.52994537353516,-0.284676085981718,61,CASTROLIND,-0.287276085981718
2020-12-11,2021-12-24,99.42110443115234,96.96756744384766,-0.024678231059118094,378,CASTROLIND,-0.027278231059118092
2022-09-01,2023-03-27,95.52670288085938,90.85762786865234,-0.04887717121389909,207,CASTROLIND,-0.05147717121389909
2023-07-05,2024-11-29,107.82439422607422,184.17515563964844,0.708102855217442,513,CASTROLIND,0.7055028552174419
2025-06-16,2025-10-17,203.2948760986328,193.38436889648438,-0.048749419524671864,123,CASTROLIND,-0.05134941952467186
2016-04-12,2016-05-31,1018.9180297851562,837.4296264648438,-0.1781187475488879,49,CEATLTD,-0.1807187475488879
2016-10-03,2018-03-08,1237.248046875,1408.2618408203125,0.13822110641213253,521,CEATLTD,0.13562110641213254
2019-12-26,2020-03-31,920.3731079101562,751.1724243164062,-0.18383923013346756,96,CEATLTD,-0.18643923013346755
2020-08-06,2020-08-21,839.8409423828125,822.599853515625,-0.020528993047505828,15,CEATLTD,-0.023128993047505826
2020-09-25,2021-08-24,857.4610595703125,1232.31298828125,0.4371649587198535,333,CEATLTD,0.4345649587198535
2022-08-12,2023-04-05,1299.2742919921875,1363.127197265625,0.04914505402514456,236,CEATLTD,0.04654505402514456
2023-05-26,2025-03-17,2030.378173828125,2587.4794921875,0.27438303146699144,661,CEATLTD,0.27178303146699145
2025-05-13,2026-04-09,3697.225341796875,3508.191650390625,-0.051128528539831554,331,CEATLTD,-0.05372852853983155
2016-05-17,2016-12-15,74.74505615234375,82.16653442382812,0.09929055717555525,212,CENTRALBK,0.09669055717555525
2017-04-12,2017-08-11,98.79261779785156,70.55238342285156,-0.28585369033124397,121,CENTRALBK,-0.28845369033124396
2020-08-06,2020-10-16,16.674264907836914,9.831069946289062,-0.4104045965067729,71,CENTRALBK,-0.4130045965067729
2021-03-02,2022-02-08,17.397138595581055,20.385011672973633,0.17174508675533057,343,CENTRALBK,0.16914508675533058
2022-10-04,2024-09-30,19.18022346496582,56.702144622802734,1.9562817516893711,727,CENTRALBK,1.9536817516893712
2025-12-09,2026-02-05,35.699275970458984,36.374351501464844,0.018910062253488888,58,CENTRALBK,0.01631006225348889
2026-02-20,2026-03-20,37.6927604675293,33.61946105957031,-0.10806582901955292,28,CENTRALBK,-0.11066582901955292
2019-11-21,2020-05-13,108.8143081665039,106.29243469238281,-0.023175936295640548,174,CDSL,-0.025775936295640546
2020-06-12,2022-05-11,120.79322814941406,519.9198608398438,3.30421364512863,698,CDSL,3.3016136451286298
2022-11-15,2022-11-21,600.3624267578125,586.1710205078125,-0.023638065304384618,6,CDSL,-0.02623806530438462
2023-07-26,2025-03-10,570.6109008789062,1088.41650390625,0.9074583086824541,593,CDSL,0.9048583086824541
2025-06-24,2026-01-16,1718.681640625,1421.3349609375,-0.1730085855687442,206,CDSL,-0.1756085855687442
2016-05-10,2016-12-26,177.38531494140625,157.07252502441406,-0.11451224090168845,230,CENTURYPLY,-0.11711224090168845
2017-03-14,2018-06-14,237.93580627441406,257.76434326171875,0.08333565804062383,457,CENTURYPLY,0.08073565804062383
2019-11-28,2020-03-25,169.5841827392578,102.04193878173828,-0.39828150754701175,118,CENTURYPLY,-0.40088150754701174
2020-09-10,2022-06-17,160.5710906982422,501.4635009765625,2.122999904876726,645,CENTURYPLY,2.120399904876726
2022-09-12,2022-12-06,681.5371704101562,566.9019165039062,-0.16820102979454707,85,CENTURYPLY,-0.17080102979454706
2023-06-21,2024-04-19,627.8547973632812,633.05615234375,0.008284327845088056,303,CENTURYPLY,0.005684327845088056
2024-07-18,2025-03-18,692.45654296875,672.6975708007812,-0.028534602450655817,243,CENTURYPLY,-0.031134602450655816
2025-09-22,2026-03-10,808.6500244140625,686.3499755859375,-0.15123977633802962,169,CENTURYPLY,-0.15383977633802962
2026-06-25,2026-07-01,754.5499877929688,743.5499877929688,-0.01457822566822193,6,CENTURYPLY,-0.017178225668221928
2016-06-01,2017-01-03,1907.8970947265625,1919.303466796875,0.005978504868967918,216,CERA,0.0033785048689679185
2017-03-15,2018-04-24,2440.22021484375,2928.55419921875,0.2001188177216492,405,CERA,0.1975188177216492
2019-04-23,2019-09-11,2694.346923828125,2379.01708984375,-0.11703386493984032,141,CERA,-0.11963386493984032
2020-09-24,2022-02-23,2145.650390625,4045.656494140625,0.885515232032828,517,CERA,0.882915232032828
2022-09-02,2024-02-15,4763.96875,7147.1103515625,0.500242912290829,531,CERA,0.49764291229082896
2024-07-19,2024-11-11,8539.41015625,6781.1357421875,-0.20590115498499834,115,CERA,-0.20850115498499833
2025-07-17,2025-11-06,6972.00390625,6113.9111328125,-0.12307692092201343,112,CERA,-0.12567692092201344
2016-01-20,2016-02-15,46.229530334472656,42.83909606933594,-0.07333914579288996,26,CHAMBLFERT,-0.07593914579288996
2016-05-19,2016-11-23,54.2070198059082,47.80558776855469,-0.11809230723759144,188,CHAMBLFERT,-0.12069230723759145
2016-12-07,2018-07-25,57.366703033447266,118.76141357421875,1.0702150776379065,595,CHAMBLFERT,1.0676150776379065
2019-02-07,2019-08-28,143.32464599609375,128.49940490722656,-0.10343818389247054,202,CHAMBLFERT,-0.10603818389247055
2020-02-13,2020-03-13,136.50587463378906,112.91617584228516,-0.17281086879805824,29,CHAMBLFERT,-0.17541086879805823
2020-07-22,2022-06-27,138.03793334960938,261.0414123535156,0.8910846172433973,705,CHAMBLFERT,0.8884846172433972
2023-10-30,2025-08-11,267.4833068847656,516.6805419921875,0.9316365870068237,651,CHAMBLFERT,0.9290365870068237
2016-05-19,2016-07-04,150.89089965820312,147.75730895996094,-0.020767261016670802,46,CHENNPETRO,-0.023367261016670804
2016-07-19,2018-03-08,172.60475158691406,272.3179931640625,0.5776969675538651,597,CHENNPETRO,0.5750969675538651
2020-12-03,2021-09-27,76.751220703125,101.9587173461914,0.32843121467174347,298,CHENNPETRO,0.3258312146717435
2021-10-19,2021-12-21,115.6702880859375,83.48157501220703,-0.2782798729593877,63,CHENNPETRO,-0.2808798729593877
2022-04-07,2022-11-23,137.3662567138672,161.3051300048828,0.17427040572911662,230,CHENNPETRO,0.17167040572911663
2023-04-19,2024-10-31,221.06805419921875,603.6974487304688,1.7308217413739837,561,CHENNPETRO,1.7282217413739838
2016-05-13,2018-07-25,277.1421813964844,604.8081665039062,1.182302829025717,803,CHOLAHLDNG,1.179702829025717
2019-06-14,2019-08-01,486.2093505859375,451.5486145019531,-0.07128767894367775,48,CHOLAHLDNG,-0.07388767894367776
2020-01-02,2020-04-08,504.56072998046875,278.5989990234375,-0.4478385207778221,97,CHOLAHLDNG,-0.4504385207778221
2020-10-05,2022-02-23,403.9312744140625,645.4298095703125,0.5978703567990982,506,CHOLAHLDNG,0.5952703567990981
2022-09-13,2022-11-21,657.0039672851562,578.8438720703125,-0.11896441894835667,69,CHOLAHLDNG,-0.12156441894835668
2023-05-22,2025-01-24,833.2258911132812,1424.443115234375,0.7095521519754536,613,CHOLAHLDNG,0.7069521519754536
2025-04-23,2026-01-08,1958.902587890625,1855.135498046875,-0.05297205204853393,260,CHOLAHLDNG,-0.05557205204853393
2017-05-29,2018-09-24,200.14813232421875,230.50137329101562,0.15165388062491555,483,CHOLAFIN,0.14905388062491556
2019-04-16,2020-03-30,291.75244140625,158.33409118652344,-0.45729985866321676,349,CHOLAFIN,-0.45989985866321675
2020-10-05,2024-03-20,248.993896484375,1041.6552734375,3.1834570571607026,1262,CHOLAFIN,3.1808570571607024
2024-05-17,2024-12-18,1281.1324462890625,1239.6080322265625,-0.03241227258179271,215,CHOLAFIN,-0.03501227258179271
2025-03-28,2026-04-06,1517.534912109375,1392.6529541015625,-0.08229264250285119,374,CHOLAFIN,-0.0848926425028512
2016-09-21,2017-05-25,559.895263671875,469.2562255859375,-0.16188570249998802,246,CIPLA,-0.164485702499988
2017-09-27,2018-04-06,532.6871337890625,522.2689208984375,-0.019557845928282705,191,CIPLA,-0.022157845928282703
2018-07-31,2018-12-04,599.2612915039062,513.0675659179688,-0.14383329410385529,126,CIPLA,-0.14643329410385528
2019-07-02,2019-08-14,521.4239501953125,451.68670654296875,-0.13374384438271758,43,CIPLA,-0.13634384438271757
2020-05-04,2021-12-21,583.8560791015625,850.8470458984375,0.4572890072630923,596,CIPLA,0.4546890072630923
2022-03-11,2023-03-02,1001.6822509765625,854.6913452148438,-0.1467440454479592,356,CIPLA,-0.14934404544795918
2023-08-02,2024-12-24,1135.5794677734375,1446.5809326171875,0.27387027827611155,510,CIPLA,0.27127027827611155
2025-07-07,2025-07-10,1496.4609375,1464.06494140625,-0.02164840744047153,3,CIPLA,-0.024248407440471527
2025-07-11,2026-01-09,1471.1978759765625,1452.0772705078125,-0.012996623894700762,182,CIPLA,-0.015596623894700762
2016-05-03,2018-12-11,56.25756072998047,125.8620834350586,1.237247434867628,952,CUB,1.234647434867628
2018-12-19,2020-03-26,130.7084197998047,97.10919952392578,-0.2570547507753522,463,CUB,-0.2596547507753522
2020-11-14,2021-07-15,134.5113067626953,116.07223510742188,-0.13708194574158458,243,CUB,-0.13968194574158457
2022-07-29,2023-02-22,115.72046661376953,95.76896667480469,-0.1724111604696107,208,CUB,-0.17501116046961068
2023-11-13,2025-03-10,104.55602264404297,113.93411254882812,0.08969440179177922,483,CUB,0.08709440179177921
2016-06-30,2016-12-26,143.129638671875,130.32569885253906,-0.08945694223883983,179,COALINDIA,-0.09205694223883984
2017-11-13,2018-08-01,133.65284729003906,139.34320068359375,0.04257562415566122,261,COALINDIA,0.03997562415566122
2018-09-11,2018-11-06,145.75306701660156,136.8976593017578,-0.06075623584535001,56,COALINDIA,-0.06335623584535001
2019-06-04,2019-08-13,143.1918487548828,110.76438903808594,-0.22646163171135889,70,COALINDIA,-0.22906163171135888
2020-12-30,2024-11-26,85.35626983642578,373.8835144042969,3.380270074135106,1427,COALINDIA,3.377670074135106
2019-07-23,2019-08-13,143.43988037109375,143.83114624023438,0.002727734212607957,21,COCHINSHIP,0.0001277342126079573
2019-11-15,2020-03-16,166.7598419189453,97.20258331298828,-0.4171103654545666,122,COCHINSHIP,-0.4197103654545666
2020-08-25,2021-09-16,147.9710235595703,167.0289306640625,0.12879485892601017,387,COCHINSHIP,0.12619485892601018
2022-08-29,2024-11-18,176.73875427246094,1286.276611328125,6.277841334929845,812,COCHINSHIP,6.275241334929845
2025-06-02,2025-12-16,1911.483154296875,1556.7879638671875,-0.18556019687244354,197,COCHINSHIP,-0.18816019687244354
2017-04-06,2017-10-16,233.60000610351562,220.5500030517578,-0.05586473763179158,193,COFFEEDAY,-0.05846473763179158
2017-12-26,2018-07-20,283.8999938964844,258.75,-0.08858751122641646,206,COFFEEDAY,-0.09118751122641647
2019-03-08,2019-05-23,289.04998779296875,250.8000030517578,-0.1323299995037792,76,COFFEEDAY,-0.13492999950377918
2020-10-05,2021-10-07,26.350000381469727,32.0,0.2144212347907045,367,COFFEEDAY,0.2118212347907045
2021-11-09,2022-06-23,37.70000076293945,42.400001525878906,0.12466845272745283,226,COFFEEDAY,0.12206845272745283
2022-10-04,2023-01-25,54.79999923706055,43.0,-0.21532845622888908,113,COFFEEDAY,-0.21792845622888907
2023-09-05,2024-07-23,52.79999923706055,49.59000015258789,-0.060795438084391945,322,COFFEEDAY,-0.06339543808439195
2025-06-09,2026-01-09,33.06999969482422,33.630001068115234,0.016933818520072783,214,COFFEEDAY,0.014333818520072783
2016-07-28,2017-01-27,754.9818725585938,717.7368774414062,-0.04933230382203241,183,COLPAL,-0.051932303822032407
2017-04-07,2018-04-10,825.8180541992188,905.0531616210938,0.09594741483183955,368,COLPAL,0.09334741483183955
2018-05-14,2018-10-25,921.5138549804688,930.452880859375,0.009700370570224048,164,COLPAL,0.0071003705702240485
2018-12-04,2019-06-06,1039.603759765625,989.562744140625,-0.04813470050962645,184,COLPAL,-0.050734700509626446
2019-09-24,2020-03-25,1295.5828857421875,964.68115234375,-0.2554076138547301,183,COLPAL,-0.2580076138547301
2020-08-06,2021-11-23,1250.0528564453125,1340.890869140625,0.0726673374065335,474,COLPAL,0.0700673374065335
2022-05-16,2023-01-25,1446.4007568359375,1342.3995361328125,-0.07190346120298778,254,COLPAL,-0.07450346120298779
2023-05-23,2024-12-19,1485.7061767578125,2689.684326171875,0.8103743312432395,576,COLPAL,0.8077743312432395
2016-06-07,2016-11-29,383.2903137207031,332.6290283203125,-0.13217470827427852,175,CONCOR,-0.1347747082742785
2017-04-24,2018-04-10,431.4367370605469,462.1318664550781,0.07114630433111116,351,CONCOR,0.06854630433111115
2018-06-04,2018-07-17,475.3800964355469,464.1951599121094,-0.023528407283568253,43,CONCOR,-0.02612840728356825
2018-12-21,2019-03-14,477.51678466796875,462.4898986816406,-0.03146881213144529,83,CONCOR,-0.03406881213144529
2019-06-28,2019-09-16,518.216064453125,489.76788330078125,-0.054896370652587165,80,CONCOR,-0.05749637065258716
2019-09-27,2020-03-11,545.3499145507812,364.470703125,-0.3316755107127432,166,CONCOR,-0.3342755107127432
2020-12-11,2021-12-30,374.5751953125,568.9320678710938,0.5188727790596118,384,CONCOR,0.5162727790596118
2022-07-27,2023-02-21,642.5857543945312,570.0140991210938,-0.11293691896705253,209,CONCOR,-0.11553691896705254
2023-08-09,2024-10-04,678.5927124023438,855.6292114257812,0.26088771038624264,422,CONCOR,0.25828771038624265
2016-05-05,2018-05-23,195.387451171875,393.61297607421875,1.0145253633917983,748,COROMANDEL,1.0119253633917984
2019-01-16,2019-06-18,416.5093994140625,379.2748107910156,-0.08939675473213278,153,COROMANDEL,-0.09199675473213278
2019-11-13,2021-04-13,442.0129089355469,705.9132080078125,0.5970420631103035,517,COROMANDEL,0.5944420631103035
2021-06-11,2021-11-30,808.8319702148438,709.5,-0.12280915427769129,172,COROMANDEL,-0.12540915427769128
2022-04-21,2022-12-23,810.3093872070312,840.9382934570312,0.03779902680823124,246,COROMANDEL,0.03519902680823124
2023-06-08,2024-04-02,938.4464111328125,1115.7650146484375,0.18894909865080212,299,COROMANDEL,0.18634909865080213
2024-05-13,2025-12-19,1185.272705078125,2346.95458984375,0.9800967151176023,585,COROMANDEL,0.9774967151176023
2026-01-15,2026-02-06,2309.140625,2268.091796875,-0.01777666880941909,22,COROMANDEL,-0.020376668809419088
2020-09-23,2021-04-19,694.8401489257812,563.2337646484375,-0.18940526750045522,208,CREDITACC,-0.1920052675004552
2021-07-26,2021-08-23,655.5517578125,631.2445068359375,-0.037079072227146445,28,CREDITACC,-0.03967907222714644
2022-03-14,2022-12-16,797.972412109375,872.1343383789062,0.09293795768388816,277,CREDITACC,0.09033795768388815
2023-05-16,2024-04-08,1077.3570556640625,1460.3697509765625,0.35551138157852247,328,CREDITACC,0.3529113815785225
2025-05-20,2026-02-20,1101.9000244140625,1285.9000244140625,0.16698429614596147,276,CREDITACC,0.16438429614596148
2018-09-03,2018-10-11,233.517333984375,186.51541137695312,-0.20127808846330372,38,CROMPTON,-0.2038780884633037
2019-05-09,2020-04-23,211.8815460205078,214.62693786621094,0.012957201310195279,350,CROMPTON,0.010357201310195279
2020-08-18,2022-01-21,243.64837646484375,401.4966125488281,0.6478526078205181,521,CROMPTON,0.6452526078205181
2022-09-13,2022-12-08,396.91619873046875,338.6396179199219,-0.14682338739750042,86,CROMPTON,-0.1494233873975004
2023-09-25,2024-03-22,285.38812255859375,261.9501953125,-0.08212649859414402,179,CROMPTON,-0.08472649859414402
2024-05-16,2025-01-09,329.7839660644531,362.57305908203125,0.0994259769778189,238,CROMPTON,0.09682597697781889
2016-09-21,2016-11-30,753.7064208984375,660.403564453125,-0.12379204138143482,70,CUMMINSIND,-0.1263920413814348
2017-02-22,2017-10-17,750.2279052734375,758.7412719726562,0.011347707329169343,237,CUMMINSIND,0.008747707329169343
2018-11-22,2019-04-18,666.6975708007812,648.2243041992188,-0.027708615436192397,147,CUMMINSIND,-0.0303086154361924
2019-07-22,2019-07-31,636.3070678710938,630.2562866210938,-0.009509215841722816,9,CUMMINSIND,-0.012109215841722816
2020-09-30,2024-12-20,407.0442810058594,3219.3896484375,6.909187768175908,1542,CUMMINSIND,6.906587768175908
2016-07-04,2017-02-16,384.7348327636719,375.0133056640625,-0.02526812305965793,227,CYIENT,-0.027868123059657933
2017-05-04,2018-11-12,420.9625549316406,536.798828125,0.2751700165164805,557,CYIENT,0.2725700165164805
2020-09-03,2022-02-23,350.83380126953125,758.9298706054688,1.1632176485253027,538,CYIENT,1.1606176485253028
2023-01-09,2024-06-04,782.387939453125,1635.298095703125,1.09013714711166,512,CYIENT,1.0875371471116602
2024-10-22,2024-11-22,1653.12744140625,1759.5035400390625,0.0643483956338675,31,CYIENT,0.061748395633867505
2024-12-19,2025-01-27,1969.375,1318.480712890625,-0.33050804804030465,39,CYIENT,-0.33310804804030464
2016-04-29,2017-01-03,215.41879272460938,246.5730438232422,0.14462178858489982,249,DBCORP,0.14202178858489983
2017-04-10,2017-05-18,256.0574951171875,247.02931213378906,-0.03525842107947901,38,DBCORP,-0.03785842107947901
2017-07-12,2017-10-12,256.42803955078125,251.30758666992188,-0.019968381343278788,92,DBCORP,-0.022568381343278786
2019-05-23,2019-08-23,135.7755584716797,97.57843780517578,-0.2813254542751237,92,DBCORP,-0.28392545427512367
2020-12-11,2022-02-03,65.3236083984375,71.15716552734375,0.08930243248849347,419,DBCORP,0.08670243248849346
2022-09-05,2023-03-31,90.36406707763672,83.48271942138672,-0.07615137165459648,207,DBCORP,-0.07875137165459649
2023-06-02,2025-01-15,115.9663314819336,256.7720947265625,1.214195201704428,593,DBCORP,1.211595201704428
2025-07-30,2026-01-12,259.571044921875,236.4097442626953,-0.08922913827368809,166,DBCORP,-0.09182913827368809
2016-06-16,2017-11-30,93.27196502685547,174.73361206054688,0.8733776222065917,532,DCBBANK,0.8707776222065916
2018-01-16,2018-02-05,182.74676513671875,156.6804962158203,-0.14263600727157835,20,DCBBANK,-0.14523600727157834
2018-05-29,2018-07-13,176.53732299804688,169.721923828125,-0.038605995911681956,45,DCBBANK,-0.041205995911681954
2019-02-07,2019-10-01,170.76318359375,178.49575805664062,0.045282444963585466,236,DCBBANK,0.04268244496358547
2020-12-10,2021-05-26,107.24007415771484,100.1097412109375,-0.06648944438709517,167,DCBBANK,-0.06908944438709518
2021-07-08,2021-08-10,99.39671325683594,87.56037139892578,-0.11908182343339326,33,DCBBANK,-0.12168182343339326
2022-08-19,2023-04-25,82.75312042236328,99.2652359008789,0.19953465675057946,249,DCBBANK,0.19693465675057947
2023-06-30,2024-09-02,119.07341766357422,120.85588073730469,0.014969445815073321,430,DCBBANK,0.012369445815073321
2025-05-15,2025-10-17,137.64523315429688,127.95709228515625,-0.07038486293441387,155,DCBBANK,-0.07298486293441388
2015-11-20,2018-04-25,119.81593322753906,327.6088562011719,1.7342678671877398,887,DCMSHRIRAM,1.73166786718774
2018-11-05,2019-01-31,347.5137939453125,301.3972473144531,-0.13270421903919197,87,DCMSHRIRAM,-0.13530421903919196
2019-02-07,2019-02-22,318.3420715332031,332.3431091308594,0.043981109786162646,15,DCMSHRIRAM,0.04138110978616265
2019-03-01,2019-09-24,375.1643981933594,376.2115173339844,0.0027910941061238858,207,DCMSHRIRAM,0.00019109410612388588
2020-08-10,2022-06-23,328.3762512207031,888.7639770507812,1.7065415776777324,682,DCMSHRIRAM,1.7039415776777325
2022-10-06,2022-11-22,981.5479125976562,843.2802734375,-0.14086692802823286,47,DCMSHRIRAM,-0.14346692802823285
2023-08-02,2024-04-05,825.0763549804688,922.5086669921875,0.11808884283688528,247,DCMSHRIRAM,0.11548884283688528
2024-06-28,2025-03-10,985.702392578125,1006.0332641601562,0.0206257707550607,255,DCMSHRIRAM,0.018025770755060698
2025-07-01,2026-02-04,1204.11865234375,1163.973876953125,-0.03333955114181267,218,DCMSHRIRAM,-0.035939551141812666
2016-05-10,2016-12-12,116.84001159667969,103.62406921386719,-0.11311144360745737,216,DLF,-0.11571144360745737
2017-03-23,2018-05-23,134.171630859375,182.0344696044922,0.35672845622098853,426,DLF,0.35412845622098854
2019-04-26,2019-09-04,162.6588897705078,154.71873474121094,-0.048814762233404405,131,DLF,-0.0514147622334044
2019-11-25,2020-04-13,207.9431610107422,132.56158447265625,-0.36251048686420506,140,DLF,-0.36511048686420505
2020-11-13,2022-03-31,176.05662536621094,365.1075134277344,1.0738072916499646,503,DLF,1.0712072916499646
2022-09-09,2023-03-01,383.8913269042969,343.9932861328125,-0.10393056048758001,173,DLF,-0.10653056048758001
2023-05-04,2024-11-12,410.8768615722656,749.8814697265625,0.8250759287273037,558,DLF,0.8224759287273037
2025-07-02,2025-12-08,815.6193237304688,678.9261474609375,-0.16759433266530008,159,DLF,-0.17019433266530007
2016-05-27,2016-12-15,264.14385986328125,244.12176513671875,-0.07579996270564751,202,DABUR,-0.07839996270564752
2017-05-29,2019-05-02,250.6442413330078,353.1470031738281,0.40895717889099387,703,DABUR,0.4063571788909939
2019-08-13,2020-05-20,398.0497741699219,408.892822265625,0.02724043272807983,281,DABUR,0.02464043272807983
2020-08-05,2022-01-21,467.857421875,521.1450805664062,0.11389721782727945,534,DABUR,0.11129721782727944
2022-08-26,2023-03-06,543.0943603515625,512.1403198242188,-0.056995695015698934,192,DABUR,-0.05959569501569893
2023-07-11,2023-11-09,554.723388671875,512.481689453125,-0.07614912239392962,121,DABUR,-0.07874912239392963
2024-06-13,2024-11-26,587.1724853515625,510.77557373046875,-0.1301098289293171,166,DABUR,-0.1327098289293171
2025-08-18,2026-03-18,509.7608947753906,446.0631408691406,-0.12495614033774859,212,DABUR,-0.1275561403377486
2015-11-13,2018-03-21,112.4034194946289,266.7493591308594,1.3731427418327407,859,DEEPAKFERT,1.3705427418327407
2020-02-25,2020-03-17,84.62356567382812,61.96455001831055,-0.2677624781595019,21,DEEPAKFERT,-0.2703624781595019
2020-06-11,2023-01-20,95.21273803710938,640.1222534179688,5.723073683360305,953,DEEPAKFERT,5.7204736833603045
2023-10-12,2024-03-04,628.8833618164062,498.270263671875,-0.20769049727644398,144,DEEPAKFERT,-0.21029049727644397
2024-07-04,2025-12-18,738.6140747070312,1194.9000244140625,0.6177596194440452,532,DEEPAKFERT,0.6151596194440452
2015-12-24,2016-03-08,72.1911849975586,58.31547546386719,-0.19220780950140468,75,DEEPAKNTR,-0.19480780950140467
2016-05-06,2017-01-19,65.67521667480469,98.33465576171875,0.497287115909027,258,DEEPAKNTR,0.49468711590902703
2017-02-01,2018-07-20,103.79240417480469,209.1492919921875,1.0150731997684845,534,DEEPAKNTR,1.0124731997684846
2018-08-17,2018-12-17,265.4120788574219,224.13536071777344,-0.15551936564960217,122,DEEPAKNTR,-0.15811936564960216
2019-04-16,2022-03-24,258.3882751464844,2198.4775390625,7.50842608015456,1073,DEEPAKNTR,7.50582608015456
2022-10-18,2023-02-02,2216.34375,1820.4781494140625,-0.1786120048327059,107,DEEPAKNTR,-0.1812120048327059
2023-06-26,2025-01-10,2199.399658203125,2397.829833984375,0.09022015395936013,564,DEEPAKNTR,0.08762015395936013
2015-11-17,2016-02-04,78.0897445678711,63.5733528137207,-0.18589370261716737,79,DELTACORP,-0.18849370261716736
2016-05-24,2017-01-17,74.02888488769531,126.56181335449219,0.7096274453747529,238,DELTACORP,0.7070274453747528
2017-02-23,2018-05-28,127.87044525146484,231.57574462890625,0.8110185209216936,459,DELTACORP,0.8084185209216935
2019-01-11,2019-03-28,243.451904296875,246.2958526611328,0.011681766764041361,76,DELTACORP,0.009081766764041361
2019-04-02,2019-05-21,256.23626708984375,173.55661010742188,-0.32266961239109854,49,DELTACORP,-0.32526961239109853
2019-12-18,2020-03-03,197.22877502441406,125.38928985595703,-0.36424444232117925,76,DELTACORP,-0.36684444232117924
2020-10-16,2022-06-08,101.54827880859375,187.69049072265625,0.8482882519006567,600,DELTACORP,0.8456882519006567
2023-01-16,2023-02-20,208.98960876464844,190.48507690429688,-0.08854283219980691,35,DELTACORP,-0.09114283219980691
2023-06-07,2023-08-25,233.4680633544922,174.92849731445312,-0.25073907411119445,79,DELTACORP,-0.25333907411119444
2024-08-19,2024-09-25,125.32078552246094,131.74295043945312,0.05124580802951605,37,DELTACORP,0.048645808029516055
2026-06-24,2026-07-15,64.94000244140625,64.95999908447266,0.00030792488935381125,21,DELTACORP,-0.0022920751106461886
2019-04-30,2019-07-05,532.4352416992188,459.41497802734375,-0.13714393404696026,66,DBL,-0.13974393404696026
2020-09-04,2021-12-28,361.8714599609375,472.78411865234375,0.3064973919285561,480,DBL,0.3038973919285561
2023-07-13,2024-12-16,243.61212158203125,492.9881896972656,1.0236603437290877,522,DBL,1.0210603437290877
2025-06-19,2025-12-11,486.40240478515625,445.5,-0.08409169934762725,175,DBL,-0.08669169934762726
2016-07-15,2016-12-16,97.50689697265625,82.48301696777344,-0.1540801776216501,154,DISHTV,-0.1566801776216501
2017-03-23,2017-06-19,106.89681243896484,77.83748626708984,-0.2718446463356153,88,DISHTV,-0.27444464633561527
2020-09-10,2021-04-09,13.649999618530273,9.899999618530273,-0.27472528240288485,211,DISHTV,-0.27732528240288484
2021-06-14,2022-03-11,15.100000381469727,15.449999809265137,0.023178769467113332,270,DISHTV,0.02057876946711333
2022-10-13,2023-03-23,16.649999618530273,14.0,-0.15915913989457459,161,DISHTV,-0.16175913989457458
2023-08-09,2024-05-03,19.450000762939453,17.700000762939453,-0.08997428952982338,268,DISHTV,-0.09257428952982338
2016-09-15,2017-12-19,178.86459350585938,305.36004638671875,0.7072134870376989,460,DCAL,0.7046134870376989
2018-01-08,2018-06-29,340.97039794921875,261.40899658203125,-0.23333814854812324,172,DCAL,-0.23593814854812323
2019-07-12,2019-08-09,216.8086395263672,206.42019653320312,-0.04791526304421403,28,DCAL,-0.050515263044214026
2020-07-14,2021-02-05,155.0500030517578,124.05000305175781,-0.19993550074069832,206,DCAL,-0.20253550074069832
2021-05-31,2022-02-16,205.5,186.35000610351562,-0.09318731823106752,261,DCAL,-0.09578731823106752
2023-03-29,2024-07-05,129.8000030517578,172.36000061035156,0.3278890335743901,464,DCAL,0.3252890335743901
2024-12-09,2025-04-29,276.70001220703125,202.66000366210938,-0.2675822380865093,141,DCAL,-0.2701822380865093
2025-06-04,2026-01-05,264.75,254.8699951171875,-0.03731824318342776,215,DCAL,-0.03991824318342776
2016-06-20,2016-12-30,1045.2440185546875,729.4042358398438,-0.302168466987806,193,DIVISLAB,-0.30476846698780596
2017-09-25,2022-01-24,897.005615234375,3934.95703125,3.386769675039159,1582,DIVISLAB,3.3841696750391588
2023-06-16,2024-03-21,3498.84228515625,3414.46923828125,-0.024114561331601177,279,DIVISLAB,-0.026714561331601175
2024-05-16,2025-10-09,3873.486083984375,6106.8173828125,0.5765688195091845,511,DIVISLAB,0.5739688195091844
2025-10-23,2026-02-02,6538.537109375,5928.0546875,-0.09336682069138769,102,DIVISLAB,-0.09596682069138769
2019-05-08,2019-08-08,456.0105895996094,373.1013488769531,-0.18181428811873204,92,DIXON,-0.18441428811873203
2019-09-03,2022-03-10,527.8709716796875,4117.34912109375,6.7999157786463025,919,DIXON,6.797315778646302
2022-10-13,2023-01-25,4280.6123046875,3359.022705078125,-0.21529387246777407,104,DIXON,-0.21789387246777406
2023-07-05,2025-04-02,4200.12646484375,13444.716796875,2.2010266617948515,637,DIXON,2.1984266617948514
2025-05-29,2025-07-07,14801.4130859375,15426.134765625,0.042206894440439235,39,DIXON,0.03960689444043924
2025-08-11,2025-12-10,16080.84375,12351.0,-0.23194328655795812,121,DIXON,-0.2345432865579581
2018-01-03,2018-12-12,415.7796630859375,455.7254638671875,0.09607444598124465,343,LALPATHLAB,0.09347444598124464
2018-12-19,2018-12-24,453.4110412597656,443.4920959472656,-0.02187627651267825,5,LALPATHLAB,-0.024476276512678252
2019-01-11,2022-02-08,465.4318542480469,1444.122314453125,2.102757796383003,1124,LALPATHLAB,2.100157796383003
2022-11-01,2023-01-17,1265.2584228515625,1035.3433837890625,-0.181713897264032,77,LALPATHLAB,-0.184313897264032
2023-07-26,2024-03-19,1170.449462890625,983.804931640625,-0.1594639812889054,237,LALPATHLAB,-0.1620639812889054
2024-06-10,2025-01-30,1364.760009765625,1416.1949462890625,0.03768789835237816,234,LALPATHLAB,0.03508789835237816
2025-07-22,2026-01-15,1484.5321044921875,1399.5745849609375,-0.05722848247886922,177,LALPATHLAB,-0.05982848247886922
2016-07-26,2016-10-06,620.3467407226562,575.0304565429688,-0.07304992708899787,72,DRREDDY,-0.07564992708899787
2016-10-19,2017-01-16,572.8533325195312,557.8663940429688,-0.0261619120039797,89,DRREDDY,-0.0287619120039797
2018-08-14,2019-07-22,432.6806640625,503.7480163574219,0.16424896742013023,342,DRREDDY,0.16164896742013024
2019-10-24,2021-03-25,540.6417236328125,843.6504516601562,0.5604612348290346,518,DRREDDY,0.5578612348290346
2021-05-25,2021-09-16,1022.8845825195312,954.2083740234375,-0.06713974349572566,114,DRREDDY,-0.06973974349572566
2022-10-20,2024-12-13,847.2001342773438,1230.6905517578125,0.45265622839824454,785,DRREDDY,0.45005622839824455
2025-01-14,2025-01-27,1320.744873046875,1182.6025390625,-0.10459426101400596,13,DRREDDY,-0.10719426101400596
2025-02-07,2025-02-11,1224.8154296875,1194.599853515625,-0.024669493410598375,4,DRREDDY,-0.027269493410598374
2025-06-30,2026-01-22,1267.176513671875,1209.82763671875,-0.045257212656937724,206,DRREDDY,-0.04785721265693772
2026-04-01,2026-08-06,1201.9774169921875,1171.0,-0.025772045759149934,127,DRREDDY,-0.028372045759149936
2015-11-24,2018-03-12,177.46026611328125,276.2308044433594,0.5565783287343221,839,EIDPARRY,0.5539783287343221
2019-12-19,2020-04-15,193.9389190673828,126.99285888671875,-0.34519146802815837,118,EIDPARRY,-0.34779146802815836
2020-06-25,2023-02-14,258.31561279296875,506.998779296875,0.962710553245643,964,EIDPARRY,0.960110553245643
2023-10-16,2025-03-06,509.0987548828125,701.75,0.3784162567074696,507,EIDPARRY,0.3758162567074696
2025-05-23,2026-01-14,999.25,943.0,-0.05629221916437328,236,EIDPARRY,-0.05889221916437328
2015-11-19,2016-03-22,109.82845306396484,98.73055267333984,-0.10104758904472147,124,EIHOTEL,-0.10364758904472147
2016-08-01,2016-11-23,112.42207336425781,96.21965026855469,-0.14412136879210358,114,EIHOTEL,-0.14672136879210357
2017-04-10,2018-08-02,115.69097900390625,154.41551208496094,0.3347238774748995,479,EIHOTEL,0.3321238774748995
2018-12-17,2019-07-02,187.88818359375,172.7823028564453,-0.08039824776829221,197,EIHOTEL,-0.08299824776829222
2020-11-24,2022-07-05,85.43021392822266,125.71078491210938,0.47150263509500195,588,EIHOTEL,0.46890263509500196
2022-08-22,2023-03-23,152.51531982421875,155.41708374023438,0.019026048788803956,213,EIHOTEL,0.01642604878880396
2023-05-22,2024-09-26,197.96005249023438,366.82122802734375,0.8530063182592837,493,EIHOTEL,0.8504063182592837
2025-08-25,2026-01-06,409.34246826171875,354.740234375,-0.13339010271420962,134,EIHOTEL,-0.1359901027142096
2016-05-06,2018-04-17,26.12451934814453,127.04105377197266,3.8629049238754942,711,EDELWEISS,3.860304923875494
2018-05-14,2018-09-25,138.51466369628906,101.10108184814453,-0.2701055675244503,134,EDELWEISS,-0.2727055675244503
2019-07-12,2019-08-09,81.17740631103516,67.97766876220703,-0.16260358822321438,28,EDELWEISS,-0.16520358822321438
2020-09-10,2020-11-12,34.494720458984375,25.482803344726562,-0.26125496871248305,63,EDELWEISS,-0.26385496871248304
2020-12-04,2021-05-28,38.5418586730957,31.2481689453125,-0.18924073666625196,175,EDELWEISS,-0.19184073666625195
2021-06-25,2021-12-28,35.395301818847656,35.34275817871094,-0.0014844806354706592,186,EDELWEISS,-0.004084480635470659
2022-09-20,2023-04-11,32.647727966308594,28.688106536865234,-0.12128321558944505,203,EDELWEISS,-0.12388321558944505
2023-06-12,2024-07-19,46.75541305541992,59.647911071777344,0.27574343105633015,403,EDELWEISS,0.27314343105633015
2024-08-28,2025-03-24,112.30079650878906,89.7343978881836,-0.20094602462449446,208,EDELWEISS,-0.20354602462449445
2016-04-01,2018-01-23,1775.975830078125,2505.552734375,0.4108033971750511,662,EICHERMOT,0.4082033971750511
2018-05-29,2018-07-12,2823.887939453125,2591.08203125,-0.08244162417018937,44,EICHERMOT,-0.08504162417018937
2019-11-21,2020-03-17,2055.232177734375,1597.137939453125,-0.22289172155052528,117,EICHERMOT,-0.22549172155052527
2020-08-04,2021-12-16,1982.8702392578125,2346.0986328125,0.18318313844411913,499,EICHERMOT,0.18058313844411913
2022-02-25,2022-03-07,2495.390869140625,2145.301513671875,-0.14029439628001664,10,EICHERMOT,-0.14289439628001663
2022-06-23,2023-02-28,2676.3935546875,2968.3515625,0.10908635140790775,250,EICHERMOT,0.10648635140790774
2015-12-10,2016-01-06,60.89789962768555,61.206668853759766,0.005070277102526626,27,ELGIEQUIP,0.002470277102526626
2016-05-03,2018-07-18,75.12482452392578,136.0768585205078,0.8113434458295474,806,ELGIEQUIP,0.8087434458295474
2018-09-11,2018-09-28,136.43040466308594,120.0722427368164,-0.11990114642455187,17,ELGIEQUIP,-0.12250114642455187
2019-05-31,2019-09-04,133.99716186523438,118.73678588867188,-0.11388581492427723,96,ELGIEQUIP,-0.11648581492427723
2019-10-11,2020-01-16,133.60308837890625,127.69530487060547,-0.04421891424804461,97,ELGIEQUIP,-0.04681891424804461
2020-09-10,2023-02-17,107.65314483642578,439.4811706542969,3.082381163337766,890,ELGIEQUIP,3.0797811633377656
2023-04-12,2024-11-25,459.81793212890625,635.2409057617188,0.38150529019306295,593,ELGIEQUIP,0.37890529019306296
2025-08-01,2025-10-03,555.5090942382812,492.10479736328125,-0.11413727971805845,63,ELGIEQUIP,-0.11673727971805846
2016-06-23,2017-01-02,454.48309326171875,414.3252258300781,-0.0883594308061869,193,EMAMILTD,-0.0909594308061869
2017-06-23,2018-03-16,465.3348693847656,438.30767822265625,-0.05808116464137515,266,EMAMILTD,-0.06068116464137515
2018-09-26,2018-09-27,454.00933837890625,429.32733154296875,-0.054364535593182974,1,EMAMILTD,-0.05696453559318297
2020-08-25,2021-12-27,319.7056884765625,476.3387756347656,0.48992899658613936,489,EMAMILTD,0.4873289965861394
2022-09-14,2022-12-19,478.0263671875,402.4613342285156,-0.15807712324233553,96,EMAMILTD,-0.16067712324233552
2023-08-01,2024-03-20,437.2675476074219,407.7438659667969,-0.06751857484546582,232,EMAMILTD,-0.07011857484546583
2024-06-06,2024-12-26,680.454833984375,569.595947265625,-0.16291880251569438,203,EMAMILTD,-0.16551880251569437
2025-09-05,2025-10-17,593.209716796875,540.7969970703125,-0.0883544524684674,42,EMAMILTD,-0.09095445246846741
2019-12-26,2020-03-18,1025.664306640625,693.616455078125,-0.3237393067231341,83,ENDURANCE,-0.3263393067231341
2020-08-19,2022-02-18,1022.7911376953125,1361.687255859375,0.33134440226741485,548,ENDURANCE,0.32874440226741486
2022-08-29,2023-02-24,1427.66650390625,1280.458984375,-0.10311057878606404,179,ENDURANCE,-0.10571057878606405
2023-06-20,2025-01-07,1544.20166015625,2085.7216796875,0.350679599370756,567,ENDURANCE,0.348079599370756
2025-06-20,2026-01-29,2555.382568359375,2357.592041015625,-0.07740153266786072,223,ENDURANCE,-0.08000153266786073
2015-12-15,2016-02-18,80.25143432617188,55.504215240478516,-0.30837105023084566,65,ENGINERSIN,-0.31097105023084565
2016-07-11,2017-10-10,76.36194610595703,113.31025695800781,0.4838576376875291,456,ENGINERSIN,0.4812576376875291
2017-10-30,2018-04-03,142.06283569335938,125.81437683105469,-0.114375155071357,155,ENGINERSIN,-0.116975155071357
2019-06-03,2019-08-05,98.19302368164062,74.95467376708984,-0.2366598872634137,63,ENGINERSIN,-0.23925988726341368
2020-11-27,2021-08-27,63.81428146362305,61.83226776123047,-0.0310590929950753,273,ENGINERSIN,-0.0336590929950753
2022-09-07,2024-10-03,65.54254150390625,194.30274963378906,1.9645287652174561,757,ENGINERSIN,1.9619287652174562
2025-06-06,2025-12-18,224.61297607421875,193.06593322753906,-0.14045066940502857,195,ENGINERSIN,-0.14305066940502856
2020-01-30,2020-04-08,503.8191223144531,388.3200378417969,-0.22924712333679303,69,ERIS,-0.23184712333679303
2020-05-20,2022-01-31,456.2363586425781,683.5569458007812,0.49825180052405516,621,ERIS,0.49565180052405516
2022-09-26,2023-01-03,684.0249633789062,654.0073852539062,-0.04388374654737882,99,ERIS,-0.046483746547378815
2023-07-12,2024-05-14,693.7671508789062,866.3558959960938,0.24877041943906053,307,ERIS,0.24617041943906054
2024-06-06,2025-12-24,967.1397705078125,1536.75341796875,0.5889672463390194,566,ERIS,0.5863672463390194
2016-05-18,2018-09-21,166.9171600341797,651.7987670898438,2.904923657677705,856,ESCORTS,2.9023236576777047
2019-04-26,2019-05-31,697.90771484375,568.4700927734375,-0.18546524034240178,35,ESCORTS,-0.18806524034240177
2019-11-22,2021-05-07,618.9304809570312,1112.9345703125,0.7981576357196158,532,ESCORTS,0.7955576357196158
2021-09-17,2022-05-27,1399.2890625,1566.66796875,0.11961710466810713,252,ESCORTS,0.11701710466810712
2022-09-12,2023-04-19,1925.258544921875,1926.5654296875,0.0006788100066207119,219,ESCORTS,-0.001921189993379288
2023-06-19,2024-04-01,2122.677490234375,2775.814697265625,0.30769497958879,287,ESCORTS,0.30509497958879
2024-05-07,2024-12-17,3341.174072265625,3261.813720703125,-0.023752234946767183,224,ESCORTS,-0.02635223494676718
2025-08-07,2026-03-18,3298.8447265625,3056.2177734375,-0.07354906739664129,223,ESCORTS,-0.07614906739664129
2016-05-31,2017-09-26,147.8566436767578,188.13470458984375,0.27241292586852767,483,EXIDEIND,0.2698129258685277
2018-01-31,2019-01-01,205.9554901123047,248.9833221435547,0.20891811142197528,335,EXIDEIND,0.2063181114219753
2020-09-30,2021-08-03,157.9053192138672,167.29791259765625,0.05948243815059657,307,EXIDEIND,0.05688243815059657
2022-09-12,2024-12-16,170.5969696044922,454.973388671875,1.6669488310763907,826,EXIDEIND,1.6643488310763908
2025-09-02,2025-12-18,414.2150573730469,357.33758544921875,-0.13731386851203628,107,EXIDEIND,-0.13991386851203627
2016-09-15,2017-04-18,221.2131805419922,198.34231567382812,-0.1033883460837568,215,FDC,-0.1059883460837568
2017-11-22,2018-07-19,209.4171905517578,221.04608154296875,0.05552978225222078,239,FDC,0.05292978225222078
2019-07-24,2019-08-01,155.16529846191406,150.73756408691406,-0.028535596675868895,8,FDC,-0.031135596675868897
2019-11-14,2021-03-01,177.10935974121094,272.9430236816406,0.5410988108164365,473,FDC,0.5384988108164365
2021-06-14,2021-11-30,372.6214904785156,278.6110534667969,-0.25229472645550255,169,FDC,-0.25489472645550254
2022-10-10,2023-02-28,271.0374450683594,256.7697448730469,-0.05264106659400508,141,FDC,-0.05524106659400508
2023-05-25,2025-02-03,283.3506774902344,471.6357727050781,0.6644949533298115,620,FDC,0.6618949533298114
2025-07-21,2025-11-18,480.8680419921875,404.5907287597656,-0.15862420991092008,120,FDC,-0.16122420991092007
2016-07-07,2018-01-12,54.91109848022461,107.2975845336914,0.9540236400904089,554,FEDERALBNK,0.9514236400904088
2019-01-02,2019-09-13,89.43301391601562,83.30403900146484,-0.06853145886715115,254,FEDERALBNK,-0.07113145886715115
2020-12-01,2022-06-16,62.70504379272461,83.73804473876953,0.335427577653415,562,FEDERALBNK,0.33282757765341503
2022-08-01,2023-06-07,104.84252166748047,123.77105712890625,0.18054254285736948,310,FEDERALBNK,0.1779425428573695
2023-08-24,2025-02-25,139.0279541015625,177.6346893310547,0.27769045066497383,551,FEDERALBNK,0.27509045066497384
2020-08-06,2021-03-19,2284.033203125,2198.220458984375,-0.03757070782649593,225,FINEORG,-0.04017070782649593
2021-05-14,2023-02-06,3118.71728515625,4684.44091796875,0.5020409000407539,633,FINEORG,0.49944090004075387
2023-10-11,2023-11-30,4871.66943359375,4203.388671875,-0.13717695152106624,50,FINEORG,-0.13977695152106623
2024-07-03,2025-01-08,5182.85107421875,4460.21875,-0.1394275687012052,189,FINEORG,-0.1420275687012052
2025-07-03,2025-12-01,5251.05859375,4339.8896484375,-0.1735210013457108,151,FINEORG,-0.1761210013457108
2016-01-07,2016-01-27,230.16737365722656,212.20689392089844,-0.0780322573566639,20,FINCABLES,-0.0806322573566639
2016-04-13,2018-07-04,257.0399169921875,531.169677734375,1.0664871197827201,812,FINCABLES,1.0638871197827202
2020-10-26,2022-03-02,272.45233154296875,395.027587890625,0.4498961548740675,492,FINCABLES,0.4472961548740675
2022-09-19,2024-04-02,453.1036071777344,963.1608276367188,1.1256966671177027,561,FINCABLES,1.1230966671177027
2024-05-29,2024-12-03,1463.161376953125,1139.9564208984375,-0.22089494784760297,188,FINCABLES,-0.22349494784760296
2015-11-06,2018-06-01,48.97549819946289,107.11209106445312,1.1870546498213634,938,FINPIPE,1.1844546498213635
2019-08-02,2020-03-24,92.4398193359375,55.796165466308594,-0.39640551153027925,235,FINPIPE,-0.39900551153027924
2020-09-21,2022-02-25,95.20174407958984,144.462890625,0.517439538757055,522,FINPIPE,0.5148395387570549
2022-12-01,2024-12-13,153.0391387939453,260.2314758300781,0.700424335113768,743,FINPIPE,0.697824335113768
2025-09-16,2025-11-28,219.1699981689453,178.72999572753906,-0.18451431664580945,73,FINPIPE,-0.18711431664580944
2017-02-27,2017-06-28,33.79440689086914,24.841995239257812,-0.26490808613747757,121,FSL,-0.26750808613747756
2017-09-27,2018-11-21,31.624128341674805,40.70233154296875,0.28706572093342214,420,FSL,0.28446572093342215
2019-07-15,2019-11-25,40.86055374145508,32.96269607543945,-0.19328807230536507,133,FSL,-0.19588807230536506
2020-07-29,2022-01-20,40.84437561035156,151.15899658203125,2.7008521815601374,540,FSL,2.6982521815601372
2023-02-14,2025-05-13,109.15254211425781,353.1425476074219,2.2353121674231113,819,FSL,2.232712167423111
2025-05-29,2025-09-16,386.3184509277344,357.2528076171875,-0.07523752293152564,110,FSL,-0.07783752293152564
2025-09-18,2025-10-01,366.5498962402344,319.28155517578125,-0.1289547249891288,13,FSL,-0.1315547249891288
2016-01-12,2016-03-14,182.009033203125,169.3026580810547,-0.06981178295634258,62,FORTIS,-0.07241178295634258
2016-04-27,2016-06-23,176.59889221191406,158.2838134765625,-0.10371004317158426,57,FORTIS,-0.10631004317158427
2016-08-18,2016-12-08,192.38259887695312,167.91290283203125,-0.1271928760073179,112,FORTIS,-0.1297928760073179
2016-12-15,2017-07-20,183.4484405517578,155.85174560546875,-0.1504329764989361,217,FORTIS,-0.1530329764989361
2018-04-25,2018-07-02,151.5335693359375,132.67251586914062,-0.12446782286889492,68,FORTIS,-0.12706782286889493
2019-01-11,2019-01-21,138.87680053710938,134.45936584472656,-0.031808298256427836,10,FORTIS,-0.034408298256427834
2019-11-05,2020-04-29,144.1876983642578,116.29319763183594,-0.19345964356787698,176,FORTIS,-0.19605964356787697
2020-09-10,2020-10-29,132.62290954589844,125.9222640991211,-0.05052404196017408,49,FORTIS,-0.053124041960174076
2020-11-14,2022-03-30,142.40084838867188,278.2995910644531,0.9543394173106073,501,FORTIS,0.9517394173106073
2022-09-02,2023-03-24,289.5169677734375,252.98611450195312,-0.12617862625610157,203,FORTIS,-0.12877862625610156
2023-06-23,2026-03-10,302.57080078125,880.8655395507812,1.9112708076137914,991,FORTIS,1.9086708076137915
2017-02-08,2018-04-24,26.5,59.29999923706055,1.2377358202664357,440,FCONSUMER,1.2351358202664358
2021-07-01,2021-09-14,9.600000381469727,7.550000190734863,-0.21354167804949767,75,FCONSUMER,-0.21614167804949766
2024-01-30,2024-08-13,1.2000000476837158,0.699999988079071,-0.4166666997803569,196,FCONSUMER,-0.4192666997803569
2015-12-04,2018-10-26,78.81810760498047,360.42529296875,3.5728742280279633,1057,FLFL,3.570274228027963
2019-02-21,2019-09-30,424.27606201171875,420.8500061035156,-0.008075062948303917,221,FLFL,-0.010675062948303917
2024-12-03,2024-12-30,2.240000009536743,2.109999895095825,-0.05803576512832401,27,FLFL,-0.060635765128324005
2026-06-05,2026-07-20,1.3600000143051147,1.3200000524520874,-0.029411736347271383,45,FLFL,-0.032011736347271384
2023-08-21,2023-12-20,3.049999952316284,2.9000000953674316,-0.04918028173572168,121,FRETAIL,-0.051780281735721675
2023-12-28,2024-03-11,3.5999999046325684,2.299999952316284,-0.36111110743181196,74,FRETAIL,-0.36371110743181195
2016-01-22,2018-05-24,46.592041015625,73.88319396972656,0.5857471009898292,853,GAIL,0.5831471009898291
2018-07-26,2019-01-16,88.32559967041016,78.00836944580078,-0.11680905946983043,174,GAIL,-0.11940905946983044
2019-05-14,2019-06-07,84.32243347167969,76.6756362915039,-0.09068520517430292,24,GAIL,-0.09328520517430293
2020-12-10,2021-12-14,62.34351348876953,72.92594146728516,0.16974384962153163,369,GAIL,0.16714384962153164
2022-03-14,2022-08-04,84.6769027709961,81.08263397216797,-0.04244686190930509,143,GAIL,-0.04504686190930509
2023-01-19,2024-12-11,84.72874450683594,191.22369384765625,1.256892804923225,692,GAIL,1.2542928049232251
2025-06-19,2025-09-10,173.95333862304688,168.6433563232422,-0.030525325594993633,83,GAIL,-0.033125325594993635
2025-10-30,2025-12-09,177.55557250976562,162.81503295898438,-0.08301930118228486,40,GAIL,-0.08561930118228486
2016-05-17,2017-06-07,117.51734161376953,190.89996337890625,0.6244407910988556,386,GHCL,0.6218407910988556
2017-12-06,2018-07-18,224.3432159423828,206.21621704101562,-0.08080029888678547,224,GHCL,-0.08340029888678548
2019-05-07,2019-08-08,198.48208618164062,171.3831787109375,-0.13653074689019337,93,GHCL,-0.13913074689019336
2020-08-26,2022-12-21,145.48538208007812,461.0121154785156,2.1687865054701176,847,GHCL,2.1661865054701175
2023-08-11,2024-03-13,494.3839416503906,424.0381164550781,-0.1422898667794076,215,GHCL,-0.1448898667794076
2024-07-31,2025-04-15,534.8947143554688,582.5576782226562,0.0891071879904812,258,GHCL,0.0865071879904812
2025-11-14,2026-01-05,590.2353515625,558.4912719726562,-0.0537820710091479,52,GHCL,-0.0563820710091479
2019-07-11,2020-04-28,1160.6409912109375,1365.376953125,0.17639904454904207,292,GALAXYSURF,0.17379904454904208
2020-07-27,2021-12-31,1529.740966796875,3007.0234375,0.9657075954476183,522,GALAXYSURF,0.9631075954476183
2022-08-08,2022-11-25,3034.329833984375,2720.548828125,-0.10341031563050268,109,GALAXYSURF,-0.10601031563050269
2023-07-06,2024-02-28,2572.893798828125,2382.937744140625,-0.07382973007825633,237,GALAXYSURF,-0.07642973007825633
2024-07-12,2025-01-10,2878.166748046875,2427.474853515625,-0.15658991781386178,182,GALAXYSURF,-0.15918991781386177
2025-07-28,2025-10-13,2542.030029296875,2184.9677734375,-0.14046342952059396,77,GALAXYSURF,-0.14306342952059395
2016-08-05,2018-06-18,131.75914001464844,173.9499969482422,0.32021199386170207,682,GAYAPROJ,0.3176119938617021
2018-09-18,2018-10-16,203.60000610351562,176.35000610351562,-0.13384086042780066,28,GAYAPROJ,-0.13644086042780065
2020-11-11,2021-06-29,24.149999618530273,31.600000381469727,0.30848864930097447,230,GAYAPROJ,0.3058886493009745
2021-06-30,2021-07-06,31.600000381469727,29.450000762939453,-0.06803796179037502,6,GAYAPROJ,-0.07063796179037503
2021-07-15,2021-12-21,37.79999923706055,29.799999237060547,-0.2116402159118696,159,GAYAPROJ,-0.2142402159118696
2023-09-21,2023-10-05,6.550000190734863,6.150000095367432,-0.06106871507167918,14,GAYAPROJ,-0.06366871507167918
2023-11-17,2024-05-27,6.25,7.800000190734863,0.24800003051757813,192,GAYAPROJ,0.24540003051757814
2024-09-04,2025-01-24,8.739999771118164,7.980000019073486,-0.08695649564616019,142,GAYAPROJ,-0.0895564956461602
2025-01-27,2025-02-05,7.579999923706055,7.659999847412109,0.01055407975082679,9,GAYAPROJ,0.00795407975082679
2019-11-11,2020-03-16,253.46363830566406,118.682861328125,-0.531755867936372,126,GICRE,-0.534355867936372
2021-01-18,2021-09-06,125.08595275878906,133.29275512695312,0.06560930453949329,231,GICRE,0.06300930453949329
2022-09-30,2025-04-07,112.97663116455078,374.7617492675781,2.3171616590490878,920,GICRE,2.3145616590490876
2025-04-29,2025-07-07,422.105712890625,368.2416076660156,-0.12760809337486154,69,GICRE,-0.13020809337486153
2026-04-02,2026-07-09,378.54998779296875,362.70001220703125,-0.04187023140152879,98,GICRE,-0.04447023140152879
2016-07-12,2016-10-17,4089.633056640625,3598.6787109375,-0.12004850775204096,97,GILLETTE,-0.12264850775204096
2017-05-22,2018-08-29,4149.52001953125,5757.03076171875,0.3873967915858115,464,GILLETTE,0.3847967915858115
2018-09-05,2018-12-03,6033.42138671875,5801.04443359375,-0.038514954986655955,89,GILLETTE,-0.041114954986655954
2019-04-10,2020-01-01,6221.630859375,5916.751953125,-0.04900305291989421,266,GILLETTE,-0.051603052919894206
2020-10-23,2021-12-09,4727.55419921875,5063.42041015625,0.07104439140919916,412,GILLETTE,0.06844439140919915
2022-08-25,2023-01-03,5000.35791015625,4696.74609375,-0.06071801696226237,131,GILLETTE,-0.06331801696226237
2023-07-24,2025-03-19,5195.19384765625,7880.72802734375,0.5169266553738022,604,GILLETTE,0.5143266553738022
2025-06-23,2025-11-24,9787.15625,8273.7373046875,-0.15463316479825281,154,GILLETTE,-0.1572331647982528
2016-04-06,2016-08-24,1465.47705078125,1219.1484375,-0.16808766343350892,140,GLAXO,-0.1706876634335089
2017-12-07,2018-01-24,989.5631103515625,990.4927368164062,0.0009394312046590755,48,GLAXO,-0.0016605687953409245
2018-06-15,2019-02-20,1111.0225830078125,1093.547607421875,-0.01572873121861162,250,GLAXO,-0.018328731218611623
2019-10-15,2020-03-26,1193.6322021484375,998.6981811523438,-0.16331163037092072,163,GLAXO,-0.16591163037092072
2020-08-17,2021-03-10,1293.645751953125,1258.4212646484375,-0.027228850905671936,205,GLAXO,-0.029828850905671937
2021-07-08,2022-03-25,1286.5068359375,1343.827392578125,0.04455519010037324,260,GLAXO,0.04195519010037324
2023-06-30,2024-12-30,1348.733642578125,2105.984619140625,0.5614533163975973,549,GLAXO,0.5588533163975973
2025-04-16,2025-10-21,2817.509521484375,2690.316650390625,-0.045143723605498155,188,GLAXO,-0.04774372360549815
2016-08-30,2017-05-05,822.8814697265625,815.6373901367188,-0.008803308685819484,248,GLENMARK,-0.011403308685819484
2018-08-01,2019-04-03,566.7860717773438,623.3182373046875,0.09974162800096444,245,GLENMARK,0.09714162800096443
2020-06-12,2021-10-04,394.67108154296875,512.9567260742188,0.2997068953438687,479,GLENMARK,0.2971068953438687
2022-12-05,2025-02-25,432.84478759765625,1313.1290283203125,2.0337180115032596,813,GLENMARK,2.0311180115032594
2016-09-06,2016-12-29,405.6733703613281,292.6659240722656,-0.2785675731892586,114,GODFRYPHLP,-0.2811675731892586
2017-05-12,2017-09-14,363.1589050292969,304.16943359375,-0.1624343245301614,125,GODFRYPHLP,-0.1650343245301614
2018-12-17,2019-07-15,267.1079406738281,226.20639038085938,-0.1531274217823221,210,GODFRYPHLP,-0.1557274217823221
2019-10-17,2020-04-29,315.1808776855469,313.8085021972656,-0.004354247308272479,195,GODFRYPHLP,-0.006954247308272479
2021-01-21,2021-03-09,283.9834289550781,273.5863952636719,-0.0366114097912766,47,GODFRYPHLP,-0.039211409791276595
2021-07-07,2022-03-10,305.0051574707031,314.2331237792969,0.030255115635151614,246,GODFRYPHLP,0.027655115635151613
2022-05-20,2022-07-04,376.9120788574219,330.30267333984375,-0.12366121472909736,45,GODFRYPHLP,-0.12626121472909735
2022-09-13,2023-07-07,372.81976318359375,547.9932250976562,0.46986098703088053,297,GODFRYPHLP,0.46726098703088054
2023-08-18,2025-02-04,712.4867553710938,1557.515869140625,1.1860278207268622,536,GODFRYPHLP,1.1834278207268623
2025-04-04,2026-01-01,2202.05322265625,2290.5,0.04016559474300995,272,GODFRYPHLP,0.03756559474300995
2019-11-21,2020-03-27,427.4209899902344,281.2749938964844,-0.34192517334511136,127,GODREJAGRO,-0.34452517334511135
2020-08-21,2021-04-09,449.5580749511719,469.1793212890625,0.04364563207995265,231,GODREJAGRO,0.041045632079952654
2021-05-31,2021-12-22,501.59295654296875,482.41253662109375,-0.03823901366970634,205,GODREJAGRO,-0.04083901366970634
2022-09-06,2022-12-01,488.8461608886719,452.02203369140625,-0.07532866194616965,86,GODREJAGRO,-0.07792866194616965
2023-08-01,2025-02-28,466.7032775878906,692.3195190429688,0.4834254488658258,577,GODREJAGRO,0.4808254488658258
2025-06-09,2025-10-10,792.8541870117188,648.3517456054688,-0.1822560109707968,123,GODREJAGRO,-0.1848560109707968
2016-04-05,2016-12-26,412.8891906738281,438.67791748046875,0.062459195806395085,265,GODREJCP,0.05985919580639509
2017-02-20,2018-11-15,503.4914855957031,678.9246215820312,0.3484331731623334,633,GODREJCP,0.3458331731623334
2019-11-08,2020-03-16,697.5049438476562,486.2252502441406,-0.3029078079906223,129,GODREJCP,-0.30550780799062227
2020-07-22,2021-04-28,662.1184692382812,679.88427734375,0.026831766414712778,280,GODREJCP,0.02423176641471278
2021-05-14,2022-01-21,813.6070556640625,851.2405395507812,0.0462551100371204,252,GODREJCP,0.0436551100371204
2022-08-24,2023-11-16,862.4635620117188,940.4984741210938,0.09047908288131795,449,GODREJCP,0.08787908288131795
2023-12-15,2024-11-26,1000.3475952148438,1208.355712890625,0.2079358401727427,347,GODREJCP,0.2053358401727427
2025-06-03,2025-11-12,1216.5987548828125,1125.3900146484375,-0.07497027254738607,162,GODREJCP,-0.07757027254738608
2026-02-16,2026-03-18,1197.845947265625,1048.587890625,-0.1246053860108997,30,GODREJCP,-0.1272053860108997
2016-06-30,2017-12-01,393.86346435546875,564.4260864257812,0.4330501239799605,519,GODREJIND,0.4304501239799605
2018-06-14,2018-10-12,606.4048461914062,476.58941650390625,-0.2140738658386726,120,GODREJIND,-0.2166738658386726
2020-08-10,2022-03-16,385.95001220703125,489.1499938964844,0.2673920933421155,583,GODREJIND,0.2647920933421155
2023-05-31,2025-02-20,479.79998779296875,1011.75,1.1086911749496855,631,GODREJIND,1.1060911749496856
2025-04-08,2025-11-18,1085.699951171875,1056.4000244140625,-0.026987130952881553,224,GODREJIND,-0.029587130952881555
2016-05-24,2016-12-14,320.50079345703125,298.85540771484375,-0.06753613776962285,204,GODREJPROP,-0.07013613776962285
2017-03-06,2018-07-19,364.3388977050781,662.5474243164062,0.8184921469810214,500,GODREJPROP,0.8158921469810213
2019-01-30,2020-04-03,741.7147827148438,605.125,-0.18415405206687976,429,GODREJPROP,-0.18675405206687976
2020-08-11,2022-02-23,888.8535766601562,1589.16845703125,0.787885540161191,561,GODREJPROP,0.7852855401611909
2023-05-31,2024-12-31,1383.612060546875,2773.095703125,1.0042436620774535,580,GODREJPROP,1.0016436620774536
2025-11-27,2025-12-24,2086.2158203125,1996.44970703125,-0.04302820082526442,27,GODREJPROP,-0.04562820082526442
2016-06-22,2016-10-05,128.51182556152344,115.54484558105469,-0.10090106434805075,105,GRANULES,-0.10350106434805076
2017-03-27,2017-09-25,132.78741455078125,114.24066162109375,-0.139672520866763,182,GRANULES,-0.14227252086676298
2018-10-09,2018-11-22,88.40471649169922,90.16365814208984,0.019896468426045814,44,GRANULES,0.017296468426045812
2019-03-19,2019-08-01,114.12509155273438,88.78010559082031,-0.22208075031600544,135,GRANULES,-0.22468075031600543
2019-10-25,2021-03-30,121.02230072021484,303.1976318359375,1.5053038161692556,522,GRANULES,1.5027038161692556
2021-08-13,2021-10-14,354.7705993652344,323.0015563964844,-0.08954812779185219,62,GRANULES,-0.09214812779185219
2022-09-05,2023-02-22,302.23809814453125,276.5125732421875,-0.08511675086719782,170,GRANULES,-0.08771675086719782
2023-08-30,2025-03-04,299.65582275390625,469.185302734375,0.5657473244552823,552,GRANULES,0.5631473244552823
2016-01-19,2016-02-18,56.22303009033203,48.81932067871094,-0.13168463883440207,30,GRAPHITE,-0.13428463883440206
2016-05-12,2016-12-28,60.85587692260742,55.75558853149414,-0.08380929910186816,230,GRAPHITE,-0.08640929910186816
2017-01-16,2019-01-16,71.94517517089844,611.5015869140625,7.499549628748595,730,GRAPHITE,7.496949628748595
2020-11-26,2021-11-09,220.83404541015625,473.001708984375,1.1418876247358798,348,GRAPHITE,1.1392876247358799
2023-06-28,2024-08-06,369.3259582519531,485.4507141113281,0.3144234876124115,405,GRAPHITE,0.3118234876124115
2015-11-26,2016-02-18,541.8499755859375,500.9703674316406,-0.07544451415743095,84,GRASIM,-0.07804451415743095
2016-04-13,2016-12-28,591.772705078125,592.8128051757812,0.0017576006610831054,259,GRASIM,-0.0008423993389168945
2017-02-28,2018-04-05,723.712646484375,1037.210205078125,0.43317960535393024,401,GRASIM,0.43057960535393025
2019-06-07,2019-09-03,830.8203125,670.1453857421875,-0.19339311321641825,88,GRASIM,-0.19599311321641824
2020-09-15,2022-04-20,697.5311889648438,1691.605712890625,1.4251327247474286,582,GRASIM,1.4225327247474286
2022-09-19,2023-03-21,1714.6693115234375,1574.357421875,-0.08183029153520813,183,GRASIM,-0.08443029153520813
2023-05-29,2025-01-14,1679.3341064453125,2295.0751953125,0.3666578833264702,596,GRASIM,0.3640578833264702
2025-05-16,2026-03-25,2785.358642578125,2639.5771484375,-0.052338500296568564,313,GRASIM,-0.05493850029656856
2016-08-18,2017-10-16,255.06423950195312,293.35675048828125,0.1501288893382285,424,GESHIP,0.1475288893382285
2017-10-26,2017-10-27,289.9151611328125,284.3787536621094,-0.019096646926191112,1,GESHIP,-0.02169664692619111
2017-10-30,2017-11-02,289.8029479980469,289.2417907714844,-0.0019363406426296324,3,GESHIP,-0.0045363406426296325
2017-11-06,2017-11-09,302.78363037109375,291.0748596191406,-0.03867042196965131,3,GESHIP,-0.041270421969651305
2018-01-18,2018-03-22,334.16937255859375,255.12533569335938,-0.23653884334170894,63,GESHIP,-0.23913884334170893
2019-01-11,2019-03-01,245.90774536132812,213.2299041748047,-0.13288658776691956,49,GESHIP,-0.13548658776691955
2019-11-01,2020-03-27,231.0049285888672,160.32374572753906,-0.305972618389989,147,GESHIP,-0.308572618389989
2020-09-15,2021-12-02,214.6964874267578,253.74322509765625,0.18186947601655085,443,GESHIP,0.17926947601655085
2022-04-11,2024-12-24,313.1693420410156,919.5359497070312,1.9362259527517867,988,GESHIP,1.9336259527517867
2015-12-02,2016-02-29,124.32374572753906,99.53050231933594,-0.1994248424797191,89,GREAVESCOT,-0.20202484247971908
2016-05-17,2016-11-17,119.87933349609375,106.93425750732422,-0.10798421722282385,184,GREAVESCOT,-0.11058421722282386
2017-02-28,2017-10-03,145.22132873535156,119.99674987792969,-0.1736974800953009,217,GREAVESCOT,-0.17629748009530088
2018-06-11,2018-11-21,122.13790893554688,117.48291015625,-0.03811264512276327,163,GREAVESCOT,-0.04071264512276327
2019-04-10,2019-09-06,144.8859100341797,123.03994750976562,-0.1507804486941514,149,GREAVESCOT,-0.15338044869415138
2019-11-11,2019-12-09,130.97955322265625,121.40390014648438,-0.07310799923018459,28,GREAVESCOT,-0.07570799923018459
2020-02-19,2020-03-17,139.35223388671875,96.0452651977539,-0.3107734083701137,27,GREAVESCOT,-0.3133734083701137
2021-01-06,2021-11-29,93.20624542236328,132.19918823242188,0.41835118058197085,327,GREAVESCOT,0.41575118058197086
2022-01-05,2022-06-20,156.23980712890625,128.73040771484375,-0.1760716421735324,166,GREAVESCOT,-0.1786716421735324
2023-07-10,2023-07-24,129.7047882080078,131.34481811523438,0.012644328169261134,14,GREAVESCOT,0.010044328169261135
2023-09-04,2023-11-17,146.37660217285156,125.98582458496094,-0.13930353133769147,74,GREAVESCOT,-0.14190353133769146
2024-01-09,2024-04-30,148.31858825683594,137.34640502929688,-0.07397712826486103,112,GREAVESCOT,-0.07657712826486103
2024-07-29,2025-05-16,162.50473022460938,210.19126892089844,0.29344708077345255,291,GREAVESCOT,0.29084708077345256
2016-08-01,2016-09-21,307.26910400390625,289.7799987792969,-0.05691787751100104,51,GRINDWELL,-0.05951787751100104
2017-04-03,2018-07-30,322.885986328125,475.3544006347656,0.47220511500210577,483,GRINDWELL,0.4696051150021058
2018-09-17,2018-11-06,491.74267578125,455.1483154296875,-0.07441770290411275,50,GRINDWELL,-0.07701770290411275
2019-01-03,2020-04-01,515.859619140625,426.6177673339844,-0.17299638990023952,454,GRINDWELL,-0.1755963899002395
2020-10-12,2022-06-23,519.13525390625,1444.909423828125,1.7833005232371666,619,GRINDWELL,1.7807005232371667
2022-08-23,2023-03-17,2098.419189453125,1715.0078125,-0.18271438751617922,206,GRINDWELL,-0.1853143875161792
2023-06-19,2024-03-21,2097.2080078125,1898.3699951171875,-0.09481082084113877,276,GRINDWELL,-0.09741082084113878
2024-06-05,2024-11-14,2345.335205078125,2044.8587646484375,-0.12811662903413348,162,GRINDWELL,-0.13071662903413347
2015-12-10,2016-03-23,134.5802459716797,135.6257781982422,0.007768838725280053,104,GUJALKALI,0.005168838725280053
2016-05-12,2018-06-13,169.54266357421875,524.1871948242188,2.0917716153182373,762,GUJALKALI,2.089171615318237
2020-10-09,2022-07-27,294.0661315917969,666.103271484375,1.265147869558183,656,GUJALKALI,1.262547869558183
2022-08-26,2022-12-27,823.79931640625,676.876220703125,-0.17834816414277171,123,GUJALKALI,-0.1809481641427717
2023-09-20,2025-01-15,675.6353759765625,714.459228515625,0.057462729039234446,483,GUJALKALI,0.05486272903923445
2016-07-19,2018-03-14,62.209407806396484,102.762451171875,0.6518795917762904,603,GMDCLTD,0.6492795917762904
2020-10-20,2022-10-31,37.47557067871094,129.6129150390625,2.4585974994289495,741,GMDCLTD,2.4559974994289493
2023-06-05,2024-07-25,156.0860595703125,390.39117431640625,1.5011277457519883,416,GMDCLTD,1.4985277457519883
2015-12-07,2018-07-20,60.3934211730957,319.6136779785156,4.292193615964554,956,GNFC,4.289593615964554
2020-08-19,2022-11-22,149.7438201904297,532.9840698242188,2.5593059476272293,825,GNFC,2.556705947627229
2023-07-04,2024-06-27,534.6497802734375,634.5802612304688,0.1869082989352834,359,GNFC,0.18430829893528342
2016-05-30,2016-06-16,103.92436981201172,97.99406433105469,-0.05706366554528386,17,GPPL,-0.05966366554528386
2016-07-20,2016-11-29,111.77798461914062,92.56490325927734,-0.17188609568626337,132,GPPL,-0.17448609568626336
2017-04-07,2017-06-14,109.224609375,97.03376770019531,-0.1116125911968242,68,GPPL,-0.11421259119682421
2018-01-24,2018-05-25,99.93670654296875,83.42658996582031,-0.16520573018933493,121,GPPL,-0.16780573018933492
2019-11-27,2020-03-19,63.416481018066406,41.96196365356445,-0.33831138246838205,113,GPPL,-0.34091138246838204
2020-08-04,2022-01-12,57.11319351196289,79.55245208740234,0.3928909800979583,526,GPPL,0.3902909800979583
2022-09-26,2024-11-21,74.28984069824219,158.81626892089844,1.1377925625926975,787,GPPL,1.1351925625926975
2025-08-06,2026-04-15,146.158935546875,153.8800048828125,0.05282652960660935,252,GPPL,0.05022652960660935
2016-01-04,2016-02-29,66.38465881347656,49.47536087036133,-0.25471695185819837,56,GSFC,-0.25731695185819836
2016-05-16,2018-03-22,65.71925354003906,98.87761688232422,0.5045456476781742,675,GSFC,0.5019456476781742
2020-08-28,2022-10-24,59.150020599365234,117.84942626953125,0.9923818297164878,787,GSFC,0.9897818297164878
2023-05-17,2024-09-17,164.11659240722656,219.76712036132812,0.3390914174967424,489,GSFC,0.3364914174967424
2025-07-04,2025-12-03,203.51629638671875,181.14999389648438,-0.1098993195499895,152,GSFC,-0.1124993195499895
2019-02-05,2019-08-21,728.3961791992188,705.7740478515625,-0.031057454711701644,197,GULFOILLUB,-0.033657454711701645
2019-10-23,2019-12-13,733.6876831054688,675.7900390625,-0.07891320159268078,51,GULFOILLUB,-0.08151320159268079
2020-10-12,2021-06-22,541.8507080078125,593.2318725585938,0.09482531588763823,253,GULFOILLUB,0.09222531588763823
2022-09-16,2022-11-21,379.21185302734375,370.6630859375,-0.022543512344344693,66,GULFOILLUB,-0.02514351234434469
2022-12-09,2023-02-28,401.3946228027344,364.0433654785156,-0.09305370625897759,81,GULFOILLUB,-0.0956537062589776
2023-06-19,2025-01-10,402.3152770996094,1034.822998046875,1.5721692835210501,571,GULFOILLUB,1.5695692835210502
2025-05-19,2025-06-04,1202.149658203125,1121.0714111328125,-0.06744438724168639,16,GULFOILLUB,-0.07004438724168639
2025-06-13,2026-01-09,1164.30029296875,1126.1031494140625,-0.0328069517678226,210,GULFOILLUB,-0.035406951767822596
2016-06-09,2016-12-23,25.47072982788086,24.927732467651367,-0.021318484546725257,197,HEG,-0.02391848454672526
2017-02-09,2019-02-01,30.432889938354492,438.9291687011719,13.422855324955208,722,HEG,13.420255324955209
2020-12-24,2021-12-15,164.235595703125,320.8248596191406,0.9534429077060066,356,HEG,0.9508429077060065
2023-05-31,2025-02-20,221.38079833984375,359.7278747558594,0.6249280762084782,631,HEG,0.6223280762084782
2016-10-04,2019-01-16,305.8907165527344,363.2334899902344,0.1874616336308929,834,HCLTECH,0.18486163363089292
2019-02-21,2020-04-03,408.59466552734375,317.5976257324219,-0.22270736128548946,407,HCLTECH,-0.22530736128548945
2020-07-07,2022-04-26,463.3653259277344,904.3989868164062,0.9518054895576168,658,HCLTECH,0.9492054895576167
2022-12-01,2024-06-21,975.2703857421875,1326.1124267578125,0.3597382286437743,568,HCLTECH,0.3571382286437743
2024-07-22,2025-03-20,1444.494873046875,1465.80029296875,0.014749391167401964,241,HCLTECH,0.012149391167401965
2025-12-09,2026-03-16,1598.4449462890625,1290.4671630859375,-0.19267337540659368,97,HCLTECH,-0.19527337540659367
2020-12-16,2021-11-18,1274.5362548828125,1171.5977783203125,-0.08076543618758393,337,HDFCAMC,-0.08336543618758394
2022-11-18,2023-03-06,945.2979125976562,827.3976440429688,-0.12472286988416208,108,HDFCAMC,-0.12732286988416208
2023-07-10,2025-02-05,1061.20751953125,1917.705078125,0.8070971443663316,576,HDFCAMC,0.8044971443663316
2025-05-23,2026-01-28,2312.138916015625,2424.569580078125,0.04862625825970926,250,HDFCAMC,0.04602625825970926
2016-05-11,2017-01-23,257.5408020019531,283.7891845703125,0.10191931672310438,257,HDFCBANK,0.09931931672310437
2017-02-02,2018-11-09,296.11297607421875,449.36456298828125,0.5175443134773364,645,HDFCBANK,0.5149443134773364
2018-12-20,2020-03-18,493.725830078125,408.53228759765625,-0.1725523302416406,454,HDFCBANK,-0.1751523302416406
2020-09-23,2020-09-28,487.8953552246094,491.1331787109375,0.006636307256578715,5,HDFCBANK,0.004036307256578715
2020-10-05,2022-01-20,519.1560668945312,706.0592041015625,0.360013393130589,472,HDFCBANK,0.357413393130589
2022-09-09,2023-09-27,709.3458251953125,731.0056762695312,0.03053496659158442,383,HDFCBANK,0.02793496659158442
2024-06-19,2025-03-13,804.5628051757812,828.221435546875,0.02940557308751652,267,HDFCBANK,0.02680557308751652
2025-03-25,2026-01-30,883.958740234375,914.1307983398438,0.03413288056574774,311,HDFCBANK,0.03153288056574774
2019-05-31,2020-03-27,433.4472961425781,432.8093566894531,-0.0014717809034738014,301,HDFCLIFE,-0.0040717809034738015
2020-07-31,2021-12-21,615.4529418945312,628.7366333007812,0.02158360209532705,508,HDFCLIFE,0.018983602095327047
2022-12-21,2023-02-27,567.9654541015625,482.3857116699219,-0.1506777248750369,68,HDFCLIFE,-0.15327772487503688
2023-06-09,2024-02-19,574.1841430664062,579.54345703125,0.009333789568312632,255,HDFCLIFE,0.006733789568312632
2024-08-07,2025-01-15,691.8649291992188,590.4576416015625,-0.1465709321543838,161,HDFCLIFE,-0.1491709321543838
2025-05-13,2026-01-27,730.4205322265625,717.4927368164062,-0.01769911282579649,259,HDFCLIFE,-0.020299112825796488
2016-12-29,2017-08-09,34.150001525878906,31.5,-0.07759886991134488,223,HATHWAY,-0.08019886991134488
2017-12-21,2018-05-10,41.400001525878906,32.54999923706055,-0.213768163348648,140,HATHWAY,-0.216368163348648
2018-12-03,2019-06-11,30.549999237060547,24.600000381469727,-0.19476265152808286,190,HATHWAY,-0.19736265152808286
2020-06-16,2021-02-17,32.0,30.0,-0.0625,246,HATHWAY,-0.0651
2023-08-14,2024-09-18,16.399999618530273,21.1200008392334,0.2878049591763417,401,HATHWAY,0.2852049591763417
2025-08-04,2025-08-14,14.859999656677246,14.34000015258789,-0.034993237961193156,10,HATHWAY,-0.037593237961193154
2025-08-25,2025-09-26,14.729999542236328,14.1899995803833,-0.03665987634993802,32,HATHWAY,-0.039259876349938015
2019-02-28,2019-08-27,456.0438537597656,417.33251953125,-0.0848851133709346,180,HATSUN,-0.0874851133709346
2020-03-11,2020-03-24,463.2581787109375,282.2341003417969,-0.3907628330985075,13,HATSUN,-0.3933628330985075
2020-07-16,2022-03-10,447.97906494140625,1016.6253662109375,1.2693590968227673,602,HATSUN,1.2667590968227673
2022-10-11,2022-11-22,969.9698486328125,881.76904296875,-0.09093149213698024,42,HATSUN,-0.09353149213698024
2023-07-12,2024-04-10,947.4384765625,978.0921020507812,0.03235421216953195,273,HATSUN,0.029754212169531953
2024-07-31,2024-12-02,1211.0054931640625,1069.9715576171875,-0.11646019472495345,124,HATSUN,-0.11906019472495345
2025-11-06,2026-02-18,1009.210205078125,906.8646240234375,-0.10141155979171329,104,HATSUN,-0.1040115597917133
2015-12-28,2016-12-23,276.0528564453125,304.7575988769531,0.1039827763467725,361,HAVELLS,0.1013827763467725
2017-02-21,2019-08-26,392.47314453125,623.9169921875,0.5897062025292833,916,HAVELLS,0.5871062025292832
2020-08-24,2022-03-09,613.378662109375,1060.375,0.7287445186851292,562,HAVELLS,0.7261445186851292
2022-09-02,2022-12-16,1347.017333984375,1124.3011474609375,-0.165340252797386,105,HAVELLS,-0.167940252797386
2023-06-02,2024-12-12,1305.1446533203125,1732.809326171875,0.32767607158606943,559,HAVELLS,0.32507607158606944
2016-04-18,2017-01-11,77.03256225585938,87.69569396972656,0.13842369254770714,268,HEIDELBERG,0.13582369254770715
2017-05-15,2017-10-09,99.49723815917969,91.28005981445312,-0.08258699936555415,147,HEIDELBERG,-0.08518699936555416
2017-10-31,2018-06-22,114.61103057861328,105.35577392578125,-0.08075362908881378,234,HEIDELBERG,-0.08335362908881379
2018-09-11,2018-11-01,128.72531127929688,113.22190856933594,-0.12043787314153792,51,HEIDELBERG,-0.12303787314153793
2018-12-26,2019-12-24,119.10784149169922,143.80308532714844,0.20733516388314588,363,HEIDELBERG,0.2047351638831459
2020-02-12,2020-03-25,160.1131591796875,104.60243225097656,-0.3466968437392073,42,HEIDELBERG,-0.3492968437392073
2020-08-05,2021-12-13,150.06068420410156,194.9127197265625,0.2988926497326674,495,HEIDELBERG,0.2962926497326674
2022-10-10,2023-02-16,179.26051330566406,150.98228454589844,-0.1577493461236905,129,HEIDELBERG,-0.16034934612369048
2023-08-29,2024-05-22,167.8681640625,186.78782653808594,0.11270548278911209,267,HEIDELBERG,0.11010548278911209
2024-06-14,2025-02-13,205.08311462402344,197.9598846435547,-0.03473338111490889,244,HEIDELBERG,-0.03733338111490889
2025-08-13,2025-11-26,208.1250762939453,183.8000030517578,-0.1168771859467429,105,HEIDELBERG,-0.1194771859467429
2020-09-03,2022-01-21,165.63845825195312,194.9458770751953,0.17693607591216884,505,HERITGFOOD,0.17433607591216885
2022-10-19,2023-03-21,160.0123748779297,138.7951202392578,-0.13259758599832108,153,HERITGFOOD,-0.13519758599832107
2023-05-22,2025-01-07,187.73583984375,462.75836181640625,1.4649441587794518,596,HERITGFOOD,1.462344158779452
2025-07-23,2026-01-23,469.7514953613281,395.5619201660156,-0.15793366477364085,184,HERITGFOOD,-0.16053366477364084
2015-12-02,2017-01-03,1887.2662353515625,2155.322021484375,0.1420339012650638,398,HEROMOTOCO,0.1394339012650638
2017-03-29,2018-01-09,2365.220458984375,2772.74853515625,0.17230024990857193,286,HEROMOTOCO,0.16970024990857194
2018-06-07,2018-06-29,2742.254638671875,2608.578125,-0.04874693684048868,22,HEROMOTOCO,-0.05134693684048868
2019-10-22,2019-12-06,2096.415283203125,1851.514404296875,-0.11681887690308408,45,HEROMOTOCO,-0.11941887690308409
2020-07-07,2021-05-12,2216.052490234375,2356.98388671875,0.06359569419290685,309,HEROMOTOCO,0.06099569419290685
2022-06-30,2023-02-23,2335.716552734375,2226.907470703125,-0.04658488287196897,238,HEROMOTOCO,-0.04918488287196897
2023-06-12,2024-12-09,2614.9990234375,4269.431640625,0.6326704531662484,546,HEROMOTOCO,0.6300704531662483
2025-07-16,2026-05-04,4213.28857421875,4993.0556640625,0.1850732690409981,292,HEROMOTOCO,0.18247326904099812
2016-08-04,2016-08-17,16.455890655517578,16.013792037963867,-0.026865675447683986,13,HFCL,-0.029465675447683984
2017-06-05,2017-06-30,12.771735191345215,11.691049575805664,-0.08461541046293217,25,HFCL,-0.08721541046293217
2017-07-27,2018-05-21,16.799747467041016,26.1329345703125,0.5555552023375363,298,HFCL,0.5529552023375363
2018-07-10,2018-07-20,30.553922653198242,24.708396911621094,-0.19131833931527173,10,HFCL,-0.19391833931527172
2019-05-02,2019-06-26,22.164560317993164,19.50481605529785,-0.11999986575579102,55,HFCL,-0.12259986575579103
2020-08-25,2022-04-18,17.131309509277344,77.99124908447266,3.5525561862178154,601,HFCL,3.5499561862178153
2022-09-28,2023-02-24,69.72364044189453,64.55155944824219,-0.07417973245333613,149,HFCL,-0.07677973245333614
2023-09-12,2025-01-14,71.31504821777344,97.92958068847656,0.373196585234449,490,HFCL,0.370596585234449
2016-05-02,2018-05-16,18.058521270751953,132.60702514648438,6.343182930556896,744,HSCL,6.340582930556896
2019-01-08,2019-02-01,126.70196533203125,116.5618667602539,-0.08003110721451333,24,HSCL,-0.08263110721451333
2020-10-06,2020-12-09,52.46749496459961,42.42894744873047,-0.19132888891764813,64,HSCL,-0.19392888891764812
2021-06-11,2021-12-17,54.297183990478516,43.55252456665039,-0.1978861265754094,189,HSCL,-0.2004861265754094
2022-02-10,2023-03-14,64.38631439208984,89.85895538330078,0.3956219769948561,397,HSCL,0.3930219769948561
2023-05-16,2025-03-06,118.03927612304688,435.2579650878906,2.6873994773923187,660,HSCL,2.6847994773923185
2025-09-03,2025-09-10,463.920654296875,467.76544189453125,0.008287597376933922,7,HSCL,0.005687597376933922
2025-11-12,2025-11-26,459.1770935058594,445.84521484375,-0.029034285138919397,14,HSCL,-0.031634285138919395
2025-12-31,2026-01-07,487.1891174316406,480.79779052734375,-0.013118780111490619,7,HSCL,-0.015718780111490617
2026-02-11,2026-03-05,454.6831970214844,456.830322265625,0.00472224453906787,22,HSCL,0.00212224453906787
2016-05-05,2017-10-03,221.56654357910156,316.2734375,0.4274422139328409,516,HIMATSEIDE,0.4248422139328409
2017-10-31,2018-04-05,346.1256408691406,348.2445068359375,0.006121667153800815,156,HIMATSEIDE,0.003521667153800815
2018-04-17,2018-06-26,369.1033935546875,282.27764892578125,-0.23523420847671475,70,HIMATSEIDE,-0.23783420847671474
2020-10-06,2022-02-23,141.0333251953125,164.29396057128906,0.16493006417996356,505,HIMATSEIDE,0.16233006417996357
2023-06-15,2024-04-02,112.95550537109375,137.0712890625,0.2134980814983603,292,HIMATSEIDE,0.2108980814983603
2024-09-26,2025-03-12,153.19773864746094,145.91163635253906,-0.047560116482454576,167,HIMATSEIDE,-0.050160116482454574
2016-04-29,2018-04-02,89.9419937133789,199.36688232421875,1.2166162222237114,703,HINDALCO,1.2140162222237114
2018-10-31,2018-12-13,209.0855255126953,208.9906768798828,-0.0004536355760635423,43,HINDALCO,-0.003053635576063542
2019-12-20,2020-03-09,205.8385467529297,137.0187530517578,-0.33433870762689094,80,HINDALCO,-0.33693870762689093
2020-08-24,2022-06-07,184.63381958007812,390.74102783203125,1.116302575122548,652,HINDALCO,1.113702575122548
2022-12-27,2023-04-12,459.49298095703125,407.4463806152344,-0.11326963087312955,106,HINDALCO,-0.11586963087312956
2023-08-16,2025-01-02,437.15924072265625,591.5532836914062,0.3531757505881045,505,HINDALCO,0.35057575058810453
2019-10-23,2020-03-26,300.9123229980469,222.2439422607422,-0.2614328983057809,155,HAL,-0.2640328983057809
2020-07-15,2024-12-19,387.8821716308594,4303.19140625,10.09406856251509,1618,HAL,10.091468562515091
2025-05-22,2025-12-29,4981.69140625,4338.255859375,-0.1291600571781202,221,HAL,-0.1317600571781202
2016-07-21,2017-08-29,59.732704162597656,58.40707778930664,-0.022192639557762937,404,HINDCOPPER,-0.024792639557762938
2017-11-07,2018-04-03,94.78633880615234,64.36698913574219,-0.32092546303134256,147,HINDCOPPER,-0.32352546303134255
2020-01-01,2020-03-23,39.31125259399414,19.436960220336914,-0.5055624296411649,82,HINDCOPPER,-0.508162429641165
2020-08-12,2021-10-11,36.68726348876953,122.65160369873047,2.343165775672415,425,HINDCOPPER,2.340565775672415
2022-10-07,2023-03-29,109.5766830444336,94.95661163330078,-0.13342319738957914,173,HINDCOPPER,-0.13602319738957913
2023-07-06,2024-11-07,120.11100769042969,289.2423095703125,1.4081249098816695,490,HINDCOPPER,1.4055249098816696
2016-05-13,2018-02-23,79.01246643066406,176.93165588378906,1.2392878475582354,651,HINDPETRO,1.2366878475582355
2019-04-08,2020-01-10,124.86715698242188,128.952392578125,0.03271665419817497,277,HINDPETRO,0.03011665419817497
2020-12-17,2022-03-29,120.28036499023438,153.8505401611328,0.2790993789686622,467,HINDPETRO,0.2764993789686622
2023-01-17,2025-02-17,147.78045654296875,306.7787170410156,1.075908575582296,762,HINDPETRO,1.073308575582296
2025-05-30,2026-03-20,396.42059326171875,336.29998779296875,-0.15165863350862324,294,HINDPETRO,-0.15425863350862323
2016-04-11,2016-11-22,727.8302612304688,703.9522094726562,-0.032807170888229216,225,HINDUNILVR,-0.035407170888229214
2017-03-27,2019-05-15,771.6942749023438,1476.4124755859375,0.9132090564916713,779,HINDUNILVR,0.9106090564916712
2019-05-28,2020-07-10,1569.9332275390625,2002.842529296875,0.27575013647963637,409,HINDUNILVR,0.2731501364796364
2020-07-14,2020-10-29,2012.7047119140625,1931.8446044921875,-0.040174848771024056,107,HINDUNILVR,-0.042774848771024054
2020-12-08,2021-12-17,2057.3818359375,2057.556640625,8.496463050590979e-05,374,HINDUNILVR,-0.00251503536949409
2022-07-18,2023-03-27,2376.575439453125,2341.457275390625,-0.014776793313399325,252,HINDUNILVR,-0.017376793313399325
2023-06-08,2023-09-15,2510.95263671875,2332.90380859375,-0.07090887558821887,99,HINDUNILVR,-0.07350887558821888
2024-01-15,2024-01-25,2448.497802734375,2310.61962890625,-0.056311332472566936,10,HINDUNILVR,-0.058911332472566934
2024-07-12,2024-12-20,2519.480224609375,2268.52294921875,-0.09960676529204904,161,HINDUNILVR,-0.10220676529204904
2025-07-25,2026-01-01,2372.42919921875,2299.609375,-0.030694203326586036,160,HINDUNILVR,-0.03329420332658604
2016-02-22,2017-06-28,63.83144760131836,128.05320739746094,1.0061147319932653,492,HINDZINC,1.0035147319932654
2017-08-04,2018-06-21,140.6199493408203,146.55691528320312,0.04221994084205932,321,HINDZINC,0.039619940842059324
2019-02-07,2019-02-12,138.7056121826172,135.64073181152344,-0.022096296774629324,5,HINDZINC,-0.024696296774629325
2019-04-11,2019-06-07,152.6195526123047,129.6466064453125,-0.15052426621476045,57,HINDZINC,-0.15312426621476044
2020-07-13,2022-05-27,115.97047424316406,203.55728149414062,0.7552509190169101,683,HINDZINC,0.7526509190169101
2022-11-03,2024-12-23,211.23121643066406,446.6947021484375,1.1147191674440011,781,HINDZINC,1.1121191674440012
2025-07-28,2025-08-14,424.29766845703125,418.99456787109375,-0.012498538125892498,17,HINDZINC,-0.015098538125892498
2025-09-30,2026-07-29,473.7933654785156,536.7000122070312,0.13277232505141137,302,HINDZINC,0.13017232505141138
2016-05-16,2016-11-17,8995.0380859375,8233.560546875,-0.08465528792512451,185,HONAUT,-0.08725528792512452
2017-02-22,2020-05-20,9750.908203125,26360.45703125,1.7033848008949486,1183,HONAUT,1.7007848008949487
2020-08-10,2021-09-29,31146.015625,43978.41015625,0.41200758022319267,415,HONAUT,0.4094075802231927
2021-10-29,2021-12-06,41438.546875,38733.8203125,-0.06527078689942599,38,HONAUT,-0.067870786899426
2022-02-09,2022-03-30,43808.59375,39465.45703125,-0.0991389210878288,49,HONAUT,-0.10173892108782881
2022-09-08,2023-03-09,40857.96484375,35497.73828125,-0.1311917170372706,182,HONAUT,-0.13379171703727058
2023-06-28,2023-11-02,41372.5625,35864.71875,-0.13312793351874205,127,HONAUT,-0.13572793351874204
2024-04-18,2024-11-26,43459.70703125,41230.37109375,-0.05129661679258401,222,HONAUT,-0.05389661679258401
2025-07-30,2025-10-01,38546.015625,35868.5859375,-0.06946060816110615,63,HONAUT,-0.07206060816110615
2020-01-03,2020-02-28,26.562978744506836,20.55262565612793,-0.22626803816653407,56,HUDCO,-0.22886803816653406
2020-08-10,2021-09-21,25.325374603271484,34.588138580322266,0.3657503244139273,407,HUDCO,0.3631503244139273
2022-09-02,2024-11-06,34.407867431640625,218.77891540527344,5.358397998362716,796,HUDCO,5.355797998362716
2025-06-05,2026-01-21,233.88815307617188,199.24339294433594,-0.14812533117294296,230,HUDCO,-0.15072533117294296
2026-06-19,2026-07-22,207.32681274414062,197.0623321533203,-0.04950869815129786,33,HUDCO,-0.05210869815129786
2016-07-19,2018-04-17,231.2440643310547,277.894287109375,0.20173587120288072,637,ICICIBANK,0.19913587120288073
2018-09-10,2020-04-08,318.5068664550781,305.905517578125,-0.039563821707217124,576,ICICIBANK,-0.04216382170721712
2020-11-09,2022-04-22,443.77642822265625,719.172119140625,0.6205730485076469,529,ICICIBANK,0.6179730485076469
2022-08-10,2023-03-27,821.3204956054688,821.272216796875,-5.8781935738933894e-05,229,ICICIBANK,-0.0026587819357389336
2023-05-15,2025-11-27,915.1857299804688,1380.5611572265625,0.5085038063869565,927,ICICIBANK,0.5059038063869564
2018-09-10,2020-03-30,869.072021484375,985.6439208984375,0.13413376168175073,567,ICICIGI,0.13153376168175074
2020-07-09,2020-07-13,1219.0831298828125,1221.7205810546875,0.0021634711425532823,4,ICICIGI,-0.0004365288574467176
2020-07-15,2021-12-16,1201.388427734375,1361.8681640625,0.1335785601254408,519,ICICIGI,0.13097856012544082
2023-01-23,2023-02-21,1130.783935546875,1072.44140625,-0.051594763122151284,29,ICICIGI,-0.05419476312215128
2023-06-28,2025-01-17,1305.0394287109375,1927.87646484375,0.47725533990036184,569,ICICIGI,0.47465533990036185
2025-06-27,2026-02-05,2002.962158203125,1867.1107177734375,-0.06782526563135922,223,ICICIGI,-0.07042526563135923
2018-05-18,2018-07-20,409.62493896484375,348.1969299316406,-0.1499615945953799,63,ICICIPRULI,-0.15256159459537988
2019-05-06,2020-03-27,362.5628967285156,314.8260498046875,-0.13166500862214017,326,ICICIPRULI,-0.13426500862214016
2020-08-24,2022-01-07,438.6206970214844,579.2183837890625,0.32054503520314137,501,ICICIPRULI,0.3179450352031414
2022-09-01,2022-11-22,589.2617797851562,464.1690673828125,-0.2122871645399305,82,ICICIPRULI,-0.21488716453993048
2023-06-27,2024-02-06,576.151611328125,522.9453125,-0.09234773934846013,224,ICICIPRULI,-0.09494773934846014
2024-04-09,2025-01-21,621.6189575195312,632.5137329101562,0.017526452915945193,287,ICICIPRULI,0.014926452915945193
2025-07-18,2025-09-25,631.6080932617188,592.9422607421875,-0.061218076418012794,69,ICICIPRULI,-0.06381807641801279
2025-12-10,2026-03-30,640.6267700195312,507.78778076171875,-0.20735784933521048,110,ICICIPRULI,-0.20995784933521047
2016-01-27,2016-02-15,3447.5302734375,3379.529296875,-0.01972454805877509,19,ICRA,-0.02232454805877509
2016-05-27,2016-08-10,3830.28564453125,3289.361572265625,-0.1412229067140039,75,ICRA,-0.14382290671400388
2016-11-01,2017-01-12,3800.884765625,3580.2216796875,-0.058055715851521,72,ICRA,-0.060655715851521
2017-02-08,2017-07-14,3829.061767578125,3529.9033203125,-0.07812839421883816,156,ICRA,-0.08072839421883816
2018-10-19,2018-10-22,3004.45849609375,2949.287109375,-0.01836317153007144,3,ICRA,-0.02096317153007144
2019-08-05,2019-08-23,2675.7734375,2327.48046875,-0.1301653435484483,18,ICRA,-0.1327653435484483
2020-02-13,2020-03-18,2731.988525390625,2094.27392578125,-0.23342506517965456,34,ICRA,-0.23602506517965455
2020-09-18,2024-04-25,2566.198486328125,5001.84326171875,0.9491256379297829,1315,ICRA,0.9465256379297828
2024-07-15,2025-02-20,5710.69677734375,5639.67822265625,-0.012436057710024885,220,ICRA,-0.015036057710024885
2025-07-01,2025-12-29,6598.9677734375,6071.07861328125,-0.07999571725158838,181,ICRA,-0.08259571725158839
2015-10-27,2016-02-19,81.62554168701172,51.9564323425293,-0.36347825363593733,115,IDBI,-0.3660782536359373
2016-08-25,2017-01-02,71.21532440185547,65.30043029785156,-0.08305647911715189,130,IDBI,-0.08565647911715189
2017-01-25,2017-06-01,75.71064758300781,57.492774963378906,-0.24062497417757725,127,IDBI,-0.24322497417757724
2018-01-25,2018-06-28,61.60953903198242,47.17719650268555,-0.2342549994052842,154,IDBI,-0.23685499940528418
2019-01-18,2019-01-25,55.07949447631836,51.9564323425293,-0.056700994870819574,7,IDBI,-0.05930099487081957
2020-01-02,2020-03-18,35.48936462402344,19.637451171875,-0.4466665892749731,76,IDBI,-0.4492665892749731
2020-07-13,2021-02-01,39.32221221923828,29.290557861328125,-0.25511419098140664,203,IDBI,-0.25771419098140663
2021-05-07,2022-04-20,36.81430435180664,44.05413055419922,0.19665796569743652,348,IDBI,0.19405796569743652
2022-10-11,2024-11-07,42.20868682861328,83.01403045654297,0.9667522657982274,758,IDBI,0.9641522657982273
2025-05-30,2026-04-07,94.78225708007812,69.63999938964844,-0.2652633358286446,312,IDBI,-0.2678633358286446
2016-09-07,2017-04-05,58.621971130371094,58.14107131958008,-0.008203405677395744,210,IDFCFIRSTB,-0.010803405677395744
2019-01-22,2019-07-16,46.610069274902344,41.7900505065918,-0.10341153410183695,175,IDFCFIRSTB,-0.10601153410183696
2020-01-24,2020-02-28,43.72799301147461,36.572505950927734,-0.16363630177742694,35,IDFCFIRSTB,-0.16623630177742693
2020-10-09,2021-08-31,31.75248908996582,42.684486389160156,0.34428788458820325,326,IDFCFIRSTB,0.34168788458820326
2022-09-14,2024-02-29,50.5853385925293,80.54895782470703,0.5923380186013605,533,IDFCFIRSTB,0.5897380186013604
2025-06-11,2026-03-30,70.8592300415039,58.67761993408203,-0.1719128206768098,292,IDFCFIRSTB,-0.1745128206768098
2016-09-08,2018-07-19,395.04998779296875,1004.6500244140625,1.5430959510383857,679,IFBIND,1.5404959510383858
2020-09-28,2021-08-10,619.5,923.9500122070312,0.4914447331832627,316,IFBIND,0.4888447331832627
2021-10-28,2022-02-17,1264.6500244140625,949.3499755859375,-0.2493180269175338,112,IFBIND,-0.2519180269175338
2022-09-13,2022-12-06,1052.1500244140625,909.8499755859375,-0.13524691871520056,84,IFBIND,-0.13784691871520055
2022-12-09,2023-01-13,938.1500244140625,909.4500122070312,-0.030592135010555833,35,IFBIND,-0.03319213501055583
2023-09-05,2025-02-11,989.0999755859375,1222.699951171875,0.23617428101497437,525,IFBIND,0.23357428101497438
2025-09-25,2026-01-30,1762.4000244140625,1121.699951171875,-0.3635383933084081,127,IFBIND,-0.3661383933084081
2015-12-30,2016-02-09,26.08085823059082,22.361833572387695,-0.1425959462423287,41,IFCI,-0.1451959462423287
2016-04-28,2016-12-05,25.399999618530273,22.899999618530273,-0.09842519832859187,221,IFCI,-0.10102519832859187
2017-02-01,2017-07-06,30.549999237060547,26.049999237060547,-0.14729951268021635,155,IFCI,-0.14989951268021634
2018-01-15,2018-03-26,32.650001525878906,19.399999618530273,-0.40581933501125483,70,IFCI,-0.4084193350112548
2020-07-14,2022-03-28,6.849999904632568,11.350000381469727,0.6569343853266136,622,IFCI,0.6543343853266136
2022-12-01,2023-04-05,13.100000381469727,10.199999809265137,-0.22137408303489153,125,IFCI,-0.22397408303489152
2023-07-06,2025-01-13,12.449999809265137,51.40999984741211,3.1293173200816775,557,IFCI,3.1267173200816774
2025-07-02,2025-12-18,63.97999954223633,46.810001373291016,-0.2683650873990794,169,IFCI,-0.2709650873990794
2015-11-23,2016-02-15,10.883843421936035,9.44808292388916,-0.13191668075205365,84,IRB,-0.13451668075205364
2016-09-21,2016-12-08,10.96026611328125,8.440282821655273,-0.22991990026340262,78,IRB,-0.2325199002634026
2017-03-01,2017-07-27,10.536174774169922,9.789288520812988,-0.07088780030376594,148,IRB,-0.07348780030376595
2017-08-07,2017-08-10,10.23084545135498,9.12818717956543,-0.107777825110584,3,IRB,-0.110377825110584
2017-12-21,2018-07-16,10.578694343566895,8.714111328125,-0.17625833159418042,207,IRB,-0.1788583315941804
2020-02-19,2020-04-09,4.49226188659668,3.07242751121521,-0.31606224463844224,50,IRB,-0.3186622446384422
2020-07-16,2021-03-25,5.545361042022705,5.059350490570068,-0.08764272475131057,252,IRB,-0.09024272475131058
2021-06-16,2022-06-21,7.401912689208984,9.348376274108887,0.262967649934265,370,IRB,0.26036764993426503
2022-09-15,2022-10-27,11.363911628723145,11.529949188232422,0.014610951310955717,42,IRB,0.012010951310955717
2022-11-22,2023-07-26,12.228292465209961,12.437957763671875,0.017145917883336633,246,IRB,0.014545917883336633
2023-09-26,2024-10-14,15.669865608215332,28.92392921447754,0.8458313515665011,384,IRB,0.8432313515665011
2026-05-25,2026-07-14,21.51642417907715,20.13985252380371,-0.06397771506159623,50,IRB,-0.06657771506159624
2019-11-13,2020-10-13,34.59275817871094,30.734516143798828,-0.11153322944010134,335,IRCON,-0.11413322944010135
2021-01-08,2021-09-06,37.44474792480469,37.09811019897461,-0.009257312307888536,241,IRCON,-0.011857312307888536
2021-10-19,2022-03-09,41.130802154541016,36.8536262512207,-0.10398960582508586,141,IRCON,-0.10658960582508586
2022-10-12,2024-10-18,39.785396575927734,216.443115234375,4.4402653702674035,737,IRCON,4.437665370267403
2025-07-10,2025-08-29,190.950927734375,158.1426544189453,-0.17181520773268041,50,IRCON,-0.1744152077326804
2015-11-02,2016-02-03,147.14230346679688,140.48776245117188,-0.045225206204051425,93,ITC,-0.047825206204051424
2016-05-17,2016-12-29,144.21865844726562,158.3639678955078,0.09808238129891148,226,ITC,0.09548238129891147
2017-02-01,2017-10-05,180.97779846191406,180.7855987548828,-0.0010620071006759292,246,ITC,-0.003662007100675929
2018-05-16,2019-01-04,194.8258819580078,195.28628540039062,0.0023631533847337928,233,ITC,-0.0002368466152662071
2019-04-15,2019-07-22,212.35076904296875,187.4415283203125,-0.11730233346890265,98,ITC,-0.11990233346890265
2020-09-01,2020-10-01,142.0532989501953,127.60152435302734,-0.10173487489533659,30,ITC,-0.10433487489533659
2020-12-11,2024-02-27,161.5464324951172,358.29803466796875,1.2179260113267958,1173,ITC,1.2153260113267959
2024-07-02,2025-01-29,377.63824462890625,399.41754150390625,0.05767238139876924,211,ITC,0.05507238139876924
2015-11-06,2016-03-16,26.049999237060547,23.350000381469727,-0.10364679211773693,131,ITI,-0.10624679211773694
2016-06-30,2018-03-22,29.0,118.6500015258789,3.0913793629613417,630,ITI,3.0887793629613416
2019-01-25,2019-06-19,105.0,84.80000305175781,-0.19238092331659226,145,ITI,-0.19498092331659225
2019-12-19,2020-03-16,94.5999984741211,52.54999923706055,-0.44450317035220466,88,ITI,-0.44710317035220465
2020-06-17,2021-03-26,90.55000305175781,115.6500015258789,0.27719489374035794,282,ITI,0.27459489374035795
2021-07-09,2021-09-15,129.10000610351562,122.55000305175781,-0.05073588491162313,68,ITI,-0.05333588491162313
2022-08-18,2023-02-13,113.75,99.44999694824219,-0.12571431254292584,179,ITI,-0.12831431254292583
2023-06-26,2024-09-18,108.6500015258789,284.45001220703125,1.6180396522063485,450,ITI,1.6154396522063486
2024-12-27,2025-03-24,328.20001220703125,266.3999938964844,-0.18829986597186021,87,ITI,-0.1908998659718602
2025-06-27,2025-09-09,320.6499938964844,309.0,-0.03633243136828298,74,ITI,-0.03893243136828298
2025-10-09,2026-01-27,337.70001220703125,279.04998779296875,-0.17367492535980827,110,ITI,-0.17627492535980827
2016-01-11,2016-03-10,95.10670471191406,71.98683166503906,-0.2430940396568988,59,INDIACEM,-0.2456940396568988
2016-05-09,2017-01-20,86.79501342773438,130.8272705078125,0.5073132123741122,256,INDIACEM,0.5047132123741122
2017-01-25,2017-10-25,137.56849670410156,183.9596710205078,0.3372223686952822,273,INDIACEM,0.3346223686952822
2017-10-26,2017-10-27,189.77044677734375,189.38308715820312,-0.002041200965264687,1,INDIACEM,-0.0046412009652646875
2019-05-02,2019-08-19,103.59073638916016,77.75399780273438,-0.24941167026137065,109,INDIACEM,-0.25201167026137067
2020-03-19,2022-06-01,96.21233367919922,167.32073974609375,0.7390778640084886,804,INDIACEM,0.7364778640084886
2022-09-14,2023-02-22,262.1922912597656,190.3000030517578,-0.27419680366109966,161,INDIACEM,-0.27679680366109966
2023-07-28,2024-04-01,214.6999969482422,220.39999389648438,0.02654865872967985,248,INDIACEM,0.02394865872967985
2024-07-15,2025-02-24,307.3999938964844,255.6999969482422,-0.16818476894847284,224,INDIACEM,-0.17078476894847283
2025-07-07,2026-04-21,346.6000061035156,418.45001220703125,0.20729949462856295,288,INDIACEM,0.20469949462856296
2019-11-05,2020-03-19,351.6764831542969,118.621826171875,-0.6626961657830556,135,ITDC,-0.6652961657830556
2020-09-16,2021-12-28,252.52108764648438,352.76068115234375,0.39695533723579274,468,ITDC,0.39435533723579275
2022-09-26,2023-03-02,345.66412353515625,316.39056396484375,-0.08468787350832836,157,ITDC,-0.08728787350832837
2023-08-08,2024-10-23,371.7342834472656,592.2557983398438,0.5932235059074431,442,ITDC,0.5906235059074431
2025-07-17,2025-08-13,603.297119140625,537.5462036132812,-0.10898595972247234,27,ITDC,-0.11158595972247234
2025-10-17,2025-12-24,610.7000122070312,568.7000122070312,-0.06877353718761958,68,ITDC,-0.07137353718761959
2015-11-06,2016-01-20,59.29999923706055,49.5,-0.16526137205978023,75,IBREALEST,-0.16786137205978022
2016-05-17,2016-12-12,88.6500015258789,72.4000015258789,-0.18330512938859075,209,IBREALEST,-0.18590512938859075
2017-04-13,2018-03-26,105.8499984741211,187.8000030517578,0.7742088404249944,347,IBREALEST,0.7716088404249943
2019-05-22,2019-09-06,116.6500015258789,65.1500015258789,-0.4414916358880174,107,IBREALEST,-0.44409163588801737
2020-02-20,2020-03-31,89.0999984741211,40.849998474121094,-0.5415263841335992,40,IBREALEST,-0.5441263841335993
2020-12-11,2022-03-04,68.0,106.6500015258789,0.5683823753805721,448,IBREALEST,0.5657823753805721
2022-12-27,2023-02-16,80.25,58.04999923706055,-0.2766355235257253,51,IBREALEST,-0.2792355235257253
2023-09-07,2024-11-01,84.0999984741211,111.12000274658203,0.3212842421248726,421,IBREALEST,0.3186842421248726
2025-01-28,2025-03-28,136.8000030517578,115.86000061035156,-0.1530701898704174,59,IBREALEST,-0.1556701898704174
2016-07-12,2017-10-12,126.43528747558594,229.4443817138672,0.814717918509671,457,INDIANB,0.812117918509671
2017-11-13,2018-04-04,342.56732177734375,254.9475555419922,-0.25577386010070513,142,INDIANB,-0.2583738601007051
2018-07-12,2018-07-17,297.6045227050781,289.6849365234375,-0.02661110829114927,5,INDIANB,-0.02921110829114927
2018-07-26,2018-09-24,303.29803466796875,219.3506317138672,-0.27678188896278805,60,INDIANB,-0.27938188896278804
2019-05-27,2019-08-08,231.85067749023438,166.69619750976562,-0.28101914855613513,73,INDIANB,-0.2836191485561351
2020-11-20,2024-11-19,53.93867874145508,499.37188720703125,8.258140889966485,1460,INDIANB,8.255540889966486
2024-11-25,2025-02-04,539.2796020507812,515.7932739257812,-0.043551300727277295,71,INDIANB,-0.04615130072727729
2025-05-13,2026-07-02,554.5552978515625,815.0999755859375,0.4698263252443309,415,INDIANB,0.4672263252443309
2019-01-30,2019-03-11,47.90967559814453,47.954410552978516,0.0009337352899070118,40,IEX,-0.001666264710092988
2020-01-09,2020-05-27,50.578773498535156,49.86457061767578,-0.014120604978293106,139,IEX,-0.016720604978293106
2020-06-01,2022-05-16,52.56733703613281,174.0546875,2.3110805552193248,714,IEX,2.3084805552193246
2023-05-08,2023-07-11,149.39930725097656,115.65496826171875,-0.2258667701354903,64,IEX,-0.2284667701354903
2023-12-18,2025-01-07,144.11326599121094,166.27420043945312,0.15377442385903406,386,IEX,0.15117442385903407
2025-05-23,2025-08-18,189.71217346191406,137.1651153564453,-0.27698305884423335,87,IEX,-0.27958305884423335
2015-12-24,2016-12-01,103.4507827758789,87.85173034667969,-0.15078718604762814,343,INDHOTEL,-0.15338718604762813
2017-04-03,2017-09-29,111.7235336303711,102.35667419433594,-0.08383962744165169,179,INDHOTEL,-0.08643962744165169
2018-01-04,2018-08-10,118.39781188964844,116.83663940429688,-0.013185822106295668,218,INDHOTEL,-0.015785822106295668
2018-12-17,2019-08-29,138.722900390625,131.47337341308594,-0.05225904992705149,255,INDHOTEL,-0.05485904992705149
2019-11-06,2020-01-14,143.2103729248047,132.51455688476562,-0.07468604278864006,69,INDHOTEL,-0.07728604278864007
2020-10-19,2025-07-04,92.49633026123047,744.2354736328125,7.046108116191463,1719,INDHOTEL,7.043508116191463
2016-05-11,2017-12-05,35.785865783691406,72.7224349975586,1.0321552491458845,573,IOC,1.0295552491458846
2019-03-28,2019-08-26,67.51657104492188,52.95787811279297,-0.2156314028809659,151,IOC,-0.2182314028809659
2020-12-21,2022-06-30,38.563011169433594,59.621498107910156,0.5460799429264555,556,IOC,0.5434799429264554
2023-01-03,2024-11-11,65.19226837158203,130.7707061767578,1.0059235465069671,678,IOC,1.0033235465069672
2025-06-24,2026-05-07,133.96893310546875,146.88999938964844,0.09644822859048532,317,IOC,0.09384822859048532
2017-03-16,2017-07-19,27.0,25.299999237060547,-0.06296299121997974,125,IOB,-0.06556299121997974
2020-07-16,2022-02-07,10.199999809265137,21.0,1.0588235679107285,571,IOB,1.0562235679107286
2022-11-04,2024-10-08,21.700000762939453,54.709999084472656,1.5211980258502864,704,IOB,1.5185980258502865
2025-12-02,2025-12-17,38.52000045776367,34.29999923706055,-0.10955350910055837,15,IOB,-0.11215350910055838
2019-05-08,2019-08-13,361.7254333496094,285.07989501953125,-0.21188871797134554,97,INDOSTAR,-0.21448871797134553
2020-03-18,2021-09-15,268.8500061035156,292.5,0.08796724329393689,546,INDOSTAR,0.08536724329393688
2023-07-13,2025-02-25,150.8000030517578,236.8000030517578,0.5702917656472656,593,INDOSTAR,0.5676917656472655
2025-04-29,2025-09-15,291.25,261.25,-0.10300429184549356,139,INDOSTAR,-0.10560429184549357
2016-08-16,2016-12-13,296.2870178222656,252.83737182617188,-0.1466471474702209,119,INDOCO,-0.1492471474702209
2017-11-08,2018-04-25,248.65097045898438,199.3582763671875,-0.19824050556009326,168,INDOCO,-0.20084050556009325
2019-01-02,2019-03-06,213.86624145507812,179.1905059814453,-0.16213748947804993,63,INDOCO,-0.16473748947804992
2020-01-16,2022-01-27,195.27609252929688,388.7135009765625,0.9905841823327379,742,INDOCO,0.9879841823327379
2022-12-20,2023-03-14,387.4626770019531,345.0816345214844,-0.10938096749962607,84,INDOCO,-0.11198096749962608
2023-11-16,2024-04-19,333.0073547363281,329.324951171875,-0.011058024731522266,155,INDOCO,-0.013658024731522266
2024-09-26,2024-11-21,365.140625,299.5871887207031,-0.17952928759788608,56,INDOCO,-0.18212928759788607
2025-07-18,2025-12-11,323.3203125,239.4499969482422,-0.2594031748368974,146,INDOCO,-0.2620031748368974
2019-02-04,2020-08-07,130.4742431640625,173.12673950195312,0.3269035734835266,550,IGL,0.3243035734835266
2020-12-11,2021-10-29,216.5099639892578,214.0772247314453,-0.011236153814764853,322,IGL,-0.013836153814764853
2022-09-22,2023-10-27,195.30055236816406,180.25775146484375,-0.07702385231846605,400,IGL,-0.07962385231846605
2024-04-16,2024-11-25,220.47157287597656,157.90928649902344,-0.2837657733414309,223,IGL,-0.2863657733414309
2025-07-04,2025-12-22,220.28871154785156,192.14833068847656,-0.12774318148963476,171,IGL,-0.13034318148963475
2016-04-29,2017-01-09,990.229248046875,1098.9923095703125,0.10983624422118557,255,INDUSINDBK,0.10723624422118556
2017-02-03,2018-10-22,1235.4599609375,1390.1280517578125,0.12519069472955338,626,INDUSINDBK,0.12259069472955338
2019-05-29,2019-06-13,1542.8125,1427.9154052734375,-0.07447249405003038,15,INDUSINDBK,-0.07707249405003039
2020-01-14,2020-02-07,1428.5216064453125,1252.2283935546875,-0.12340955299185666,24,INDUSINDBK,-0.12600955299185665
2020-11-12,2021-12-30,741.618408203125,857.861083984375,0.1567418965002441,413,INDUSINDBK,0.1541418965002441
2022-08-25,2023-04-06,1064.560546875,1056.7957763671875,-0.007293874012714314,224,INDUSINDBK,-0.009893874012714313
2023-06-06,2024-05-28,1289.571533203125,1440.992431640625,0.11741954171506139,357,INDUSINDBK,0.11481954171506138
2016-01-01,2016-02-23,168.71514892578125,139.41046142578125,-0.1736932793918304,53,NAUKRI,-0.1762932793918304
2016-07-12,2017-03-10,161.4292449951172,158.36302185058594,-0.018994223411154497,241,NAUKRI,-0.021594223411154495
2017-06-09,2018-06-22,200.6014862060547,232.68141174316406,0.15991868327514475,378,NAUKRI,0.15731868327514476
2018-07-30,2020-04-30,262.1737365722656,497.6744079589844,0.8982618719392791,640,NAUKRI,0.895661871939279
2020-06-11,2022-01-28,535.2794189453125,863.3251342773438,0.6128494833191904,596,NAUKRI,0.6102494833191904
2023-06-12,2025-03-13,839.4660034179688,1264.427978515625,0.5062289281130881,640,NAUKRI,0.503628928113088
2017-08-01,2017-08-31,389.99267578125,354.8543701171875,-0.09009991173211636,30,INFY,-0.09269991173211636
2017-12-08,2019-11-27,393.9826965332031,585.1724853515625,0.4852745831243549,719,INFY,0.4826745831243549
2020-02-05,2020-03-20,659.8591918945312,492.19244384765625,-0.2540947373415904,44,INFY,-0.2566947373415904
2020-07-14,2022-05-12,667.7330932617188,1325.76953125,0.9854782466657873,667,INFY,0.9828782466657873
2022-12-15,2023-04-06,1382.9093017578125,1276.4420166015625,-0.07698790153549456,112,INFY,-0.07958790153549457
2023-09-15,2024-05-22,1375.2047119140625,1340.6611328125,-0.025118863251627044,250,INFY,-0.027718863251627042
2024-07-12,2025-03-20,1609.0130615234375,1535.8778076171875,-0.04545348677095539,251,INFY,-0.04805348677095539
2025-12-15,2026-03-09,1572.766357421875,1287.14697265625,-0.18160318817718146,84,INFY,-0.18420318817718145
2018-01-19,2018-03-13,33.974998474121094,30.424999237060547,-0.10448857679168395,53,INOXWIND,-0.10708857679168396
2020-07-20,2022-04-11,9.162500381469727,27.337499618530273,1.983628756383763,630,INOXWIND,1.981028756383763
2022-09-22,2023-01-31,35.837501525878906,23.875,-0.33379842390074455,131,INOXWIND,-0.33639842390074454
2023-06-19,2025-01-24,40.42499923706055,142.88999938964844,2.534693929162793,585,INOXWIND,2.5320939291627926
2017-10-23,2019-02-05,125.00914764404297,163.67578125,0.30931043315372614,470,INTELLECT,0.30671043315372615
2019-05-29,2019-09-27,243.83358764648438,177.74966430664062,-0.27102059227235653,121,INTELLECT,-0.2736205922723565
2020-08-11,2021-12-13,181.10986328125,674.6695556640625,2.7251949918174883,489,INTELLECT,2.722594991817488
2022-02-07,2022-06-20,703.0120849609375,594.803955078125,-0.15392072511644664,133,INTELLECT,-0.15652072511644663
2023-06-06,2024-10-07,577.285400390625,854.6448364257812,0.4804546171572651,489,INTELLECT,0.4778546171572651
2025-06-03,2026-01-23,1152.7537841796875,882.5487670898438,-0.23439959234844296,234,INTELLECT,-0.23699959234844295
2017-04-03,2018-07-02,1004.5369262695312,1037.8284912109375,0.033141205734505436,455,INDIGO,0.030541205734505437
2019-01-23,2019-12-16,1103.9698486328125,1297.607177734375,0.17540092181083428,327,INDIGO,0.17280092181083428
2020-09-30,2022-04-22,1246.99267578125,1912.867431640625,0.5339844962940136,569,INDIGO,0.5313844962940135
2022-09-13,2022-11-03,1926.9935302734375,1800.1578369140625,-0.06582050814741304,51,INDIGO,-0.06842050814741304
2022-12-15,2023-04-24,2011.6005859375,1988.5894775390625,-0.011439203467776505,130,INDIGO,-0.014039203467776505
2023-05-10,2025-01-07,2219.8984375,4321.29736328125,0.9466193994657695,608,INDIGO,0.9440193994657694
2025-03-25,2025-12-29,4998.25341796875,5085.5,0.01745541386869222,279,INDIGO,0.014855413868692218
2016-10-06,2017-06-12,295.69921875,241.1741485595703,-0.1843936903889087,249,IPCALAB,-0.1869936903889087
2017-11-21,2018-11-30,263.2314453125,386.96197509765625,0.470044639379111,374,IPCALAB,0.467444639379111
2018-12-10,2021-03-15,387.59356689453125,942.7506103515625,1.4323174863428423,826,IPCALAB,1.4297174863428423
2021-06-07,2021-12-17,1002.9307861328125,982.16015625,-0.020709933496908292,193,IPCALAB,-0.02330993349690829
2023-08-25,2025-03-26,875.5465087890625,1426.3118896484375,0.6290532545451174,579,IPCALAB,0.6264532545451174
2016-08-16,2017-05-02,124.510498046875,150.86630249023438,0.21167535956234865,259,JBCHEPHARM,0.20907535956234866
2018-01-22,2018-06-21,147.25184631347656,122.77802276611328,-0.16620384844114125,150,JBCHEPHARM,-0.16880384844114124
2018-09-25,2022-03-14,137.86282348632812,748.098876953125,4.426400374190175,1266,JBCHEPHARM,4.423800374190175
2022-08-17,2025-01-07,872.9122314453125,1859.389404296875,1.1300989232539638,874,JBCHEPHARM,1.1274989232539638
2015-11-23,2016-01-15,607.303955078125,467.8209533691406,-0.22967576703998405,53,JKCEMENT,-0.23227576703998404
2016-05-16,2017-01-17,542.6256103515625,659.732666015625,0.21581557049655256,246,JKCEMENT,0.21321557049655257
2017-02-23,2018-04-13,825.2174682617188,906.8850708007812,0.09896494642932294,414,JKCEMENT,0.09636494642932293
2019-04-05,2020-05-11,824.448486328125,1042.6680908203125,0.26468555417462136,402,JKCEMENT,0.26208555417462137
2020-06-30,2022-03-09,1343.5865478515625,2209.772216796875,0.6446817068318903,617,JKCEMENT,0.6420817068318903
2022-10-07,2025-12-23,2529.822265625,5593.68017578125,1.2110961120817374,1173,JKCEMENT,1.2084961120817375
2016-05-20,2017-01-02,327.3785705566406,341.6952209472656,0.04373117753639907,227,JKLAKSHMI,0.04113117753639907
2017-04-13,2017-09-28,427.5870666503906,361.119140625,-0.15544886927026025,168,JKLAKSHMI,-0.15804886927026024
2018-04-20,2018-05-15,393.70941162109375,359.94677734375,-0.08575521255213715,25,JKLAKSHMI,-0.08835521255213716
2019-03-11,2019-09-23,322.9760437011719,302.14727783203125,-0.06449012635875895,196,JKLAKSHMI,-0.06709012635875895
2020-02-24,2020-03-26,302.4769287109375,196.87130737304688,-0.3491361201925347,31,JKLAKSHMI,-0.3517361201925347
2020-08-12,2022-01-31,271.1919860839844,539.2816162109375,0.9885602963353405,537,JKLAKSHMI,0.9859602963353404
2022-09-20,2023-07-20,642.7350463867188,648.8817138671875,0.009563299084161724,303,JKLAKSHMI,0.006963299084161724
2023-12-01,2024-06-18,792.3402099609375,816.5661010742188,0.030575112569985047,200,JKLAKSHMI,0.02797511256998505
2024-07-10,2024-08-28,865.0614013671875,777.3302001953125,-0.1014161550072863,49,JKLAKSHMI,-0.10401615500728631
2025-01-24,2025-02-20,803.3786010742188,694.7211303710938,-0.13525064092799613,27,JKLAKSHMI,-0.13785064092799612
2025-05-23,2025-11-28,870.240966796875,750.2940063476562,-0.13783189372331153,189,JKLAKSHMI,-0.14043189372331152
2018-09-05,2019-02-18,147.7473602294922,103.08357238769531,-0.30229838132080167,166,JKPAPER,-0.30489838132080166
2020-01-21,2020-03-23,120.43450164794922,61.57427215576172,-0.4887322875652866,62,JKPAPER,-0.4913322875652866
2020-12-18,2023-04-17,101.85735321044922,361.17425537109375,2.5458829823004083,850,JKPAPER,2.543282982300408
2023-10-06,2024-04-15,375.25897216796875,346.8526611328125,-0.07569788637176507,192,JKPAPER,-0.07829788637176507
2024-06-19,2025-01-02,483.53448486328125,415.78057861328125,-0.1401221802601263,197,JKPAPER,-0.14272218026012629
2025-08-12,2026-01-16,345.0377502441406,338.70001220703125,-0.018368245308303048,157,JKPAPER,-0.020968245308303046
2016-01-05,2016-01-15,100.10796356201172,81.57264709472656,-0.18515326661103723,10,JKTYRE,-0.18775326661103722
2016-08-16,2017-11-15,91.68281555175781,128.81036376953125,0.404956457699685,456,JKTYRE,0.40235645769968503
2018-02-09,2018-05-25,158.66322326660156,118.56101989746094,-0.2527504644334431,105,JKTYRE,-0.2553504644334431
2020-01-22,2020-03-19,75.24117279052734,39.15516662597656,-0.479604514738424,57,JKTYRE,-0.482204514738424
2020-08-07,2020-10-05,60.96488571166992,55.36637878417969,-0.09183166444316923,59,JKTYRE,-0.09443166444316924
2020-10-28,2022-01-13,67.70140075683594,130.1052703857422,0.9217515284955934,442,JKTYRE,0.9191515284955933
2022-09-07,2023-04-03,153.4450225830078,148.67396545410156,-0.031092941619043347,208,JKTYRE,-0.03369294161904335
2023-05-16,2024-09-23,191.56532287597656,414.1767272949219,1.1620652479105973,496,JKTYRE,1.1594652479105974
2025-07-03,2026-05-08,361.5766296386719,401.9061584472656,0.11153798531972478,309,JKTYRE,0.10893798531972478
2016-05-30,2018-04-10,38.785484313964844,117.22547912597656,2.022405964485253,680,JMFINANCIL,2.019805964485253
2019-06-14,2019-07-19,77.68475341796875,60.489723205566406,-0.221343693013835,35,JMFINANCIL,-0.223943693013835
2019-11-29,2020-05-04,79.70255279541016,51.32195281982422,-0.35608144256604407,157,JMFINANCIL,-0.35868144256604406
2020-11-27,2021-06-01,72.51512145996094,75.71991729736328,0.04419486271110867,186,JMFINANCIL,0.041594862711108675
2021-06-16,2021-11-11,83.50875854492188,73.06463623046875,-0.12506619061801663,148,JMFINANCIL,-0.12766619061801662
2022-10-04,2023-03-15,65.18570709228516,56.037193298339844,-0.1403453947503172,162,JMFINANCIL,-0.1429453947503172
2023-07-03,2024-04-25,68.89186096191406,76.8211898803711,0.11509819603858072,297,JMFINANCIL,0.11249819603858072
2024-08-01,2025-02-28,99.30224609375,88.35055541992188,-0.11028643464407413,211,JMFINANCIL,-0.11288643464407414
2025-06-25,2026-01-13,150.9451141357422,133.2829132080078,-0.11701074942943221,202,JMFINANCIL,-0.11961074942943221
2016-07-20,2016-11-17,77.21471405029297,52.539276123046875,-0.31956911620722983,120,JSWENERGY,-0.3221691162072298
2017-06-30,2018-05-10,59.653621673583984,64.7761001586914,0.08587036866155227,314,JSWENERGY,0.08327036866155227
2019-02-19,2019-02-27,61.749176025390625,60.165863037109375,-0.025641038313291953,8,JSWENERGY,-0.02824103831329195
2019-04-04,2019-09-19,68.08242797851562,60.41156005859375,-0.11267030491836345,168,JSWENERGY,-0.11527030491836346
2019-12-02,2020-02-13,72.08734130859375,60.127933502197266,-0.16590163528434593,73,JSWENERGY,-0.16850163528434592
2020-09-22,2022-05-19,55.144832611083984,260.2428283691406,3.719260464612099,604,JSWENERGY,3.7166604646120986
2022-09-20,2023-01-20,332.8182067871094,257.5279541015625,-0.22622035438616214,122,JSWENERGY,-0.22882035438616213
2023-07-25,2025-01-10,290.941162109375,535.6542358398438,0.8411084631554214,535,JSWENERGY,0.8385084631554214
2025-09-26,2025-12-16,518.3370971679688,476.87811279296875,-0.0799845980569766,81,JSWENERGY,-0.0825845980569766
2015-10-26,2015-11-04,81.14439392089844,79.65775299072266,-0.018320932085893644,9,JSWSTEEL,-0.020920932085893643
2015-11-19,2015-11-26,80.8095703125,79.71578979492188,-0.013535284414313163,7,JSWSTEEL,-0.016135284414313163
2015-12-10,2018-12-24,85.76948547363281,267.95782470703125,2.1241626695942655,1110,JSWSTEEL,2.1215626695942653
2020-01-07,2020-03-26,247.0421905517578,139.5171661376953,-0.43524963964216035,79,JSWSTEEL,-0.43784963964216034
2020-08-26,2021-12-31,269.3755798339844,623.426025390625,1.314337572005752,492,JSWSTEEL,1.311737572005752
2022-04-20,2022-06-09,702.215576171875,543.82861328125,-0.2255531894551112,50,JSWSTEEL,-0.2281531894551112
2022-09-13,2023-05-18,677.0798950195312,678.0596923828125,0.001447092685056003,247,JSWSTEEL,-0.001152907314943997
2023-05-26,2025-02-14,687.5146484375,956.5153198242188,0.3912653672151872,630,JSWSTEEL,0.3886653672151872
2017-03-03,2017-07-13,126.33153533935547,117.51846313476562,-0.06976145885440173,132,JAGRAN,-0.07236145885440173
2019-05-17,2019-06-28,74.87223815917969,74.9413070678711,0.0009224902365622428,42,JAGRAN,-0.0016775097634377572
2021-01-04,2022-06-06,32.305580139160156,41.53574752807617,0.2857143363207212,518,JAGRAN,0.2831143363207212
2022-09-23,2024-05-21,50.09180450439453,72.22628784179688,0.4418783383110204,606,JAGRAN,0.4392783383110204
2025-08-01,2026-01-05,63.69984817504883,62.679466247558594,-0.016018592770993715,157,JAGRAN,-0.018618592770993717
2016-01-01,2016-11-22,71.72156524658203,48.91185760498047,-0.3180313698283179,326,JAICORPLTD,-0.3206313698283179
2017-03-01,2018-06-06,69.78831481933594,112.13396453857422,0.6067727789223786,462,JAICORPLTD,0.6041727789223785
2019-06-06,2019-07-11,108.91265106201172,95.35099792480469,-0.12451862116078156,35,JAICORPLTD,-0.12711862116078157
2019-07-17,2019-07-19,91.29649353027344,85.14481353759766,-0.06738133913802415,2,JAICORPLTD,-0.06998133913802415
2020-01-14,2020-03-27,108.49794006347656,45.99674606323242,-0.5760588077863774,73,JAICORPLTD,-0.5786588077863775
2020-08-04,2021-05-19,83.17862701416016,89.4990234375,0.07598582292376468,288,JAICORPLTD,0.07338582292376468
2021-05-31,2022-02-16,106.37140655517578,113.84510803222656,0.07026043670085444,261,JAICORPLTD,0.06766043670085443
2022-09-05,2023-02-16,153.35494995117188,123.15483093261719,-0.1969295352264168,164,JAICORPLTD,-0.19952953522641678
2023-06-08,2024-06-05,165.09201049804688,268.3078308105469,0.625201788997058,363,JAICORPLTD,0.622601788997058
2024-06-11,2024-12-30,365.19146728515625,319.635009765625,-0.12474677422832262,202,JAICORPLTD,-0.1273467742283226
2025-09-30,2026-02-09,139.47999572753906,120.7699966430664,-0.13414109304262428,132,JAICORPLTD,-0.13674109304262427
2015-12-02,2016-02-11,61.437618255615234,50.63949203491211,-0.17575756559729927,71,JISLJALEQS,-0.17835756559729926
2016-06-01,2017-10-16,59.80859375,87.93729400634766,0.4703120152586376,502,JISLJALEQS,0.4677120152586376
2017-11-07,2018-05-14,98.16365051269531,99.01191711425781,0.008641351428274312,188,JISLJALEQS,0.006041351428274312
2020-07-14,2022-06-02,10.350000381469727,39.54999923706055,2.8212558240934427,688,JISLJALEQS,2.8186558240934425
2023-05-22,2024-04-08,38.70000076293945,59.25,0.5310077217553955,322,JISLJALEQS,0.5284077217553954
2024-06-11,2024-11-13,76.1500015258789,64.48999786376953,-0.1531188894086473,155,JISLJALEQS,-0.15571888940864728
2024-12-09,2025-03-03,74.41000366210938,54.65999984741211,-0.26542135254260507,84,JISLJALEQS,-0.26802135254260506
2016-07-11,2017-02-27,150.8949432373047,69.7804946899414,-0.5375557775968594,231,J&KBANK,-0.5401557775968594
2019-04-11,2019-08-01,59.9892578125,33.385738372802734,-0.4434713882083381,112,J&KBANK,-0.4460713882083381
2020-11-27,2022-03-24,22.830305099487305,32.33496856689453,0.41631784708916003,482,J&KBANK,0.41371784708916004
2022-11-04,2024-07-10,39.59482192993164,102.9176254272461,1.5992698138502217,614,J&KBANK,1.5966698138502218
2025-06-12,2026-01-27,105.07362365722656,103.69000244140625,-0.013168111726440418,229,J&KBANK,-0.015768111726440416
2017-03-02,2018-09-24,36.00912857055664,67.71553039550781,0.8805101118408166,571,JAMNAAUTO,0.8779101118408166
2020-09-03,2022-11-25,40.81588363647461,99.74141693115234,1.443691231077983,813,JAMNAAUTO,1.441091231077983
2023-08-03,2024-10-15,105.08263397216797,118.34090423583984,0.12616994609388493,439,JAMNAAUTO,0.12356994609388493
2015-11-26,2016-08-05,506.25,599.6500244140625,0.18449387538580247,253,JETAIRWAYS,0.18189387538580248
2017-04-26,2018-05-09,515.0999755859375,499.3999938964844,-0.03047948443716009,378,JETAIRWAYS,-0.03307948443716009
2020-07-10,2021-08-12,28.149999618530273,79.3499984741211,1.818827692696928,398,JETAIRWAYS,1.816227692696928
2021-11-12,2021-12-06,92.4000015258789,94.80000305175781,0.02597404205893575,24,JETAIRWAYS,0.02337404205893575
2022-05-13,2022-11-09,99.05000305175781,89.19999694824219,-0.09944478344305129,180,JETAIRWAYS,-0.10204478344305129
2023-10-09,2023-11-16,67.5,55.45000076293945,-0.1785185072157118,38,JETAIRWAYS,-0.1811185072157118
2023-11-30,2024-01-02,57.150001525878906,58.150001525878906,0.017497812306219725,33,JETAIRWAYS,0.014897812306219725
2024-01-09,2024-02-21,56.75,49.900001525878906,-0.12070481892724394,43,JETAIRWAYS,-0.12330481892724394
2015-12-09,2015-12-29,26.062570571899414,26.566192626953125,0.019323575687377314,20,JINDALSAW,0.016723575687377312
2016-08-09,2018-05-16,21.571918487548828,42.18543243408203,0.9555716594437899,645,JINDALSAW,0.9529716594437898
2019-03-22,2019-06-17,39.398216247558594,35.40604019165039,-0.10132885282986862,87,JINDALSAW,-0.10392885282986862
2019-11-01,2020-03-31,38.95744323730469,20.591468811035156,-0.47143685262904333,151,JINDALSAW,-0.4740368526290433
2020-10-23,2021-12-31,28.71790885925293,46.508968353271484,0.6195109672230282,434,JINDALSAW,0.6169109672230282
2022-12-08,2025-01-15,44.79969024658203,246.76219177246094,4.508122721703137,769,JINDALSAW,4.505522721703137
2016-09-08,2018-04-03,23.402729034423828,86.92442321777344,2.714285760857783,572,JSL,2.7116857608577827
2019-11-11,2020-04-13,36.77572250366211,27.925947189331055,-0.24064177973525328,154,JSL,-0.24324177973525327
2020-07-29,2022-05-25,36.23489761352539,111.31045532226562,2.0719130631879255,665,JSL,2.0693130631879253
2022-12-01,2024-12-02,173.4555206298828,688.0272216796875,2.966591660969911,732,JSL,2.963991660969911
2025-07-10,2026-04-17,679.1983032226562,788.2000122070312,0.16048583818184514,281,JSL,0.15788583818184515
2016-08-11,2016-12-28,78.83583068847656,66.90444946289062,-0.15134465028640776,139,JINDALSTEL,-0.15394465028640775
2017-02-01,2018-07-31,82.23776245117188,202.58689880371094,1.4634291202170726,545,JINDALSTEL,1.4608291202170727
2019-12-31,2020-04-21,165.36297607421875,81.7447280883789,-0.5056648711275614,112,JINDALSTEL,-0.5082648711275615
2020-07-20,2021-12-27,175.17430114746094,375.6904602050781,1.1446665278191896,525,JINDALSTEL,1.1420665278191897
2022-02-25,2022-06-30,394.1792297363281,325.3807678222656,-0.17453598952964297,125,JINDALSTEL,-0.17713598952964296
2022-10-19,2024-12-06,436.6051330566406,947.2208862304688,1.1695138570612869,779,JINDALSTEL,1.166913857061287
2025-06-24,2026-07-24,922.3701782226562,1035.800048828125,0.12297651559381537,395,JINDALSTEL,0.12037651559381536
2017-04-07,2018-11-12,101.52703094482422,215.7357940673828,1.124909908816563,584,JUBLFOOD,1.1223099088165631
2019-04-02,2019-07-31,282.40924072265625,235.38998413085938,-0.16649333595274513,120,JUBLFOOD,-0.16909333595274512
2019-10-29,2020-05-18,310.7810363769531,306.0131530761719,-0.015341615937589512,202,JUBLFOOD,-0.017941615937589514
2020-06-09,2022-02-11,329.103759765625,609.1067504882812,0.8508045940346095,612,JUBLFOOD,0.8482045940346095
2022-09-26,2022-12-29,597.1615600585938,505.4544677734375,-0.15357166036634695,94,JUBLFOOD,-0.15617166036634694
2023-08-18,2024-03-06,478.16131591796875,446.6712951660156,-0.06585647919154425,201,JUBLFOOD,-0.06845647919154425
2024-07-09,2025-08-20,569.6015625,632.4014892578125,0.11025237796431167,407,JUBLFOOD,0.10765237796431167
2017-03-27,2017-07-11,567.8499755859375,365.79998779296875,-0.3558157902260768,106,JUSTDIAL,-0.3584157902260768
2017-12-01,2018-04-30,509.95001220703125,446.04998779296875,-0.1253064474643451,150,JUSTDIAL,-0.1279064474643451
2018-06-04,2018-11-02,561.7999877929688,490.75,-0.12646847514555604,151,JUSTDIAL,-0.12906847514555603
2019-04-01,2019-11-19,602.2999877929688,560.1500244140625,-0.06998167729233733,232,JUSTDIAL,-0.07258167729233733
2020-10-27,2021-11-23,681.9500122070312,712.7000122070312,0.04509128154493631,392,JUSTDIAL,0.04249128154493631
2023-02-14,2025-01-02,636.75,1009.4500122070312,0.5853160772784158,688,JUSTDIAL,0.5827160772784158
2016-05-19,2016-07-28,131.99981689453125,123.3399887084961,-0.06560484998971186,70,JYOTHYLAB,-0.06820484998971187
2016-08-12,2017-12-13,121.54749298095703,159.11947631835938,0.30911360173663793,488,JYOTHYLAB,0.30651360173663794
2018-05-21,2018-11-02,190.092529296875,166.47079467773438,-0.12426440274383235,165,JYOTHYLAB,-0.12686440274383234
2019-11-22,2020-01-09,159.79237365722656,131.77880859375,-0.17531227819150466,48,JYOTHYLAB,-0.17791227819150465
2020-08-28,2021-05-19,134.5206298828125,132.0972442626953,-0.018014973779325278,264,JYOTHYLAB,-0.02061497377932528
2021-06-03,2021-12-17,143.66549682617188,134.36483764648438,-0.06473829405915629,197,JYOTHYLAB,-0.0673382940591563
2022-06-09,2023-04-28,142.88255310058594,185.3857421875,0.2974694122171293,323,JYOTHYLAB,0.2948694122171293
2023-05-25,2024-06-27,199.5692901611328,398.05517578125,0.9945712862928916,399,JYOTHYLAB,0.9919712862928916
2024-07-02,2024-12-12,460.705322265625,399.634521484375,-0.13255935590437767,163,JYOTHYLAB,-0.13515935590437766
2016-04-29,2017-12-06,78.46312713623047,140.28955078125,0.7879678761423095,586,KPRMILL,0.7853678761423094
2019-06-04,2019-09-12,117.7838134765625,106.79292297363281,-0.09331409960772527,100,KPRMILL,-0.09591409960772528
2019-11-06,2020-03-24,126.79664611816406,66.779052734375,-0.47333738881277343,139,KPRMILL,-0.4759373888127734
2020-09-28,2022-07-01,116.9180679321289,496.7250671386719,3.24848850074243,641,KPRMILL,3.2458885007424296
2023-03-15,2025-03-11,585.3834838867188,880.1583251953125,0.5035585209056521,727,KPRMILL,0.5009585209056521
2025-05-07,2025-12-12,1093.44580078125,969.0588989257812,-0.11375680602238926,219,KPRMILL,-0.11635680602238926
2016-06-13,2018-10-05,99.64942169189453,298.6365051269531,1.9968714324334527,844,KEI,1.9942714324334527
2019-04-10,2020-03-24,391.41156005859375,218.0070037841797,-0.44302359452146906,349,KEI,-0.44562359452146905
2020-12-03,2024-12-27,419.4039306640625,4334.23388671875,9.334271020913295,1485,KEI,9.331671020913296
2025-01-09,2025-01-15,4194.0322265625,4059.717529296875,-0.03202519437379517,6,KEI,-0.034625194373795166
2025-01-28,2025-02-05,3906.874267578125,3890.443603515625,-0.004205577896082482,8,KEI,-0.006805577896082482
2020-08-05,2022-02-04,114.86287689208984,257.07012939453125,1.2380610372143193,548,KIOCL,1.2354610372143193
2023-01-06,2023-03-29,213.9499969482422,169.9499969482422,-0.20565552992573438,82,KIOCL,-0.20825552992573437
2023-08-08,2024-09-24,219.1999969482422,392.8500061035156,0.7921989579054416,413,KIOCL,0.7895989579054415
2025-08-06,2026-02-11,366.25,366.70001220703125,0.0012287022717576792,189,KIOCL,-0.0013712977282423207
2016-06-20,2018-07-05,55.353084564208984,113.96391296386719,1.058853880702353,745,KNRCON,1.0562538807023532
2019-03-18,2019-10-04,126.15707397460938,107.24365234375,-0.1499196282458638,200,KNRCON,-0.1525196282458638
2020-01-24,2020-04-15,145.0271759033203,96.65950775146484,-0.3335076191795866,82,KNRCON,-0.3361076191795866
2020-09-21,2022-04-28,127.26214599609375,275.9084777832031,1.1680325726368939,584,KNRCON,1.165432572636894
2023-01-06,2023-05-22,257.5986633300781,237.75653076171875,-0.07702731183404607,136,KNRCON,-0.07962731183404607
2023-09-07,2024-04-19,271.1092224121094,255.18907165527344,-0.058722276635192944,225,KNRCON,-0.06132227663519294
2024-06-07,2024-12-13,372.6039733886719,339.0669250488281,-0.0900072214336278,189,KNRCON,-0.0926072214336278
2025-01-03,2025-02-03,345.908203125,278.04486083984375,-0.19618887806668361,31,KNRCON,-0.1987888780666836
2019-04-01,2019-06-13,318.59503173828125,307.6009521484375,-0.03450800701397987,73,KRBL,-0.03710800701397987
2020-02-07,2020-04-07,268.2978515625,155.70562744140625,-0.41965384167403735,60,KRBL,-0.42225384167403734
2020-07-20,2021-02-01,242.70640563964844,192.86917114257812,-0.2053395927714605,196,KRBL,-0.20793959277146049
2021-07-08,2022-01-19,262.8605041503906,244.15792846679688,-0.07115019330897056,195,KRBL,-0.07375019330897056
2022-08-18,2023-05-08,278.52734375,373.7638244628906,0.34192865745480555,263,KRBL,0.33932865745480556
2023-05-15,2023-06-09,390.8440246582031,348.4850769042969,-0.10837813828917957,25,KRBL,-0.11097813828917957
2023-09-06,2023-12-04,425.887451171875,338.4695129394531,-0.20526065746215824,89,KRBL,-0.20786065746215823
2024-12-23,2025-02-13,290.6589660644531,279.20904541015625,-0.03939297249050929,52,KRBL,-0.04199297249050929
2025-05-20,2026-02-03,344.4388122558594,353.20001220703125,0.025436157713445474,259,KRBL,0.022836157713445472
2026-07-03,2026-07-17,375.5,358.5,-0.045272969374167776,14,KRBL,-0.047872969374167774
2017-04-24,2018-02-19,615.8517456054688,549.694091796875,-0.10742464283112729,301,KAJARIACER,-0.1100246428311273
2019-01-18,2019-08-22,501.9914245605469,445.543701171875,-0.11244758501220876,216,KAJARIACER,-0.11504758501220877
2020-02-24,2020-03-24,519.2875366210938,338.5006408691406,-0.3481441070746651,29,KAJARIACER,-0.3507441070746651
2020-09-25,2022-04-04,474.7555236816406,980.6176147460938,1.065521233205644,556,KAJARIACER,1.0629212332056441
2022-09-14,2023-03-17,1139.6116943359375,1031.1776123046875,-0.09515002572383707,184,KAJARIACER,-0.09775002572383708
2023-05-29,2024-02-29,1243.8201904296875,1253.1651611328125,0.007513120284610195,276,KAJARIACER,0.004913120284610195
2024-07-09,2024-12-04,1415.9534912109375,1201.0379638671875,-0.15178148765320823,148,KAJARIACER,-0.15438148765320822
2025-07-18,2026-01-08,1214.2579345703125,1009.4000244140625,-0.16871037390317137,174,KAJARIACER,-0.17131037390317136
2017-01-31,2018-04-25,210.41200256347656,296.2956237792969,0.4081688314805671,449,KANSAINER,0.4055688314805671
2019-08-09,2019-08-14,296.3135986328125,290.2822570800781,-0.020354589126394856,5,KANSAINER,-0.022954589126394857
2019-09-17,2020-03-24,288.0437927246094,193.1898651123047,-0.3293038420133284,189,KANSAINER,-0.3319038420133284
2020-08-28,2021-12-17,306.1467590332031,374.0623779296875,0.22184007144468446,476,KANSAINER,0.21924007144468446
2022-09-28,2023-01-03,311.5674743652344,272.1844482421875,-0.1264028801571251,97,KANSAINER,-0.1290028801571251
2023-07-07,2024-03-14,301.2122497558594,257.2494812011719,-0.1459527910645085,251,KANSAINER,-0.1485527910645085
2024-09-18,2024-12-05,297.7181701660156,270.3345031738281,-0.09197848749680826,78,KANSAINER,-0.09457848749680826
2025-10-17,2025-12-10,250.27919006347656,221.97628784179688,-0.11308531969638155,54,KANSAINER,-0.11568531969638156
2016-06-09,2018-01-08,75.85552215576172,116.11705017089844,0.5307659465116291,578,KTKBANK,0.5281659465116291
2019-02-04,2019-07-04,87.62939453125,78.82524108886719,-0.10047032151115816,150,KTKBANK,-0.10307032151115816
2020-12-09,2021-08-25,51.64425277709961,45.821903228759766,-0.11273954477508916,259,KTKBANK,-0.11533954477508916
2021-09-29,2022-02-22,59.55081558227539,53.19401931762695,-0.10674574651065676,146,KTKBANK,-0.10934574651065676
2022-07-19,2024-05-09,62.19947052001953,204.06442260742188,2.280806426507146,660,KTKBANK,2.278206426507146
2025-07-16,2025-08-04,187.64276123046875,175.38934326171875,-0.06530184211955806,19,KTKBANK,-0.06790184211955806
2016-02-04,2016-02-23,55.14933776855469,49.73255920410156,-0.09822019236542293,19,KARURVYSYA,-0.10082019236542293
2016-05-13,2016-12-01,58.196266174316406,51.23940658569336,-0.1195413390918419,202,KARURVYSYA,-0.12214133909184191
2017-03-27,2017-12-28,68.29837036132812,84.34362030029297,0.23492873774408501,276,KARURVYSYA,0.23232873774408502
2020-10-21,2021-08-18,23.904409408569336,33.042049407958984,0.38225750919886586,301,KARURVYSYA,0.3796575091988659
2022-03-11,2022-05-02,35.73778533935547,37.2011833190918,0.04094819994692823,52,KARURVYSYA,0.03834819994692823
2022-08-04,2025-03-20,48.42848587036133,166.78350830078125,2.4439133353713682,959,KARURVYSYA,2.441313335371368
2016-06-09,2016-09-09,431.71539306640625,331.7055969238281,-0.2316567760816318,92,KSCL,-0.23425677608163178
2016-11-30,2017-01-11,390.35797119140625,410.331787109375,0.05116794683865924,42,KSCL,0.04856794683865924
2017-01-13,2017-10-19,431.0574951171875,525.9675903320312,0.22017966579850665,279,KSCL,0.21757966579850666
2018-06-21,2018-11-22,547.7962646484375,478.0578308105469,-0.12730724602995802,154,KSCL,-0.129907246029958
2019-01-25,2019-02-25,561.1879272460938,374.7273254394531,-0.332260536540148,31,KSCL,-0.33486053654014797
2019-10-24,2020-02-25,471.4945068359375,429.04901123046875,-0.09002330884045315,124,KSCL,-0.09262330884045315
2020-07-03,2021-02-17,556.4334106445312,492.4100036621094,-0.11506032124897371,229,KSCL,-0.11766032124897371
2021-05-11,2021-10-13,716.9122924804688,534.3203125,-0.25469221534577496,155,KSCL,-0.25729221534577496
2022-05-17,2022-07-11,553.33349609375,479.3482666015625,-0.1337082067405736,55,KSCL,-0.1363082067405736
2022-12-30,2024-12-12,506.7825927734375,918.8577270507812,0.813120142943754,713,KSCL,0.810520142943754
2025-03-18,2025-09-10,1116.0401611328125,1163.4951171875,0.04252083187268043,176,KSCL,0.03992083187268043
2016-06-29,2016-11-04,132.8041534423828,114.13580322265625,-0.14057052988049687,128,KEC,-0.14317052988049686
2016-12-01,2018-07-13,131.8800048828125,312.3265686035156,1.3682632471923737,589,KEC,1.3656632471923738
2019-05-13,2019-09-19,265.535400390625,236.4124755859375,-0.10967624189409479,129,KEC,-0.1122762418940948
2020-01-16,2020-04-08,312.2117614746094,149.96026611328125,-0.5196841227088853,83,KEC,-0.5222841227088854
2020-08-13,2022-04-07,290.86383056640625,383.8209228515625,0.3195897272759512,602,KEC,0.3169897272759512
2022-09-13,2022-10-11,417.69464111328125,407.2340087890625,-0.025043731220343247,28,KEC,-0.02764373122034325
2022-10-28,2025-02-28,421.7328796386719,674.2926025390625,0.5988618272229005,854,KEC,0.5962618272229004
2025-10-06,2025-12-03,847.6765747070312,712.0562133789062,-0.1599906914674353,58,KEC,-0.1625906914674353
2016-06-22,2017-10-17,218.14193725585938,306.0373840332031,0.40292778125579265,482,KIRLOSENG,0.40032778125579266
2018-02-02,2018-03-22,326.0189208984375,290.6546325683594,-0.10847311632288645,48,KIRLOSENG,-0.11107311632288645
2019-11-07,2019-11-28,148.08642578125,140.2151641845703,-0.05315316076509903,21,KIRLOSENG,-0.05575316076509903
2020-12-14,2021-11-30,112.9255142211914,172.90476989746094,0.531139982757005,351,KIRLOSENG,0.528539982757005
2022-08-30,2024-12-10,219.9227752685547,1159.7177734375,4.273295464834562,833,KIRLOSENG,4.270695464834562
2016-08-01,2016-11-24,125.33161926269531,88.9095458984375,-0.29060562353317304,115,KOLTEPATIL,-0.29320562353317303
2017-03-30,2018-06-26,181.90362548828125,231.81004333496094,0.27435636707468924,453,KOLTEPATIL,0.27175636707468925
2019-10-23,2020-03-17,239.2682342529297,143.92111206054688,-0.3984946956711006,146,KOLTEPATIL,-0.40109469567110057
2020-11-17,2022-04-12,178.91580200195312,287.9882507324219,0.6096300467036336,511,KOLTEPATIL,0.6070300467036336
2022-09-14,2023-02-06,343.6893310546875,263.7615661621094,-0.23255817876947743,145,KOLTEPATIL,-0.23515817876947742
2023-06-30,2024-06-28,332.116943359375,428.84246826171875,0.29123935660722855,364,KOLTEPATIL,0.28863935660722856
2025-06-04,2025-12-23,435.54998779296875,397.54998779296875,-0.08724601323617222,202,KOLTEPATIL,-0.08984601323617222
2015-12-30,2016-02-25,140.6697235107422,120.37709045410156,-0.14425728970094254,57,KOTAKBANK,-0.14685728970094253
2016-05-12,2017-01-10,144.160888671875,141.45523071289062,-0.018768321865320424,243,KOTAKBANK,-0.021368321865320422
2017-03-10,2018-10-31,164.52992248535156,222.3947296142578,0.3516977717780064,600,KOTAKBANK,0.3490977717780064
2019-02-18,2020-03-30,253.772216796875,257.219482421875,0.013584093911112692,406,KOTAKBANK,0.010984093911112693
2020-11-05,2021-07-09,333.1208190917969,341.9884033203125,0.02661972389684842,246,KOTAKBANK,0.02401972389684842
2021-10-06,2022-02-17,389.04443359375,361.5034484863281,-0.07079136142115033,134,KOTAKBANK,-0.07339136142115034
2022-09-12,2023-02-06,382.9590148925781,347.7283935546875,-0.09199580103310269,147,KOTAKBANK,-0.0945958010331027
2023-05-26,2023-09-15,387.1488952636719,361.3416748046875,-0.06665967738693428,112,KOTAKBANK,-0.06925967738693428
2024-07-30,2024-12-26,356.19366455078125,349.55279541015625,-0.01864398444312654,149,KOTAKBANK,-0.021243984443126543
2025-01-22,2025-09-26,382.3981628417969,398.27239990234375,0.04151232564136103,247,KOTAKBANK,0.03891232564136103
2025-10-27,2026-03-13,428.9794006347656,366.2177429199219,-0.1463045955632709,137,KOTAKBANK,-0.1489045955632709
2017-10-16,2019-04-12,710.6226806640625,1508.8768310546875,1.1233164548655732,543,LTTS,1.1207164548655733
2019-05-07,2019-08-28,1534.5948486328125,1463.0645751953125,-0.046611829500944245,113,LTTS,-0.04921182950094424
2020-02-17,2020-03-30,1582.0833740234375,1084.5401611328125,-0.3144860890771577,42,LTTS,-0.3170860890771577
2020-08-17,2022-04-29,1442.3670654296875,3872.113037109375,1.6845545283965948,620,LTTS,1.6819545283965949
2022-12-20,2023-03-21,3773.51025390625,3272.9130859375,-0.13266087390395812,91,LTTS,-0.1352608739039581
2023-06-06,2024-06-13,3669.4560546875,4739.55078125,0.2916221670499422,373,LTTS,0.2890221670499422
2024-08-21,2025-01-13,5276.8740234375,4736.3046875,-0.1024412054440819,145,LTTS,-0.10504120544408191
2025-01-16,2025-02-21,5118.1875,4999.806640625,-0.023129449512156404,36,LTTS,-0.025729449512156402
2025-12-22,2026-02-12,4578.5712890625,3662.7978515625,-0.20001292536115828,52,LTTS,-0.20261292536115827
2016-05-30,2017-11-02,397.1146545410156,523.5936279296875,0.3184948526637881,521,LICHSGFIN,0.3158948526637881
2019-03-25,2019-09-12,457.13299560546875,361.16656494140625,-0.2099310957349639,171,LICHSGFIN,-0.2125310957349639
2020-10-30,2021-09-14,258.2539367675781,382.9769592285156,0.4829472263696216,319,LICHSGFIN,0.4803472263696216
2022-09-02,2023-03-14,389.4342956542969,328.3316345214844,-0.15690107885889354,193,LICHSGFIN,-0.15950107885889353
2023-07-12,2024-10-29,373.23370361328125,626.4185791015625,0.6783548030019652,475,LICHSGFIN,0.6757548030019651
2025-06-20,2025-09-30,584.260986328125,565.0,-0.03296640846956688,102,LICHSGFIN,-0.03556640846956688
2025-11-12,2025-11-27,572.7999877929688,550.25,-0.03936799628759621,15,LICHSGFIN,-0.04196799628759621
2016-06-16,2016-12-28,843.790771484375,771.70458984375,-0.0854313463440858,195,LT,-0.08803134634408581
2017-03-14,2018-08-08,890.6942749023438,1140.621826171875,0.28059858282678807,512,LT,0.2779985828267881
2018-09-19,2018-10-05,1186.0177001953125,1092.1435546875,-0.0791507120782037,16,LT,-0.08175071207820371
2018-11-28,2019-03-13,1248.7490234375,1226.681884765625,-0.01767139613941765,105,LT,-0.020271396139417648
2019-04-08,2019-09-17,1222.2772216796875,1184.0545654296875,-0.03127167517486201,162,LT,-0.03387167517486201
2019-10-23,2019-12-16,1290.4996337890625,1174.4105224609375,-0.08995671776153347,54,LT,-0.09255671776153347
2020-11-20,2022-04-26,1064.09423828125,1615.63330078125,0.5183178732279002,522,LT,0.5157178732279002
2022-09-06,2025-02-12,1888.8538818359375,3227.7265625,0.7088280854010255,890,LT,0.7062280854010254
2025-06-24,2026-05-13,3569.93115234375,3877.923095703125,0.08627391683931229,323,LT,0.08367391683931229
2020-01-07,2021-12-10,75.079833984375,519.4696044921875,5.918896552172654,703,LAURUSLABS,5.916296552172654
2022-05-02,2022-06-24,585.371337890625,461.39544677734375,-0.21179016307840784,53,LAURUSLABS,-0.21439016307840783
2022-09-15,2022-10-25,524.773681640625,447.8003234863281,-0.1466791511221588,40,LAURUSLABS,-0.14927915112215878
2019-03-19,2019-06-25,83.05000305175781,64.1500015258789,-0.22757376076314154,98,LEMONTREE,-0.23017376076314153
2020-11-24,2021-09-22,32.70000076293945,41.5,0.2691131202368052,302,LEMONTREE,0.26651312023680523
2021-09-30,2023-03-13,45.400001525878906,75.4000015258789,0.6607929293328195,529,LEMONTREE,0.6581929293328195
2023-05-16,2024-09-18,94.25,129.58999633789062,0.37496017334631965,491,LEMONTREE,0.37236017334631966
2025-01-10,2025-03-19,140.35000610351562,136.0,-0.03099398585210793,68,LEMONTREE,-0.03359398585210793
2025-04-22,2025-04-24,147.27000427246094,145.6199951171875,-0.011203973025089294,2,LEMONTREE,-0.013803973025089294
2025-04-29,2026-01-29,139.08999633789062,124.6500015258789,-0.10381763744484336,275,LEMONTREE,-0.10641763744484337
2016-07-14,2017-10-05,325.8975830078125,372.0965576171875,0.14175918146734923,448,LINDEINDIA,0.13915918146734924
2017-11-27,2018-05-17,501.05908203125,420.32666015625,-0.16112355762062583,171,LINDEINDIA,-0.16372355762062582
2018-11-20,2019-04-02,602.5635375976562,468.8650207519531,-0.22188285301620142,133,LINDEINDIA,-0.2244828530162014
2019-11-08,2020-04-28,530.0643920898438,520.5409545898438,-0.01796656716074189,172,LINDEINDIA,-0.020566567160741893
2020-08-04,2022-11-21,627.6323852539062,3054.000244140625,3.8659060875342517,839,LINDEINDIA,3.8633060875342515
2023-01-25,2024-12-06,3343.8271484375,6799.0029296875,1.033299757394616,681,LINDEINDIA,1.0306997573946162
2025-06-23,2025-09-30,6842.6474609375,6234.92626953125,-0.08881375153046203,99,LINDEINDIA,-0.09141375153046204
2018-08-01,2019-02-11,805.5850219726562,782.9691162109375,-0.028073890582447292,194,LUPIN,-0.030673890582447294
2019-12-31,2020-02-07,733.2452392578125,679.6047973632812,-0.0731548450949724,38,LUPIN,-0.0757548450949724
2020-05-21,2021-09-15,850.7066040039062,961.7362060546875,0.13051456463158176,482,LUPIN,0.12791456463158177
2022-11-22,2023-04-03,704.0135498046875,637.5491333007812,-0.09440786547694328,132,LUPIN,-0.09700786547694329
2023-05-30,2025-03-26,786.0302124023438,2031.3455810546875,1.5843098000600855,666,LUPIN,1.5817098000600855
2016-10-25,2018-10-10,729.7443237304688,1473.3323974609375,1.0189706854165448,715,LUXIND,1.0163706854165449
2019-11-19,2020-04-22,1317.9403076171875,899.7174072265625,-0.3173306848371339,155,LUXIND,-0.3199306848371339
2020-08-28,2022-02-09,1350.194580078125,2833.6611328125,1.0987057529504662,530,LUXIND,1.0961057529504663
2023-08-01,2023-11-21,1602.587646484375,1360.5821533203125,-0.1510092091967352,112,LUXIND,-0.15360920919673518
2024-06-06,2025-02-04,1413.80224609375,1591.9228515625,0.1259869306056674,243,LUXIND,0.1233869306056674
2019-04-05,2020-05-08,187.7099609375,181.08900451660156,-0.035272269984132354,399,MASFIN,-0.03787226998413235
2020-10-05,2021-05-03,269.8400573730469,256.04364013671875,-0.05112812890213307,210,MASFIN,-0.05372812890213307
2022-09-09,2023-05-08,246.5746307373047,240.9463348388672,-0.0228259325852292,241,MASFIN,-0.025425932585229197
2023-08-31,2024-05-15,268.14190673828125,283.78753662109375,0.05834832038426336,258,MASFIN,0.05574832038426336
2025-06-04,2026-07-17,285.33367919921875,313.79998779296875,0.0997649792819408,408,MASFIN,0.09716497928194079
2016-07-15,2017-08-08,30.39090919494629,37.50326919555664,0.234029194552464,389,MMTC,0.231429194552464
2017-11-07,2018-03-01,62.8026237487793,33.58603286743164,-0.46521290254080416,114,MMTC,-0.46781290254080415
2020-07-30,2021-10-28,18.5,42.45000076293945,1.294594635834565,455,MMTC,1.291994635834565
2022-02-28,2022-05-30,46.25,40.400001525878906,-0.12648645349451013,91,MMTC,-0.12908645349451012
2023-08-14,2024-11-26,38.54999923706055,77.88999938964844,1.0204928905619242,470,MMTC,1.0178928905619242
2025-07-16,2025-12-22,68.66000366210938,56.47999954223633,-0.17739591421831935,159,MMTC,-0.17999591421831934
2016-04-27,2017-06-27,89.5586929321289,120.27993774414062,0.3430291779190378,426,MOIL,0.3404291779190378
2017-09-07,2018-04-20,147.3041229248047,166.2922821044922,0.1289044651477984,225,MOIL,0.12630446514779842
2020-01-07,2020-03-24,126.99568939208984,79.1331558227539,-0.37688313515558697,77,MOIL,-0.37948313515558696
2020-06-23,2020-11-27,127.26828002929688,106.02855682373047,-0.16688937102534165,157,MOIL,-0.16948937102534165
2021-01-13,2022-06-17,131.0243682861328,128.60882568359375,-0.018435827122356106,520,MOIL,-0.021035827122356104
2023-01-03,2023-04-06,158.81771850585938,139.6871795654297,-0.12045594862089579,93,MOIL,-0.12305594862089579
2023-06-16,2024-10-22,154.2438507080078,330.4040832519531,1.1420891772043893,494,MOIL,1.1394891772043894
2025-06-09,2025-12-23,383.0043029785156,337.3308410644531,-0.11925051901211806,197,MOIL,-0.12185051901211806
2016-09-07,2018-10-01,39311.04296875,62208.2265625,0.5824618698606377,754,MRF,0.5798618698606377
2019-10-10,2020-04-30,60447.51953125,59797.39453125,-0.01075519731895533,203,MRF,-0.01335519731895533
2020-08-04,2020-08-24,60547.90625,58896.05078125,-0.02728179339397058,20,MRF,-0.029881793393970582
2020-11-17,2021-08-13,73338.4609375,78211.84375,0.06645057382173811,269,MRF,0.0638505738217381
2022-07-18,2023-04-21,80072.515625,85959.7734375,0.07352407710120572,277,MRF,0.07092407710120571
2023-05-17,2024-10-28,97025.671875,122678.3125,0.26439023950330154,530,MRF,0.26179023950330155
2025-05-27,2026-02-13,143509.78125,149843.46875,0.04413418684658472,262,MRF,0.04153418684658472
2019-01-04,2019-07-05,744.072021484375,676.599853515625,-0.09067961974184628,182,MGL,-0.09327961974184629
2019-10-29,2020-04-29,834.6030883789062,808.7830810546875,-0.030936870092789035,183,MGL,-0.03353687009278904
2020-07-21,2020-09-02,856.1799926757812,780.8746948242188,-0.08795498434413797,43,MGL,-0.09055498434413797
2020-12-22,2021-10-12,919.685302734375,949.1824951171875,0.03207313664262386,294,MGL,0.02947313664262386
2022-09-05,2024-12-04,808.0150146484375,1220.20703125,0.5101291549401527,821,MGL,0.5075291549401526
2025-07-07,2025-09-30,1506.1900634765625,1281.6234130859375,-0.1490958251791172,85,MGL,-0.1516958251791172
2018-07-04,2018-11-06,2548.137939453125,2154.78369140625,-0.15436929137803887,125,MAHSCOOTER,-0.15696929137803886
2018-12-31,2020-03-16,2780.1416015625,2806.95751953125,0.009645522355292577,441,MAHSCOOTER,0.007045522355292577
2020-11-12,2022-01-24,2911.862060546875,3296.849609375,0.13221352551151436,438,MAHSCOOTER,0.12961352551151437
2022-08-19,2023-03-22,3925.651123046875,3948.41748046875,0.00579938377310641,215,MAHSCOOTER,0.0031993837731064097
2023-06-05,2025-02-14,5006.0400390625,9069.1025390625,0.8116320421522049,620,MAHSCOOTER,0.8090320421522048
2025-04-23,2026-01-12,11450.4765625,12889.248046875,0.12565166842810171,264,MAHSCOOTER,0.12305166842810171
2016-05-02,2018-04-26,90.07469940185547,210.6545867919922,1.3386654431361096,724,MAHSEAMLES,1.3360654431361096
2018-09-11,2019-05-23,214.09457397460938,206.59634399414062,-0.03502297999088013,254,MAHSEAMLES,-0.03762297999088013
2020-11-27,2023-01-25,122.15449523925781,301.6409912109375,1.4693400813464015,789,MAHSEAMLES,1.4667400813464015
2023-05-11,2024-06-12,409.77734375,666.5887451171875,0.6267096150729722,398,MAHSEAMLES,0.6241096150729721
2025-01-21,2025-03-03,633.2210083007812,593.706298828125,-0.06240271398874164,41,MAHSEAMLES,-0.06500271398874165
2025-04-11,2025-09-17,654.210205078125,631.25,-0.03509606682974797,159,MAHSEAMLES,-0.037696066829747965
2016-05-02,2016-12-23,163.6671905517578,135.91085815429688,-0.16959008280088567,235,M&MFIN,-0.17219008280088566
2017-05-08,2018-10-03,172.96058654785156,218.77365112304688,0.264875747068079,513,M&MFIN,0.262275747068079
2020-02-20,2020-03-23,208.799072265625,82.05754089355469,-0.6070023683382813,32,M&MFIN,-0.6096023683382813
2020-11-23,2021-06-17,142.49102783203125,146.17343139648438,0.02584305566799582,206,M&MFIN,0.023243055667995817
2021-10-29,2022-01-06,161.99819946289062,140.1577606201172,-0.13481902215694988,69,M&MFIN,-0.13741902215694987
2022-05-17,2023-12-05,158.0723114013672,252.53993225097656,0.5976228221889106,567,M&MFIN,0.5950228221889106
2024-07-10,2024-12-03,279.6545715332031,272.2587585449219,-0.026446243834791567,146,M&MFIN,-0.02904624383479157
2025-09-24,2026-05-13,275.9416198730469,313.05657958984375,0.13450294208562102,231,M&MFIN,0.13190294208562103
2015-11-23,2016-02-04,597.8818359375,544.1245727539062,-0.08991285560515556,73,M&M,-0.09251285560515557
2016-05-05,2016-11-28,596.684814453125,529.4991455078125,-0.11259825508864285,207,M&M,-0.11519825508864286
2017-05-25,2017-11-03,604.6539306640625,611.9124145507812,0.012004360707201728,162,M&M,0.009404360707201728
2017-11-21,2018-11-14,651.112548828125,713.5109252929688,0.09583347238069455,358,M&M,0.09323347238069454
2020-07-22,2021-08-25,558.8967895507812,737.0827026367188,0.3188172063560361,399,M&M,0.3162172063560361
2021-10-18,2022-03-29,869.6917114257812,738.3238525390625,-0.15105106460236695,162,M&M,-0.15365106460236694
2022-05-17,2023-04-18,869.5485229492188,1161.9056396484375,0.3362171391052921,336,M&M,0.3336171391052921
2023-06-19,2025-03-19,1352.7275390625,2738.116455078125,1.0241448303593794,639,M&M,1.0215448303593795
2025-06-13,2026-03-23,2951.051513671875,2925.082275390625,-0.008799994903829218,283,M&M,-0.011399994903829218
2017-04-03,2018-01-01,188.78875732421875,222.34217834472656,0.17772997447556912,273,MHRIL,0.17512997447556913
2019-05-08,2019-10-03,155.5,142.46665954589844,-0.08381569423859525,148,MHRIL,-0.08641569423859526
2020-01-27,2020-03-18,157.63333129882812,103.73332977294922,-0.3419327694324989,51,MHRIL,-0.3445327694324989
2020-11-13,2022-02-07,121.56666564941406,203.8000030517578,0.676446433428522,451,MHRIL,0.6738464334285219
2022-04-04,2024-10-10,233.39999389648438,393.75,0.687018038974897,920,MHRIL,0.684418038974897
2025-07-11,2025-11-27,357.20001220703125,318.75,-0.10764280765126577,139,MHRIL,-0.11024280765126578
2020-02-28,2020-03-09,357.5001220703125,319.9346008300781,-0.10507834521199423,10,MAHLOG,-0.10767834521199424
2020-09-28,2022-02-14,331.2822265625,414.9174499511719,0.2524591320714671,504,MAHLOG,0.2498591320714671
2022-10-17,2023-01-20,511.9465026855469,476.4646301269531,-0.06930777409839597,95,MAHLOG,-0.07190777409839598
2023-10-27,2023-11-23,348.3292236328125,355.21319580078125,0.01976283269079202,27,MAHLOG,0.017162832690792017
2024-01-05,2024-11-19,440.47613525390625,397.3634033203125,-0.09787756584983208,319,MAHLOG,-0.10047756584983208
2025-08-04,2026-01-08,319.4831848144531,309.1003723144531,-0.03249877612817102,157,MAHLOG,-0.03509877612817102
2016-01-21,2017-01-20,21.02037811279297,64.66996002197266,2.0765364768873793,365,MANAPPURAM,2.073936476887379
2017-02-15,2018-07-12,82.85968780517578,88.96968078613281,0.07373902971156711,512,MANAPPURAM,0.0711390297115671
2019-02-19,2020-04-09,94.0440444946289,100.38092041015625,0.06738200116318113,415,MANAPPURAM,0.06478200116318113
2020-07-29,2021-04-23,163.00137329101562,132.49432373046875,-0.1871582364283576,268,MANAPPURAM,-0.1897582364283576
2021-07-13,2022-01-21,167.7818145751953,141.91049194335938,-0.1541962261961418,192,MANAPPURAM,-0.15679622619614178
2022-11-30,2024-11-06,108.35395812988281,153.78871154785156,0.41931789296987715,707,MANAPPURAM,0.41671789296987716
2025-02-11,2026-04-09,194.73626708984375,262.5339660644531,0.3481513741009021,422,MANAPPURAM,0.3455513741009021
2016-01-29,2016-02-25,54.32709884643555,46.62556076049805,-0.14176236628624622,27,MRPL,-0.1443623662862462
2016-04-29,2018-03-13,56.28370666503906,109.58647155761719,0.9470372164683218,683,MRPL,0.9444372164683218
2021-01-01,2022-01-06,34.663692474365234,43.67914581298828,0.26008346760202267,370,MRPL,0.2574834676020227
2022-04-25,2022-11-02,63.92776107788086,52.59817886352539,-0.17722476156412004,191,MRPL,-0.17982476156412003
2023-06-06,2024-10-01,62.770687103271484,177.16238403320312,1.8223744586662294,483,MRPL,1.8197744586662294
2025-07-17,2025-08-28,144.45248413085938,119.13656616210938,-0.17525429293286734,42,MRPL,-0.17785429293286734
2025-10-28,2026-06-26,149.74090576171875,153.92999267578125,0.027975568150553017,241,MRPL,0.025375568150553016
2015-12-15,2016-12-16,185.0160675048828,218.03945922851562,0.17848931808455654,367,MARICO,0.17588931808455655
2017-03-21,2017-12-14,255.74049377441406,271.4513244628906,0.06143270647758629,268,MARICO,0.05883270647758629
2018-04-23,2018-11-16,281.4736328125,309.62384033203125,0.10001010481249284,207,MARICO,0.09741010481249283
2018-12-13,2019-04-16,334.41339111328125,327.65423583984375,-0.02021197551609966,124,MARICO,-0.02281197551609966
2019-05-15,2019-12-18,319.597900390625,307.251708984375,-0.03863038959630211,217,MARICO,-0.04123038959630211
2020-07-10,2022-01-25,315.79766845703125,440.45245361328125,0.39472990970866223,564,MARICO,0.39212990970866224
2022-09-01,2022-12-14,502.39678955078125,500.9657287597656,-0.0028484672290505875,104,MARICO,-0.005448467229050588
2023-06-05,2024-01-08,526.7339477539062,507.05572509765625,-0.037358941340617374,217,MARICO,-0.03995894134061737
2024-05-30,2025-03-06,585.5535278320312,598.9678344726562,0.022908762398359175,280,MARICO,0.020308762398359173
2016-07-19,2018-09-28,4054.842529296875,6815.306640625,0.6807820751073161,801,MARUTI,0.6781820751073161
2019-10-31,2020-03-23,7109.22509765625,3969.021240234375,-0.44170831761356505,144,MARUTI,-0.44430831761356504
2020-08-26,2021-04-27,6650.5625,6233.13818359375,-0.062765264803729,244,MARUTI,-0.065365264803729
2021-07-23,2021-08-25,6921.19091796875,6409.15185546875,-0.07398135213560539,33,MARUTI,-0.0765813521356054
2021-11-01,2022-05-16,7272.529296875,6921.15283203125,-0.04831557914723509,196,MARUTI,-0.05091557914723509
2022-05-23,2023-02-22,7541.732421875,8323.3740234375,0.10364218164189004,275,MARUTI,0.10104218164189004
2023-06-01,2024-11-19,8966.783203125,10734.1494140625,0.19710147673934594,537,MARUTI,0.19450147673934595
2025-03-04,2025-04-24,11377.603515625,11649.6474609375,0.023910478594099255,51,MARUTI,0.021310478594099257
2025-05-23,2026-03-24,12197.162109375,12340.068359375,0.011716352436617956,305,MARUTI,0.009116352436617957
2016-07-18,2017-10-27,504.0979919433594,555.0,0.10097641504265305,466,MFSL,0.09837641504265304
2019-05-28,2019-08-08,428.8999938964844,399.70001220703125,-0.06808109607131536,72,MFSL,-0.07068109607131537
2019-11-15,2020-04-23,476.45001220703125,423.8500061035156,-0.11039984207337875,160,MFSL,-0.11299984207337875
2020-07-02,2021-12-10,545.4500122070312,991.75,0.8182234445043352,526,MFSL,0.8156234445043351
2023-07-11,2025-02-19,819.2000122070312,1047.1500244140625,0.2782592880985247,589,MFSL,0.2756592880985247
2025-05-06,2026-05-14,1269.199951171875,1631.4000244140625,0.2853766838769271,373,MFSL,0.2827766838769271
2015-12-30,2016-11-17,88.65336608886719,93.88008880615234,0.058956844481751855,323,MINDACORP,0.05635684448175186
2017-05-11,2018-06-27,109.76296997070312,159.1739959716797,0.45016116103786985,412,MINDACORP,0.44756116103786986
2020-02-11,2020-04-01,106.93812561035156,55.47220993041992,-0.48126816685993756,50,MINDACORP,-0.48386816685993755
2020-12-07,2022-11-14,83.20831298828125,201.51113891601562,1.4217669086067843,707,MINDACORP,1.4191669086067844
2023-01-24,2023-03-02,216.93592834472656,200.70028686523438,-0.07484072188214302,37,MINDACORP,-0.07744072188214303
2023-04-20,2025-04-16,260.8805847167969,505.65728759765625,0.9382710604799536,727,MINDACORP,0.9356710604799535
2025-07-21,2025-08-08,517.6730346679688,457.4946594238281,-0.11624784606124702,18,MINDACORP,-0.11884784606124703
2025-10-13,2026-03-27,569.07275390625,528.7000122070312,-0.07094478064903073,165,MINDACORP,-0.07354478064903074
2015-11-10,2016-02-15,326.4019470214844,263.1165771484375,-0.193887844268531,97,MOTILALOFS,-0.196487844268531
2016-06-17,2018-03-20,314.74359130859375,1064.1260986328125,2.380930153997889,641,MOTILALOFS,2.3783301539978887
2019-05-30,2019-08-09,770.779541015625,511.1257629394531,-0.33687165299436544,71,MOTILALOFS,-0.33947165299436544
2019-11-21,2020-04-16,719.9220581054688,513.4607543945312,-0.2867828557083757,147,MOTILALOFS,-0.2893828557083757
2020-09-01,2020-10-26,650.1901245117188,553.5899658203125,-0.1485721715074514,55,MOTILALOFS,-0.15117217150745138
2020-12-28,2021-03-01,583.1791381835938,588.8084106445312,0.00965273291234454,63,MOTILALOFS,0.007052732912344541
2021-03-15,2021-03-30,641.953369140625,614.58154296875,-0.04263834024037809,15,MOTILALOFS,-0.04523834024037809
2021-04-12,2021-04-15,596.5113525390625,587.3065795898438,-0.0154310105080791,3,MOTILALOFS,-0.0180310105080791
2021-05-03,2022-03-30,626.9835815429688,856.1300659179688,0.36547445757843344,331,MOTILALOFS,0.36287445757843345
2023-07-13,2024-02-06,737.515380859375,435.71832275390625,-0.40920781577979537,208,MOTILALOFS,-0.41180781577979536
2024-09-11,2025-03-04,739.9570922851562,570.2471923828125,-0.22935100112121484,174,MOTILALOFS,-0.23195100112121483
2025-07-01,2026-01-27,861.6451416015625,726.2380981445312,-0.15714943068714646,210,MOTILALOFS,-0.15974943068714645
2019-08-20,2019-11-13,816.661865234375,746.4816284179688,-0.08593548909776155,85,MPHASIS,-0.08853548909776156
2020-07-13,2022-05-11,805.4962158203125,2342.202392578125,1.907775786622213,667,MPHASIS,1.905175786622213
2023-07-27,2024-05-10,2131.81591796875,2085.318603515625,-0.021811130154909836,288,MPHASIS,-0.024411130154909838
2024-07-19,2025-02-28,2743.69873046875,2145.7001953125,-0.21795342488425629,224,MPHASIS,-0.22055342488425628
2025-07-28,2026-02-24,2633.204833984375,2164.958251953125,-0.17782383504238566,211,MPHASIS,-0.18042383504238566
2015-12-24,2017-01-20,148.26182556152344,248.1360321044922,0.6736339996132347,393,MUTHOOTFIN,0.6710339996132346
2017-02-28,2018-01-22,299.5455322265625,370.109130859375,0.23556885695574797,328,MUTHOOTFIN,0.23296885695574798
2018-09-17,2022-02-14,393.3462829589844,1261.58349609375,2.2073100744803527,1246,MUTHOOTFIN,2.2047100744803525
2023-05-31,2026-06-04,1077.1064453125,3169.699951171875,1.9427917407478261,1100,MUTHOOTFIN,1.9401917407478262
2016-07-01,2017-09-29,523.5830688476562,732.2904663085938,0.39861372507762244,455,NATCOPHARM,0.39601372507762245
2017-11-08,2018-03-07,866.7831420898438,678.335693359375,-0.21741014514439622,119,NATCOPHARM,-0.2200101451443962
2019-11-05,2020-05-11,557.4169921875,588.1057739257812,0.05505533948265139,188,NATCOPHARM,0.052455339482651395
2020-06-10,2021-04-06,602.9964599609375,801.4351196289062,0.3290876030695499,300,NATCOPHARM,0.32648760306954994
2021-05-21,2021-10-12,955.2864379882812,863.9934692382812,-0.09556606806043647,144,NATCOPHARM,-0.09816606806043647
2023-05-29,2025-02-14,619.618896484375,876.5833129882812,0.4147136537666684,627,NATCOPHARM,0.4121136537666684
2026-01-05,2026-02-17,904.5636596679688,883.2000122070312,-0.023617627385981093,43,NATCOPHARM,-0.026217627385981095
2026-03-05,2026-08-03,1000.7999877929688,929.0999755859375,-0.07164269892243796,151,NATCOPHARM,-0.07424269892243797
2016-05-19,2018-03-08,39.21472930908203,56.84994888305664,0.44970907321526093,658,NBCC,0.44710907321526094
2019-05-27,2019-06-17,39.236942291259766,35.03187561035156,-0.10717111057466126,21,NBCC,-0.10977111057466127
2019-06-25,2019-07-30,37.81464385986328,25.75600242614746,-0.31888813969539836,35,NBCC,-0.32148813969539836
2020-09-25,2021-11-29,15.41496467590332,25.517309188842773,0.6553595629532284,430,NBCC,0.6527595629532283
2022-12-05,2024-12-09,27.449426651000977,101.9989013671875,2.7158845852785047,735,NBCC,2.7132845852785046
2025-06-04,2026-02-03,124.07303619384766,100.30252838134766,-0.1915847999025488,244,NBCC,-0.1941847999025488
2016-05-13,2017-10-06,67.09833526611328,77.03435516357422,0.148081466672079,511,NCC,0.145481466672079
2017-10-25,2018-06-29,96.82011413574219,86.18695831298828,-0.1098238306954088,247,NCC,-0.1124238306954088
2019-03-22,2019-08-07,99.81230926513672,66.34503173828125,-0.33530210625579826,138,NCC,-0.33790210625579825
2020-10-21,2021-10-22,31.436887741088867,72.38870239257812,1.3026675855690422,366,NCC,1.3000675855690422
2022-09-20,2025-01-06,69.69658660888672,257.3818054199219,2.6928896800105875,839,NCC,2.6902896800105873
2015-12-09,2016-04-26,312.98052978515625,294.93707275390625,-0.05765041372904516,139,NESCO,-0.06025041372904516
2016-06-02,2018-07-06,301.28240966796875,490.53436279296875,0.6281546716702345,764,NESCO,0.6255546716702345
2019-05-06,2020-04-23,471.9676818847656,421.9940185546875,-0.10588365527595502,353,NESCO,-0.10848365527595502
2020-10-15,2021-05-07,502.8979797363281,481.6099853515625,-0.0423306420835634,204,NESCO,-0.0449306420835634
2021-07-06,2022-02-03,619.7163696289062,577.3272705078125,-0.06840080591461035,212,NESCO,-0.07100080591461036
2022-08-30,2023-03-06,559.8311157226562,509.89495849609375,-0.08919860976663037,188,NESCO,-0.09179860976663037
2023-06-15,2025-03-18,613.4735107421875,861.2022094726562,0.40381319550499195,642,NESCO,0.40121319550499196
2025-06-26,2026-01-30,1106.94921875,1132.3082275390625,0.022908917915583017,218,NESCO,0.020308917915583015
2015-12-21,2017-09-21,11.923982620239258,18.641090393066406,0.5633275380178614,640,NHPC,0.5607275380178613
2018-02-01,2018-03-19,19.372112274169922,18.302108764648438,-0.055234219912517674,46,NHPC,-0.05783421991251767
2018-12-24,2019-05-10,18.160343170166016,16.194074630737305,-0.10827265327556782,137,NHPC,-0.11087265327556782
2019-11-04,2020-03-26,17.64019775390625,14.26425552368164,-0.1913777995758035,143,NHPC,-0.1939777995758035
2020-10-26,2020-10-30,15.958531379699707,15.799349784851074,-0.009974701998651466,4,NHPC,-0.012574701998651466
2020-11-24,2024-10-24,16.436098098754883,76.68175506591797,3.665447638799807,1430,NHPC,3.662847638799807
2025-05-23,2025-12-08,83.93853759765625,75.0738296508789,-0.10560951144120083,199,NHPC,-0.10820951144120083
2026-05-28,2026-06-26,80.68000030517578,79.4000015258789,-0.01586513106662396,29,NHPC,-0.01846513106662396
2015-11-13,2016-02-12,47.7989616394043,40.44804763793945,-0.15378815249000993,91,NLCINDIA,-0.15638815249000992
2016-08-09,2017-10-09,46.962432861328125,63.585289001464844,0.3539607113034607,426,NLCINDIA,0.3513607113034607
2017-12-13,2018-03-23,71.63829040527344,61.10227966308594,-0.14707233635229133,100,NLCINDIA,-0.14967233635229132
2020-08-18,2021-04-28,45.32373046875,41.112770080566406,-0.09290851270697995,253,NLCINDIA,-0.09550851270697995
2021-05-18,2025-01-08,53.02638244628906,226.76846313476562,3.2765214723908724,1331,NLCINDIA,3.2739214723908723
2016-04-08,2017-06-16,14.263407707214355,16.353172302246094,0.14651229481260264,434,NMDC,0.14391229481260265
2017-11-06,2017-11-24,19.195941925048828,18.64496612548828,-0.0287027227792129,18,NMDC,-0.0313027227792129
2017-12-05,2018-04-13,19.394289016723633,19.062530517578125,-0.017105989235255466,129,NMDC,-0.019705989235255468
2019-04-12,2019-09-24,17.110347747802734,14.71884536743164,-0.13976936153610345,165,NMDC,-0.14236936153610344
2019-11-29,2020-03-26,16.8555850982666,12.276032447814941,-0.27169348460781784,118,NMDC,-0.27429348460781783
2020-11-18,2021-10-27,17.153057098388672,26.67721176147461,0.5552453191554186,343,NMDC,0.5526453191554186
2022-03-10,2022-06-27,33.27994918823242,24.159177780151367,-0.2740620593046489,109,NMDC,-0.2766620593046489
2022-11-22,2023-06-14,33.02724075317383,31.799955368041992,-0.03715979164907674,204,NMDC,-0.03975979164907674
2023-09-01,2024-09-18,38.989288330078125,65.41249084472656,0.6777041502002581,383,NMDC,0.675104150200258
2016-01-05,2016-03-23,81.15745544433594,73.59183502197266,-0.0932215084977913,78,NTPC,-0.09582150849779131
2016-04-28,2017-07-07,79.25495910644531,94.36026000976562,0.19059123963502106,435,NTPC,0.18799123963502107
2017-07-28,2018-03-16,97.23764038085938,100.72977447509766,0.03591339815076062,231,NTPC,0.03331339815076062
2018-05-16,2018-05-24,103.87661743164062,100.85197448730469,-0.029117649564652043,8,NTPC,-0.03171764956465204
2018-10-12,2018-11-27,101.78096008300781,90.34455871582031,-0.11236287570740641,46,NTPC,-0.11496287570740642
2019-04-22,2019-09-20,103.85432434082031,93.4063491821289,-0.10060221589236985,151,NTPC,-0.10320221589236986
2020-12-16,2024-12-31,84.80465698242188,322.26495361328125,2.800085574075014,1476,NTPC,2.7974855740750137
2025-09-16,2025-12-08,329.73980712890625,317.1059265136719,-0.03831469644274818,83,NTPC,-0.04091469644274818
2026-02-03,2026-08-04,355.8633117675781,343.6499938964844,-0.034320250127584176,182,NTPC,-0.036920250127584174
2019-07-05,2020-05-13,226.62977600097656,262.52972412109375,0.15840790541116934,313,NH,0.15580790541116935
2020-09-02,2024-08-07,319.6121520996094,1219.369140625,2.8151526236241953,1435,NH,2.812552623624195
2024-08-12,2024-08-13,1204.4873046875,1193.8858642578125,-0.008801620729774322,1,NH,-0.011401620729774322
2024-09-12,2024-10-10,1364.206298828125,1218.1746826171875,-0.10704511211858572,28,NH,-0.10964511211858573
2024-10-18,2024-11-19,1271.0826416015625,1256.25048828125,-0.011668913440296852,32,NH,-0.014268913440296852
2024-12-09,2026-02-23,1320.6556396484375,1865.46533203125,0.4125297132928933,441,NH,0.4099297132928933
2016-04-20,2018-03-14,24.817781448364258,40.56587600708008,0.6345488452092796,693,NATIONALUM,0.6319488452092795
2018-05-23,2018-06-26,44.67941665649414,38.22431564331055,-0.1444759465597308,34,NATIONALUM,-0.1470759465597308
2018-10-25,2018-11-15,42.544979095458984,42.705413818359375,0.0037709437473319746,21,NATIONALUM,0.0011709437473319748
2020-10-01,2020-10-19,23.961315155029297,23.4023380279541,-0.023328315806483195,18,NATIONALUM,-0.025928315806483193
2020-12-02,2022-06-16,31.329452514648438,64.79718017578125,1.068251277148383,561,NATIONALUM,1.065651277148383
2023-02-02,2025-03-03,69.437744140625,171.63775634765625,1.4718221836247483,760,NATIONALUM,1.4692221836247483
2016-01-01,2017-10-03,24.100778579711914,50.03712463378906,1.0761621649812765,641,NFL,1.0735621649812765
2019-06-10,2019-08-14,33.77101516723633,22.412460327148438,-0.3363403434525011,65,NFL,-0.33894034345250107
2020-06-12,2021-10-25,26.12175941467285,52.0073356628418,0.9909583744818031,500,NFL,0.9883583744818031
2022-05-23,2022-06-16,50.68471908569336,39.442440032958984,-0.22180805685687827,24,NFL,-0.22440805685687826
2022-11-24,2024-12-02,54.180213928222656,117.92022705078125,1.1764444711680293,739,NFL,1.1738444711680294
2025-07-31,2025-08-12,96.14110565185547,90.84639739990234,-0.0550722629623819,12,NFL,-0.0576722629623819
2025-09-30,2025-12-10,92.02999877929688,84.80999755859375,-0.07845269277920865,71,NFL,-0.08105269277920865
2019-01-08,2019-02-12,662.7242431640625,594.241455078125,-0.10333526921993716,35,NAVINFLUOR,-0.10593526921993716
2019-04-26,2019-08-14,657.0656127929688,639.4423217773438,-0.026821204264082875,110,NAVINFLUOR,-0.029421204264082873
2019-09-27,2022-06-15,733.5081787109375,3546.09326171875,3.834429069285405,992,NAVINFLUOR,3.831829069285405
2022-08-12,2023-02-03,4346.3759765625,3967.22705078125,-0.08723334746597662,175,NAVINFLUOR,-0.08983334746597663
2023-04-20,2023-10-16,4637.3515625,3661.01318359375,-0.21053792574223232,179,NAVINFLUOR,-0.2131379257422323
2024-07-19,2024-10-11,3526.92529296875,3368.342529296875,-0.04496345981243899,84,NAVINFLUOR,-0.047563459812438987
2016-10-24,2016-11-25,42.79999923706055,36.20000076293945,-0.15420557457407968,32,NETWORK18,-0.15680557457407968
2017-05-10,2018-06-08,50.75,44.099998474121094,-0.13103451282520012,394,NETWORK18,-0.1336345128252001
2020-01-22,2020-04-08,27.899999618530273,18.700000762939453,-0.3297490674329787,77,NETWORK18,-0.3323490674329787
2020-06-17,2022-06-27,40.04999923706055,62.849998474121094,0.5692883813081926,740,NETWORK18,0.5666883813081925
2023-07-17,2024-05-30,65.0,80.94999694824219,0.2453845684344952,318,NETWORK18,0.2427845684344952
2025-08-25,2025-11-20,55.22999954223633,45.59000015258789,-0.17454281132623203,87,NETWORK18,-0.17714281132623202
2018-01-22,2018-03-28,1770.941162109375,1392.6090087890625,-0.21363338399660867,65,NILKAMAL,-0.21623338399660866
2018-08-27,2018-11-09,1742.3382568359375,1444.1939697265625,-0.17111733955196562,74,NILKAMAL,-0.1737173395519656
2019-11-25,2020-04-30,1235.9010009765625,1017.047119140625,-0.1770804309269168,157,NILKAMAL,-0.1796804309269168
2020-08-28,2022-01-07,1297.267578125,2333.795166015625,0.7990083197706719,497,NILKAMAL,0.7964083197706718
2022-10-06,2022-11-30,1975.1873779296875,1833.9898681640625,-0.07148562781604173,55,NILKAMAL,-0.07408562781604174
2023-06-01,2024-01-02,2169.7578125,2149.262939453125,-0.009445696164246441,215,NILKAMAL,-0.012045696164246441
2024-11-11,2025-01-21,1850.2652587890625,1761.8096923828125,-0.04780696496681846,71,NILKAMAL,-0.05040696496681846
2025-07-29,2025-07-30,1780.4033203125,1665.385986328125,-0.0646018419939741,1,NILKAMAL,-0.06720184199397411
2016-05-13,2018-07-25,265.64263916015625,450.9070129394531,0.6974195647393819,803,OBEROIRLTY,0.6948195647393819
2019-03-01,2019-10-30,473.2383117675781,480.57696533203125,0.015507310760709,243,OBEROIRLTY,0.012907310760709001
2020-02-06,2020-02-17,525.3579711914062,490.6856384277344,-0.06599753818342567,11,OBEROIRLTY,-0.06859753818342568
2020-11-02,2022-06-10,430.6684875488281,774.36328125,0.7980495523536641,585,OBEROIRLTY,0.7954495523536641
2022-09-05,2023-01-11,1019.9466552734375,833.6148071289062,-0.1826878368404253,128,OBEROIRLTY,-0.1852878368404253
2023-06-01,2025-03-04,922.1480712890625,1504.0738525390625,0.6310545988959573,642,OBEROIRLTY,0.6284545988959572
2025-07-25,2025-07-28,1689.9903564453125,1619.3336181640625,-0.04180895944866087,3,OBEROIRLTY,-0.04440895944866087
2025-12-23,2026-01-02,1656.4112548828125,1723.6639404296875,0.04060144203236109,10,OBEROIRLTY,0.03800144203236109
2026-01-05,2026-01-06,1733.6273193359375,1719.9775390625,-0.007873537825111122,1,OBEROIRLTY,-0.010473537825111122
2016-08-10,2017-06-05,89.7354965209961,107.63289642333984,0.19944615671855295,299,ONGC,0.19684615671855296
2017-11-21,2018-06-15,113.12303924560547,104.74348449707031,-0.07407469605145603,206,ONGC,-0.07667469605145603
2019-04-25,2019-08-22,112.40296936035156,78.33804321289062,-0.303060731769928,119,ONGC,-0.305660731769928
2020-12-18,2022-07-01,71.23748779296875,102.08503723144531,0.4330241056243601,560,ONGC,0.4304241056243601
2022-12-29,2024-11-14,121.13213348388672,227.69415283203125,0.8797171838991812,686,ONGC,0.8771171838991811
2025-10-31,2026-07-24,243.53118896484375,248.75999450683594,0.02147078394442126,266,ONGC,0.01887078394442126
2016-07-25,2017-06-20,74.29659271240234,81.81949615478516,0.10125502620966106,330,OIL,0.09865502620966106
2017-10-13,2018-06-14,98.40278625488281,97.66862487792969,-0.007460778346778727,244,OIL,-0.010060778346778727
2020-12-09,2022-08-12,53.47151565551758,105.03791809082031,0.9643714378233028,611,OIL,0.9617714378233028
2023-01-10,2024-12-19,123.93209075927734,419.7254943847656,2.3867377836788872,709,OIL,2.384137783678887
2025-07-17,2025-09-24,434.57208251953125,397.2618408203125,-0.08585512783726021,69,OIL,-0.08845512783726021
2025-11-11,2026-07-29,425.9377746582031,447.8999938964844,0.05156203686302534,260,OIL,0.04896203686302534
2018-08-24,2018-09-24,220.0935821533203,216.55654907226562,-0.01607058709504187,31,OMAXE,-0.018670587095041873
2020-06-19,2020-07-14,210.39999389648438,72.0999984741211,-0.6573193889463994,25,OMAXE,-0.6599193889463995
2021-06-04,2021-10-29,81.8499984741211,72.94999694824219,-0.10873551242267723,147,OMAXE,-0.11133551242267724
2021-11-02,2021-11-17,75.94999694824219,72.5999984741211,-0.04410794744868818,15,OMAXE,-0.04670794744868818
2022-02-04,2022-11-18,90.75,80.19999694824219,-0.11625347715435606,287,OMAXE,-0.11885347715435607
2023-10-18,2025-01-06,88.0,101.05000305175781,0.1482954892245206,446,OMAXE,0.1456954892245206
2025-07-21,2025-10-03,104.26000213623047,84.0999984741211,-0.19336277814158753,74,OMAXE,-0.19596277814158752
2016-08-31,2016-10-18,2244.29443359375,2115.8349609375,-0.057238244115122655,48,OFSS,-0.05983824411512265
2017-02-22,2017-10-16,2364.313232421875,2448.014404296875,0.035401896300035096,236,OFSS,0.0328018963000351
2017-12-05,2018-08-02,2552.251220703125,2631.73828125,0.03114390147102249,240,OFSS,0.02854390147102249
2018-08-06,2018-11-15,2748.151611328125,2447.35107421875,-0.10945558311610191,101,OFSS,-0.11205558311610192
2020-07-10,2022-01-27,2083.62744140625,2731.625732421875,0.3109952759012849,566,OFSS,0.3083952759012849
2023-03-09,2025-02-21,2725.863037109375,7796.2421875,1.8601004824393077,715,OFSS,1.8575004824393078
2025-10-16,2025-12-18,8420.9521484375,7449.0927734375,-0.11540967789257983,63,OFSS,-0.11800967789257984
2016-06-13,2016-12-14,153.14430236816406,116.5268783569336,-0.2391040570559455,184,ORIENTCEM,-0.2417040570559455
2017-06-12,2018-03-15,141.63766479492188,132.7423553466797,-0.06280327666459176,276,ORIENTCEM,-0.06540327666459177
2019-05-15,2019-10-04,93.52059173583984,81.44981384277344,-0.12907080322119613,142,ORIENTCEM,-0.13167080322119612
2020-08-07,2022-03-29,66.7569351196289,136.69285583496094,1.0476203047669335,599,ORIENTCEM,1.0450203047669335
2022-11-30,2023-03-17,122.63980865478516,108.93363189697266,-0.11175960651075031,107,ORIENTCEM,-0.11435960651075032
2023-06-08,2024-05-13,132.35707092285156,208.34527587890625,0.5741151902669921,340,ORIENTCEM,0.571515190266992
2024-07-03,2025-06-26,303.11517333984375,236.62234497070312,-0.21936489564839712,358,ORIENTCEM,-0.2219648956483971
2020-11-02,2022-03-17,204.0727996826172,306.0876770019531,0.49989453507764814,500,ORIENTELEC,0.49729453507764815
2023-03-13,2023-04-11,262.0704040527344,223.2451629638672,-0.1481481330530352,29,ORIENTELEC,-0.1507481330530352
2024-06-12,2024-12-02,237.91958618164062,225.70596313476562,-0.05133508864440636,173,ORIENTELEC,-0.05393508864440636
2025-06-27,2025-07-14,221.0045928955078,219.1370391845703,-0.008450293663446577,17,ORIENTELEC,-0.011050293663446576
2016-08-02,2017-01-04,20.951196670532227,19.513107299804688,-0.06863996330816778,155,PCJEWELLER,-0.07123996330816779
2017-05-18,2018-04-11,22.121797561645508,30.655067443847656,0.38574034765588056,328,PCJEWELLER,0.38314034765588056
2019-04-22,2019-07-10,12.920000076293945,3.884999990463257,-0.6993034080865381,79,PCJEWELLER,-0.7019034080865382
2020-11-06,2021-08-30,1.6349999904632568,2.2850000858306885,0.39755357746715475,297,PCJEWELLER,0.39495357746715476
2021-11-08,2021-12-28,2.7200000286102295,2.565000057220459,-0.05698528299978253,50,PCJEWELLER,-0.05958528299978253
2022-02-08,2022-02-18,2.5799999237060547,2.2049999237060547,-0.14534884150745603,10,PCJEWELLER,-0.14794884150745602
2022-07-15,2023-02-23,4.744999885559082,2.3499999046325684,-0.5047418416627257,223,PCJEWELLER,-0.5073418416627258
2023-11-21,2025-04-16,2.890000104904175,13.710000038146973,3.743944477677298,512,PCJEWELLER,3.741344477677298
2025-08-08,2025-09-29,13.859999656677246,12.270000457763672,-0.11471855976183738,52,PCJEWELLER,-0.11731855976183739
2016-06-13,2017-06-07,659.7479248046875,783.23828125,0.187178089998344,359,PIIND,0.18457808999834402
2017-12-04,2018-06-14,915.304443359375,783.03564453125,-0.14450798287689776,192,PIIND,-0.14710798287689775
2018-12-26,2022-01-11,829.5738525390625,2815.315185546875,2.393688430427367,1112,PIIND,2.391088430427367
2022-08-05,2023-03-20,3190.65380859375,2864.713623046875,-0.10215466957555323,227,PIIND,-0.10475466957555324
2023-06-06,2024-01-30,3534.760986328125,3222.810546875,-0.08825220167917947,238,PIIND,-0.09085220167917947
2024-04-08,2025-01-10,3913.951904296875,3580.1923828125,-0.08527430322226545,277,PIIND,-0.08787430322226546
2025-07-03,2025-10-23,4206.1904296875,3522.746337890625,-0.16248529476295054,112,PIIND,-0.16508529476295053
2018-09-03,2018-10-09,1089.07763671875,710.8633422851562,-0.34727946078583016,36,PNBHOUSING,-0.34987946078583015
2020-10-07,2021-12-15,285.0362854003906,451.55279541015625,0.5841940782236191,434,PNBHOUSING,0.5815940782236191
2022-10-21,2024-04-24,349.67230224609375,766.728759765625,1.1927065851101173,551,PNBHOUSING,1.1901065851101174
2024-05-31,2025-02-19,713.6654052734375,800.541259765625,0.12173191225221493,264,PNBHOUSING,0.11913191225221492
2025-05-12,2025-09-08,1057.1212158203125,793.6561889648438,-0.24922877614467634,119,PNBHOUSING,-0.25182877614467636
2017-04-21,2018-06-18,147.86573791503906,161.58615112304688,0.09278967123466635,423,PNCINFRA,0.09018967123466634
2019-04-25,2020-03-17,147.77210998535156,133.4597625732422,-0.09685418590509492,327,PNCINFRA,-0.09945418590509493
2020-09-24,2022-01-17,154.67245483398438,305.3592224121094,0.9742314346782861,480,PNCINFRA,0.971631434678286
2022-09-20,2024-10-21,276.1993408203125,366.0823059082031,0.3254278769128777,762,PNCINFRA,0.32282787691287773
2025-07-24,2025-11-21,311.6390380859375,261.45001220703125,-0.1610485842440129,120,PNCINFRA,-0.16364858424401288
2016-05-11,2018-02-22,34.821224212646484,56.50678634643555,0.6227685161601306,652,PTC,0.6201685161601306
2018-12-24,2019-03-28,53.00548553466797,44.296791076660156,-0.16429798482483354,94,PTC,-0.16689798482483353
2020-08-18,2022-02-23,36.35788345336914,69.30789947509766,0.906268816885026,554,PTC,0.903668816885026
2023-01-04,2024-10-25,71.95299530029297,157.8703155517578,1.194075658600345,660,PTC,1.191475658600345
2025-05-26,2025-11-28,176.3267364501953,155.0385284423828,-0.12073159429129172,186,PTC,-0.12333159429129173
2016-06-06,2017-01-09,12559.1767578125,12442.7724609375,-0.009268465530799231,217,PAGEIND,-0.011868465530799231
2017-03-10,2018-12-24,12941.890625,21873.818359375,0.6901563297962889,654,PAGEIND,0.6875563297962889
2019-11-13,2020-04-09,22014.201171875,16079.3017578125,-0.2695941300674964,148,PAGEIND,-0.2721941300674964
2020-11-05,2023-01-09,19597.818359375,39473.05859375,1.01415575294723,795,PAGEIND,1.01155575294723
2023-09-28,2023-11-22,37151.203125,36265.3046875,-0.023845753649465423,55,PAGEIND,-0.02644575364946542
2024-07-05,2025-03-27,38063.6328125,43092.41796875,0.1321152182457624,265,PAGEIND,0.1295152182457624
2025-05-21,2025-09-29,46951.34765625,40646.421875,-0.13428636441728867,131,PAGEIND,-0.13688636441728866
2017-09-18,2018-09-27,242.47274780273438,243.92727661132812,0.005998731081222759,374,PARAGMILK,0.003398731081222759
2019-07-04,2019-08-16,268.060546875,166.4364471435547,-0.37910875328786786,43,PARAGMILK,-0.38170875328786785
2020-10-01,2021-12-28,104.42252349853516,110.08489227294922,0.05422555005092838,453,PARAGMILK,0.05162555005092838
2022-09-21,2023-02-16,119.82603454589844,85.73202514648438,-0.28452923046831374,148,PARAGMILK,-0.28712923046831373
2023-06-23,2024-05-16,119.67694091796875,212.26751708984375,0.7736709800707573,328,PARAGMILK,0.7710709800707573
2024-11-28,2025-01-22,204.1635284423828,167.61819458007812,-0.1790003050060833,55,PARAGMILK,-0.1816003050060833
2025-06-02,2026-02-25,205.0704345703125,193.35000610351562,-0.057153184911100836,268,PARAGMILK,-0.059753184911100835
2016-04-08,2016-08-29,326.0985107421875,272.1814270019531,-0.16533986499208841,143,PERSISTENT,-0.1679398649920884
2017-07-05,2018-10-25,309.6060791015625,257.1779479980469,-0.16933818371931003,477,PERSISTENT,-0.17193818371931002
2019-11-25,2020-04-23,314.9438171386719,229.09095764160156,-0.2725973803107515,150,PERSISTENT,-0.27519738031075147
2020-07-24,2022-06-09,367.5989074707031,1742.236572265625,3.7395042173907376,685,PERSISTENT,3.7369042173907374
2022-12-12,2025-04-15,1967.037353515625,4670.287109375,1.3742747442126304,855,PERSISTENT,1.3716747442126305
2025-07-01,2025-08-05,5979.96826171875,5155.03955078125,-0.1379486771223098,35,PERSISTENT,-0.14054867712230978
2025-11-14,2026-03-13,6058.15185546875,4622.744140625,-0.23693821962352993,119,PERSISTENT,-0.23953821962352992
2015-11-04,2018-04-24,70.03384399414062,165.4646759033203,1.3626387824315898,902,PETRONET,1.3600387824315898
2018-10-08,2018-10-22,150.17300415039062,150.52670288085938,0.0023552750540605733,14,PETRONET,-0.0002447249459394266
2018-10-30,2018-11-19,153.92202758789062,156.57464599609375,0.01723352043740757,20,PETRONET,0.01463352043740757
2019-01-01,2020-03-24,166.11346435546875,133.340576171875,-0.19729218405476479,448,PETRONET,-0.19989218405476478
2020-07-21,2020-09-29,202.8819580078125,169.95187377929688,-0.16231154584602128,70,PETRONET,-0.16491154584602127
2020-12-04,2021-04-13,209.26974487304688,179.64215087890625,-0.14157609840884622,130,PETRONET,-0.1441760984088462
2021-11-03,2022-01-20,186.60743713378906,180.6267547607422,-0.03204953920865971,78,PETRONET,-0.03464953920865971
2022-07-07,2022-10-18,188.2552947998047,171.87416076660156,-0.08701552883611176,103,PETRONET,-0.08961552883611176
2022-12-13,2023-11-22,189.2496795654297,181.4940948486328,-0.0409807019732127,344,PETRONET,-0.0435807019732127
2024-01-25,2025-02-10,237.7910919189453,298.94268798828125,0.25716520991535036,382,PETRONET,0.25456520991535037
2026-02-12,2026-05-08,293.7610778808594,280.5633239746094,-0.04492682965849754,85,PETRONET,-0.04752682965849754
2016-10-03,2016-11-28,1620.00341796875,1527.3538818359375,-0.05719095102217847,56,PFIZER,-0.05979095102217847
2017-08-18,2021-03-17,1505.56640625,4139.31982421875,1.7493439060777065,1307,PFIZER,1.7467439060777066
2021-05-18,2021-12-03,4836.76025390625,4557.45556640625,-0.05774623360221933,199,PFIZER,-0.06034623360221933
2022-10-31,2023-02-13,4120.62451171875,3590.775634765625,-0.12858460542722933,105,PFIZER,-0.13118460542722932
2023-09-25,2025-01-24,3648.836181640625,4507.87939453125,0.2354293725799369,487,PFIZER,0.2328293725799369
2025-06-25,2026-01-12,5328.89794921875,4746.7880859375,-0.1092364441632047,201,PFIZER,-0.1118364441632047
2016-06-30,2017-03-10,169.0442657470703,181.54351806640625,0.07394070579145072,253,PHOENIXLTD,0.07134070579145071
2017-04-07,2018-09-26,204.75311279296875,281.2153625488281,0.37343632393599974,537,PHOENIXLTD,0.37083632393599975
2019-03-25,2020-04-21,326.3321838378906,273.4912109375,-0.16192387854285314,393,PHOENIXLTD,-0.16452387854285314
2020-12-09,2023-03-27,376.394287109375,654.7236938476562,0.7394623570824882,838,PHOENIXLTD,0.7368623570824882
2023-06-06,2024-12-03,760.7083129882812,1742.702880859375,1.29089501337712,546,PHOENIXLTD,1.28829501337712
2016-02-18,2016-12-19,292.7898254394531,285.85675048828125,-0.02367935750761116,305,PIDILITIND,-0.026279357507611158
2017-04-03,2018-12-04,333.68145751953125,557.3897705078125,0.6704247657369065,610,PIDILITIND,0.6678247657369064
2018-12-17,2020-06-03,568.9091186523438,731.8526611328125,0.2864140108466821,534,PIDILITIND,0.2838140108466821
2020-06-09,2020-07-10,711.0866088867188,670.1602172851562,-0.057554721309739036,31,PIDILITIND,-0.060154721309739034
2020-10-15,2022-05-09,715.5208740234375,1069.8203125,0.4951629663636579,571,PIDILITIND,0.49256296636365793
2022-08-26,2023-02-15,1302.7730712890625,1129.0634765625,-0.13333833693283287,173,PIDILITIND,-0.13593833693283286
2023-06-23,2023-10-27,1298.572021484375,1136.525634765625,-0.1247881396162514,126,PIDILITIND,-0.1273881396162514
2023-12-29,2025-01-02,1331.9150390625,1442.9609375,0.08337310953081684,370,PIDILITIND,0.08077310953081683
2025-06-12,2025-12-16,1502.249267578125,1462.568603515625,-0.026414167687677965,187,PIDILITIND,-0.029014167687677964
2016-08-02,2017-07-25,49.70543670654297,58.663177490234375,0.18021651910186828,357,PFC,0.1776165191018683
2018-11-20,2019-09-18,51.42188262939453,50.67082214355469,-0.014605853528406437,302,PFC,-0.017205853528406437
2020-01-08,2020-04-15,58.10620880126953,47.9264030456543,-0.17519308118055743,98,PFC,-0.17779308118055742
2020-11-24,2022-01-25,56.758522033691406,71.92669677734375,0.26724048125581273,427,PFC,0.26464048125581274
2022-09-01,2025-01-09,77.82710266113281,393.6726379394531,4.05829748864665,861,PFC,4.05569748864665
2016-02-01,2018-01-02,51.88484573364258,73.46949005126953,0.41601057134166797,701,POWERGRID,0.413410571341668
2018-05-25,2018-07-12,78.58988189697266,67.67513275146484,-0.1388823711405559,48,POWERGRID,-0.1414823711405559
2019-03-25,2019-12-17,78.29570770263672,73.76197814941406,-0.057905212000146165,267,POWERGRID,-0.060505212000146164
2020-08-21,2022-12-05,76.90372467041016,143.99179077148438,0.8723643281076,836,POWERGRID,0.8697643281076
2022-12-07,2025-01-20,143.440185546875,293.1294250488281,1.0435655735612248,775,POWERGRID,1.0409655735612249
2016-05-12,2016-10-04,82.20643615722656,70.24913787841797,-0.14545452689299507,145,PRAJIND,-0.14805452689299506
2017-11-28,2018-06-28,103.12483215332031,68.00829315185547,-0.3405245687988661,212,PRAJIND,-0.3431245687988661
2018-10-15,2019-08-13,105.57203674316406,93.90242767333984,-0.11053693222016807,302,PRAJIND,-0.11313693222016807
2020-10-30,2022-06-27,72.33053588867188,339.59063720703125,3.6949830114588798,605,PRAJIND,3.6923830114588796
2022-08-11,2023-01-11,362.76092529296875,343.0357360839844,-0.054375176138538484,153,PRAJIND,-0.05697517613853848
2023-07-10,2024-03-21,391.869873046875,510.0621643066406,0.3016110688499588,255,PRAJIND,0.2990110688499588
2024-06-19,2025-02-24,662.3065185546875,529.102294921875,-0.20112171615568006,250,PRAJIND,-0.20372171615568005
2016-07-25,2016-12-09,181.68911743164062,147.60130310058594,-0.1876161589253138,137,PRESTIGE,-0.1902161589253138
2017-04-07,2018-05-23,211.86602783203125,265.3988037109375,0.2526727688563047,411,PRESTIGE,0.2500727688563047
2019-04-12,2020-04-07,266.5454406738281,191.46578979492188,-0.28167674033029616,361,PRESTIGE,-0.28427674033029615
2020-10-09,2022-06-15,255.337158203125,416.7803649902344,0.6322746282727819,614,PRESTIGE,0.6296746282727819
2022-09-22,2023-02-16,447.8153991699219,418.0506286621094,-0.06646660780979166,147,PRESTIGE,-0.06906660780979167
2023-05-24,2025-01-14,492.56207275390625,1424.66015625,1.8923464372414,601,PRESTIGE,1.8897464372414001
2025-07-02,2026-01-30,1599.758544921875,1461.5,-0.0864246328677225,212,PRESTIGE,-0.08902463286772251
2016-05-26,2016-12-21,93.49032592773438,81.28519439697266,-0.13054967355869496,209,PRSMJOHNSN,-0.13314967355869495
2017-04-27,2017-11-20,116.96173095703125,110.43914794921875,-0.05576681325115418,207,PRSMJOHNSN,-0.05836681325115418
2017-11-27,2018-05-10,111.5756607055664,111.7733154296875,0.0017714860290424697,164,PRSMJOHNSN,-0.0008285139709575302
2019-05-10,2019-10-01,85.83123016357422,79.94999694824219,-0.06852090089031439,144,PRSMJOHNSN,-0.07112090089031439
2020-09-17,2021-11-03,60.0,121.6500015258789,1.0275000254313151,412,PRSMJOHNSN,1.0249000254313152
2022-01-13,2022-03-25,152.39999389648438,116.30000305175781,-0.23687658983272,71,PRSMJOHNSN,-0.23947658983272
2022-09-19,2023-01-10,136.85000610351562,104.6500015258789,-0.2352941406029613,113,PRSMJOHNSN,-0.2378941406029613
2023-06-05,2024-06-20,122.55000305175781,172.4600067138672,0.40726236164213203,381,PRSMJOHNSN,0.40466236164213204
2024-09-17,2025-01-27,211.0399932861328,131.52999877929688,-0.37675320809470686,132,PRSMJOHNSN,-0.37935320809470685
2025-08-01,2025-12-17,150.63999938964844,125.18000030517578,-0.16901220915845408,138,PRSMJOHNSN,-0.17161220915845407
2016-07-22,2020-03-03,524.2962646484375,3293.232666015625,5.281243808257674,1320,PGHL,5.278643808257674
2020-08-12,2021-06-15,3855.65234375,4968.53271484375,0.2886360781198869,307,PGHL,0.2860360781198869
2023-02-20,2024-04-30,4107.36181640625,4608.13720703125,0.1219214213427039,435,PGHL,0.11932142134270389
2024-07-10,2026-01-09,4858.63916015625,5416.19873046875,0.11475632413388964,548,PGHL,0.11215632413388964
2016-04-12,2018-11-01,5512.3349609375,8427.8759765625,0.5289121644975553,933,PGHH,0.5263121644975552
2019-01-25,2020-03-19,8903.1142578125,8596.037109375,-0.03449098141900619,419,PGHH,-0.037090981419006186
2020-12-01,2022-05-18,9733.2607421875,12238.203125,0.2573590135066624,533,PGHH,0.2547590135066624
2022-12-29,2023-02-17,13609.447265625,13014.912109375,-0.04368547411559382,50,PGHH,-0.04628547411559382
2023-07-05,2024-04-09,13931.884765625,15618.0859375,0.1210318058354508,279,PGHH,0.11843180583545079
2024-08-07,2024-11-05,16635.341796875,15441.962890625,-0.07173756456715424,90,PGHH,-0.07433756456715425
2025-11-10,2025-11-18,13068.296875,12692.5,-0.02875637725363505,8,PGHH,-0.03135637725363505
2016-08-02,2017-10-04,110.63060760498047,117.16746520996094,0.05908724309208428,428,PNB,0.056487243092084284
2017-11-06,2018-03-06,181.40895080566406,88.2249755859375,-0.5136680125533095,120,PNB,-0.5162680125533096
2019-03-06,2019-07-29,74.29472351074219,62.48331069946289,-0.15898050700157054,145,PNB,-0.16158050700157053
2021-01-04,2021-09-24,32.053123474121094,34.171966552734375,0.06610410621367316,263,PNB,0.06350410621367315
2021-10-19,2022-01-17,39.807186126708984,35.930152893066406,-0.09739531001517458,90,PNB,-0.09999531001517459
2022-09-22,2024-09-20,37.31904602050781,102.38005828857422,1.743372867364124,729,PNB,1.740772867364124
2025-06-17,2026-04-28,99.99077606201172,108.24250030517578,0.08252485447304214,315,PNB,0.07992485447304214
2020-02-06,2020-03-31,543.0,187.64662170410156,-0.6544261110421702,54,QUESS,-0.6570261110421702
2020-09-30,2022-02-07,363.2325134277344,653.4049682617188,0.798861456799942,495,QUESS,0.796261456799942
2023-07-24,2025-01-20,392.8282775878906,604.5527954101562,0.538974737568109,546,QUESS,0.5363747375681089
2018-06-07,2018-12-05,508.8422546386719,542.5048217773438,0.0661552118201654,181,RBLBANK,0.0635552118201654
2018-12-14,2019-08-06,560.6998901367188,385.0834655761719,-0.3132093079556789,235,RBLBANK,-0.3158093079556789
2020-11-19,2021-05-17,208.41844177246094,193.67185974121094,-0.07075468900851613,179,RBLBANK,-0.07335468900851613
2022-10-21,2024-07-15,130.9988555908203,243.90750122070312,0.8619055878057216,633,RBLBANK,0.8593055878057215
2016-08-09,2017-10-03,40.23441696166992,58.32453155517578,0.4496179132094731,420,RECLTD,0.4470179132094731
2018-12-31,2019-10-17,49.92131042480469,55.12506866455078,0.10423921558678621,290,RECLTD,0.10163921558678621
2020-02-17,2020-03-11,65.85530090332031,49.99947738647461,-0.24076761170863134,23,RECLTD,-0.24336761170863133
2020-11-23,2021-12-28,58.03812026977539,71.50131225585938,0.23197153738790596,400,RECLTD,0.22937153738790597
2022-08-18,2024-12-27,82.65631103515625,467.1524353027344,4.651745516492264,862,RECLTD,4.649145516492264
2026-06-22,2026-06-29,365.6572570800781,360.81280517578125,-0.01324861413385254,7,RECLTD,-0.01584861413385254
2019-06-04,2020-05-05,80.20355224609375,85.67991638183594,0.06828081777398967,336,RITES,0.06568081777398967
2020-12-04,2021-05-19,106.18455505371094,100.5220947265625,-0.053326590899064524,166,RITES,-0.05592659089906452
2021-06-15,2022-02-21,114.0138931274414,104.66012573242188,-0.08204059293514486,251,RITES,-0.08464059293514486
2022-09-01,2024-10-15,131.2339324951172,293.6854248046875,1.237877195485357,775,RITES,1.235277195485357
2025-07-03,2025-12-03,277.0078430175781,229.70448303222656,-0.17076541757826627,153,RITES,-0.17336541757826626
2016-09-27,2018-11-15,117.02042388916016,428.80364990234375,2.6643488004153837,779,RADICO,2.6617488004153835
2018-12-27,2019-04-10,391.6396179199219,372.1774597167969,-0.04969404859113208,104,RADICO,-0.05229404859113208
2020-01-24,2020-05-08,373.2257995605469,298.60028076171875,-0.19994737471711663,105,RADICO,-0.20254737471711662
2020-07-02,2022-03-29,365.95965576171875,872.0919189453125,1.3830274873609107,635,RADICO,1.3804274873609108
2022-09-12,2026-03-06,1123.1973876953125,2760.7744140625,1.4579601451240285,1271,RADICO,1.4553601451240286
2015-11-27,2016-01-07,36.94647216796875,33.87904357910156,-0.08302358544333596,41,RAIN,-0.08562358544333597
2016-08-09,2018-06-06,36.30552291870117,199.69139099121094,4.500303395667352,666,RAIN,4.497703395667352
2020-01-03,2020-03-27,102.89935302734375,52.7960319519043,-0.4869158026885295,84,RAIN,-0.4895158026885295
2020-08-14,2022-03-15,104.58230590820312,174.1047821044922,0.6647632751309983,578,RAIN,0.6621632751309983
2022-12-15,2023-02-27,176.51144409179688,148.5637969970703,-0.15833334341875338,74,RAIN,-0.16093334341875337
2023-08-11,2023-08-17,158.26077270507812,153.12692260742188,-0.03243918255867027,6,RAIN,-0.035039182558670265
2023-09-11,2023-11-23,179.04298400878906,144.53758239746094,-0.1927213277993305,73,RAIN,-0.19532132779933048
2024-02-16,2024-11-18,198.54173278808594,149.68081665039062,-0.2460989709898782,276,RAIN,-0.2486989709898782
2025-08-08,2025-10-01,159.28924560546875,130.02999877929688,-0.1836862665458398,54,RAIN,-0.1862862665458398
2026-02-16,2026-04-08,150.11000061035156,118.11000061035156,-0.2131770026639603,51,RAIN,-0.2157770026639603
2017-02-13,2018-04-18,495.9004821777344,691.1170654296875,0.39366080547989074,429,RAJESHEXPO,0.39106080547989075
2019-04-09,2020-03-23,665.100830078125,546.8493041992188,-0.17779488542363722,349,RAJESHEXPO,-0.1803948854236372
2021-02-01,2022-05-04,475.3175354003906,598.2442626953125,0.2586202236182445,457,RAJESHEXPO,0.2560202236182445
2022-11-16,2023-04-20,746.0499877929688,560.5,-0.24870985969972223,155,RAJESHEXPO,-0.25130985969972225
2016-05-27,2016-12-27,181.8704071044922,169.3981170654297,-0.06857789696317469,214,RALLIS,-0.0711778969631747
2017-02-16,2017-09-26,218.056884765625,192.63198852539062,-0.11659753952534874,222,RALLIS,-0.11919753952534874
2017-12-20,2018-03-26,225.6661376953125,196.54212951660156,-0.1290579458493382,96,RALLIS,-0.13165794584933818
2019-09-12,2021-03-09,153.73521423339844,250.9888458251953,0.6326047813882635,544,RALLIS,0.6300047813882634
2021-05-25,2021-10-14,283.0926208496094,295.9253845214844,0.04533061876837934,142,RALLIS,0.042730618768379344
2022-11-17,2023-03-09,217.3453369140625,194.7012176513672,-0.10418497854245987,112,RALLIS,-0.10678497854245987
2023-08-25,2025-01-16,219.64122009277344,283.128173828125,0.28904844777558397,510,RALLIS,0.286448447775584
2025-06-27,2025-11-25,321.5302734375,258.2411804199219,-0.19683712000413064,151,RALLIS,-0.19943712000413064
2017-03-07,2018-07-04,77.23663330078125,125.35533905029297,0.6230036666943249,484,RKFORGE,0.6204036666943249
2020-10-06,2022-03-21,69.78797912597656,169.71690368652344,1.4318930826204597,531,RKFORGE,1.4292930826204597
2022-09-06,2025-02-10,194.70130920410156,713.1102905273438,2.662586006444385,888,RKFORGE,2.659986006444385
2016-06-15,2018-03-19,35.749935150146484,60.023921966552734,0.6789938699037553,642,RCF,0.6763938699037553
2019-07-25,2019-07-29,43.05948257446289,42.08912658691406,-0.022535244957270183,4,RCF,-0.02513524495727018
2020-07-20,2021-12-21,39.10199737548828,67.00384521484375,0.7135657948984006,519,RCF,0.7109657948984005
2022-01-21,2022-01-24,75.10167694091797,70.89080047607422,-0.0560690071961565,3,RCF,-0.058669007196156496
2022-01-31,2023-04-20,73.71347045898438,97.99655151367188,0.329425285548034,444,RCF,0.32682528554803403
2023-07-25,2024-11-27,107.06147003173828,162.57766723632812,0.5185450675031094,491,RCF,0.5159450675031093
2025-07-16,2025-12-24,154.2083282470703,140.10890197753906,-0.09143102989185745,161,RCF,-0.09403102989185745
2016-05-19,2018-07-17,462.8747253417969,827.8506469726562,0.7884982731804013,789,RAYMOND,0.7858982731804013
2019-05-06,2019-07-24,795.8128051757812,646.7775268554688,-0.18727429032433474,79,RAYMOND,-0.18987429032433473
2020-12-07,2024-01-19,337.8326110839844,1788.0030517578125,4.292570915580791,1138,RAYMOND,4.289970915580791
2024-04-23,2024-09-20,2077.013916015625,1849.3499755859375,-0.10961117721657808,150,RAYMOND,-0.11221117721657808
2015-11-20,2016-02-16,41.02484130859375,35.37461471557617,-0.13772695793058404,88,REDINGTON,-0.14032695793058403
2016-10-04,2016-11-22,38.23552703857422,32.82133483886719,-0.14160108723609013,49,REDINGTON,-0.14420108723609013
2017-03-03,2018-03-22,38.046146392822266,50.90730285644531,0.33804097610394035,384,REDINGTON,0.33544097610394036
2019-05-02,2020-03-27,37.25275421142578,25.58286476135254,-0.3132624606449628,330,REDINGTON,-0.3158624606449628
2020-09-01,2022-05-04,47.22358703613281,127.57981872558594,1.7016121970567184,610,REDINGTON,1.6990121970567185
2022-09-21,2023-09-04,132.8802032470703,145.1226043701172,0.09213111376932508,348,REDINGTON,0.08953111376932507
2024-01-12,2024-10-07,165.5421142578125,176.64305114746094,0.06705808331262476,269,REDINGTON,0.06445808331262476
2025-01-13,2026-02-09,196.00735473632812,265.812255859375,0.3561340910750488,392,REDINGTON,0.3535340910750488
2016-06-14,2016-10-06,224.18724060058594,220.98228454589844,-0.0142958896594721,114,RELAXO,-0.0168958896594721
2017-03-30,2019-01-28,238.9564666748047,357.879638671875,0.4976771445106467,669,RELAXO,0.4950771445106467
2019-04-15,2020-08-13,428.6232604980469,618.649169921875,0.44334017058015923,486,RELAXO,0.44074017058015924
2020-10-23,2022-03-28,646.9548950195312,1007.1834106445312,0.5568062293030874,521,RELAXO,0.5542062293030874
2023-07-07,2024-01-29,905.3878784179688,836.4202880859375,-0.0761746340723513,206,RELAXO,-0.0787746340723513
2025-10-24,2025-11-20,444.20001220703125,414.25,-0.06742460914898005,27,RELAXO,-0.07002460914898005
2015-11-26,2016-03-09,358.0075988769531,310.7461242675781,-0.13201249011929136,104,RELCAPITAL,-0.13461249011929136
2016-05-13,2017-01-13,325.7575988769531,378.961669921875,0.16332411347683834,245,RELCAPITAL,0.16072411347683835
2017-02-16,2017-11-28,412.7854919433594,436.93988037109375,0.05851559441689083,285,RELCAPITAL,0.05591559441689083
2020-08-12,2022-01-03,11.0,15.050000190734863,0.3681818355213512,509,RELCAPITAL,0.3655818355213512
2023-08-04,2024-08-26,10.149999618530273,12.350000381469727,0.2167488517854757,388,RELCAPITAL,0.2141488517854757
2015-10-29,2016-03-01,76.3499984741211,53.79999923706055,-0.2953503560933782,124,RCOM,-0.29795035609337817
2018-02-01,2018-05-14,28.600000381469727,13.5,-0.5279720342679853,102,RCOM,-0.5305720342679854
2020-06-10,2021-03-08,1.0499999523162842,1.899999976158142,0.8095238689932991,271,RCOM,0.806923868993299
2021-06-10,2022-03-25,3.299999952316284,2.799999952316284,-0.15151515370448654,288,RCOM,-0.15411515370448653
2023-10-13,2024-05-14,1.7000000476837158,1.5499999523162842,-0.08823534774120141,214,RCOM,-0.09083534774120142
2024-08-14,2025-01-29,1.940000057220459,1.600000023841858,-0.17525774399498584,168,RCOM,-0.17785774399498583
2020-08-12,2022-04-06,2.299999952316284,4.599999904632568,1.0,602,RHFL,0.9974
2022-10-24,2022-12-07,3.950000047683716,3.6500000953674316,-0.07594935409993336,44,RHFL,-0.07854935409993337
2024-01-08,2024-12-18,5.550000190734863,4.150000095367432,-0.25225226076651014,345,RHFL,-0.25485226076651013
2025-06-09,2025-11-03,6.730000019073486,3.5299999713897705,-0.4754829180705199,147,RHFL,-0.4780829180705199
2015-11-24,2019-09-06,208.719970703125,544.3721923828125,1.6081461709148372,1382,RELIANCE,1.6055461709148373
2019-10-22,2020-03-24,629.712890625,420.090576171875,-0.33288553811415794,154,RELIANCE,-0.33548553811415793
2020-06-12,2021-04-07,714.1897583007812,903.9751586914062,0.26573525899078604,299,RELIANCE,0.26313525899078605
2021-06-25,2022-10-27,953.1431274414062,1113.7918701171875,0.16854629493791007,489,RELIANCE,0.16594629493791008
2022-12-12,2023-02-03,1187.3814697265625,1058.2874755859375,-0.10872158394922025,53,RELIANCE,-0.11132158394922026
2023-06-26,2024-10-23,1133.96728515625,1327.064453125,0.17028460211896063,485,RELIANCE,0.16768460211896064
2025-05-29,2026-03-09,1405.660888671875,1417.4462890625,0.008384241523402077,284,RELIANCE,0.005784241523402078
2015-12-11,2016-12-06,398.3226623535156,460.23504638671875,0.15543274306159166,361,RELINFRA,0.15283274306159167
2017-03-17,2017-06-28,559.382568359375,484.72125244140625,-0.1334709376749878,103,RELINFRA,-0.1360709376749878
2018-01-31,2018-03-16,486.0365295410156,419.69427490234375,-0.13649643721495913,44,RELINFRA,-0.13909643721495912
2020-07-08,2020-11-11,34.79999923706055,19.75,-0.4324712519255726,126,RELINFRA,-0.4350712519255726
2021-01-13,2022-07-05,31.5,93.1500015258789,1.9571429055834573,538,RELINFRA,1.9545429055834573
2022-08-22,2023-03-01,140.6999969482422,135.6999969482422,-0.03553660347156437,191,RELINFRA,-0.03813660347156437
2023-04-13,2023-07-11,165.5500030517578,136.8000030517578,-0.17366354255524571,89,RELINFRA,-0.1762635425552457
2023-07-27,2024-06-10,178.60000610351562,185.5399932861328,0.03885770966096612,319,RELINFRA,0.03625770966096612
2024-09-19,2025-03-24,284.8900146484375,243.63999938964844,-0.1447927731327922,186,RELINFRA,-0.1473927731327922
2025-06-03,2025-09-29,342.04998779296875,247.64999389648438,-0.27598303542002023,118,RELINFRA,-0.2785830354200202
2015-12-14,2016-11-04,48.650001525878906,43.95000076293945,-0.0966084401958206,326,RPOWER,-0.0992084401958206
2017-04-27,2017-06-12,48.79999923706055,40.400001525878906,-0.17213110333006662,46,RPOWER,-0.1747311033300666
2018-01-16,2018-04-06,51.20000076293945,41.599998474121094,-0.18750004190951525,80,RPOWER,-0.19010004190951524
2020-07-06,2022-05-25,4.25,12.100000381469727,1.8470589132869946,688,RPOWER,1.8444589132869946
2022-09-08,2023-02-06,21.299999237060547,12.0,-0.4366196981302789,151,RPOWER,-0.4392196981302789
2023-07-13,2025-10-07,15.199999809265137,44.560001373291016,1.9315790745029835,817,RPOWER,1.9289790745029836
2016-06-10,2016-12-06,674.4188232421875,513.17529296875,-0.23908515705163536,179,REPCOHOME,-0.24168515705163535
2017-05-16,2017-09-22,699.954833984375,566.724365234375,-0.19034152245453895,129,REPCOHOME,-0.19294152245453894
2019-05-20,2019-06-19,402.553466796875,329.6004638671875,-0.18122562329465405,30,REPCOHOME,-0.18382562329465404
2020-10-28,2021-10-04,189.52061462402344,299.33624267578125,0.5794389611368308,341,REPCOHOME,0.5768389611368308
2022-09-23,2023-04-03,227.90237426757812,176.76919555664062,-0.2243643967083138,192,REPCOHOME,-0.22696439670831378
2023-06-19,2024-12-05,276.5730285644531,465.5274963378906,0.6831991852358198,535,REPCOHOME,0.6805991852358197
2025-07-16,2025-09-23,444.30712890625,367.7745666503906,-0.17225148388741687,69,REPCOHOME,-0.17485148388741686
2025-11-06,2026-03-13,433.25848388671875,368.5,-0.14946847273659095,127,REPCOHOME,-0.15206847273659094
2026-06-10,2026-07-15,374.1000061035156,408.25,0.09128573466805792,35,REPCOHOME,0.08868573466805792
2016-06-16,2016-11-10,271.6545104980469,250.54637145996094,-0.07770214821534391,147,RUPA,-0.08030214821534391
2017-03-31,2018-03-07,294.70208740234375,362.9093322753906,0.23144472940202332,341,RUPA,0.22884472940202333
2020-02-24,2020-03-24,199.65151977539062,106.1084976196289,-0.46853148055671345,29,RUPA,-0.47113148055671344
2020-08-31,2022-04-26,186.34140014648438,476.6129150390625,1.5577403339482987,603,RUPA,1.5551403339482988
2022-04-29,2022-06-15,505.6204528808594,335.4527893066406,-0.3365521758557417,47,RUPA,-0.3391521758557417
2023-07-27,2024-04-01,285.6818542480469,241.09854125976562,-0.1560593097718108,249,RUPA,-0.15865930977181078
2024-07-09,2024-11-26,279.55926513671875,251.59628295898438,-0.10002523852700446,140,RUPA,-0.10262523852700446
2018-01-29,2018-04-19,283.2103576660156,229.49642944335938,-0.18966088904841547,80,SHK,-0.19226088904841546
2020-10-15,2022-01-24,81.77473449707031,145.79791259765625,0.7829212591681316,466,SHK,0.7803212591681316
2022-10-25,2022-10-31,133.18641662597656,132.84677124023438,-0.0025501503407513657,6,SHK,-0.0051501503407513655
2022-11-03,2022-11-14,131.77935791015625,126.49072265625,-0.04013250130958981,11,SHK,-0.04273250130958981
2023-01-23,2023-02-15,138.32949829101562,108.9751205444336,-0.21220620409413118,23,SHK,-0.21480620409413118
2023-08-21,2025-02-12,142.0183868408203,197.0238800048828,0.3873124768394587,541,SHK,0.3847124768394587
2025-07-21,2025-11-26,252.8735809326172,168.9883575439453,-0.33172790561709425,128,SHK,-0.33432790561709425
2019-05-07,2020-03-27,654.1215209960938,595.5855102539062,-0.08948797564869763,325,SBILIFE,-0.09208797564869764
2020-08-28,2022-03-28,841.2886352539062,1067.0413818359375,0.2683416096710942,577,SBILIFE,0.2657416096710942
2022-08-03,2023-03-02,1274.0474853515625,1092.0052490234375,-0.1428849696900363,211,SBILIFE,-0.1454849696900363
2023-07-04,2024-12-16,1282.71044921875,1416.9796142578125,0.104676129457619,531,SBILIFE,0.102076129457619
2025-05-22,2026-05-04,1756.8577880859375,1820.0999755859375,0.03599732882699694,347,SBILIFE,0.03339732882699694
2016-10-18,2018-06-06,16.933134078979492,20.059417724609375,0.18462522242180782,596,SJVN,0.18202522242180783
2019-07-11,2020-03-26,18.95384979248047,14.565876960754395,-0.23150826242523606,259,SJVN,-0.23410826242523605
2020-08-26,2022-06-22,19.134796142578125,23.440237045288086,0.22500584122396966,665,SJVN,0.22240584122396967
2022-09-05,2024-10-25,28.074298858642578,104.0019302368164,2.7045245817350043,781,SJVN,2.701924581735004
2016-05-06,2017-01-02,1034.8828125,1093.700927734375,0.056835532027327974,241,SKFINDIA,0.054235532027327976
2017-03-06,2018-07-25,1258.9453125,1398.631103515625,0.11095461385708523,506,SKFINDIA,0.10835461385708522
2018-11-30,2019-08-26,1644.0943603515625,1606.679931640625,-0.022756862144419156,269,SKFINDIA,-0.025356862144419158
2019-10-11,2020-03-18,1822.06396484375,1430.59912109375,-0.21484692705811229,159,SKFINDIA,-0.21744692705811228
2020-12-02,2022-05-04,1476.97265625,3045.753173828125,1.06215948612158,518,SKFINDIA,1.05955948612158
2022-07-28,2023-03-28,3873.765869140625,3877.64501953125,0.0010013899966250593,243,SKFINDIA,-0.0015986100033749406
2023-07-05,2023-12-28,4819.66748046875,4346.4326171875,-0.09818828066437983,176,SKFINDIA,-0.10078828066437984
2024-05-30,2024-11-28,5712.34912109375,4847.6201171875,-0.1513788785620791,182,SKFINDIA,-0.1539788785620791
2025-07-04,2025-10-29,4837.6572265625,2093.76708984375,-0.5671939966421472,117,SKFINDIA,-0.5697939966421472
2016-05-04,2017-07-14,254.98292541503906,298.2120056152344,0.16953715677169665,436,SRF,0.16693715677169665
2017-11-08,2018-07-16,320.1998596191406,306.8595275878906,-0.041662516801592483,250,SRF,-0.04426251680159248
2018-12-06,2022-06-29,408.0340576171875,2254.7548828125,4.525898734972469,1301,SRF,4.523298734972469
2022-09-08,2022-12-20,2615.423095703125,2290.871826171875,-0.12409130670462261,103,SRF,-0.1266913067046226
2023-05-12,2023-07-26,2525.01318359375,2121.0009765625,-0.16000399905090223,75,SRF,-0.16260399905090223
2024-01-03,2024-07-09,2483.235595703125,2373.681884765625,-0.04411732464171608,188,SRF,-0.04671732464171608
2024-08-06,2024-11-01,2473.378173828125,2238.208740234375,-0.09508025747222104,87,SRF,-0.09768025747222105
2025-02-01,2025-11-17,2808.369140625,2822.517333984375,0.005037868118799487,289,SRF,0.002437868118799487
2015-12-04,2016-02-23,347.0801696777344,225.4150848388672,-0.35053885375195537,81,SADBHAV,-0.35313885375195536
2016-09-06,2016-12-13,290.4803161621094,271.0360412597656,-0.06693835630326296,98,SADBHAV,-0.06953835630326297
2017-03-24,2017-08-22,304.5331726074219,260.1334228515625,-0.1457961028537792,151,SADBHAV,-0.1483961028537792
2017-11-21,2018-06-22,335.52215576171875,290.6638488769531,-0.13369700365368156,213,SADBHAV,-0.13629700365368155
2019-05-09,2019-08-07,223.56219482421875,131.21804809570312,-0.4130579716356939,90,SADBHAV,-0.4156579716356939
2020-12-01,2021-09-13,52.599998474121094,50.400001525878906,-0.04182503825213177,286,SADBHAV,-0.04442503825213177
2023-10-05,2024-12-23,15.5,27.43000030517578,0.7696774390435988,445,SADBHAV,0.7670774390435987
2017-04-05,2017-06-15,3315.34130859375,2873.10595703125,-0.13339059553723007,71,SANOFI,-0.13599059553723006
2017-11-17,2019-04-09,3198.9921875,4218.27734375,0.31862696015102415,508,SANOFI,0.31602696015102416
2019-08-27,2021-02-18,4370.54052734375,5941.6513671875,0.3594774673782998,541,SANOFI,0.3568774673782998
2021-07-22,2022-01-03,6387.541015625,6205.10888671875,-0.02856061956549325,165,SANOFI,-0.03116061956549325
2023-05-11,2024-07-11,5804.314453125,6136.498046875,0.057230461311611885,427,SANOFI,0.05463046131161189
2025-06-11,2025-08-19,5985.83642578125,5024.04345703125,-0.1606781242146072,69,SANOFI,-0.1632781242146072
2016-07-20,2017-01-11,749.8637084960938,718.9683227539062,-0.041201334845435374,175,SCHAEFFLER,-0.04380133484543537
2017-03-27,2018-08-21,807.2194213867188,984.232177734375,0.21928703851496387,512,SCHAEFFLER,0.21668703851496388
2019-01-02,2019-05-17,1068.925537109375,903.5176391601562,-0.15474220813969927,135,SCHAEFFLER,-0.15734220813969926
2020-02-04,2020-04-01,875.6345825195312,673.9486694335938,-0.23033114167968446,57,SCHAEFFLER,-0.23293114167968446
2020-11-18,2023-02-08,724.6126708984375,2529.815185546875,2.49126545414972,812,SCHAEFFLER,2.4886654541497197
2023-06-16,2023-11-30,3107.054443359375,2769.035400390625,-0.10879083361129675,167,SCHAEFFLER,-0.11139083361129676
2024-01-19,2024-03-14,3171.789794921875,2765.376708984375,-0.12813367600468947,55,SCHAEFFLER,-0.13073367600468946
2024-05-03,2024-11-25,3713.8505859375,3343.11474609375,-0.09982518985754078,206,SCHAEFFLER,-0.10242518985754079
2025-05-29,2026-01-15,4087.568115234375,3782.081298828125,-0.0747355904034235,231,SCHAEFFLER,-0.0773355904034235
2019-06-03,2019-09-18,444.4963684082031,414.50970458984375,-0.06746211206571913,107,SIS,-0.07006211206571913
2019-10-30,2020-05-07,450.443603515625,338.3097839355469,-0.24894086341751864,190,SIS,-0.25154086341751863
2020-12-16,2021-05-11,461.40277099609375,367.61297607421875,-0.2032709832223115,146,SIS,-0.20587098322231148
2021-06-30,2022-06-22,421.4171447753906,428.5714416503906,0.01697675797887421,357,SIS,0.01437675797887421
2023-06-21,2024-04-19,407.5495910644531,454.00347900390625,0.11398339970878915,303,SIS,0.11138339970878915
2025-07-11,2025-11-06,362.7617492675781,332.62554931640625,-0.08307435944395282,118,SIS,-0.08567435944395282
2020-02-17,2020-05-04,502.7994689941406,266.0284423828125,-0.47090548262708554,77,SHANKARA,-0.4735054826270855
2020-08-04,2020-11-10,352.8102111816406,304.5267333984375,-0.1368539692246744,98,SHANKARA,-0.1394539692246744
2020-12-10,2022-02-07,343.42034912109375,570.5552368164062,0.6613902998951943,424,SHANKARA,0.6587902998951942
2022-02-08,2022-11-28,591.361083984375,716.389404296875,0.2114246670918973,293,SHANKARA,0.20882466709189731
2023-06-22,2023-12-07,709.426513671875,707.2914428710938,-0.003009572886880805,168,SHANKARA,-0.005609572886880805
2024-02-26,2024-03-11,779.4853515625,682.2669067382812,-0.12472132366482792,14,SHANKARA,-0.12732132366482793
2025-01-10,2025-02-28,604.4786987304688,552.9711303710938,-0.08520989816109588,49,SHANKARA,-0.08780989816109588
2025-05-16,2025-10-17,739.704833984375,131.80999755859375,-0.8218073054239659,154,SHANKARA,-0.8244073054239659
2016-05-25,2017-08-30,257.0836486816406,405.5668640136719,0.5775677142185941,462,SHARDACROP,0.574967714218594
2019-03-28,2019-07-24,331.5010070800781,277.29498291015625,-0.1635169215544125,118,SHARDACROP,-0.1661169215544125
2020-07-24,2021-10-28,272.8395080566406,288.91693115234375,0.058926301437127286,461,SHARDACROP,0.05632630143712729
2021-11-17,2021-11-22,315.07891845703125,295.7294921875,-0.06141136437908022,5,SHARDACROP,-0.06401136437908023
2022-01-11,2022-09-21,330.501708984375,446.1863098144531,0.35002723945233005,253,SHARDACROP,0.34742723945233006
2023-05-17,2023-09-07,474.36285400390625,441.9718017578125,-0.06828328140092314,113,SHARDACROP,-0.07088328140092315
2024-07-03,2025-03-17,477.3953857421875,536.38427734375,0.12356401708796333,257,SHARDACROP,0.12096401708796332
2025-06-23,2026-07-14,789.3873291015625,896.5326538085938,0.1357322581158963,386,SHARDACROP,0.1331322581158963
2018-09-14,2018-12-05,852.796630859375,731.91015625,-0.14175299272413402,82,SFL,-0.14435299272413402
2019-12-26,2020-05-28,644.053955078125,692.6631469726562,0.07547378835463382,154,SFL,0.07287378835463382
2020-06-22,2020-09-29,721.4492797851562,669.045166015625,-0.07263728059322051,99,SFL,-0.07523728059322052
2020-12-16,2022-06-29,819.0422973632812,1321.5626220703125,0.6135462433683585,560,SFL,0.6109462433683585
2023-09-25,2023-09-28,1128.2740478515625,1139.5089111328125,0.009957565985536234,3,SFL,0.007357565985536234
2023-12-06,2024-03-07,1158.4332275390625,1014.4779052734375,-0.12426725929766272,92,SFL,-0.1268672592976627
2025-01-29,2025-02-21,917.7088623046875,738.1516723632812,-0.19565811916698225,23,SFL,-0.19825811916698224
2016-06-09,2017-08-02,225.99691772460938,321.86029052734375,0.42418000107218085,419,SHILPAMED,0.42158000107218085
2017-12-12,2017-12-26,314.6634521484375,298.49530029296875,-0.05138236342694696,14,SHILPAMED,-0.053982363426946955
2020-02-19,2020-12-11,228.4443817138672,236.127197265625,0.03363101116393726,296,SHILPAMED,0.031031011163937264
2021-06-11,2022-02-01,285.9519958496094,250.6516571044922,-0.12344847826724972,235,SHILPAMED,-0.12604847826724971
2023-08-01,2025-03-05,172.36614990234375,320.16204833984375,0.8574531514525077,582,SHILPAMED,0.8548531514525076
2025-06-24,2025-11-14,431.5021667480469,379.6000061035156,-0.12028250294936943,143,SHILPAMED,-0.12288250294936943
2017-04-05,2018-02-23,72.87637329101562,67.5619888305664,-0.07292328391847112,324,SCI,-0.07552328391847113
2019-10-24,2020-04-21,48.938541412353516,39.742347717285156,-0.18791311366601074,180,SCI,-0.19051311366601073
2020-07-23,2022-03-22,57.53398132324219,109.51908111572266,0.9035547097012715,607,SCI,0.9009547097012715
2022-10-18,2023-04-10,111.28501892089844,76.2142333984375,-0.31514381596492613,174,SCI,-0.3177438159649261
2023-09-18,2024-11-08,130.98094177246094,201.0015869140625,0.5345865146033296,417,SCI,0.5319865146033296
2016-01-04,2016-02-11,380.694580078125,339.38726806640625,-0.10850512240873454,38,SHOPERSTOP,-0.11110512240873455
2016-08-24,2016-11-18,355.27703857421875,293.6310119628906,-0.17351536946694637,86,SHOPERSTOP,-0.17611536946694636
2017-04-25,2018-11-07,351.3211669921875,476.2951965332031,0.3557258750190669,561,SHOPERSTOP,0.3531258750190669
2020-12-17,2023-03-29,216.10000610351562,648.0,1.9986116691250664,832,SHOPERSTOP,1.9960116691250664
2023-06-12,2023-10-27,777.6500244140625,639.3499755859375,-0.1778435600671783,137,SHOPERSTOP,-0.1804435600671783
2024-03-18,2024-11-19,767.75,621.6500244140625,-0.19029628861730707,246,SHOPERSTOP,-0.19289628861730707
2025-10-23,2025-11-10,530.0,475.1000061035156,-0.10358489414431014,18,SHOPERSTOP,-0.10618489414431015
2016-04-12,2017-01-06,11981.2802734375,13718.0107421875,0.14495366347453967,269,SHREECEM,0.14235366347453968
2017-03-21,2017-12-28,15738.294921875,17377.93359375,0.10418146819678861,282,SHREECEM,0.10158146819678861
2018-09-03,2018-10-26,18466.181640625,13155.3583984375,-0.2875972599827493,53,SHREECEM,-0.2901972599827493
2019-03-26,2019-11-04,17603.06640625,19559.12890625,0.111120554502112,223,SHREECEM,0.108520554502112
2019-11-06,2020-04-28,19261.9921875,18435.431640625,-0.04291147763061567,174,SHREECEM,-0.045511477630615665
2020-07-03,2020-09-23,22350.76171875,18519.419921875,-0.17141884670806976,82,SHREECEM,-0.17401884670806975
2020-11-19,2021-12-03,23121.755859375,25376.982421875,0.09753699399890474,379,SHREECEM,0.09493699399890473
2022-12-06,2023-08-22,23606.935546875,23556.380859375,-0.002141518427905067,259,SHREECEM,-0.004741518427905067
2023-09-27,2024-04-22,26089.296875,24126.134765625,-0.07524779677968994,208,SHREECEM,-0.07784779677968995
2024-07-11,2024-09-06,27464.93359375,25376.7265625,-0.07603175242066482,57,SHREECEM,-0.07863175242066482
2025-01-03,2025-11-06,25858.091796875,27378.833984375,0.05881107544384944,307,SHREECEM,0.05621107544384944
2015-12-03,2016-12-08,12.699999809265137,14.100000381469727,0.11023626718350309,371,RENUKA,0.10763626718350308
2017-08-07,2017-11-06,19.299999237060547,15.300000190734863,-0.2072538447900424,91,RENUKA,-0.2098538447900424
2017-12-01,2018-03-22,17.75,15.350000381469727,-0.1352112461143816,111,RENUKA,-0.13781124611438159
2020-07-14,2021-03-25,9.100000381469727,9.300000190734863,0.021978000096834618,254,RENUKA,0.019378000096834616
2021-05-05,2023-02-27,12.0,42.75,2.5625,663,RENUKA,2.5599
2023-09-25,2024-02-12,55.45000076293945,46.099998474121094,-0.16862041767666708,140,RENUKA,-0.17122041767666707
2024-08-01,2024-11-14,48.810001373291016,40.08000183105469,-0.17885677723036106,105,RENUKA,-0.18145677723036105
2016-06-13,2016-12-08,657.7136840820312,622.8800659179688,-0.05296167467258897,178,SIEMENS,-0.05556167467258897
2017-03-20,2017-10-23,689.3350830078125,667.0003662109375,-0.03240037733089217,217,SIEMENS,-0.03500037733089217
2019-01-25,2020-03-26,574.5399780273438,620.5525512695312,0.08008593831915671,426,SIEMENS,0.0774859383191567
2020-10-16,2023-11-28,720.0422973632812,2114.15234375,1.9361502115803506,1138,SIEMENS,1.9335502115803507
2023-12-20,2025-01-23,2266.430419921875,3531.967529296875,0.5583833936621022,400,SIEMENS,0.5557833936621022
2025-10-16,2026-01-27,3103.748291015625,2879.848388671875,-0.07213855034310282,103,SIEMENS,-0.07473855034310282
2020-07-01,2022-04-08,3.1500000953674316,7.099999904632568,1.2539681554531474,646,SPTL,1.2513681554531475
2016-06-03,2016-11-08,278.0820007324219,248.1672821044922,-0.10757517045022431,158,SOBHA,-0.11017517045022432
2017-03-23,2018-06-25,333.7231750488281,456.0956726074219,0.3666886410890974,459,SOBHA,0.3640886410890974
2019-02-11,2019-10-24,435.5649719238281,411.6696472167969,-0.05486052884714081,255,SOBHA,-0.057460528847140806
2020-10-26,2022-04-18,282.1592712402344,656.8167114257812,1.3278225398681238,539,SOBHA,1.3252225398681239
2023-08-07,2024-11-28,597.6453247070312,1639.0322265625,1.742483139755108,479,SOBHA,1.739883139755108
2025-07-10,2026-01-29,1513.197509765625,1400.2603759765625,-0.07463476053866558,203,SOBHA,-0.07723476053866558
2016-05-25,2016-06-10,620.4339599609375,614.7191162109375,-0.009211042784247024,16,SOLARINDS,-0.011811042784247024
2016-11-02,2018-10-29,668.1351318359375,940.8012084960938,0.40810019361040006,726,SOLARINDS,0.4055001936104001
2019-05-21,2019-11-15,1079.218994140625,999.9185791015625,-0.07347944714613636,178,SOLARINDS,-0.07607944714613636
2020-02-05,2020-04-15,1245.8018798828125,884.4810180664062,-0.2900307566162882,70,SOLARINDS,-0.2926307566162882
2020-09-02,2023-05-15,1066.7406005859375,3731.08544921875,2.4976501758434484,985,SOLARINDS,2.4950501758434482
2023-08-29,2025-01-13,4884.41455078125,8911.7978515625,0.8245375692235377,503,SOLARINDS,0.8219375692235377
2025-04-30,2025-12-09,13156.34765625,12580.56640625,-0.043764520750291344,223,SOLARINDS,-0.04636452075029134
2016-05-16,2016-05-30,40.49286651611328,40.246543884277344,-0.0060831117435936185,14,SONATSOFTW,-0.008683111743593618
2016-06-14,2016-09-29,43.859291076660156,43.79087448120117,-0.001559911110724552,107,SONATSOFTW,-0.004159911110724552
2016-10-21,2017-05-22,42.70977783203125,42.09186553955078,-0.014467700930465862,213,SONATSOFTW,-0.017067700930465862
2017-11-15,2018-12-04,55.63127517700195,92.22783660888672,0.6578414986074925,384,SONATSOFTW,0.6552414986074925
2019-03-19,2019-09-20,98.04345703125,98.59373474121094,0.0056125898313188205,185,SONATSOFTW,0.0030125898313188206
2020-02-07,2020-03-25,109.59310913085938,57.52204132080078,-0.47513085652021486,47,SONATSOFTW,-0.47773085652021485
2020-08-27,2022-03-11,106.94285583496094,259.1836853027344,1.423571759694901,561,SONATSOFTW,1.420971759694901
2022-12-06,2024-05-30,280.67633056640625,497.05426025390625,0.770916198208977,541,SONATSOFTW,0.768316198208977
2016-07-08,2017-01-24,18.716434478759766,17.637435913085938,-0.057649792587275275,200,SOUTHBANK,-0.060249792587275273
2017-03-08,2018-03-09,18.750816345214844,23.183887481689453,0.23642016725346024,366,SOUTHBANK,0.23382016725346025
2019-05-10,2019-06-21,13.280327796936035,12.429630279541016,-0.06405696684620148,42,SOUTHBANK,-0.06665696684620148
2020-12-07,2021-11-16,8.613042831420898,8.757394790649414,0.01675969364762834,344,SOUTHBANK,0.014159693647628339
2022-09-22,2024-07-01,9.719746589660645,26.375261306762695,1.713574995341886,648,SOUTHBANK,1.710974995341886
2025-02-10,2025-02-21,24.85256004333496,23.71796417236328,-0.045653078354636514,11,SOUTHBANK,-0.04825307835463651
2019-05-20,2019-09-12,109.83820343017578,95.3729019165039,-0.13169645043281755,115,STARCEMENT,-0.13429645043281754
2020-07-30,2021-11-17,95.13060760498047,98.0073471069336,0.030239894124280943,475,STARCEMENT,0.027639894124280945
2022-09-15,2024-11-04,106.191162109375,202.6609344482422,0.9084538715143267,781,STARCEMENT,0.9058538715143266
2025-02-03,2025-12-26,205.4186248779297,224.7505340576172,0.09410981692227526,326,STARCEMENT,0.09150981692227525
2016-07-20,2017-10-11,207.6317901611328,228.18092346191406,0.09896910913706461,448,SBIN,0.0963691091370646
2017-11-21,2018-03-12,299.6942443847656,229.17796325683594,-0.2352940787124247,111,SBIN,-0.23789407871242468
2018-08-31,2019-09-20,280.6149597167969,273.4545593261719,-0.02551681634454358,385,SBIN,-0.028116816344543577
2019-12-24,2020-03-09,300.4193420410156,229.72177124023438,-0.23532962398649104,76,SBIN,-0.23792962398649103
2020-11-25,2022-06-15,220.25010681152344,419.3144836425781,0.9038105802209748,567,SBIN,0.9012105802209748
2022-08-12,2023-03-27,493.0324401855469,473.9410095214844,-0.038722463489172576,227,SBIN,-0.041322463489172574
2023-06-12,2025-01-21,548.025634765625,730.9334716796875,0.33375781224593076,589,SBIN,0.33115781224593077
2025-06-03,2026-07-15,795.4617309570312,1030.0999755859375,0.29497112871364617,407,SBIN,0.2923711287136462
2016-07-29,2017-10-11,39.230228424072266,45.74770736694336,0.16613410639413634,439,SAIL,0.16353410639413635
2017-10-31,2018-05-14,65.17481231689453,60.78804397583008,-0.06730772494955571,195,SAIL,-0.06990772494955572
2018-06-18,2018-07-03,72.6531982421875,67.26375579833984,-0.07418038812114085,15,SAIL,-0.07678038812114085
2020-01-27,2020-03-26,41.38392639160156,18.506044387817383,-0.5528204788327433,59,SAIL,-0.5554204788327434
2020-08-31,2021-12-31,32.68269348144531,97.03804779052734,1.969095795168106,487,SAIL,1.9664957951681061
2022-12-13,2024-09-24,80.45417022705078,132.2228240966797,0.6434551959647573,651,SAIL,0.6408551959647573
2017-01-09,2017-05-29,1004.5439453125,763.085205078125,-0.24036652787674756,140,STAR,-0.24296652787674755
2019-01-16,2019-06-17,493.51922607421875,387.909423828125,-0.21399328874415813,152,STAR,-0.21659328874415812
2020-01-31,2020-05-07,454.0154113769531,415.97705078125,-0.08378209118571353,97,STAR,-0.08638209118571354
2020-06-18,2021-07-07,394.268798828125,770.2753295898438,0.953680666284812,384,STAR,0.9510806662848119
2022-12-22,2023-02-24,359.18768310546875,293.54034423828125,-0.18276611909298512,64,STAR,-0.18536611909298512
2023-05-30,2025-01-13,352.0906982421875,612.4510498046875,0.7394695539028688,594,STAR,0.7368695539028688
2025-08-04,2026-03-20,834.3431396484375,899.4383544921875,0.07801971605013593,228,STAR,0.07541971605013592
2016-05-23,2017-12-27,106.93576049804688,353.40301513671875,2.304816026844205,583,SUDARSCHEM,2.3022160268442047
2018-01-04,2018-09-21,409.1863708496094,398.83477783203125,-0.025297990732400775,260,SUDARSCHEM,-0.027897990732400776
2019-09-26,2020-05-19,360.9377136230469,345.9901123046875,-0.04141324321118249,236,SUDARSCHEM,-0.04401324321118249
2020-08-24,2021-11-26,464.5806579589844,559.0902709960938,0.20342993497041623,459,SUDARSCHEM,0.20082993497041624
2023-05-26,2025-03-19,456.0356140136719,1003.9763793945312,1.201530644850979,663,SUDARSCHEM,1.198930644850979
2025-05-26,2025-12-05,1101.5277099609375,992.7000122070312,-0.09879705863937414,193,SUDARSCHEM,-0.10139705863937415
2016-07-28,2016-12-21,376.54998779296875,308.45001220703125,-0.18085241745746544,146,SPARC,-0.18345241745746543
2017-08-08,2018-05-02,368.1000061035156,412.6499938964844,0.12102685969649395,267,SPARC,0.11842685969649394
2019-12-31,2020-04-03,156.1999969482422,102.9000015258789,-0.341229170702382,94,SPARC,-0.343829170702382
2020-07-21,2021-03-26,165.8000030517578,148.25,-0.10585043865336495,248,SPARC,-0.10845043865336496
2021-05-27,2022-04-29,231.4499969482422,265.25,0.14603587598800577,337,SPARC,0.14343587598800578
2022-12-08,2023-01-13,240.8000030517578,204.4499969482422,-0.15095517293536959,36,SPARC,-0.15355517293536958
2023-08-03,2024-06-05,238.10000610351562,210.0,-0.11801766225616539,307,SPARC,-0.1206176622561654
2016-03-28,2016-05-03,741.6082763671875,731.5277709960938,-0.013592762772920642,36,SUNPHARMA,-0.016192762772920644
2018-01-24,2018-04-17,541.8306274414062,473.1028747558594,-0.12684360980125495,83,SUNPHARMA,-0.12944360980125494
2018-07-27,2018-12-12,514.57958984375,399.7573547363281,-0.22313795061768224,138,SUNPHARMA,-0.22573795061768223
2019-12-19,2020-03-19,404.35980224609375,338.5224609375,-0.16281870982943325,91,SUNPHARMA,-0.16541870982943324
2020-05-21,2023-06-19,438.13482666015625,971.4458618164062,1.2172304110622965,1124,SUNPHARMA,1.2146304110622965
2023-07-13,2025-03-11,1043.05810546875,1634.9359130859375,0.5674447133040568,607,SUNPHARMA,0.5648447133040567
2015-10-30,2016-03-30,300.3515625,288.3058776855469,-0.04010528433476395,152,SUNTV,-0.04270528433476395
2016-05-05,2018-06-29,276.1441650390625,623.5158081054688,1.2579358431030694,785,SUNTV,1.2553358431030694
2020-08-28,2022-01-25,414.30230712890625,423.04998779296875,0.021114245596852883,515,SUNTV,0.018514245596852885
2022-09-14,2023-02-27,480.52471923828125,395.73779296875,-0.17644654452726988,166,SUNTV,-0.17904654452726987
2023-07-28,2024-04-25,506.08502197265625,608.2711181640625,0.20191487942697375,272,SUNTV,0.19931487942697376
2024-05-30,2025-01-02,642.0879516601562,672.8965454101562,0.04798189044093191,217,SUNTV,0.04538189044093191
2026-03-02,2026-06-12,624.1971435546875,514.7000122070312,-0.17542075044446742,102,SUNTV,-0.1780207504444674
2016-06-22,2016-11-21,1088.012451171875,918.3248291015625,-0.15596110309909192,152,SUNDARMFIN,-0.1585611030990919
2017-03-21,2018-08-09,1187.7325439453125,1380.156494140625,0.16200949546783858,506,SUNDARMFIN,0.15940949546783859
2019-04-09,2020-03-19,1361.2139892578125,1083.59619140625,-0.2039486811349409,345,SUNDARMFIN,-0.2065486811349409
2020-10-23,2021-11-16,1323.313720703125,2317.568603515625,0.7513372432080702,389,SUNDARMFIN,0.7487372432080701
2022-09-15,2024-12-24,2168.46240234375,4332.1298828125,0.9977887917863748,831,SUNDARMFIN,0.9951887917863748
2025-03-20,2025-09-24,4791.029296875,4606.443359375,-0.03852740738204172,188,SUNDARMFIN,-0.041127407382041715
2026-01-06,2026-05-19,5251.8828125,4534.68798828125,-0.13655956346012812,133,SUNDARMFIN,-0.13915956346012812
2016-05-13,2018-11-01,149.44041442871094,499.672607421875,2.3436243423979453,902,SUNDRMFAST,2.341024342397945
2020-02-06,2020-03-13,462.95062255859375,347.5209655761719,-0.24933470516677492,36,SUNDRMFAST,-0.2519347051667749
2020-08-20,2022-05-10,448.280029296875,702.5911865234375,0.5673042308519706,628,SUNDRMFAST,0.5647042308519705
2022-09-14,2024-02-26,844.1956787109375,1075.2806396484375,0.27373388275377114,530,SUNDRMFAST,0.27113388275377115
2024-07-02,2024-12-20,1370.670654296875,1073.99365234375,-0.21644659935125993,171,SUNDRMFAST,-0.21904659935125992
2025-09-05,2025-12-05,1005.077880859375,937.838134765625,-0.06690003568306346,91,SUNDRMFAST,-0.06950003568306347
2016-07-14,2016-12-27,124.2252197265625,100.91332244873047,-0.18765833000050117,166,SUNTECK,-0.19025833000050116
2017-02-15,2018-07-18,118.45820617675781,377.89044189453125,2.1900739855089544,518,SUNTECK,2.187473985508954
2018-08-24,2018-11-07,506.3011779785156,335.41754150390625,-0.33751380385265595,75,SUNTECK,-0.34011380385265594
2019-04-05,2019-11-14,463.857666015625,398.64117431640625,-0.14059591223188264,223,SUNTECK,-0.14319591223188263
2020-10-14,2021-05-17,250.32113647460938,251.99420166015625,0.006683675254552776,215,SUNTECK,0.004083675254552776
2021-07-28,2022-05-23,372.01251220703125,435.07623291015625,0.16952042910865583,299,SUNTECK,0.16692042910865584
2022-07-25,2022-09-30,508.7409973144531,415.3742980957031,-0.1835250151090929,67,SUNTECK,-0.18612501510909288
2023-08-22,2024-05-10,361.43408203125,410.505859375,0.1357696459281535,262,SUNTECK,0.1331696459281535
2024-06-11,2025-01-03,525.2725219726562,502.60333251953125,-0.04315700613462715,206,SUNTECK,-0.045757006134627146
2025-10-27,2026-01-16,434.3999938964844,417.0,-0.04005523513112829,81,SUNTECK,-0.04265523513112829
2016-05-18,2018-03-21,146.225341796875,261.33221435546875,0.7871882612419628,672,SUPRAJIT,0.7845882612419628
2019-05-17,2019-06-11,189.4434356689453,198.40103149414062,0.047283748806418495,25,SUPRAJIT,0.0446837488064185
2020-02-03,2020-03-27,184.5525360107422,113.33341979980469,-0.38590158526346163,53,SUPRAJIT,-0.3885015852634616
2020-08-27,2022-03-30,182.52288818359375,339.938720703125,0.8624443437537097,580,SUPRAJIT,0.8598443437537097
2023-02-02,2023-02-09,314.1052551269531,325.9471435546875,0.037700383022717,7,SUPRAJIT,0.035100383022717
2023-02-15,2023-11-30,338.52313232421875,374.8337707519531,0.10726191199530215,288,SUPRAJIT,0.10466191199530214
2024-03-01,2025-01-03,426.70245361328125,451.83929443359375,0.058909529597160275,308,SUPRAJIT,0.05630952959716028
2025-07-15,2026-02-23,463.6629943847656,417.8999938964844,-0.09869884170722783,223,SUPRAJIT,-0.10129884170722783
2016-01-07,2017-01-06,620.8384399414062,819.0240478515625,0.3192225145222333,365,SUPREMEIND,0.31662251452223333
2017-02-06,2018-07-30,893.6082763671875,1096.1370849609375,0.2266415989532868,539,SUPREMEIND,0.22404159895328682
2019-04-18,2020-04-21,1051.5689697265625,927.6992797851562,-0.11779511711306569,369,SUPREMEIND,-0.12039511711306569
2020-08-05,2022-02-11,1228.9617919921875,1894.82421875,0.5418088919415693,555,SUPREMEIND,0.5392088919415693
2022-10-03,2024-04-02,2025.4002685546875,4003.869873046875,0.9768289434976775,547,SUPREMEIND,0.9742289434976774
2024-05-07,2024-11-25,5137.03564453125,4538.8212890625,-0.11645127596215785,202,SUPREMEIND,-0.11905127596215785
2025-07-17,2025-12-02,4223.62548828125,3308.703125,-0.21662014442799613,138,SUPREMEIND,-0.21922014442799612
2016-05-17,2016-11-16,6.52091121673584,5.271701335906982,-0.19156983423156804,183,SUVEN,-0.19416983423156803
2017-04-10,2017-08-30,6.24444055557251,5.613601207733154,-0.1010241577648453,142,SUVEN,-0.1036241577648453
2017-10-17,2019-01-29,7.644384384155273,7.842839241027832,0.025960868383842844,469,SUVEN,0.023360868383842846
2019-03-13,2021-09-16,11.61594295501709,79.18541717529297,5.816959887108577,918,SUVEN,5.814359887108576
2021-10-07,2022-01-18,109.40393829345703,86.3254623413086,-0.2109473965209958,103,SUVEN,-0.2135473965209958
2023-07-18,2025-02-24,63.349998474121094,115.2300033569336,0.8189424803854705,587,SUVEN,0.8163424803854704
2025-05-21,2025-12-03,211.77000427246094,173.0500030517578,-0.18283987552310005,196,SUVEN,-0.18543987552310004
2016-08-19,2016-10-03,15.150529861450195,13.910941123962402,-0.0818181772402474,45,SUZLON,-0.0844181772402474
2017-03-01,2017-09-13,16.390119552612305,15.701457977294922,-0.042016873220892516,196,SUZLON,-0.044616873220892514
2019-04-26,2019-06-21,6.61113977432251,4.177873134613037,-0.36805554303362564,56,SUZLON,-0.37065554303362563
2020-06-10,2020-11-05,4.131961822509766,2.8005518913269043,-0.3222222247867138,148,SUZLON,-0.3248222247867138
2020-12-17,2022-06-30,4.22378396987915,6.289764881134033,0.48913034520418286,560,SUZLON,0.48653034520418287
2022-11-15,2022-11-17,8.199999809265137,8.0,-0.024390221209414906,2,SUZLON,-0.026990221209414904
2022-12-01,2023-04-21,9.050000190734863,7.949999809265137,-0.1215470009156327,141,SUZLON,-0.1241470009156327
2023-06-07,2025-01-31,14.449999809265137,58.16999816894531,3.0256054627521536,604,SUZLON,3.0230054627521534
2025-07-02,2025-10-06,64.79000091552734,54.11000061035156,-0.16484025550640563,96,SUZLON,-0.16744025550640562
2016-01-05,2016-10-07,1034.4534912109375,1067.7391357421875,0.03217703339401525,276,SYMPHONY,0.029577033394015254
2016-10-26,2017-01-20,1264.698486328125,1091.125732421875,-0.1372443754639054,86,SYMPHONY,-0.13984437546390538
2017-01-30,2017-10-04,1237.8355712890625,1225.1397705078125,-0.01025645172567532,247,SYMPHONY,-0.01285645172567532
2017-11-02,2018-06-21,1440.752197265625,1300.6844482421875,-0.097218487182785,231,SYMPHONY,-0.099818487182785
2019-02-28,2019-10-23,1194.7042236328125,1134.4852294921875,-0.05040493952345235,237,SYMPHONY,-0.053004939523452345
2020-03-02,2020-03-25,1215.2357177734375,678.5808715820312,-0.4416055571298288,23,SYMPHONY,-0.4442055571298288
2020-12-29,2021-08-05,958.4335327148438,882.95458984375,-0.07875240201299435,219,SYMPHONY,-0.08135240201299436
2022-03-23,2022-06-24,1057.9097900390625,800.5227661132812,-0.24329770491704916,93,SYMPHONY,-0.24589770491704915
2023-01-31,2023-06-08,921.2891845703125,843.9794921875,-0.08391468572256125,128,SYMPHONY,-0.08651468572256125
2024-01-25,2025-01-29,895.665771484375,1250.959228515625,0.39668084718971325,370,SYMPHONY,0.39408084718971326
2017-11-14,2018-10-26,247.98281860351562,282.1291809082031,0.13769648436524146,346,SYNGENE,0.13509648436524146
2019-04-01,2020-01-22,290.16107177734375,306.88226318359375,0.05762727337553079,296,SYNGENE,0.05502727337553079
2020-06-09,2021-12-07,361.3874206542969,569.4573974609375,0.5757532357654482,546,SYNGENE,0.5731532357654482
2022-01-19,2022-01-31,587.9722900390625,564.4573974609375,-0.039993198619211745,12,SYNGENE,-0.04259319861921174
2022-09-09,2022-09-28,567.19970703125,541.857421875,-0.044679651350478855,19,SYNGENE,-0.04727965135047885
2022-11-02,2023-03-23,638.1679077148438,574.5394897460938,-0.09970482250759224,141,SYNGENE,-0.10230482250759225
2023-04-25,2023-12-22,620.661376953125,700.5685424804688,0.12874518778599411,241,SYNGENE,0.12614518778599412
2024-07-30,2025-02-18,789.9280395507812,697.0714111328125,-0.11755074357250915,203,SYNGENE,-0.12015074357250916
2018-11-01,2019-08-08,540.149169921875,541.0315551757812,0.0016335955010981034,280,TTKPRESTIG,-0.0009664044989018965
2020-08-21,2022-03-02,558.7754516601562,763.1959228515625,0.3658365280437078,558,TTKPRESTIG,0.3632365280437078
2022-09-08,2023-01-02,961.7516479492188,772.2534790039062,-0.1970344104420169,116,TTKPRESTIG,-0.19963441044201688
2023-08-25,2024-02-23,757.9810791015625,739.56982421875,-0.024289860776782742,182,TTKPRESTIG,-0.026889860776782744
2024-07-15,2025-01-23,863.1398315429688,732.6541137695312,-0.1511756415413922,192,TTKPRESTIG,-0.1537756415413922
2025-10-21,2026-01-14,637.8146362304688,585.677490234375,-0.08174341420608988,85,TTKPRESTIG,-0.08434341420608989
2016-10-13,2016-12-30,213.7208251953125,171.37091064453125,-0.19815530148771904,78,TVTODAY,-0.20075530148771903
2017-09-26,2018-08-06,247.17237854003906,276.82244873046875,0.11995705331462318,314,TVTODAY,0.11735705331462318
2019-10-30,2020-01-02,230.13458251953125,179.3695831298828,-0.22058831329854595,64,TVTODAY,-0.22318831329854594
2020-09-09,2022-06-02,172.0388641357422,196.88990783691406,0.1444501730816119,631,TVTODAY,0.1418501730816119
2023-08-10,2024-11-08,197.64390563964844,195.01760864257812,-0.013288024179499229,456,TVTODAY,-0.01588802417949923
2015-11-19,2018-04-05,276.2016296386719,621.5756225585938,1.250441546531574,868,TVSMOTOR,1.247841546531574
2019-12-10,2020-03-30,420.3898010253906,284.60406494140625,-0.3229995964525867,111,TVSMOTOR,-0.3255995964525867
2020-08-24,2021-09-08,436.2374572753906,534.3466186523438,0.22489852657246298,380,TVSMOTOR,0.222298526572463
2021-11-12,2025-01-14,712.7066040039062,2218.017578125,2.1121047085356364,1159,TVSMOTOR,2.109504708535636
2025-05-19,2026-05-25,2815.260009765625,3469.5,0.23239060973584516,371,TVSMOTOR,0.22979060973584517
2016-07-04,2016-11-28,175.682373046875,124.43135833740234,-0.29172542367581766,147,TAKE,-0.29432542367581765
2017-07-10,2018-10-08,166.145751953125,167.88629150390625,0.010475979856965056,455,TAKE,0.007875979856965056
2021-01-21,2021-09-22,59.5,50.099998474121094,-0.15798321892233455,244,TAKE,-0.16058321892233454
2023-09-20,2024-05-16,22.799999237060547,21.799999237060547,-0.043859650590449904,239,TAKE,-0.0464596505904499
2025-10-06,2026-06-30,13.289999961853027,25.290000915527344,0.9029346115965793,267,TAKE,0.9003346115965792
2017-08-07,2018-04-17,284.4892883300781,284.6579284667969,0.0005927820260251262,253,TNPL,-0.002007217973974874
2019-11-01,2019-12-18,168.54519653320312,146.41958618164062,-0.13127404878135338,47,TNPL,-0.13387404878135337
2020-12-11,2021-09-30,106.58677673339844,123.81346893310547,0.16162128856561184,293,TNPL,0.15902128856561185
2022-04-04,2023-03-16,165.7066650390625,193.44757080078125,0.16740971617031403,346,TNPL,0.16480971617031404
2023-09-13,2024-05-16,254.94305419921875,262.375,0.029151395491534927,246,TNPL,0.02655139549153493
2025-07-17,2025-12-16,167.45266723632812,144.17999267578125,-0.13898061431115843,152,TNPL,-0.14158061431115843
2016-05-30,2018-07-26,134.76158142089844,251.6126708984375,0.8670949705805258,787,TATACHEM,0.8644949705805257
2018-08-20,2018-12-10,262.7398376464844,245.3396453857422,-0.0662259382383957,112,TATACHEM,-0.06882593823839571
2018-12-19,2019-02-06,265.7830505371094,221.9463653564453,-0.1649340885059315,49,TATACHEM,-0.1675340885059315
2019-11-01,2020-04-23,247.97567749023438,233.4356231689453,-0.058635001901997705,174,TATACHEM,-0.0612350019019977
2020-06-19,2022-06-30,278.44805908203125,748.6292114257812,1.6885775892775532,741,TATACHEM,1.6859775892775533
2022-08-30,2023-01-18,1065.8778076171875,942.6395263671875,-0.11562139709569909,141,TATACHEM,-0.1182213970956991
2023-08-02,2023-12-08,1000.1993408203125,957.411865234375,-0.042778947995352,128,TATACHEM,-0.045378947995352
2024-01-02,2025-01-13,1077.9466552734375,924.5087890625,-0.14234272675767584,377,TATACHEM,-0.14494272675767583
2025-08-08,2025-12-01,931.9710083007812,783.35595703125,-0.15946316993325152,115,TATACHEM,-0.1620631699332515
2016-05-17,2016-11-01,997.5128784179688,926.380615234375,-0.07130961887570594,168,TCS,-0.07390961887570595
2017-03-30,2020-03-17,964.9974365234375,1403.7989501953125,0.45471780241482285,1083,TCS,0.45211780241482286
2020-07-09,2022-05-06,1885.5462646484375,2992.8662109375,0.5872674497835902,666,TCS,0.5846674497835902
2023-01-04,2023-05-18,2924.72314453125,2887.604736328125,-0.012691255332160346,134,TCS,-0.015291255332160346
2023-06-06,2025-02-21,2916.888671875,3590.885009765625,0.23106687080291433,626,TCS,0.22846687080291433
2026-01-21,2026-02-16,3064.027099609375,2655.830322265625,-0.1332223130127635,26,TCS,-0.13582231301276348
2016-05-17,2016-05-19,850.4721069335938,828.8992309570312,-0.025365765438615313,2,TATAELXSI,-0.027965765438615314
2017-04-06,2018-11-07,694.5795288085938,958.4592895507812,0.37991295423695853,580,TATAELXSI,0.37731295423695854
2019-12-24,2020-05-07,775.4480590820312,727.1437377929688,-0.06229214287575204,135,TATAELXSI,-0.06489214287575204
2020-06-29,2022-11-15,827.3441772460938,6682.3515625,7.076870238868355,869,TATAELXSI,7.074270238868355
2023-06-20,2024-04-01,7417.1513671875,7451.10302734375,0.004577452781461043,286,TATAELXSI,0.0019774527814610428
2024-10-14,2024-11-22,7356.853515625,6398.0390625,-0.13032942019147217,39,TATAELXSI,-0.13292942019147216
2025-07-21,2025-08-21,6089.2998046875,5559.30419921875,-0.08703720008345839,31,TATAELXSI,-0.0896372000834584
2016-06-17,2018-03-19,42.58546829223633,63.29060745239258,0.4862019836924269,640,TATAINVEST,0.4836019836924269
2018-08-20,2018-09-03,71.02520751953125,70.23202514648438,-0.0111676178183465,14,TATAINVEST,-0.0137676178183465
2018-12-26,2019-08-28,76.3204116821289,68.40176391601562,-0.10375530728390321,245,TATAINVEST,-0.10635530728390322
2020-01-30,2020-04-09,81.95814514160156,60.753997802734375,-0.2587192194531995,70,TATAINVEST,-0.26131921945319947
2020-08-31,2022-07-11,74.05419921875,134.30091857910156,0.8135489951405419,679,TATAINVEST,0.8109489951405419
2022-08-03,2023-04-21,141.79214477539062,208.5269317626953,0.4706522148530695,261,TATAINVEST,0.4680522148530695
2023-06-16,2025-01-24,239.30307006835938,605.9742431640625,1.532246004996759,588,TATAINVEST,1.529646004996759
2025-07-03,2026-01-23,678.9981689453125,600.7019653320312,-0.11531136193621656,204,TATAINVEST,-0.11791136193621657
2016-05-13,2017-09-28,60.615657806396484,68.83190155029297,0.1355465574610899,503,TATAPOWER,0.1329465574610899
2017-11-06,2018-04-04,76.1383285522461,73.99986267089844,-0.028086588213980055,149,TATAPOWER,-0.030686588213980057
2018-12-26,2019-02-20,68.91442108154297,60.70275115966797,-0.11915749697960233,56,TATAPOWER,-0.12175749697960234
2020-08-12,2022-07-06,50.55476760864258,208.52101135253906,3.124655719253893,693,TATAPOWER,3.122055719253893
2022-09-15,2022-10-10,239.11708068847656,214.7084503173828,-0.10207815477177679,25,TATAPOWER,-0.10467815477177679
2023-07-04,2024-12-23,217.00308227539062,395.1118469238281,0.8207660590848485,538,TATAPOWER,0.8181660590848484
2025-07-09,2025-12-31,398.1826171875,377.26226806640625,-0.05253958414574029,175,TATAPOWER,-0.055139584145740286
2026-04-21,2026-08-05,433.3646240234375,383.0,-0.116217663444337,106,TATAPOWER,-0.118817663444337
2016-03-15,2018-04-16,21.65115737915039,46.570587158203125,1.150951394545292,762,TATASTEEL,1.1483513945452921
2020-01-16,2020-03-24,40.648170471191406,22.354846954345703,-0.45004051362682457,68,TATASTEEL,-0.45264051362682456
2020-08-27,2022-01-07,36.00405502319336,100.0637435913086,1.779235381316043,498,TATASTEEL,1.7766353813160431
2022-04-20,2022-05-25,113.33544921875,86.15821838378906,-0.23979461873844843,35,TATASTEEL,-0.24239461873844842
2022-12-27,2023-04-28,101.0232162475586,98.1147689819336,-0.0287898898258972,122,TATASTEEL,-0.0313898898258972
2023-06-21,2024-10-29,103.52267456054688,143.67723083496094,0.3878817509774541,496,TATASTEEL,0.3852817509774541
2017-05-09,2018-10-17,1118.75,2405.64990234375,1.1503015886871508,526,TEAMLEASE,1.1477015886871509
2018-11-30,2019-08-20,2835.5,2438.39990234375,-0.1400458817338212,263,TEAMLEASE,-0.1426458817338212
2019-11-07,2019-11-19,2871.14990234375,2556.89990234375,-0.1094509206027433,12,TEAMLEASE,-0.11205092060274331
2020-09-14,2022-02-28,2423.75,4105.4501953125,0.6938422672769469,532,TEAMLEASE,0.6912422672769468
2022-03-08,2022-03-10,3907.300048828125,3740.449951171875,-0.04270214612934361,2,TEAMLEASE,-0.04530214612934361
2023-08-29,2024-11-01,2337.0,2774.64990234375,0.1872699624919769,430,TEAMLEASE,0.1846699624919769
2016-07-01,2016-09-19,359.7393493652344,336.2265930175781,-0.06536053503500484,80,TECHM,-0.06796053503500485
2017-01-24,2017-05-02,338.6045227050781,301.31414794921875,-0.11012958261144963,98,TECHM,-0.11272958261144964
2017-10-11,2019-07-15,344.6620178222656,511.38568115234375,0.4837308862273699,642,TECHM,0.48113088622736994
2019-11-27,2020-04-07,591.55419921875,429.54217529296875,-0.2738751988232798,132,TECHM,-0.2764751988232798
2020-09-04,2022-04-21,589.2607421875,1113.676513671875,0.8899553863669886,594,TECHM,0.8873553863669885
2023-02-24,2025-03-26,994.3797607421875,1341.6094970703125,0.3491922804914682,761,TECHM,0.34659228049146823
2025-07-10,2025-08-07,1543.410888671875,1429.4949951171875,-0.07380788511393334,28,TECHM,-0.07640788511393334
2025-08-12,2025-08-19,1455.827880859375,1443.6741943359375,-0.008348299055973004,7,TECHM,-0.010948299055973004
2025-12-19,2026-03-25,1571.6571044921875,1372.82421875,-0.12651161959811308,96,TECHM,-0.12911161959811307
2019-12-30,2020-03-20,129.42124938964844,85.30690002441406,-0.340858626950968,81,NIACL,-0.343458626950968
2020-12-24,2021-12-01,126.69104766845703,138.80931091308594,0.09565208803341561,342,NIACL,0.09305208803341561
2022-12-19,2024-10-17,128.76206970214844,205.00448608398438,0.5921185995083753,668,NIACL,0.5895185995083753
2025-07-15,2025-12-19,181.92587280273438,154.46775817871094,-0.1509302343916568,157,NIACL,-0.15353023439165678
2019-03-28,2020-03-24,693.1615600585938,481.2729797363281,-0.30568426256117615,362,RAMCOCEM,-0.30828426256117614
2020-09-03,2021-12-01,709.8825073242188,934.2870483398438,0.31611504537769175,454,RAMCOCEM,0.31351504537769176
2022-11-07,2022-11-15,733.8417358398438,660.0206909179688,-0.10059532092078498,8,RAMCOCEM,-0.10319532092078498
2023-02-08,2024-03-11,725.154052734375,806.6092529296875,0.11232813205437557,397,RAMCOCEM,0.10972813205437557
2024-10-24,2025-03-20,843.3447875976562,847.4876708984375,0.004912443121374625,147,RAMCOCEM,0.0023124431213746247
2025-04-21,2026-01-20,980.3084716796875,1062.4000244140625,0.08374053178762912,274,RAMCOCEM,0.08114053178762912
2026-01-21,2026-04-08,1083.300048828125,993.25,-0.08312567596164876,77,RAMCOCEM,-0.08572567596164876
2016-07-28,2017-01-10,838.32763671875,759.3770141601562,-0.0941763328566977,166,THERMAX,-0.0967763328566977
2017-03-17,2017-09-13,860.5800170898438,857.473876953125,-0.0036093565677048156,180,THERMAX,-0.0062093565677048155
2017-10-30,2018-07-09,950.6527099609375,969.708740234375,0.02004520691285939,252,THERMAX,0.01744520691285939
2019-01-09,2019-03-26,1092.87353515625,951.2224731445312,-0.12961340672547866,76,THERMAX,-0.13221340672547865
2019-07-16,2020-02-26,1036.693115234375,911.7564697265625,-0.12051458977767678,225,THERMAX,-0.12311458977767678
2020-12-01,2022-12-21,875.2957153320312,1886.6600341796875,1.155454438005571,750,THERMAX,1.152854438005571
2023-04-06,2025-01-01,2276.272705078125,3901.708251953125,0.714077686407619,636,THERMAX,0.711477686407619
2016-07-29,2017-01-06,67.78644561767578,68.76506042480469,0.01443673286321013,161,THOMASCOOK,0.011836732863210131
2017-03-17,2018-09-14,74.86332702636719,87.6195297241211,0.17039321126165174,546,THOMASCOOK,0.16779321126165175
2019-05-08,2019-07-11,87.24003601074219,69.001708984375,-0.20905914142586363,64,THOMASCOOK,-0.21165914142586362
2020-11-27,2022-02-07,46.793582916259766,63.975990295410156,0.3671958056706077,437,THOMASCOOK,0.36459580567060773
2022-04-05,2022-06-24,78.4844741821289,60.658348083496094,-0.22712933079306866,80,THOMASCOOK,-0.22972933079306865
2022-09-05,2023-02-27,74.3250503540039,60.80690383911133,-0.18187874008166552,175,THOMASCOOK,-0.1844787400816655
2023-07-11,2024-11-11,76.15717315673828,195.35418701171875,1.5651449353255582,489,THOMASCOOK,1.5625449353255583
2025-07-25,2025-12-12,170.0111083984375,139.19000244140625,-0.18128877722977374,140,THOMASCOOK,-0.18388877722977373
2018-10-01,2018-11-15,179.55006408691406,152.29347229003906,-0.1518049683551269,45,THYROCARE,-0.1544049683551269
2019-10-23,2020-05-13,149.18492126464844,149.35983276367188,0.0011724475740624689,203,THYROCARE,-0.001427552425937531
2020-07-31,2021-12-13,204.8697052001953,323.6753845214844,0.5799084799052847,500,THYROCARE,0.5773084799052847
2023-08-07,2025-03-04,181.05467224121094,217.73629760742188,0.20259971704757593,575,THYROCARE,0.19999971704757594
2025-06-05,2026-03-19,321.0084533691406,354.1898498535156,0.1033661143067107,287,THYROCARE,0.10076611430671069
2016-08-08,2018-03-23,31.516050338745117,71.09452056884766,1.2558194889492758,592,TIMETECHNO,1.2532194889492758
2020-10-14,2021-11-09,18.965612411499023,34.99237060546875,0.8450430097502445,391,TIMETECHNO,0.8424430097502444
2022-02-16,2022-02-23,37.815120697021484,34.870704650878906,-0.07786345757649521,7,TIMETECHNO,-0.08046345757649521
2022-03-11,2022-03-16,35.162715911865234,34.530025482177734,-0.01799321847815533,5,TIMETECHNO,-0.02059321847815533
2022-04-28,2022-12-22,46.55105209350586,41.68980407714844,-0.10442831682069746,238,TIMETECHNO,-0.10702831682069747
2023-06-23,2025-03-20,58.48357391357422,185.995361328125,2.1803008756439026,636,TIMETECHNO,2.1777008756439025
2025-07-16,2025-12-12,223.7962646484375,186.8300018310547,-0.1651781939946731,149,TIMETECHNO,-0.16777819399467309
2016-06-16,2018-04-11,523.333984375,658.0849609375,0.2574856221566205,664,TIMKEN,0.25488562215662053
2019-05-30,2020-05-19,642.4189453125,703.4202270507812,0.09495560830418477,355,TIMKEN,0.09235560830418477
2020-06-29,2023-03-23,888.073974609375,2732.081298828125,2.0764118496208024,997,TIMKEN,2.0738118496208022
2023-06-12,2023-10-26,3431.77294921875,2906.870361328125,-0.15295376345049871,136,TIMKEN,-0.1555537634504987
2024-01-31,2024-02-20,3348.2158203125,2771.96142578125,-0.17210790028387904,20,TIMKEN,-0.17470790028387903
2024-05-23,2024-11-27,3809.42724609375,3299.70458984375,-0.13380558895636557,188,TIMKEN,-0.13640558895636556
2025-07-04,2026-02-05,3272.65673828125,3178.53271484375,-0.02876073812951508,216,TIMKEN,-0.03136073812951508
2015-12-24,2016-02-26,335.99298095703125,316.349853515625,-0.05846291010441771,64,TITAN,-0.06106291010441771
2016-05-02,2016-11-28,354.5625305175781,295.6375732421875,-0.16619059320615184,210,TITAN,-0.16879059320615183
2017-03-03,2018-09-12,424.1924133300781,804.369384765625,0.89623708366448,558,TITAN,0.8936370836644799
2019-01-01,2020-01-14,903.2062377929688,1141.0748291015625,0.2633602175842341,378,TITAN,0.2607602175842341
2020-02-06,2020-03-25,1231.2188720703125,861.158935546875,-0.3005638923493565,48,TITAN,-0.3031638923493565
2020-09-09,2022-06-06,1139.5780029296875,2162.97412109375,0.8980483262515261,635,TITAN,0.895448326251526
2022-09-13,2023-03-10,2671.18701171875,2345.328857421875,-0.12199001899429147,178,TITAN,-0.12459001899429148
2023-05-15,2024-06-14,2744.2470703125,3496.506591796875,0.27412237390079885,396,TITAN,0.27152237390079886
2024-09-26,2024-11-18,3734.023193359375,3152.437744140625,-0.15575303609603913,53,TITAN,-0.15835303609603912
2016-08-05,2016-12-15,674.006591796875,580.0199584960938,-0.1394446796880971,132,TORNTPHARM,-0.1420446796880971
2017-12-20,2019-06-06,611.4812622070312,693.0159912109375,0.13333970154640776,533,TORNTPHARM,0.13073970154640777
2019-11-07,2021-03-12,832.1240234375,1153.019287109375,0.3856339375304397,491,TORNTPHARM,0.3830339375304397
2021-06-11,2022-02-23,1349.1246337890625,1301.6046142578125,-0.035222853649768744,257,TORNTPHARM,-0.03782285364976874
2022-07-26,2023-03-15,1406.81494140625,1489.747802734375,0.058950796502932674,232,TORNTPHARM,0.056350796502932676
2023-05-08,2025-03-10,1612.9864501953125,3038.363525390625,0.8836881890872159,672,TORNTPHARM,0.8810881890872159
2017-02-08,2017-07-18,167.8083038330078,146.15756225585938,-0.12902068063743666,160,TORNTPOWER,-0.13162068063743665
2017-09-11,2018-05-09,182.9193572998047,196.1439208984375,0.07229723411370707,240,TORNTPOWER,0.06969723411370707
2018-11-09,2019-06-24,221.69290161132812,203.71405029296875,-0.08109800172979777,227,TORNTPOWER,-0.08369800172979777
2019-06-25,2020-11-13,228.620849609375,264.3589172363281,0.1563202467667132,507,TORNTPOWER,0.1537202467667132
2021-01-12,2022-04-01,294.3183898925781,459.1119689941406,0.5599160119138655,444,TORNTPOWER,0.5573160119138655
2022-05-09,2022-05-10,444.3107604980469,428.1390380859375,-0.036397323337345695,1,TORNTPOWER,-0.03899732333734569
2022-08-26,2023-01-27,526.58544921875,401.9171142578125,-0.23674853748028415,154,TORNTPOWER,-0.23934853748028415
2023-04-12,2025-01-09,511.0136413574219,1375.3294677734375,1.6913752519797824,638,TORNTPOWER,1.6887752519797825
2015-11-05,2018-07-09,137.6284942626953,317.5614929199219,1.3073818733625282,977,TRENT,1.3047818733625283
2018-08-13,2018-11-22,358.8893127441406,318.91357421875,-0.11138737517628486,101,TRENT,-0.11398737517628486
2019-01-15,2020-05-14,353.9791564941406,447.3901062011719,0.26388827701660866,485,TRENT,0.26128827701660867
2020-07-17,2022-07-04,618.6337280273438,1114.3038330078125,0.8012335611914131,717,TRENT,0.798633561191413
2022-07-27,2023-02-17,1250.0294189453125,1355.9091796875,0.08470181512329641,205,TRENT,0.08210181512329641
2023-05-16,2025-02-18,1494.972900390625,4987.49609375,2.3361782627944665,644,TRENT,2.3335782627944663
2016-10-03,2018-02-01,4.075399398803711,6.232748031616211,0.5293588239341072,486,TRIDENT,0.5267588239341071
2018-11-13,2019-07-12,5.851463317871094,5.165176868438721,-0.11728458543632483,241,TRIDENT,-0.11988458543632484
2019-12-03,2020-03-19,6.325952053070068,3.3583741188049316,-0.4691116703650847,107,TRIDENT,-0.4717116703650847
2020-07-06,2022-06-23,6.172147750854492,35.9029655456543,4.816932289199294,717,TRIDENT,4.814332289199294
2023-07-11,2024-05-27,31.776077270507812,35.98103332519531,0.1323308732821539,321,TRIDENT,0.1297308732821539
2025-07-14,2025-09-11,30.55631446838379,28.498979568481445,-0.06732928809300745,59,TRIDENT,-0.06992928809300746
2025-11-14,2025-12-01,27.636857986450195,27.50950050354004,-0.004608247542922466,17,TRIDENT,-0.007208247542922466
2016-06-07,2017-02-02,104.34478759765625,112.35252380371094,0.07674303997753841,240,TRITURBINE,0.0741430399775384
2017-02-07,2017-10-17,118.25092315673828,121.58685302734375,0.028210603194900957,252,TRITURBINE,0.02561060319490096
2018-09-04,2018-10-22,114.56780242919922,94.96311950683594,-0.17111860842821536,48,TRITURBINE,-0.17371860842821535
2018-12-20,2019-02-20,115.7632064819336,96.06290435791016,-0.17017757820225837,62,TRITURBINE,-0.17277757820225836
2020-11-23,2022-06-21,71.26485443115234,153.37539672851562,1.152188451836224,575,TRITURBINE,1.149588451836224
2022-09-12,2025-02-21,215.31761169433594,583.3114624023438,1.7090745518318793,893,TRITURBINE,1.7064745518318793
2018-09-05,2019-09-18,296.1115417480469,337.5636901855469,0.13998829019900375,378,TIINDIA,0.13738829019900375
2019-11-08,2020-04-28,431.1238708496094,335.80633544921875,-0.22109083223007295,172,TIINDIA,-0.22369083223007294
2020-08-03,2023-05-24,517.398193359375,2674.749267578125,4.169614625461776,1024,TIINDIA,4.167014625461776
2023-06-05,2024-12-23,2879.828857421875,3611.679931640625,0.25413005787917864,567,TIINDIA,0.25153005787917865
2025-09-22,2025-12-19,3345.44189453125,2631.236083984375,-0.21348623980418788,88,TIINDIA,-0.21608623980418787
2016-08-04,2016-11-07,42.34537887573242,31.867673873901367,-0.24743443747614427,95,UCOBANK,-0.2500344374761443
2017-05-04,2017-07-17,42.200531005859375,32.881649017333984,-0.22082380876277366,74,UCOBANK,-0.22342380876277365
2019-01-04,2019-03-25,21.00369644165039,17.720359802246094,-0.15632184784833544,80,UCOBANK,-0.15892184784833543
2020-01-20,2020-02-14,15.69241714477539,13.616189002990723,-0.13230773325930378,25,UCOBANK,-0.13490773325930377
2020-08-10,2020-10-12,13.2781982421875,11.491677284240723,-0.13454543495748103,63,UCOBANK,-0.13714543495748102
2021-02-02,2021-04-07,12.602217674255371,10.960549354553223,-0.13026820851189194,64,UCOBANK,-0.13286820851189193
2021-06-25,2022-01-19,14.050748825073242,12.747071266174316,-0.09278349325927333,208,UCOBANK,-0.09538349325927334
2022-10-24,2024-09-27,12.071089744567871,47.39061737060547,2.925960155497294,704,UCOBANK,2.923360155497294
2016-05-11,2018-03-08,174.3345947265625,331.5976257324219,0.9020758688344144,666,UFLEX,0.8994758688344143
2020-07-15,2022-12-26,237.13534545898438,528.966552734375,1.2306525065276135,894,UFLEX,1.2280525065276136
2023-10-26,2024-03-28,419.3158264160156,398.8409118652344,-0.04882933879645049,154,UFLEX,-0.05142933879645049
2024-06-27,2025-01-07,512.4148559570312,519.3629150390625,0.013559441146674877,194,UFLEX,0.010959441146674877
2025-06-16,2025-11-18,605.02587890625,513.0228271484375,-0.15206465535678113,155,UFLEX,-0.15466465535678112
2016-05-06,2017-11-16,354.8005065917969,444.7171325683594,0.2534286854331155,559,UPL,0.2508286854331155
2018-11-22,2019-09-19,478.939453125,522.7153930664062,0.09140182471035858,301,UPL,0.08880182471035858
2020-09-07,2022-02-24,465.1996154785156,601.8338623046875,0.2937110055123897,535,UPL,0.2911110055123897
2022-04-26,2022-07-04,773.2085571289062,622.9642333984375,-0.19431280518720465,69,UPL,-0.19691280518720464
2022-12-14,2023-04-13,753.22119140625,710.877197265625,-0.05621721032777841,120,UPL,-0.05881721032777841
2024-07-18,2024-12-30,547.3285522460938,491.4519348144531,-0.102089717779819,165,UPL,-0.104689717779819
2025-02-13,2026-03-19,618.0565795898438,605.9346923828125,-0.01961290860308551,399,UPL,-0.02221290860308551
2016-04-04,2017-01-04,2982.56591796875,3114.00341796875,0.04406859852053642,275,ULTRACEMCO,0.04146859852053642
2017-03-14,2018-04-04,3771.959228515625,3669.94482421875,-0.027045468446651427,386,ULTRACEMCO,-0.029645468446651425
2018-09-03,2018-10-29,4146.55517578125,3263.070068359375,-0.21306483815337585,56,ULTRACEMCO,-0.21566483815337584
2019-01-21,2019-01-25,3649.751953125,3328.58349609375,-0.0879973382180831,4,ULTRACEMCO,-0.0905973382180831
2019-04-26,2019-10-09,4370.68603515625,3843.508056640625,-0.12061675770695769,166,ULTRACEMCO,-0.1232167577069577
2020-02-18,2020-03-24,4254.27880859375,2868.7890625,-0.3256697100563851,35,ULTRACEMCO,-0.3282697100563851
2020-08-24,2022-02-28,3994.887451171875,6293.21826171875,0.5753180380269973,553,ULTRACEMCO,0.5727180380269973
2022-09-28,2025-02-28,5948.7392578125,9863.3271484375,0.6580533657587964,884,ULTRACEMCO,0.6554533657587963
2025-05-19,2025-12-22,11616.74609375,11301.3212890625,-0.027152595239832582,217,ULTRACEMCO,-0.029752595239832584
2026-02-10,2026-04-06,12762.4970703125,10735.86328125,-0.1587960238421333,55,ULTRACEMCO,-0.16139602384213328
2016-08-24,2017-08-18,114.25602722167969,110.77466583251953,-0.03046982705258616,359,UNIONBANK,-0.03306982705258616
2017-12-01,2018-01-29,132.54371643066406,115.51434326171875,-0.12848118060620153,59,UNIONBANK,-0.13108118060620153
2019-01-24,2019-03-19,69.20794677734375,73.52820587158203,0.06242432112799772,54,UNIONBANK,0.05982432112799772
2019-04-08,2019-06-25,77.38706970214844,63.37770462036133,-0.18102979135541786,78,UNIONBANK,-0.18362979135541785
2021-01-05,2021-10-11,26.8862361907959,32.00343322753906,0.190327757311563,279,UNIONBANK,0.18772775731156302
2021-10-12,2022-04-22,33.26176071166992,34.01675796508789,0.022698655671378132,192,UNIONBANK,0.020098655671378134
2022-09-13,2024-08-23,40.86531448364258,119.39118957519531,1.921577652925803,710,UNIONBANK,1.9189776529258031
2016-09-22,2017-02-09,844.3045043945312,776.3126220703125,-0.08053004806953763,140,UBL,-0.08313004806953764
2017-08-10,2019-09-06,794.8777465820312,1258.838134765625,0.5836877308222808,757,UBL,0.5810877308222807
2020-12-09,2022-03-24,1107.5103759765625,1413.1119384765625,0.27593562022435375,470,UBL,0.27333562022435376
2022-08-03,2023-02-23,1543.5478515625,1415.693115234375,-0.08283172834499457,204,UBL,-0.08543172834499457
2023-09-06,2024-12-23,1554.59326171875,1975.0499267578125,0.2704608822079982,474,UBL,0.2678608822079982
2025-01-30,2025-03-18,2098.580078125,1861.8427734375,-0.1128083255698375,47,UBL,-0.1154083255698375
2025-05-07,2025-07-16,2155.282470703125,1985.1754150390625,-0.07892564337915665,70,UBL,-0.08152564337915666
2016-05-10,2018-06-29,81.2281265258789,188.8358154296875,1.3247589659663674,780,VGUARD,1.3221589659663675
2019-01-11,2020-01-08,199.7165985107422,202.7609405517578,0.015243310088980304,362,VGUARD,0.012643310088980304
2020-12-09,2021-12-23,184.0319366455078,219.45941162109375,0.19250721163592513,379,VGUARD,0.18990721163592514
2022-08-02,2025-01-20,236.73095703125,384.4754333496094,0.6241028979528696,902,VGUARD,0.6215028979528695
2025-08-18,2025-09-22,371.43212890625,368.0482177734375,-0.009110442714735116,35,VGUARD,-0.011710442714735116
2016-01-22,2016-04-06,136.2249298095703,119.67750549316406,-0.12147133670421412,75,VMART,-0.12407133670421412
2016-06-03,2016-06-30,123.57301330566406,119.727294921875,-0.03112102133721126,27,VMART,-0.03372102133721126
2016-10-03,2016-12-16,127.56867980957031,118.25746154785156,-0.07298984574911478,74,VMART,-0.07558984574911479
2017-02-14,2018-12-12,155.8260040283203,640.0478515625,3.107452126194391,666,VMART,3.1048521261943907
2018-12-20,2019-02-22,669.88623046875,637.1300659179688,-0.04889810099225396,64,VMART,-0.05149810099225396
2019-03-27,2019-06-07,672.1929931640625,577.9021606445312,-0.14027345342547723,72,VMART,-0.14287345342547722
2020-03-05,2020-04-29,570.0311889648438,427.8197937011719,-0.249480024982357,55,VMART,-0.252080024982357
2020-08-17,2022-04-06,446.56494140625,913.4351806640625,1.0454699775303014,597,VMART,1.0428699775303014
2024-02-22,2024-03-20,496.472900390625,493.9263000488281,-0.005129384382900274,27,VMART,-0.007729384382900274
2024-04-09,2024-04-18,534.0101318359375,518.6931762695312,-0.02868289317610183,9,VMART,-0.03128289317610183
2024-04-29,2025-02-19,544.49609375,785.6358032226562,0.44286765734516575,296,VMART,0.44026765734516576
2025-11-19,2025-12-30,821.7000122070312,713.3450317382812,-0.13186683565662335,41,VMART,-0.13446683565662335
2015-12-22,2017-01-11,93.0992660522461,114.99577331542969,0.23519527265548537,386,VIPIND,0.23259527265548538
2017-02-13,2019-03-08,131.43731689453125,420.7250061035156,2.20095552803407,753,VIPIND,2.1983555280340696
2019-11-04,2020-01-09,468.9129333496094,416.7408142089844,-0.11126184720037742,66,VIPIND,-0.11386184720037743
2020-01-29,2020-03-19,460.8864440917969,223.2938995361328,-0.5155121128022192,50,VIPIND,-0.5181121128022192
2020-11-14,2022-07-08,302.5558166503906,630.2086181640625,1.0829499334738666,601,VIPIND,1.0803499334738667
2022-08-05,2022-08-11,594.1217041015625,579.8652954101562,-0.023995771561594357,6,VIPIND,-0.02659577156159436
2022-08-22,2023-03-22,581.9442749023438,575.7344970703125,-0.010670743058814892,212,VIPIND,-0.013270743058814892
2023-09-14,2023-12-19,690.8615112304688,609.958740234375,-0.11710418033275687,96,VIPIND,-0.11970418033275687
2024-10-31,2024-12-12,477.8500061035156,477.0,-0.0017788136290857136,42,VIPIND,-0.004378813629085714
2025-07-22,2025-12-29,455.54998779296875,380.6000061035156,-0.16452636087768974,160,VIPIND,-0.16712636087768973
2017-03-17,2018-06-13,132.09994506835938,153.5471649169922,0.1623560088350851,453,VRLLOG,0.15975600883508512
2019-07-09,2019-08-06,119.76355743408203,105.77813720703125,-0.11677525723756468,28,VRLLOG,-0.11937525723756469
2019-10-14,2020-02-27,119.16350555419922,105.4365463256836,-0.11519432199208157,136,VRLLOG,-0.11779432199208158
2020-12-08,2022-12-14,89.85570526123047,273.68084716796875,2.04578152686374,736,VRLLOG,2.04318152686374
2023-04-25,2024-02-27,299.36822509765625,281.8136901855469,-0.058638604368860286,308,VRLLOG,-0.061238604368860285
2025-06-17,2026-01-05,273.9170227050781,261.8301696777344,-0.04412596525757898,202,VRLLOG,-0.04672596525757898
2015-11-26,2017-10-06,105.69548034667969,191.12417602539062,0.8082530624630875,680,VSTIND,0.8056530624630874
2017-11-06,2018-04-03,224.35922241210938,203.72837829589844,-0.09195451782372296,148,VSTIND,-0.09455451782372297
2018-04-05,2018-04-11,209.04171752929688,205.0134735107422,-0.019270048419833402,6,VSTIND,-0.0218700484198334
2018-10-26,2018-11-22,198.13943481445312,198.39515686035156,0.0012906166111653007,27,VSTIND,-0.0013093833888346991
2018-12-12,2020-04-13,211.48944091796875,196.33612060546875,-0.0716504816823341,488,VSTIND,-0.0742504816823341
2020-10-12,2021-04-15,240.0980682373047,235.93222045898438,-0.01735060931103757,185,VSTIND,-0.019950609311037572
2021-07-28,2021-12-16,262.65899658203125,230.98162841796875,-0.12060263907301312,141,VSTIND,-0.12320263907301313
2022-07-27,2023-02-13,248.76193237304688,231.7172393798828,-0.06851809209941175,201,VSTIND,-0.07111809209941175
2023-06-08,2023-12-11,264.4771728515625,268.98065185546875,0.017027855203344232,186,VSTIND,0.014427855203344232
2024-01-08,2024-11-27,306.79205322265625,301.1425476074219,-0.018414771686195573,324,VSTIND,-0.021014771686195574
2017-03-28,2017-10-19,656.2051391601562,587.2047729492188,-0.10515060320808761,205,WABAG,-0.10775060320808762
2019-06-19,2019-09-05,306.3622131347656,275.5170593261719,-0.10068197867151873,78,WABAG,-0.10328197867151874
2020-09-11,2022-01-31,192.9813232421875,312.1332702636719,0.6174273500651211,507,WABAG,0.614827350065121
2022-11-11,2025-03-06,276.5617980957031,1343.4564208984375,3.85770786185567,846,WABAG,3.85510786185567
2025-07-25,2025-11-14,1615.9886474609375,1406.069580078125,-0.12990132555240416,112,WABAG,-0.13250132555240415
2015-11-17,2018-03-28,66.43460083007812,199.04403686523438,1.9960899046317082,862,VAKRANGEE,1.9934899046317083
2019-02-27,2019-07-22,38.76959991455078,29.167781829833984,-0.24766358450640338,145,VAKRANGEE,-0.2502635845064034
2020-01-06,2020-04-13,46.61774826049805,19.907285690307617,-0.5729676693291463,98,VAKRANGEE,-0.5755676693291464
2020-12-04,2021-07-08,38.30066680908203,37.83921432495117,-0.012048157971532695,216,VAKRANGEE,-0.014648157971532695
2022-10-12,2022-12-21,32.43999099731445,25.5349063873291,-0.21285716788753084,70,VAKRANGEE,-0.21545716788753083
2023-11-15,2024-08-22,18.8607234954834,21.445341110229492,0.1370370344151981,281,VAKRANGEE,0.1344370344151981
2024-10-07,2025-03-06,27.639999389648438,13.859999656677246,-0.49855282334528533,150,VAKRANGEE,-0.5011528233452853
2016-05-04,2017-08-03,162.4582061767578,218.7445068359375,0.34646634346029315,456,VTL,0.34386634346029316
2017-11-03,2018-05-02,238.415771484375,223.56626892089844,-0.06228406145710772,180,VTL,-0.06488406145710772
2019-05-08,2019-07-25,212.4810028076172,169.14898681640625,-0.2039336007390941,78,VTL,-0.2065336007390941
2020-02-10,2020-04-08,191.31954956054688,122.68562316894531,-0.3587397448365881,58,VTL,-0.3613397448365881
2020-10-26,2022-05-26,143.48495483398438,275.0019836425781,0.9165910736826881,577,VTL,0.9139910736826881
2023-06-15,2024-11-25,348.50103759765625,450.07086181640625,0.29144769530359954,529,VTL,0.28884769530359955
2024-12-11,2025-02-19,518.0806884765625,422.7878723144531,-0.1839343142519398,70,VTL,-0.18653431425193978
2025-06-05,2025-08-21,482.4447021484375,416.5107727050781,-0.1366662938772887,77,VTL,-0.1392662938772887
2020-09-30,2021-07-30,306.4206237792969,338.29791259765625,0.10403114655010745,303,VARROC,0.10143114655010745
2022-01-21,2022-07-07,419.7344970703125,310.255859375,-0.26082830565383097,167,VARROC,-0.26342830565383096
2023-06-22,2024-11-01,315.6351623535156,523.236083984375,0.6577243171606576,498,VARROC,0.6551243171606576
2025-02-10,2025-02-12,555.2130126953125,511.43157958984375,-0.07885519990414011,2,VARROC,-0.08145519990414012
2025-07-08,2026-02-25,555.1632080078125,550.0794677734375,-0.009157199470436556,232,VARROC,-0.011757199470436555
2020-08-17,2025-01-29,68.244873046875,538.2235107421875,6.8866512122090215,1626,VBL,6.884051212209021
2026-02-03,2026-02-25,449.6080322265625,454.34234619140625,0.010529869631995535,22,VBL,0.007929869631995535
2016-05-12,2018-05-08,34.167274475097656,108.80628967285156,2.184517680863117,726,VEDL,2.181917680863117
2020-08-26,2022-07-01,56.09485626220703,127.21334838867188,1.2678255523827724,674,VEDL,1.2652255523827725
2022-11-17,2023-09-04,197.65797424316406,196.61856079101562,-0.005258646690721031,291,VEDL,-0.007858646690721031
2024-01-17,2025-02-27,224.9040069580078,377.7946472167969,0.6798039853835753,407,VEDL,0.6772039853835753
2025-07-14,2026-05-29,425.1738586425781,352.6000061035156,-0.17069217936108255,319,VEDL,-0.17329217936108254
2016-05-03,2018-07-05,363.1531677246094,2253.135009765625,5.204365568068648,793,VENKEYS,5.201765568068648
2019-12-31,2020-03-02,1718.039794921875,1168.19873046875,-0.3200397721160633,62,VENKEYS,-0.3226397721160633
2020-09-22,2022-01-10,1290.0059814453125,2567.790771484375,0.9905262521398874,475,VENKEYS,0.9879262521398874
2023-08-03,2024-03-11,2141.2978515625,1732.52685546875,-0.19089870930168393,221,VENKEYS,-0.19349870930168392
2024-07-31,2024-11-26,1965.4080810546875,1690.3524169921875,-0.13994837342629537,118,VENKEYS,-0.14254837342629537
2016-05-24,2018-02-20,226.01382446289062,403.1714782714844,0.7838354765669716,637,VINATIORGA,0.7812354765669716
2018-06-12,2020-01-08,493.0394592285156,939.7465209960938,0.9060269992721552,575,VINATIORGA,0.9034269992721552
2020-07-07,2022-03-29,1006.5852661132812,2005.9122314453125,0.9927891843586422,630,VINATIORGA,0.9901891843586421
2022-04-28,2022-12-14,2083.4228515625,2011.395263671875,-0.034571756682330056,230,VINATIORGA,-0.037171756682330054
2024-06-28,2025-01-03,1882.85205078125,1776.4127197265625,-0.056530905341459374,189,VINATIORGA,-0.05913090534145937
2025-06-25,2025-10-06,1964.7869873046875,1690.4000244140625,-0.13965227002395386,103,VINATIORGA,-0.14225227002395385
2017-03-03,2017-06-07,66.6582260131836,47.574256896972656,-0.28629578459583566,96,IDEA,-0.28889578459583565
2017-08-09,2017-09-27,54.90032958984375,45.463863372802734,-0.1718835986512312,49,IDEA,-0.1744835986512312
2017-12-04,2018-03-21,56.13641357421875,47.724998474121094,-0.14983884014921625,107,IDEA,-0.15243884014921624
2020-06-12,2021-04-30,10.149999618530273,8.350000381469727,-0.17733983297638664,322,IDEA,-0.17993983297638663
2021-11-03,2022-04-18,9.899999618530273,10.100000381469727,0.02020209804504464,166,IDEA,0.017602098045044638
2023-07-27,2024-09-27,8.5,10.65999984741211,0.254117629107307,428,IDEA,0.251517629107307
2016-05-18,2017-01-02,311.07135009765625,310.811279296875,-0.0008360487094025362,229,VOLTAS,-0.003436048709402536
2017-03-10,2018-06-14,360.5467834472656,501.2289733886719,0.3901912217779714,461,VOLTAS,0.3875912217779714
2019-03-19,2020-04-01,587.446533203125,455.13446044921875,-0.22523253653819061,379,VOLTAS,-0.2278325365381906
2020-09-04,2022-05-24,627.7781372070312,988.3970336914062,0.5744368513512739,627,VOLTAS,0.5718368513512738
2023-09-18,2025-02-12,871.3754272460938,1287.892333984375,0.47799937169980417,513,VOLTAS,0.4753993716998042
2025-10-14,2026-05-14,1387.3416748046875,1289.44921875,-0.07056117309275596,212,VOLTAS,-0.07316117309275597
2017-02-17,2018-05-21,70.25558471679688,110.63094329833984,0.5746925136883806,458,WELCORP,0.5720925136883805
2018-10-03,2019-02-01,123.12576293945312,89.39738464355469,-0.27393436995378706,121,WELCORP,-0.27653436995378705
2019-06-04,2019-08-16,122.52346801757812,99.2077865600586,-0.1902956375196178,73,WELCORP,-0.1928956375196178
2019-10-27,2020-04-21,126.66476440429688,60.608219146728516,-0.5215068734247573,177,WELCORP,-0.5241068734247574
2020-10-09,2021-09-07,103.5176010131836,111.43964385986328,0.07652846249470915,333,WELCORP,0.07392846249470915
2021-11-16,2023-02-08,136.68106079101562,196.5010528564453,0.4376611632894336,449,WELCORP,0.4350611632894336
2023-06-07,2025-12-29,271.2071228027344,824.1633911132812,2.0388707442346417,936,WELCORP,2.0362707442346415
2016-05-02,2018-11-01,711.4246826171875,1346.8201904296875,0.8931310978345711,913,WHIRLPOOL,0.8905310978345711
2019-06-28,2020-04-29,1557.51953125,2016.628173828125,0.2947691077810521,306,WHIRLPOOL,0.2921691077810521
2020-08-28,2021-05-18,2142.079833984375,2046.427490234375,-0.044653958378424154,263,WHIRLPOOL,-0.04725395837842415
2021-11-08,2021-12-14,2275.5791015625,1861.1822509765625,-0.18210610666155122,36,WHIRLPOOL,-0.1847061066615512
2022-09-06,2022-11-11,1782.392578125,1516.1258544921875,-0.1493872488590104,66,WHIRLPOOL,-0.15198724885901038
2023-07-21,2024-01-05,1434.0069580078125,1355.474853515625,-0.05476410281947855,168,WHIRLPOOL,-0.05736410281947855
2024-06-12,2025-01-13,1777.30615234375,1588.9725341796875,-0.10596577180341453,215,WHIRLPOOL,-0.10856577180341453
2025-09-17,2025-12-08,1341.5999755859375,914.5999755859375,-0.31827669034766476,82,WHIRLPOOL,-0.32087669034766475
2015-12-02,2015-12-11,96.25435638427734,94.28014373779297,-0.02051037190049564,9,WIPRO,-0.02311037190049564
2016-08-05,2016-08-23,92.16497802734375,87.51631927490234,-0.05043845126358333,18,WIPRO,-0.05303845126358333
2017-04-18,2018-04-12,83.57105255126953,97.37092590332031,0.16512743265480323,359,WIPRO,0.16252743265480324
2018-09-14,2019-08-29,112.0860366821289,112.92447662353516,0.007480324634762749,349,WIPRO,0.004880324634762749
2020-07-29,2022-03-07,126.23136138916016,261.60821533203125,1.0724502409945196,586,WIPRO,1.0698502409945196
2023-07-07,2025-04-25,183.04962158203125,227.70645141601562,0.24396024120690143,658,WIPRO,0.24136024120690144
2025-12-26,2026-02-24,256.6664733886719,197.8800506591797,-0.22903818310727123,60,WIPRO,-0.23163818310727122
2015-11-30,2016-02-09,1509.3233642578125,898.2097778320312,-0.40489241795199227,71,WOCKPHARMA,-0.40749241795199226
2017-11-27,2018-06-06,656.57568359375,598.8228149414062,-0.08796071815549872,191,WOCKPHARMA,-0.09056071815549872
2020-03-05,2020-04-01,295.8162536621094,163.94802856445312,-0.4457774833707423,27,WOCKPHARMA,-0.4483774833707423
2020-08-06,2021-09-02,293.74212646484375,387.2621154785156,0.3183744536038304,392,WOCKPHARMA,0.3157744536038304
2023-07-25,2025-10-17,233.39999389648438,1342.699951171875,4.752784859828994,815,WOCKPHARMA,4.750184859828994
2016-04-04,2017-12-20,166.883544921875,305.05963134765625,0.8279790945863903,625,YESBANK,0.8253790945863902
2018-02-05,2018-03-23,336.280029296875,280.5432434082031,-0.1657451559202354,46,YESBANK,-0.16834515592023538
2018-06-08,2018-10-08,333.08099365234375,218.20675659179688,-0.34488379478190184,122,YESBANK,-0.34748379478190183
2021-04-22,2021-05-07,14.050000190734863,13.350000381469727,-0.049822049805148386,15,YESBANK,-0.052422049805148384
2022-01-11,2022-06-27,13.899999618530273,12.850000381469727,-0.07553951553068958,167,YESBANK,-0.07813951553068958
2022-08-04,2023-04-03,16.649999618530273,15.350000381469727,-0.07807803404474194,242,YESBANK,-0.08067803404474194
2023-09-08,2024-09-27,18.350000381469727,22.739999771118164,0.23923701898565436,385,YESBANK,0.23663701898565437
2025-06-20,2026-03-19,19.729999542236328,18.389999389648438,-0.06791688716055622,272,YESBANK,-0.07051688716055622
2016-05-16,2017-01-03,412.3857421875,424.7828674316406,0.030061963777845663,232,ZEEL,0.027461963777845662
2017-02-28,2018-07-09,472.1921691894531,506.3218078613281,0.07227912892003402,496,ZEEL,0.06967912892003401
2020-10-12,2021-05-12,179.8480682373047,182.83209228515625,0.016591916038343115,212,ZEEL,0.013991916038343115
2021-07-07,2021-08-23,208.07809448242188,160.9964599609375,-0.22626905844460124,47,ZEEL,-0.22886905844460123
2021-09-29,2022-03-31,297.8566589355469,277.1441345214844,-0.06953856424792731,183,ZEEL,-0.07213856424792732
2022-10-12,2023-01-20,260.3408203125,216.4243927001953,-0.1686882124731328,100,ZEEL,-0.17128821247313278
2023-08-24,2024-02-20,264.4701232910156,187.1791534423828,-0.2922483979923281,180,ZEEL,-0.2948483979923281
2025-06-18,2025-09-30,131.0397186279297,112.37000274658203,-0.14247371771575532,104,ZEEL,-0.1450737177157553
2016-05-12,2016-12-23,164.64166259765625,161.23878479003906,-0.020668388267755678,225,ZENSARTECH,-0.02326838826775568
2017-12-28,2018-12-20,151.76788330078125,201.95738220214844,0.3306990768389324,357,ZENSARTECH,0.3280990768389324
2019-06-26,2019-09-05,227.2600860595703,191.90423583984375,-0.15557439422274508,71,ZENSARTECH,-0.15817439422274507
2020-08-13,2022-03-11,156.87762451171875,335.1149597167969,1.136155240492973,575,ZENSARTECH,1.133555240492973
2023-03-06,2025-04-17,263.4993896484375,627.135498046875,1.3800263783669595,773,ZENSARTECH,1.3774263783669596
2025-06-12,2025-11-17,827.2504272460938,704.6131591796875,-0.14824684766215737,158,ZENSARTECH,-0.15084684766215736
2016-07-05,2017-06-08,152.92930603027344,160.48622131347656,0.049414435201237235,338,ZYDUSWELL,0.04681443520123724
2017-07-28,2018-11-26,171.30511474609375,223.301513671875,0.30353091910215085,486,ZYDUSWELL,0.30093091910215086
2019-07-02,2020-01-22,267.4539489746094,295.20208740234375,0.10374921938568435,204,ZYDUSWELL,0.10114921938568434
2020-08-13,2021-12-10,320.02069091796875,391.5128479003906,0.22339854581698762,484,ZYDUSWELL,0.22079854581698763
2022-10-10,2023-01-05,338.3229675292969,297.5500793457031,-0.12051469186780246,87,ZYDUSWELL,-0.12311469186780247
2023-08-29,2025-01-21,326.1039123535156,370.599853515625,0.13644712460202926,511,ZYDUSWELL,0.13384712460202927
2025-06-26,2026-02-23,402.7692565917969,405.8392639160156,0.007622248406437276,242,ZYDUSWELL,0.005022248406437276
