entry_date,exit_date,entry_price,exit_price,return_pct,holding_days,symbol,return_pct_net
2017-05-31,2018-12-05,12669.4501953125,20299.26171875,0.6022212018529748,553,3MINDIA,0.5996212018529747
2019-03-20,2019-08-13,21465.091796875,19425.27734375,-0.09502938410083887,146,3MINDIA,-0.09762938410083888
2020-02-10,2020-03-23,22584.3984375,14548.5947265625,-0.35581216533952675,42,3MINDIA,-0.35841216533952674
2020-08-27,2020-10-07,19230.365234375,16961.572265625,-0.11797971287068679,41,3MINDIA,-0.12057971287068679
2020-11-27,2022-01-24,20024.400390625,22292.828125,0.11328317902777403,423,3MINDIA,0.11068317902777403
2022-08-29,2024-04-19,21265.046875,28245.19140625,0.32824496330906866,599,3MINDIA,0.32564496330906867
2024-06-21,2024-12-11,36153.85546875,30637.734375,-0.15257352285755313,173,3MINDIA,-0.15517352285755312
2025-08-13,2026-05-11,30059.666015625,31227.748046875,0.03885878275037492,271,3MINDIA,0.036258782750374925
2017-03-15,2017-12-04,1041.77783203125,1194.853271484375,0.14693674096967466,264,ABB,0.14433674096967467
2018-01-24,2018-04-19,1439.841796875,1078.9423828125,-0.25065213056447444,85,ABB,-0.25325213056447443
2018-10-29,2019-02-28,1066.475830078125,1063.2698974609375,-0.003006099647802284,122,ABB,-0.005606099647802284
2019-04-15,2019-09-30,1233.32568359375,1317.75146484375,0.06845376073252143,168,ABB,0.06585376073252143
2019-10-07,2020-01-20,1274.619140625,1236.21484375,-0.03013001739183733,105,ABB,-0.03273001739183733
2020-12-01,2024-12-24,1095.9007568359375,6716.5634765625,5.128806312676,1484,ABB,5.126206312676
2017-05-12,2018-03-07,1532.78125,1446.5181884765625,-0.05627878180492976,299,ACC,-0.05887878180492976
2018-09-28,2018-11-26,1440.8544921875,1335.7384033203125,-0.07295399322911549,59,ACC,-0.07555399322911549
2019-01-09,2019-02-12,1349.70751953125,1276.1495361328125,-0.05449920248201922,34,ACC,-0.05709920248201922
2019-03-28,2019-10-10,1515.9271240234375,1333.2996826171875,-0.12047244126191017,196,ACC,-0.12307244126191018
2020-08-13,2022-02-23,1323.0614013671875,2056.480712890625,0.5543350526026665,559,ACC,0.5517350526026664
2022-06-29,2022-06-30,2117.34912109375,2084.634765625,-0.015450619429190253,1,ACC,-0.018050619429190253
2022-08-24,2023-02-16,2261.174560546875,1809.2640380859375,-0.19985653931629274,176,ACC,-0.20245653931629273
2023-09-22,2024-09-23,1953.634521484375,2462.058349609375,0.2602451085573051,367,ACC,0.2576451085573051
2017-12-14,2018-04-16,1517.0986328125,1370.175048828125,-0.09684511000579978,123,AIAENG,-0.09944511000579978
2018-05-24,2019-09-05,1495.1458740234375,1457.5794677734375,-0.025125579318162984,469,AIAENG,-0.027725579318162982
2020-02-13,2020-04-08,1770.8297119140625,1229.73876953125,-0.30555786292853404,55,AIAENG,-0.30815786292853403
2020-07-08,2021-11-18,1611.5810546875,1859.0928955078125,0.15358324057011657,498,AIAENG,0.15098324057011658
2022-06-08,2024-11-22,2134.403076171875,3397.182861328125,0.5916313555081117,898,AIAENG,0.5890313555081117
2019-05-02,2019-09-24,150.28375244140625,139.81402587890625,-0.06966639036100736,145,APLAPOLLO,-0.07226639036100736
2019-11-22,2020-04-28,153.40138244628906,122.60174560546875,-0.2007780917594031,158,APLAPOLLO,-0.20337809175940308
2020-07-23,2022-07-05,182.78555297851562,831.0720825195312,3.5467055189926,712,APLAPOLLO,3.5441055189925996
2022-08-23,2024-02-28,1036.879638671875,1452.134521484375,0.40048513571391403,554,APLAPOLLO,0.39788513571391404
2024-06-12,2024-08-02,1569.3236083984375,1461.863037109375,-0.0684757246459388,51,APLAPOLLO,-0.07107572464593881
2024-11-26,2025-02-17,1476.845458984375,1329.111083984375,-0.10003374022736053,83,APLAPOLLO,-0.10263374022736053
2025-05-05,2026-06-26,1612.67138671875,1793.5,0.11212985780641653,417,APLAPOLLO,0.10952985780641653
2019-05-24,2020-05-05,338.5445556640625,244.14077758789062,-0.2788518571536229,347,AUBANK,-0.28145185715362286
2020-10-26,2022-07-20,383.9302673339844,573.5221557617188,0.49381855133293434,632,AUBANK,0.49121855133293435
2022-09-16,2022-10-27,655.2997436523438,577.8954467773438,-0.11812044430779652,41,AUBANK,-0.12072044430779652
2022-12-21,2023-03-14,666.6914672851562,587.6456298828125,-0.11856434539987053,83,AUBANK,-0.12116434539987053
2023-05-16,2024-02-13,725.1924438476562,591.5577392578125,-0.18427481660015319,273,AUBANK,-0.18687481660015318
2024-09-20,2024-12-10,729.6906127929688,589.9987182617188,-0.19143989532298403,81,AUBANK,-0.19403989532298402
2020-10-30,2022-04-19,1431.4000244140625,2456.699951171875,0.7162916789648056,536,AAVAS,0.7136916789648056
2023-10-13,2023-11-21,1656.199951171875,1525.949951171875,-0.07864388590751932,39,AAVAS,-0.08124388590751933
2024-06-04,2024-12-30,1525.199951171875,1659.0999755859375,0.08779178383213394,209,AAVAS,0.08519178383213394
2025-03-25,2025-09-05,1957.050048828125,1591.199951171875,-0.18693957156349672,164,AAVAS,-0.1895395715634967
2019-06-19,2021-08-10,39.75,908.4000244140625,21.852830802869498,783,ADANIGREEN,21.850230802869497
2021-10-21,2022-11-28,1198.949951171875,1990.699951171875,0.6603695168644275,403,ADANIGREEN,0.6577695168644274
2023-11-08,2024-11-06,946.6500244140625,1721.1500244140625,0.8181481857346211,364,ADANIGREEN,0.8155481857346211
2025-09-23,2026-01-27,1131.449951171875,799.0999755859375,-0.2937381147453435,126,ADANIGREEN,-0.2963381147453435
2016-08-26,2018-04-06,244.2115936279297,360.63153076171875,0.4767174866855891,588,ADANIPORTS,0.4741174866855891
2019-01-18,2019-02-26,381.5609436035156,309.1283874511719,-0.18983220732258502,39,ADANIPORTS,-0.192432207322585
2019-04-26,2019-09-19,374.3463134765625,346.00439453125,-0.07571042621496782,146,ADANIPORTS,-0.07831042621496782
2019-10-18,2019-12-20,403.17779541015625,355.94757080078125,-0.11714490516851823,63,ADANIPORTS,-0.11974490516851824
2020-08-21,2021-12-30,342.5301208496094,704.9962158203125,1.058202105180253,496,ADANIPORTS,1.055602105180253
2022-01-14,2022-02-18,759.3613891601562,708.1598510742188,-0.0674271023215517,35,ADANIPORTS,-0.07002710232155171
2022-04-06,2022-07-04,827.2571411132812,663.869384765625,-0.19750540458046356,89,ADANIPORTS,-0.20010540458046355
2022-08-25,2023-02-06,799.8097534179688,534.6277465820312,-0.3315563553741227,165,ADANIPORTS,-0.3341563553741227
2023-08-01,2024-11-22,755.207763671875,1126.498779296875,0.4916408880911871,479,ADANIPORTS,0.4890408880911871
2017-01-13,2017-06-16,7.230000019073486,5.510000228881836,-0.23789761903929646,154,ADANIPOWER,-0.24049761903929645
2017-12-07,2018-03-27,6.960000038146973,5.039999961853027,-0.2758620784153221,110,ADANIPOWER,-0.2784620784153221
2018-09-19,2020-03-06,5.860000133514404,8.819999694824219,0.5051193675544544,534,ADANIPOWER,0.5025193675544544
2020-12-02,2023-01-16,9.029999732971191,54.59000015258789,5.045404403863237,775,ADANIPOWER,5.0428044038632365
2023-08-02,2024-11-05,53.540000915527344,120.69000244140625,1.2542024724994816,461,ADANIPOWER,1.2516024724994816
2019-12-31,2020-03-18,102.69999694824219,49.45000076293945,-0.518500465118214,78,ABCAPITAL,-0.5211004651182141
2020-10-26,2021-10-12,66.0999984741211,108.55000305175781,0.6422088586621735,351,ABCAPITAL,0.6396088586621734
2022-01-12,2022-03-25,134.25,109.19999694824219,-0.1865922015028515,72,ABCAPITAL,-0.1891922015028515
2022-09-27,2023-12-19,108.3499984741211,164.75,0.520535323674691,448,ABCAPITAL,0.517935323674691
2024-03-11,2024-11-29,179.85000610351562,194.3300018310547,0.08051151090428578,263,ABCAPITAL,0.07791151090428577
2017-02-28,2017-10-27,155.6924591064453,146.5746612548828,-0.058562873911117024,241,ABFRL,-0.06116287391111702
2018-01-25,2018-02-19,164.6131134033203,149.23606872558594,-0.09341324248001383,25,ABFRL,-0.09601324248001383
2018-08-27,2019-08-14,206.8506622314453,193.19862365722656,-0.06599949174416216,352,ABFRL,-0.06859949174416216
2019-12-03,2020-04-22,217.49630737304688,120.20700073242188,-0.4473147512971594,141,ABFRL,-0.4499147512971594
2020-12-02,2022-06-21,164.0500030517578,234.60000610351562,0.430051824074025,566,ABFRL,0.427451824074025
2022-09-09,2023-01-30,324.95001220703125,250.10000610351562,-0.23034313984215946,143,ABFRL,-0.23294313984215945
2023-11-10,2025-01-06,216.60000610351562,265.54998779296875,0.2259925222073141,423,ABFRL,0.22339252220731412
2019-05-28,2019-08-02,198.487548828125,143.5717315673828,-0.2766713458096814,66,ADVENZYMES,-0.2792713458096814
2020-02-11,2020-03-12,163.16249084472656,112.23587036132812,-0.312122107352864,30,ADVENZYMES,-0.314722107352864
2020-07-08,2021-10-22,159.49803161621094,351.9001770019531,1.2062979300503605,471,ADVENZYMES,1.2036979300503605
2022-12-15,2023-02-23,291.2099609375,271.0021667480469,-0.06939252395212593,70,ADVENZYMES,-0.07199252395212594
2023-07-03,2024-12-30,272.11956787109375,337.06170654296875,0.23865295384651963,546,ADVENZYMES,0.23605295384651964
2025-08-13,2026-01-06,305.6313781738281,306.1789855957031,0.001791725133548126,146,ADVENZYMES,-0.0008082748664518739
2018-01-19,2018-05-17,947.1595458984375,638.7355346679688,-0.3256304733094466,118,AJANTPHARM,-0.3282304733094466
2019-01-15,2019-03-06,710.4708251953125,607.3873291015625,-0.145091807345378,50,AJANTPHARM,-0.14769180734537798
2019-11-01,2022-02-28,650.7698364257812,1079.9949951171875,0.6595652328461268,850,AJANTPHARM,0.6569652328461267
2022-09-13,2023-01-10,1314.3095703125,1104.20458984375,-0.1598595834760557,119,AJANTPHARM,-0.16245958347605569
2023-05-18,2025-02-25,1204.0062255859375,2533.60986328125,1.1043162480727642,649,AJANTPHARM,1.1017162480727642
2016-09-08,2017-02-03,554.015625,494.8988037109375,-0.10670605416419889,148,APLLTD,-0.10930605416419889
2018-01-31,2018-05-18,506.164306640625,415.3028564453125,-0.1795097935655582,107,APLLTD,-0.1821097935655582
2018-08-09,2019-03-18,535.630126953125,487.68878173828125,-0.08950457190963658,221,APLLTD,-0.09210457190963658
2019-11-13,2021-03-16,517.9713745117188,854.3511962890625,0.6494177831630991,489,APLLTD,0.646817783163099
2023-06-26,2025-01-27,604.6597900390625,914.6271362304688,0.5126309890250542,581,APLLTD,0.5100309890250542
2025-07-21,2025-12-02,1000.9200439453125,887.0078735351562,-0.1138074625433119,134,APLLTD,-0.1164074625433119
2017-12-06,2018-05-18,1920.9490966796875,1813.72216796875,-0.05581976581070085,163,ALKEM,-0.058419765810700845
2018-09-21,2018-11-06,1924.05712890625,1736.697998046875,-0.09737711424706044,46,ALKEM,-0.09997711424706045
2019-09-24,2021-04-22,1809.9898681640625,2653.88916015625,0.46624531265922764,576,ALKEM,0.46364531265922765
2021-06-01,2022-02-25,2942.677978515625,3161.656494140625,0.07441470566054235,269,ALKEM,0.07181470566054235
2023-02-27,2025-01-22,3178.4482421875,5052.822265625,0.5897135585091364,695,ALKEM,0.5871135585091364
2025-09-09,2026-05-01,5283.87109375,5390.3525390625,0.020152165604200873,234,ALKEM,0.01755216560420087
2017-06-07,2017-07-26,35.98794174194336,36.156063079833984,0.0046716019242268115,49,ALLCARGO,0.0020716019242268116
2017-11-21,2017-11-23,36.433597564697266,36.04023361206055,-0.010796736499550982,2,ALLCARGO,-0.013396736499550982
2017-12-11,2018-04-03,37.67746353149414,32.29800033569336,-0.14277668111347655,113,ALLCARGO,-0.14537668111347654
2019-04-01,2019-07-30,25.761037826538086,20.86587905883789,-0.1900217996131111,120,ALLCARGO,-0.1926217996131111
2020-02-07,2020-04-01,24.94517707824707,13.89615249633789,-0.4429322969827404,54,ALLCARGO,-0.4455322969827404
2020-08-11,2022-06-24,24.309499740600586,65.26254272460938,1.6846518201117457,682,ALLCARGO,1.6820518201117458
2022-09-27,2023-04-12,93.30064392089844,85.45003509521484,-0.08414313659334921,197,ALLCARGO,-0.08674313659334922
2024-01-12,2024-05-21,79.40859985351562,68.67901611328125,-0.1351186617070084,130,ALLCARGO,-0.1377186617070084
2017-05-10,2018-03-06,226.0048065185547,210.71923828125,-0.06763381926591797,300,AMBUJACEM,-0.07023381926591797
2019-03-19,2019-08-06,204.42227172851562,179.51983642578125,-0.12181860172166671,140,AMBUJACEM,-0.12441860172166672
2020-03-05,2020-03-16,181.7877197265625,159.59791564941406,-0.12206437327298794,11,AMBUJACEM,-0.12466437327298795
2020-07-24,2022-02-04,180.29031372070312,366.045166015625,1.0303096625739092,560,AMBUJACEM,1.0277096625739093
2022-06-22,2023-02-27,351.7696838378906,324.2040100097656,-0.07836284675636901,250,AMBUJACEM,-0.08096284675636901
2023-09-05,2024-10-24,435.1205749511719,554.1187133789062,0.27348313382121275,415,AMBUJACEM,0.27088313382121276
2025-06-16,2025-12-15,547.4402465820312,550.7239990234375,0.00599837600890419,182,AMBUJACEM,0.0033983760089041897
2017-06-22,2017-09-01,1249.7178955078125,1057.8489990234375,-0.1535297663369145,71,APOLLOHOSP,-0.1561297663369145
2018-02-01,2018-03-22,1188.5040283203125,997.0928955078125,-0.16105215317024824,49,APOLLOHOSP,-0.16365215317024823
2018-10-11,2020-05-05,1098.46044921875,1328.04150390625,0.2090025679584397,572,APOLLOHOSP,0.2064025679584397
2020-08-10,2022-05-02,1759.2412109375,4251.7841796875,1.416828433334462,630,APOLLOHOSP,1.4142284333344621
2022-10-10,2023-04-26,4298.92431640625,4373.95361328125,0.01745303972639413,198,APOLLOHOSP,0.014853039726394129
2023-05-30,2025-03-07,4561.14501953125,6199.9228515625,0.3592908852960934,647,APOLLOHOSP,0.3566908852960934
2025-06-03,2026-01-09,6794.7705078125,7246.87890625,0.06653769953196716,220,APOLLOHOSP,0.06393769953196715
2016-08-18,2018-09-04,154.04544067382812,214.3561248779297,0.3915122962438198,747,APOLLOTYRE,0.3889122962438198
2020-10-01,2021-12-22,122.92538452148438,195.35105895996094,0.5891840381090556,447,APOLLOTYRE,0.5865840381090556
2022-08-18,2025-01-28,254.6810760498047,413.99560546875,0.6255452187102831,894,APOLLOTYRE,0.6229452187102831
2025-09-05,2026-03-19,476.7337646484375,417.06488037109375,-0.12516185909623156,195,APOLLOTYRE,-0.12776185909623156
2017-03-08,2018-07-31,37.75351333618164,48.33819580078125,0.28036284650773474,510,ASHOKLEY,0.27776284650773475
2019-12-26,2020-03-25,35.430912017822266,15.483553886413574,-0.5629930756898066,90,ASHOKLEY,-0.5655930756898067
2020-09-23,2022-03-07,33.07952117919922,44.78376388549805,0.35382140638899545,530,ASHOKLEY,0.35122140638899546
2022-06-09,2023-03-02,62.28623580932617,66.02225494384766,0.059981456351903786,266,ASHOKLEY,0.05738145635190379
2023-03-08,2023-03-13,66.38614654541016,64.08912658691406,-0.034600893078269905,5,ASHOKLEY,-0.0372008930782699
2023-06-21,2024-03-15,74.55081176757812,74.795166015625,0.00327768728808321,268,ASHOKLEY,0.0006776872880832102
2024-05-08,2025-01-22,94.30767059326172,99.23114013671875,0.052206459055609555,259,ASHOKLEY,0.04960645905560956
2025-06-04,2026-06-04,115.05369567871094,144.44000244140625,0.25541384472131157,365,ASHOKLEY,0.2528138447213116
2016-10-18,2016-12-16,108.83663177490234,103.72925567626953,-0.046926995216058955,59,ASHOKA,-0.04952699521605895
2017-01-24,2018-07-25,113.68040466308594,148.35000610351562,0.30497429652172525,547,ASHOKA,0.30237429652172526
2019-05-09,2019-08-27,115.30000305175781,102.4000015258789,-0.11188205710704219,110,ASHOKA,-0.11448205710704219
2020-11-20,2022-01-20,74.05000305175781,99.69999694824219,0.346387479262575,426,ASHOKA,0.343787479262575
2023-01-09,2023-03-29,88.5999984741211,74.8499984741211,-0.1551918762618963,79,ASHOKA,-0.15779187626189628
2023-05-11,2025-03-11,85.0,178.1199951171875,1.095529354319853,670,ASHOKA,1.092929354319853
2017-04-24,2018-02-05,985.6239013671875,1054.0782470703125,0.06945280609385587,287,ASIANPAINT,0.06685280609385587
2018-05-15,2020-05-13,1221.8892822265625,1479.90380859375,0.21116031552140785,729,ASIANPAINT,0.20856031552140786
2020-08-24,2022-03-24,1859.1209716796875,2888.4892578125,0.5536854792202112,577,ASIANPAINT,0.5510854792202111
2022-08-30,2023-01-04,3256.831787109375,2901.153564453125,-0.10920988430045225,127,ASIANPAINT,-0.11180988430045226
2023-06-19,2024-02-14,3203.967529296875,2886.3447265625,-0.09913421401123836,240,ASIANPAINT,-0.10173421401123836
2024-08-26,2024-11-28,3105.15283203125,2410.866943359375,-0.2235915351766131,94,ASIANPAINT,-0.22619153517661308
2025-08-12,2026-03-13,2453.15478515625,2177.904541015625,-0.11220255884631974,213,ASIANPAINT,-0.11480255884631975
2019-12-11,2020-04-16,112.64518737792969,78.50799560546875,-0.30305060133575984,127,ASTERDM,-0.30565060133575983
2020-09-16,2021-04-19,100.56121063232422,111.13468170166016,0.10514462786247741,215,ASTERDM,0.10254462786247741
2021-06-16,2022-03-03,117.62982177734375,126.12635803222656,0.07223114110438361,260,ASTERDM,0.0696311411043836
2022-07-22,2023-03-08,167.09854125976562,174.4244384765625,0.04384177839953904,229,ASTERDM,0.04124177839953904
2023-04-17,2026-02-04,188.81192016601562,537.9934692382812,1.8493617816356227,1024,ASTERDM,1.8467617816356228
2017-06-07,2017-06-28,910.23046875,892.4403686523438,-0.019544610632609358,21,ASTRAZEN,-0.022144610632609356
2017-11-02,2018-04-06,1062.1558837890625,951.8873901367188,-0.1038157348985155,155,ASTRAZEN,-0.10641573489851551
2018-06-01,2021-03-10,1174.2869873046875,3350.99072265625,1.8536386410511947,1013,ASTRAZEN,1.8510386410511948
2022-07-28,2023-05-19,3020.13818359375,3152.176025390625,0.04371913924804571,295,ASTRAZEN,0.041119139248045715
2023-06-14,2026-01-22,3596.24169921875,8309.876953125,1.3107114727383988,953,ASTRAZEN,1.308111472738399
2017-03-24,2018-11-29,251.0415496826172,474.64361572265625,0.8906974416096902,615,ASTRAL,0.8880974416096902
2018-12-20,2020-04-13,481.6960144042969,512.6314086914062,0.06422181907684354,480,ASTRAL,0.06162181907684355
2020-09-08,2022-03-16,704.826416015625,1516.846435546875,1.1520851107164642,554,ASTRAL,1.1494851107164643
2022-09-16,2023-03-14,1741.1527099609375,1380.854248046875,-0.20693099453760477,179,ASTRAL,-0.20953099453760476
2023-06-07,2024-02-21,1910.3707275390625,1921.302734375,0.005722453070677072,259,ASTRAL,0.0031224530706770717
2024-03-04,2024-09-23,2087.109375,1965.376708984375,-0.058325963877971176,203,ASTRAL,-0.060925963877971175
2025-10-28,2026-01-28,1448.81298828125,1452.9000244140625,0.002820954923699998,92,ASTRAL,0.0002209549236999982
2026-02-12,2026-07-10,1591.5999755859375,1333.800048828125,-0.1619753271627848,148,ASTRAL,-0.16457532716278478
2017-11-09,2022-01-06,2404.226806640625,8986.40234375,2.7377514962103384,1519,ATUL,2.7351514962103383
2022-01-17,2022-05-27,10463.9873046875,8012.07568359375,-0.2343190554135496,130,ATUL,-0.2369190554135496
2022-09-19,2022-11-01,9104.74609375,8235.2890625,-0.09549492344952303,43,ATUL,-0.09809492344952303
2023-10-10,2023-11-15,6804.599609375,6603.75927734375,-0.029515378355920212,36,ATUL,-0.03211537835592021
2024-07-29,2025-01-29,7804.056640625,6211.70703125,-0.20404126759995866,184,ATUL,-0.20664126759995866
2025-06-25,2025-09-25,7296.51416015625,6193.9580078125,-0.15110724493134398,92,ATUL,-0.15370724493134397
2016-09-08,2016-12-20,766.8184204101562,640.09521484375,-0.1652584264976635,103,AUROPHARMA,-0.1678584264976635
2017-08-09,2018-01-19,651.8779907226562,614.6578979492188,-0.05709671641494784,163,AUROPHARMA,-0.05969671641494784
2018-09-04,2019-06-06,648.3567504882812,599.804931640625,-0.07488441943589172,275,AUROPHARMA,-0.07748441943589172
2020-05-15,2021-08-24,642.5902099609375,668.1577758789062,0.0397882904557836,466,AUROPHARMA,0.037188290455783604
2023-04-26,2024-12-31,608.4577026367188,1329.5093994140625,1.1850481860163902,615,AUROPHARMA,1.1824481860163902
2017-02-02,2018-05-14,168.75819396972656,645.9727172851562,2.82780060683179,466,AVANTIFEED,2.82520060683179
2019-10-29,2020-04-17,395.22564697265625,386.48089599609375,-0.02212597042612345,171,AVANTIFEED,-0.02472597042612345
2020-09-03,2020-09-09,479.1494140625,431.3879089355469,-0.09967977362636019,6,AVANTIFEED,-0.10227977362636019
2020-09-14,2021-03-22,497.9376525878906,424.0865478515625,-0.1483139592929111,189,AVANTIFEED,-0.1509139592929111
2021-06-08,2022-01-07,535.1422729492188,530.4651489257812,-0.008739963669215357,213,AVANTIFEED,-0.011339963669215357
2022-01-13,2022-03-03,584.615234375,441.46722412109375,-0.24485850151842659,49,AVANTIFEED,-0.24745850151842658
2022-10-10,2022-11-30,467.7022399902344,366.2946472167969,-0.21682084048935685,51,AVANTIFEED,-0.21942084048935684
2023-07-27,2025-08-11,380.3261413574219,632.5771484375,0.6632491949666388,746,AVANTIFEED,0.6606491949666388
2025-12-18,2026-07-31,846.4519653320312,889.513671875,0.05087318395684422,225,AVANTIFEED,0.04827318395684422
2019-01-08,2019-02-28,1572.4000244140625,1455.800048828125,-0.07415414256902418,51,DMART,-0.07675414256902419
2019-08-28,2020-10-09,1553.300048828125,2057.60009765625,0.3246636406202332,408,DMART,0.3220636406202332
2020-12-07,2022-03-29,2526.449951171875,4006.10009765625,0.5856637475830663,477,DMART,0.5830637475830662
2022-09-09,2023-01-11,4386.10009765625,3872.89990234375,-0.11700603814006272,124,DMART,-0.11960603814006272
2023-08-04,2024-11-18,3652.10009765625,3790.550048828125,0.037909681407890715,472,DMART,0.03530968140789072
2025-06-03,2025-12-08,4055.199951171875,3867.60009765625,-0.046261554491637887,188,DMART,-0.048861554491637885
2017-06-08,2018-04-20,507.5860595703125,502.5850524902344,-0.00985253039516419,316,AXISBANK,-0.01245253039516419
2018-08-16,2019-09-11,619.6097412109375,678.3423461914062,0.09478967336066146,391,AXISBANK,0.09218967336066146
2019-12-30,2020-03-09,750.3856811523438,620.478759765625,-0.17312020291648525,70,AXISBANK,-0.17572020291648524
2020-11-14,2021-12-16,610.1300048828125,706.1547241210938,0.1573840304030363,397,AXISBANK,0.15478403040303632
2022-03-14,2022-05-06,706.5526733398438,670.0831909179688,-0.05161608440243435,53,AXISBANK,-0.05421608440243435
2022-09-08,2024-12-12,777.0904541015625,1143.7896728515625,0.4718874319128799,826,AXISBANK,0.4692874319128799
2025-05-21,2025-09-08,1195.85498046875,1054.6866455078125,-0.11804803865565913,110,AXISBANK,-0.12064803865565914
2020-04-21,2022-02-17,1034.5853271484375,2748.385498046875,1.6565092563433865,667,BASF,1.6539092563433866
2022-08-29,2022-12-07,3236.2158203125,2692.21337890625,-0.16809831964597444,100,BASF,-0.17069831964597443
2023-07-25,2025-01-20,2617.620361328125,4873.6103515625,0.8618476626953396,545,BASF,0.8592476626953396
2016-09-23,2016-11-07,357.685546875,346.93487548828125,-0.030056208534687524,45,BEML,-0.03265620853468752
2017-01-16,2018-01-30,474.1253967285156,580.8261108398438,0.2250474554781654,379,BEML,0.2224474554781654
2019-01-25,2019-08-23,337.71990966796875,295.5582275390625,-0.12484215742672011,210,BEML,-0.1274421574267201
2019-11-05,2020-03-12,389.2605285644531,211.0769805908203,-0.45774882090088276,128,BEML,-0.46034882090088275
2020-12-02,2022-05-30,291.7587890625,568.599365234375,0.9488679914714437,544,BEML,0.9462679914714437
2022-09-21,2023-03-20,766.3858032226562,589.9443969726562,-0.23022530624662277,180,BEML,-0.23282530624662276
2023-06-30,2025-01-23,796.8515014648438,1815.9365234375,1.2788895046307662,573,BEML,1.2762895046307663
2025-06-18,2025-12-30,2225.329345703125,1827.54443359375,-0.17875327662283136,195,BEML,-0.18135327662283135
2019-07-02,2019-08-06,62.01454544067383,47.088382720947266,-0.24068809363451138,35,BSE,-0.24328809363451137
2020-08-06,2022-07-19,51.74228286743164,218.54421997070312,3.2237065676176866,712,BSE,3.2211065676176864
2017-03-01,2018-04-05,2146.69287109375,2221.1259765625,0.034673383636302846,400,BAJAJ-AUTO,0.03207338363630285
2019-03-07,2019-08-06,2356.986328125,2153.82666015625,-0.08619467391241298,152,BAJAJ-AUTO,-0.08879467391241298
2019-10-15,2020-03-23,2485.71435546875,1669.11181640625,-0.32851825362231013,160,BAJAJ-AUTO,-0.3311182536223101
2020-07-27,2021-10-22,2604.712890625,3449.564697265625,0.3243550602761071,452,BAJAJ-AUTO,0.3217550602761071
2022-05-11,2022-11-25,3223.2666015625,3369.68994140625,0.045427002461654986,198,BAJAJ-AUTO,0.04282700246165499
2023-03-16,2024-12-23,3517.751953125,8433.03515625,1.3972796458142824,648,BAJAJ-AUTO,1.3946796458142825
2016-09-02,2016-12-05,326.51544189453125,291.62591552734375,-0.10685413885710579,94,BAJAJCON,-0.1094541388571058
2017-04-12,2017-06-29,346.577880859375,307.4335632324219,-0.11294522757739421,78,BAJAJCON,-0.11554522757739422
2017-07-17,2018-06-25,332.2538146972656,337.77203369140625,0.016608444358023614,343,BAJAJCON,0.014008444358023614
2020-09-22,2021-10-06,154.88204956054688,233.43153381347656,0.507156797548853,379,BAJAJCON,0.504556797548853
2022-09-22,2023-04-19,155.4453125,149.47035217285156,-0.0384377002500377,209,BAJAJCON,-0.041037700250037695
2023-05-30,2024-11-08,179.97154235839844,226.33999633789062,0.25764325499391033,528,BAJAJCON,0.25504325499391034
2017-03-09,2018-10-09,247.4938201904297,440.3448181152344,0.7792154073843902,579,BAJAJELEC,0.7766154073843902
2019-05-02,2019-07-30,502.95892333984375,319.41876220703125,-0.3649207770567706,89,BAJAJELEC,-0.3675207770567706
2020-03-17,2020-03-27,317.47979736328125,255.70420837402344,-0.19458116548616203,10,BAJAJELEC,-0.19718116548616202
2020-06-18,2022-03-21,373.78167724609375,964.5369262695312,1.580482096864504,641,BAJAJELEC,1.577882096864504
2022-08-29,2023-03-22,1118.1536865234375,1018.9313354492188,-0.08873766841722876,205,BAJAJELEC,-0.09133766841722876
2023-06-16,2023-10-25,1131.6693115234375,1016.593505859375,-0.10168677765870407,131,BAJAJELEC,-0.10428677765870407
2024-07-26,2024-09-19,990.264892578125,997.714599609375,0.007522943696261827,55,BAJAJELEC,0.004922943696261827
2017-02-20,2018-03-16,105.80816650390625,163.3857879638672,0.5441699196047903,389,BAJFINANCE,0.5415699196047903
2018-04-24,2020-04-15,185.63970947265625,212.47862243652344,0.1445752799339541,722,BAJFINANCE,0.14197527993395412
2020-09-09,2022-03-30,333.2413635253906,707.1653442382812,1.1220815350084843,567,BAJFINANCE,1.1194815350084844
2022-09-12,2023-01-12,713.1705932617188,577.2777709960938,-0.1905474279921062,122,BAJFINANCE,-0.19314742799210619
2023-06-20,2024-02-13,709.4418334960938,649.0470581054688,-0.08512998887167758,238,BAJFINANCE,-0.08772998887167759
2024-09-24,2024-12-11,746.2001953125,702.826171875,-0.05812652383364154,78,BAJFINANCE,-0.060726523833641535
2025-01-28,2026-03-12,751.376220703125,857.8267211914062,0.14167403433218406,408,BAJFINANCE,0.13907403433218407
2018-04-03,2018-11-21,535.8627319335938,582.8660278320312,0.0877151798350148,232,BAJAJFINSV,0.08511517983501479
2019-01-14,2020-04-03,634.3453979492188,449.6787414550781,-0.2911137325046437,445,BAJAJFINSV,-0.29371373250464367
2020-11-23,2022-04-04,874.7190551757812,1714.727783203125,0.9603183136996345,497,BAJAJFINSV,0.9577183136996344
2022-09-19,2023-02-07,1761.544677734375,1347.031494140625,-0.2353123306113811,141,BAJAJFINSV,-0.2379123306113811
2023-07-14,2024-06-14,1611.02197265625,1588.6163330078125,-0.013907718224038326,336,BAJAJFINSV,-0.016507718224038327
2024-09-04,2024-12-31,1869.393310546875,1566.0001220703125,-0.16229500061054963,118,BAJAJFINSV,-0.16489500061054962
2025-02-07,2026-02-06,1795.9417724609375,2022.47412109375,0.12613568663888275,364,BAJAJFINSV,0.12353568663888274
2018-06-28,2018-12-18,2532.470947265625,2599.755126953125,0.026568588974396127,173,BAJAJHLDNG,0.023968588974396125
2018-12-19,2020-01-27,2610.52880859375,2967.42724609375,0.13671499671832982,404,BAJAJHLDNG,0.13411499671832983
2020-02-20,2020-03-09,3306.795654296875,2621.1240234375,-0.20735228376401432,18,BAJAJHLDNG,-0.2099522837640143
2020-12-01,2022-06-23,2813.42578125,4200.0849609375,0.4928721379212676,569,BAJAJHLDNG,0.4902721379212676
2022-09-08,2025-11-11,5997.19775390625,12006.8037109375,1.0020690001621038,1160,BAJAJHLDNG,0.9994690001621037
2019-11-28,2020-05-26,875.0529174804688,985.552978515625,0.1262781471014553,180,BALKRISIND,0.12367814710145529
2020-06-03,2022-02-03,1074.6480712890625,2246.605712890625,1.090550174435967,610,BALKRISIND,1.087950174435967
2022-07-25,2022-09-23,2284.31884765625,1841.331787109375,-0.19392523114773896,60,BALKRISIND,-0.19652523114773895
2023-01-19,2023-04-06,2164.095947265625,1926.7283935546875,-0.10968439454399227,77,BALKRISIND,-0.11228439454399228
2023-05-23,2024-03-05,2356.33544921875,2237.04052734375,-0.050627308567017734,287,BALKRISIND,-0.05322730856701773
2024-05-29,2024-12-26,3051.76318359375,2792.81787109375,-0.08485105066215083,211,BALKRISIND,-0.08745105066215084
2026-02-23,2026-03-24,2500.3017578125,2050.466796875,-0.17991226840197805,29,BALKRISIND,-0.18251226840197804
2019-11-01,2020-03-09,97.61407470703125,67.51329040527344,-0.30836520647354576,129,BALMLAWRIE,-0.31096520647354575
2020-08-14,2021-12-01,84.47515106201172,95.83370971679688,0.1344603532753323,474,BALMLAWRIE,0.1318603532753323
2022-09-21,2023-04-10,100.44990539550781,99.01054382324219,-0.014329148112169295,201,BALMLAWRIE,-0.016929148112169293
2023-05-30,2024-11-06,109.91478729248047,226.81700134277344,1.0635713076459778,526,BALMLAWRIE,1.060971307645978
2025-07-08,2025-12-09,201.55238342285156,171.9598388671875,-0.14682309409152303,154,BALMLAWRIE,-0.14942309409152302
2018-11-01,2020-03-25,99.40887451171875,71.02136993408203,-0.28556308193882907,510,BALRAMCHIN,-0.28816308193882906
2020-09-04,2022-07-07,147.28240966796875,336.5083923339844,1.2847833158936213,671,BALRAMCHIN,1.2821833158936213
2023-01-20,2024-02-08,379.24114990234375,386.5422668457031,0.01925191120541493,384,BALRAMCHIN,0.016651911205414933
2024-07-08,2025-02-14,418.11688232421875,426.0225830078125,0.018907872458169397,221,BALRAMCHIN,0.0163078724581694
2025-05-27,2025-10-07,553.9534301757812,477.7308349609375,-0.1375974785292993,133,BALRAMCHIN,-0.14019747852929929
2019-05-09,2019-08-30,553.76123046875,457.2293395996094,-0.17432042107286552,113,BANDHANBNK,-0.1769204210728655
2019-11-07,2020-01-15,553.6213989257812,479.33135986328125,-0.1341892477542389,69,BANDHANBNK,-0.1367892477542389
2020-11-12,2021-05-07,328.8526611328125,289.51690673828125,-0.11961513177065296,176,BANDHANBNK,-0.12221513177065296
2022-03-16,2022-07-22,287.6650085449219,279.4096984863281,-0.028697651133695663,128,BANDHANBNK,-0.03129765113369566
2023-06-22,2023-08-17,233.10194396972656,225.74041748046875,-0.03158071684813521,56,BANDHANBNK,-0.03418071684813521
2023-09-29,2023-12-07,247.42446899414062,234.19769287109375,-0.053457833725249315,69,BANDHANBNK,-0.05605783372524931
2025-06-20,2025-11-24,178.42010498046875,149.91000366210938,-0.15979197703913645,157,BANDHANBNK,-0.16239197703913644
2017-12-13,2018-02-26,140.61878967285156,123.4439468383789,-0.12213760959278475,75,BANKBARODA,-0.12473760959278475
2019-05-09,2019-08-19,95.62077331542969,88.1067886352539,-0.07858109090363631,102,BANKBARODA,-0.08118109090363632
2020-12-16,2024-09-19,57.02037811279297,220.84957885742188,2.8731693153727536,1373,BANKBARODA,2.8705693153727534
2025-06-03,2026-05-15,237.52682495117188,253.2101593017578,0.06602763436849687,346,BANKBARODA,0.06342763436849687
2016-08-16,2018-02-26,95.33609008789062,108.3171157836914,0.13616066784187955,559,BANKINDIA,0.13356066784187956
2019-01-18,2019-06-24,87.3772201538086,73.50241088867188,-0.15879206549159078,157,BANKINDIA,-0.16139206549159077
2020-12-14,2021-09-22,44.94415283203125,46.39121627807617,0.032196923400759137,282,BANKINDIA,0.02959692340075914
2022-09-08,2023-07-21,46.77946472167969,77.15850067138672,0.649409652941754,316,BANKINDIA,0.646809652941754
2023-08-01,2024-08-06,78.39193725585938,111.13584899902344,0.4176948917117957,371,BANKINDIA,0.4150948917117957
2025-05-20,2026-06-30,108.55672454833984,140.39999389648438,0.29333299692516845,406,BANKINDIA,0.29073299692516846
2017-02-21,2017-07-10,31.690185546875,24.984851837158203,-0.21159023192838378,139,MAHABANK,-0.21419023192838377
2018-12-28,2019-08-23,12.855453491210938,9.737686157226562,-0.2425248814533024,238,MAHABANK,-0.24512488145330238
2020-08-06,2021-09-20,10.122068405151367,15.8450927734375,0.5654006808898413,410,MAHABANK,0.5628006808898413
2022-09-22,2024-10-15,16.412153244018555,51.134010314941406,2.1156186244834942,754,MAHABANK,2.113018624483494
2017-03-27,2020-04-03,495.5751953125,1103.072509765625,1.225842859366779,1103,BATAINDIA,1.223242859366779
2020-11-24,2021-05-06,1397.9896240234375,1256.5455322265625,-0.10117678226380289,163,BATAINDIA,-0.1037767822638029
2021-06-23,2022-05-17,1544.4981689453125,1642.3900146484375,0.06338100469874441,328,BATAINDIA,0.060781004698744416
2022-09-08,2022-11-23,1832.67431640625,1625.425048828125,-0.11308570525750956,76,BATAINDIA,-0.11568570525750957
2023-07-17,2024-01-25,1621.7369384765625,1399.0859375,-0.13729168750741894,192,BATAINDIA,-0.13989168750741893
2024-08-05,2024-10-16,1514.5787353515625,1395.7587890625,-0.07845082168110734,72,BATAINDIA,-0.08105082168110735
2024-10-21,2024-11-05,1401.7349853515625,1328.5523681640625,-0.05220859716870476,15,BATAINDIA,-0.05480859716870476
2017-04-25,2018-03-13,202.72154235839844,195.94268798828125,-0.033439240305959274,322,BERGEPAINT,-0.03603924030595927
2018-04-27,2020-05-27,222.14248657226562,366.7389221191406,0.6509175159513488,761,BERGEPAINT,0.6483175159513488
2020-06-09,2020-06-17,395.2254333496094,403.4450378417969,0.02079725594207037,8,BERGEPAINT,0.01819725594207037
2020-06-24,2020-06-25,435.7995910644531,419.19927978515625,-0.038091617384839974,1,BERGEPAINT,-0.04069161738483997
2020-08-04,2021-12-07,423.5910949707031,595.6122436523438,0.4061019004508066,490,BERGEPAINT,0.4035019004508066
2023-05-31,2024-03-14,528.5616455078125,553.7295532226562,0.04761584183934464,288,BERGEPAINT,0.04501584183934464
2024-09-10,2024-12-05,593.2592163085938,476.086181640625,-0.19750731458846688,86,BERGEPAINT,-0.20010731458846687
2025-05-14,2026-01-15,545.1478271484375,521.21484375,-0.04390182296722394,246,BERGEPAINT,-0.04650182296722394
2019-05-31,2020-02-10,135.4645538330078,134.41578674316406,-0.007742003794856949,255,BDL,-0.01034200379485695
2020-07-14,2023-11-16,181.0917205810547,546.5001831054688,2.017808773101039,1220,BDL,2.0152087731010386
2023-12-07,2024-11-07,641.691650390625,1069.167236328125,0.6661697805749497,336,BDL,0.6635697805749496
2025-04-30,2025-11-26,1523.557861328125,1482.322265625,-0.027065329614182725,210,BDL,-0.029665329614182723
2019-05-16,2020-01-23,26.019725799560547,30.010417938232422,0.15337179835843137,252,BEL,0.15077179835843138
2020-08-06,2023-03-16,29.870820999145508,88.8930435180664,1.975915644253946,952,BEL,1.9733156442539461
2023-05-25,2025-02-11,106.70906829833984,261.8652038574219,1.4540107793396966,628,BEL,1.4514107793396966
2025-05-12,2026-07-07,320.6876220703125,419.1499938964844,0.307035149004234,421,BEL,0.304435149004234
2016-09-14,2018-06-22,401.2560729980469,577.0843505859375,0.4381946826976659,646,BHARATFORG,0.43559468269766594
2019-12-23,2020-03-27,479.41412353515625,254.10057067871094,-0.46997687760010826,95,BHARATFORG,-0.47257687760010825
2020-08-26,2022-01-20,480.2509460449219,725.0460205078125,0.5097232529761491,512,BHARATFORG,0.507123252976149
2022-09-02,2023-05-02,747.4321899414062,780.9908447265625,0.044898594463515185,242,BHARATFORG,0.042298594463515186
2023-07-31,2024-12-03,915.5453491210938,1335.4737548828125,0.458664779592668,491,BHARATFORG,0.456064779592668
2025-07-10,2025-09-09,1229.658935546875,1176.780029296875,-0.04300290488799871,61,BHARATFORG,-0.04560290488799871
2016-08-26,2016-12-30,85.09144592285156,74.15653228759766,-0.1285077896686358,126,BHEL,-0.1311077896686358
2017-02-21,2017-07-20,95.08268737792969,90.07024383544922,-0.05271667935254365,149,BHEL,-0.05531667935254365
2018-01-29,2018-04-10,94.59359741210938,83.25279235839844,-0.11988977440305222,71,BHEL,-0.12248977440305223
2019-05-07,2019-05-22,61.28880310058594,62.681724548339844,0.02272717653611006,15,BHEL,0.020127176536110063
2019-05-27,2019-06-21,69.8385009765625,68.58967590332031,-0.01788161337628492,25,BHEL,-0.020481613376284923
2019-06-24,2019-07-03,70.79913330078125,70.07865905761719,-0.010176314448698374,9,BHEL,-0.012776314448698374
2019-07-23,2019-07-30,61.38487243652344,55.4769401550293,-0.09624410782320002,7,BHEL,-0.09884410782320002
2020-08-18,2020-11-09,36.835941314697266,27.737607955932617,-0.2469960868119442,83,BHEL,-0.2495960868119442
2020-12-23,2022-01-18,33.39332962036133,59.6555290222168,0.7864504588318229,391,BHEL,0.7838504588318228
2022-09-14,2024-10-31,62.06535720825195,237.73196411132812,2.8303487614459466,778,BHEL,2.8277487614459464
2019-03-15,2019-09-11,124.10523986816406,123.80492401123047,-0.0024198483259257764,180,BPCL,-0.005019848325925776
2019-09-23,2020-03-26,144.56736755371094,95.47728729248047,-0.3395654295426808,185,BPCL,-0.3421654295426808
2020-08-24,2020-10-26,138.58241271972656,117.05522918701172,-0.1553384957747279,63,BPCL,-0.1579384957747279
2020-12-21,2021-12-30,124.24224853515625,154.325927734375,0.24213727257766196,374,BPCL,0.23953727257766197
2023-01-11,2023-10-27,148.44236755371094,142.62498474121094,-0.03918950437377722,289,BPCL,-0.041789504373777216
2023-11-07,2024-12-17,158.7418670654297,269.6833801269531,0.6988799811444573,406,BPCL,0.6962799811444572
2025-05-30,2026-04-22,298.8526611328125,314.3999938964844,0.052023404124089484,327,BPCL,0.049423404124089486
2017-03-06,2018-03-23,305.96893310546875,352.4576416015625,0.15193930973400133,382,BHARTIARTL,0.14933930973400134
2019-05-02,2020-10-01,306.0559997558594,409.6189880371094,0.3383792128364159,518,BHARTIARTL,0.33577921283641593
2021-01-25,2022-06-21,550.2168579101562,631.5383911132812,0.14779905783330946,512,BHARTIARTL,0.14519905783330947
2022-09-13,2023-04-13,760.3323974609375,743.656982421875,-0.021931743399003605,212,BHARTIARTL,-0.024531743399003603
2023-06-08,2026-03-17,810.5040893554688,1804.2926025390625,1.2261363344556064,1013,BHARTIARTL,1.2235363344556065
2017-07-19,2017-10-06,204.89060974121094,172.84796142578125,-0.15638905246024434,79,BIOCON,-0.15898905246024433
2017-11-06,2019-04-22,202.9449005126953,299.88116455078125,0.4776481882185655,532,BIOCON,0.4750481882185655
2019-12-18,2021-03-10,290.73822021484375,398.0162353515625,0.36898490696353803,448,BIOCON,0.36638490696353804
2022-02-23,2022-03-08,390.9962463378906,330.6832275390625,-0.15425472587966202,13,BIOCON,-0.156854725879662
2023-07-27,2023-12-06,255.09902954101562,239.4603729248047,-0.061304257583216344,132,BIOCON,-0.06390425758321634
2024-01-15,2025-03-27,280.0013122558594,344.6763916015625,0.23098134371100512,437,BIOCON,0.22838134371100513
2025-07-14,2026-04-13,378.6471862792969,344.587890625,-0.08994995047757766,273,BIOCON,-0.09254995047757766
2019-06-27,2020-04-20,549.6542358398438,428.59521484375,-0.22024577107301233,298,BIRLACORPN,-0.22284577107301232
2020-08-21,2022-03-04,567.363525390625,998.4354858398438,0.7597808832572192,560,BIRLACORPN,0.7571808832572191
2023-01-18,2023-02-23,939.6219482421875,850.6358032226562,-0.09470420011580559,36,BIRLACORPN,-0.0973042001158056
2023-06-02,2024-09-03,1127.255126953125,1305.7119140625,0.1583109119155027,459,BIRLACORPN,0.1557109119155027
2025-06-04,2025-11-21,1331.569580078125,1128.233154296875,-0.15270431889058322,170,BIRLACORPN,-0.15530431889058322
2016-09-28,2017-08-29,141.08364868164062,159.75860595703125,0.1323679777911841,335,BLISSGVS,0.1297679777911841
2017-09-06,2018-06-26,158.8082275390625,166.7350311279297,0.049914313078756635,293,BLISSGVS,0.04731431307875664
2019-04-16,2019-06-19,171.0338897705078,147.1006317138672,-0.13993284072971807,64,BLISSGVS,-0.14253284072971806
2019-12-31,2020-03-17,145.86033630371094,99.25667572021484,-0.31950879700741797,77,BLISSGVS,-0.32210879700741796
2020-09-04,2021-04-08,144.0697784423828,97.44287872314453,-0.3236410871408785,216,BLISSGVS,-0.3262410871408785
2023-03-27,2023-04-18,70.26512145996094,73.65315246582031,0.04821782038461246,22,BLISSGVS,0.04561782038461246
2023-04-20,2023-05-19,75.17532348632812,71.7381820678711,-0.04572167114228823,29,BLISSGVS,-0.048321671142288226
2023-06-16,2024-06-07,80.38014221191406,103.97563171386719,0.29354874043076484,357,BLISSGVS,0.29094874043076485
2024-09-11,2025-04-04,125.25057983398438,119.52262878417969,-0.04573193239821247,205,BLISSGVS,-0.04833193239821247
2018-01-18,2018-04-05,4564.4521484375,3641.951904296875,-0.202105359885614,77,BLUEDART,-0.204705359885614
2019-04-22,2019-05-30,3137.49609375,2615.00146484375,-0.16653235997554777,38,BLUEDART,-0.16913235997554776
2020-02-14,2020-05-06,2821.222412109375,2105.98828125,-0.25351922903682306,82,BLUEDART,-0.25611922903682305
2020-09-28,2022-12-26,2896.687744140625,7323.22900390625,1.528138912701089,819,BLUEDART,1.525538912701089
2023-08-01,2023-10-03,6563.66259765625,6760.63330078125,0.030009266959476897,63,BLUEDART,0.027409266959476895
2023-10-18,2024-03-04,6703.89501953125,5927.0830078125,-0.11587472796867668,138,BLUEDART,-0.11847472796867668
2024-06-07,2025-01-06,7333.625,6755.37548828125,-0.07884907010090508,213,BLUEDART,-0.08144907010090509
2019-04-05,2020-03-27,325.5393371582031,235.3071746826172,-0.2771774473194789,357,BLUESTARCO,-0.2797774473194789
2020-10-16,2021-09-23,307.6593017578125,412.0018615722656,0.3391496997434875,342,BLUESTARCO,0.33654969974348753
2021-09-27,2022-07-06,437.0252685546875,423.92010498046875,-0.029987198720933514,282,BLUESTARCO,-0.03258719872093351
2022-09-12,2025-05-22,559.479736328125,1543.8759765625,1.7594850649908864,983,BLUESTARCO,1.7568850649908865
2025-10-06,2025-12-30,1883.5626220703125,1699.6644287109375,-0.09763317195010157,85,BLUESTARCO,-0.10023317195010158
2026-02-09,2026-04-24,1927.546875,1809.525634765625,-0.0612287264009468,74,BLUESTARCO,-0.0638287264009468
2016-08-19,2018-05-15,480.42425537109375,1446.7098388671875,2.0113172319946804,634,BBTC,2.00871723199468
2018-05-30,2018-11-12,1532.3465576171875,1376.369873046875,-0.10178943124514707,166,BBTC,-0.10438943124514707
2019-11-11,2020-04-01,1170.3277587890625,709.1505737304688,-0.3940581444772134,142,BBTC,-0.39665814447721337
2020-07-23,2021-03-05,1246.1995849609375,1175.125244140625,-0.057032871522373636,225,BBTC,-0.059632871522373634
2021-07-01,2021-09-06,1288.091796875,1178.2847900390625,-0.08524781160965152,67,BBTC,-0.08784781160965152
2022-12-20,2023-02-15,955.738525390625,900.1295776367188,-0.05818426931275792,57,BBTC,-0.06078426931275792
2023-06-02,2025-02-03,929.08544921875,2074.482177734375,1.2328217275157705,612,BBTC,1.2302217275157705
2025-11-10,2026-01-06,1917.462890625,1858.82666015625,-0.030580112269936774,57,BBTC,-0.03318011226993677
2016-10-07,2017-01-06,56.457645416259766,50.792842864990234,-0.10033720870757518,91,BOMDYEING,-0.10293720870757518
2017-01-27,2018-07-16,51.64970779418945,202.86416625976562,2.9276924289315662,535,BOMDYEING,2.925092428931566
2020-08-13,2020-09-25,66.02679443359375,62.238372802734375,-0.05737703402623262,43,BOMDYEING,-0.05997703402623262
2020-10-08,2022-07-14,63.4191780090332,94.75977325439453,0.49418166916161044,644,BOMDYEING,0.49158166916161045
2023-06-14,2025-01-20,90.87294006347656,172.85748291015625,0.9021887350559127,586,BOMDYEING,0.8995887350559126
2025-08-20,2025-12-18,167.05825805664062,129.0062255859375,-0.22777702170102654,120,BOMDYEING,-0.23037702170102653
2017-03-29,2017-10-04,20670.8984375,18748.68359375,-0.09299135446685879,189,BOSCHLTD,-0.09559135446685879
2018-09-11,2019-03-12,18662.642578125,17369.5703125,-0.0692866650696427,182,BOSCHLTD,-0.07188666506964271
2020-08-25,2022-03-23,13182.2060546875,13220.8291015625,0.002929938032736631,575,BOSCHLTD,0.0003299380327366312
2022-08-16,2025-02-01,17031.72265625,28120.02734375,0.651038354210812,900,BOSCHLTD,0.648438354210812
2025-07-10,2026-02-24,35476.859375,35099.02734375,-0.010650098061280262,229,BOSCHLTD,-0.013250098061280262
2017-03-10,2018-04-05,100.18306732177734,124.33964538574219,0.2411243607303067,391,BRIGADE,0.23852436073030672
2019-02-20,2020-04-13,96.54452514648438,101.33883666992188,0.0496590719791021,418,BRIGADE,0.0470590719791021
2020-10-14,2022-06-13,119.27851104736328,330.428466796875,1.7702262871613814,607,BRIGADE,1.7676262871613815
2022-09-01,2023-01-02,382.2312927246094,344.9947204589844,-0.09741895280262484,123,BRIGADE,-0.10001895280262485
2023-05-19,2025-01-16,402.5927734375,848.22607421875,1.106908345562819,608,BRIGADE,1.104308345562819
2025-07-17,2025-08-12,843.7530517578125,726.2628784179688,-0.1392471092046108,26,BRIGADE,-0.1418471092046108
2016-08-17,2017-01-10,1443.753662109375,1246.490478515625,-0.13663216154585647,146,BRITANNIA,-0.13923216154585646
2017-02-27,2019-04-15,1410.1766357421875,2619.758544921875,0.857752056389074,777,BRITANNIA,0.855152056389074
2019-11-04,2020-04-09,2847.06494140625,2462.03369140625,-0.13523795836206728,157,BRITANNIA,-0.13783795836206728
2020-06-08,2021-02-22,3044.71435546875,3033.264892578125,-0.003760439093427631,259,BRITANNIA,-0.006360439093427631
2021-06-08,2021-07-05,3336.253662109375,3263.818359375,-0.021711569344093927,27,BRITANNIA,-0.024311569344093925
2021-07-06,2021-12-23,3259.603515625,3292.579345703125,0.01011651568052815,170,BRITANNIA,0.007516515680528151
2022-07-18,2023-10-18,3556.999755859375,4416.11181640625,0.2415271632031115,457,BRITANNIA,0.2389271632031115
2023-11-30,2024-12-18,4650.87646484375,4643.44970703125,-0.001596851231942904,384,BRITANNIA,-0.004196851231942904
2025-06-04,2026-04-09,5380.69921875,5385.31103515625,0.0008571035508134906,309,BRITANNIA,-0.0017428964491865092
2016-09-07,2017-10-18,909.1696166992188,1108.16796875,0.21887923704847698,406,CARERATING,0.21627923704847699
2020-12-10,2022-01-17,461.65386962890625,573.3643798828125,0.2419789318428179,403,CARERATING,0.23937893184281792
2022-10-14,2024-08-26,460.1203308105469,965.2305908203125,1.0977786161284475,682,CARERATING,1.0951786161284476
2024-10-25,2025-04-02,1376.8587646484375,1142.7032470703125,-0.1700650230729464,159,CARERATING,-0.1726650230729464
2025-05-21,2026-01-20,1642.810546875,1596.1746826171875,-0.028387852967297136,244,CARERATING,-0.030987852967297135
2017-11-10,2018-02-05,286.9477844238281,256.2440185546875,-0.10700122996520682,87,CCL,-0.10960122996520683
2019-02-14,2019-06-13,255.57199096679688,237.94252014160156,-0.06898044953402456,119,CCL,-0.07158044953402457
2020-07-01,2021-03-10,224.45236206054688,243.84506225585938,0.08640007178931468,252,CCL,0.08380007178931467
2021-05-11,2022-05-05,305.89813232421875,364.8591003417969,0.19274706769077593,359,CCL,0.19014706769077594
2022-08-23,2024-03-15,446.2032165527344,574.8621826171875,0.2883416373786889,570,CCL,0.2857416373786889
2024-08-19,2025-02-24,698.8132934570312,584.1072998046875,-0.1641439776923717,189,CCL,-0.1667439776923717
2018-05-22,2018-07-03,65.96827697753906,57.72872543334961,-0.12490172430901694,42,CESC,-0.12750172430901693
2019-06-18,2020-01-08,56.1119499206543,53.41473388671875,-0.0480684780648253,204,CESC,-0.0506684780648253
2020-10-12,2022-03-29,45.26066589355469,65.98075866699219,0.45779469577773335,533,CESC,0.45519469577773336
2022-10-06,2022-11-18,68.76566314697266,61.9105224609375,-0.0996884254774608,43,CESC,-0.10228842547746081
2023-07-11,2025-02-03,68.04669952392578,130.75843811035156,0.9215985349058086,573,CESC,0.9189985349058085
2025-06-26,2026-02-03,167.56239318847656,147.44000244140625,-0.12008894337308945,222,CESC,-0.12268894337308946
2017-04-24,2018-04-04,78.82989501953125,77.89143371582031,-0.011904890948775462,345,CGPOWER,-0.014504890948775462
2020-08-19,2025-02-06,15.114002227783203,612.0784301757812,39.497442103762076,1632,CGPOWER,39.494842103762075
2025-07-16,2026-01-09,673.8626708984375,593.440185546875,-0.1193455118152457,177,CGPOWER,-0.12194551181524571
2018-01-24,2018-05-25,1714.37841796875,1438.6082763671875,-0.16085721723463114,121,CRISIL,-0.16345721723463114
2019-12-03,2020-04-16,1485.1719970703125,1276.6375732421875,-0.1404109586226277,135,CRISIL,-0.1430109586226277
2020-07-13,2022-03-21,1635.6470947265625,2836.01318359375,0.7338784097971068,616,CRISIL,0.7312784097971068
2022-03-31,2022-11-04,3112.045166015625,2778.50341796875,-0.10717766942756522,218,CRISIL,-0.10977766942756523
2023-03-14,2024-06-27,3090.935302734375,3952.823486328125,0.2788438123668543,471,CRISIL,0.2762438123668543
2024-09-05,2025-03-27,4465.216796875,4064.927978515625,-0.0896459985189339,203,CRISIL,-0.0922459985189339
2025-06-20,2025-10-01,5656.3427734375,4385.24853515625,-0.2247201573869213,103,CRISIL,-0.2273201573869213
2019-04-11,2020-04-22,327.9791564941406,274.4246520996094,-0.16328630443162934,377,CANFINHOME,-0.16588630443162933
2020-09-11,2022-05-11,371.29443359375,460.2655334472656,0.23962411445915432,607,CANFINHOME,0.23702411445915433
2022-09-12,2022-11-07,628.2490844726562,499.4216003417969,-0.20505797352493624,56,CANFINHOME,-0.20765797352493623
2023-01-17,2024-05-07,504.86383056640625,713.2766723632812,0.4128100077263543,476,CANFINHOME,0.4102100077263543
2024-06-25,2025-01-03,867.8168334960938,703.8807373046875,-0.18890633353005148,192,CANFINHOME,-0.19150633353005148
2025-06-25,2026-06-04,765.5184326171875,809.0983276367188,0.05692860310435429,344,CANFINHOME,0.05432860310435429
2026-06-15,2026-06-29,856.5640869140625,829.709716796875,-0.03135126784726121,14,CANFINHOME,-0.033951267847261206
2019-01-07,2019-02-27,47.10034942626953,39.13603210449219,-0.16909253155848908,51,CANBK,-0.17169253155848907
2019-04-24,2019-08-20,46.296302795410156,38.12885284423828,-0.17641689417975728,118,CANBK,-0.17901689417975727
2020-12-16,2022-06-22,20.304357528686523,31.656829833984375,0.5591150711988194,553,CANBK,0.5565150711988194
2022-08-26,2024-10-09,41.92320251464844,97.5701675415039,1.3273548223662492,775,CANBK,1.3247548223662493
2025-06-05,2026-05-21,108.76644134521484,123.88336944580078,0.13898522295683258,350,CANBK,0.13638522295683259
2016-08-29,2018-02-16,233.8759765625,624.34326171875,1.6695484970082133,536,CAPLIPOINT,1.6669484970082133
2019-07-10,2019-11-27,400.83721923828125,309.4400939941406,-0.22801556556505495,140,CAPLIPOINT,-0.23061556556505494
2020-06-23,2021-03-15,350.9107971191406,441.8922424316406,0.25927228816960607,265,CAPLIPOINT,0.2566722881696061
2021-05-28,2022-03-14,582.72216796875,715.7904663085938,0.22835633455252363,290,CAPLIPOINT,0.22575633455252364
2022-09-02,2022-10-25,760.8049926757812,735.1953125,-0.03366129352767651,53,CAPLIPOINT,-0.03626129352767651
2023-06-19,2025-04-21,805.8451538085938,1897.742919921875,1.3549721816315985,672,CAPLIPOINT,1.3523721816315986
2025-07-11,2025-08-05,2016.5926513671875,1950.5123291015625,-0.032768304605704374,25,CAPLIPOINT,-0.03536830460570437
2025-09-15,2025-11-27,2268.805908203125,1904.926513671875,-0.1603836596227129,73,CAPLIPOINT,-0.16298365962271288
2018-09-21,2019-06-24,367.58758544921875,334.8582458496094,-0.08903820720607782,276,CARBORUNIV,-0.09163820720607782
2020-01-30,2020-03-24,328.8995056152344,183.58802795410156,-0.4418111769104529,54,CARBORUNIV,-0.4444111769104529
2020-11-04,2022-04-06,294.00439453125,795.2056274414062,1.7047406169191908,518,CARBORUNIV,1.7021406169191908
2022-09-13,2023-12-28,914.9457397460938,1084.7296142578125,0.18556715129231097,471,CARBORUNIV,0.18296715129231098
2024-01-29,2024-01-30,1126.2618408203125,1098.5736083984375,-0.024584187635894938,1,CARBORUNIV,-0.02718418763589494
2024-04-19,2024-11-26,1238.9010009765625,1397.67578125,0.12815776252362654,221,CARBORUNIV,0.12555776252362655
2016-08-23,2017-01-02,138.4132080078125,128.01893615722656,-0.07509595363181851,132,CASTROLIND,-0.07769595363181851
2017-04-03,2017-07-24,144.56048583984375,138.123779296875,-0.044526043929458525,112,CASTROLIND,-0.04712604392945852
2018-04-03,2018-05-30,140.06121826171875,119.53269958496094,-0.14656818590852302,57,CASTROLIND,-0.14916818590852302
2019-03-11,2019-06-19,115.53656005859375,98.6388931274414,-0.14625385179014141,100,CASTROLIND,-0.1488538517901414
2019-11-26,2020-01-17,105.13092041015625,100.57425689697266,-0.04334275297320991,52,CASTROLIND,-0.045942752973209905
2020-02-14,2020-04-15,115.37425231933594,82.52995300292969,-0.2846761617618021,61,CASTROLIND,-0.2872761617618021
2020-12-11,2021-12-24,99.42108154296875,96.96756744384766,-0.024678006525816264,378,CASTROLIND,-0.027278006525816266
2022-09-01,2023-03-27,95.5267105102539,90.85763549804688,-0.04887716731024512,207,CASTROLIND,-0.05147716731024512
2023-07-05,2024-11-29,107.82440185546875,184.17515563964844,0.708102734356205,513,CASTROLIND,0.7055027343562049
2025-06-16,2025-10-17,203.29486083984375,193.38436889648438,-0.048749348126251396,123,CASTROLIND,-0.051349348126251394
2016-10-03,2018-03-08,1237.2481689453125,1408.2618408203125,0.13822099411210279,521,CEATLTD,0.1356209941121028
2019-12-26,2020-03-31,920.3731689453125,751.1724243164062,-0.18383928425770957,96,CEATLTD,-0.18643928425770956
2020-08-06,2020-08-21,839.8410034179688,822.599853515625,-0.02052906423022459,15,CEATLTD,-0.023129064230224587
2020-09-25,2021-08-24,857.4610595703125,1232.3131103515625,0.43716510108236795,333,CEATLTD,0.43456510108236795
2022-08-12,2023-04-05,1299.2742919921875,1363.127197265625,0.04914505402514456,236,CEATLTD,0.04654505402514456
2023-05-26,2025-03-17,2030.378173828125,2587.479248046875,0.27438291122307423,661,CEATLTD,0.27178291122307424
2025-05-13,2026-04-09,3697.2255859375,3508.191650390625,-0.05112859119710488,331,CEATLTD,-0.05372859119710488
2017-04-12,2017-08-11,98.7926254272461,70.5523910522461,-0.2858536682558049,121,CENTRALBK,-0.2884536682558049
2020-08-06,2020-10-16,16.674264907836914,9.831069946289062,-0.4104045965067729,71,CENTRALBK,-0.4130045965067729
2021-03-02,2022-02-08,17.397138595581055,20.385013580322266,0.17174519639109753,343,CENTRALBK,0.16914519639109754
2022-10-04,2024-09-30,19.180225372314453,56.702144622802734,1.9562814577063836,727,CENTRALBK,1.9536814577063837
2025-12-09,2026-02-05,35.699275970458984,36.374351501464844,0.018910062253488888,58,CENTRALBK,0.01631006225348889
2026-02-20,2026-03-20,37.6927604675293,33.61946105957031,-0.10806582901955292,28,CENTRALBK,-0.11066582901955292
2019-11-21,2020-05-13,108.8143081665039,106.29244232177734,-0.02317586618174965,174,CDSL,-0.02577586618174965
2020-06-12,2022-05-11,120.79322814941406,519.9198608398438,3.30421364512863,698,CDSL,3.3016136451286298
2022-11-15,2022-11-21,600.3624267578125,586.1710205078125,-0.023638065304384618,6,CDSL,-0.02623806530438462
2023-07-26,2025-03-10,570.6109008789062,1088.41650390625,0.9074583086824541,593,CDSL,0.9048583086824541
2025-06-24,2026-01-16,1718.681640625,1421.3349609375,-0.1730085855687442,206,CDSL,-0.1756085855687442
2017-03-14,2018-06-14,237.93577575683594,257.76434326171875,0.08333579698896178,457,CENTURYPLY,0.08073579698896177
2019-11-28,2020-03-25,169.5841827392578,102.04193878173828,-0.39828150754701175,118,CENTURYPLY,-0.40088150754701174
2020-09-10,2022-06-17,160.5710906982422,501.4635009765625,2.122999904876726,645,CENTURYPLY,2.120399904876726
2022-09-12,2022-12-06,681.5371704101562,566.9019165039062,-0.16820102979454707,85,CENTURYPLY,-0.17080102979454706
2023-06-21,2024-04-19,627.8547973632812,633.05615234375,0.008284327845088056,303,CENTURYPLY,0.005684327845088056
2024-07-18,2025-03-18,692.4566040039062,672.6975708007812,-0.028534688078465546,243,CENTURYPLY,-0.031134688078465547
2025-09-22,2026-03-10,808.6500244140625,686.3499755859375,-0.15123977633802962,169,CENTURYPLY,-0.15383977633802962
2026-06-25,2026-07-01,754.5499877929688,743.5499877929688,-0.01457822566822193,6,CENTURYPLY,-0.017178225668221928
2017-03-15,2018-04-24,2440.22021484375,2928.5537109375,0.20011861762444194,405,CERA,0.19751861762444195
2019-04-23,2019-09-11,2694.347412109375,2379.01708984375,-0.11703402495476868,141,CERA,-0.11963402495476869
2020-09-24,2022-02-23,2145.650146484375,4045.656494140625,0.8855154465742657,517,CERA,0.8829154465742657
2022-09-02,2024-02-15,4763.96875,7147.1103515625,0.500242912290829,531,CERA,0.49764291229082896
2024-07-19,2024-11-11,8539.41015625,6781.1357421875,-0.20590115498499834,115,CERA,-0.20850115498499833
2025-07-17,2025-11-06,6972.00390625,6113.9111328125,-0.12307692092201343,112,CERA,-0.12567692092201344
2016-12-07,2018-07-25,57.36669921875,118.76139831542969,1.070214949313541,595,CHAMBLFERT,1.0676149493135412
2019-02-07,2019-08-28,143.32461547851562,128.49940490722656,-0.1034379929908925,202,CHAMBLFERT,-0.1060379929908925
2020-02-13,2020-03-13,136.50588989257812,112.91618347167969,-0.17281090537164448,29,CHAMBLFERT,-0.17541090537164447
2020-07-22,2022-06-27,138.03793334960938,261.04144287109375,0.8910848383244971,705,CHAMBLFERT,0.8884848383244971
2023-10-30,2025-08-11,267.4833068847656,516.6805419921875,0.9316365870068237,651,CHAMBLFERT,0.9290365870068237
2020-12-03,2021-09-27,76.75122833251953,101.9587173461914,0.3284310826200999,298,CHENNPETRO,0.3258310826200999
2021-10-19,2021-12-21,115.67027282714844,83.48157501220703,-0.2782797777527723,63,CHENNPETRO,-0.2808797777527723
2022-04-07,2022-11-23,137.36627197265625,161.3050994873047,0.17427005312784227,230,CHENNPETRO,0.17167005312784228
2023-04-19,2024-10-31,221.0680389404297,603.6974487304688,1.7308219298636138,561,CHENNPETRO,1.728221929863614
2019-06-14,2019-08-01,486.2093200683594,451.5484924316406,-0.07128787171715581,48,CHOLAHLDNG,-0.07388787171715581
2020-01-02,2020-04-08,504.5607604980469,278.5989990234375,-0.44783855417445617,97,CHOLAHLDNG,-0.45043855417445616
2020-10-05,2022-02-23,403.9312744140625,645.4298706054688,0.5978705079019222,506,CHOLAHLDNG,0.5952705079019222
2022-09-13,2022-11-21,657.0040283203125,578.8438720703125,-0.11896450079586754,69,CHOLAHLDNG,-0.12156450079586754
2023-05-22,2025-01-24,833.2259521484375,1424.443115234375,0.7095520267479779,613,CHOLAHLDNG,0.7069520267479779
2025-04-23,2026-01-08,1958.902587890625,1855.135498046875,-0.05297205204853393,260,CHOLAHLDNG,-0.05557205204853393
2017-05-29,2018-09-24,200.14817810058594,230.5013427734375,0.1516534647524863,483,CHOLAFIN,0.14905346475248632
2019-04-16,2020-03-30,291.7524719238281,158.33409118652344,-0.45729991543015297,349,CHOLAFIN,-0.45989991543015296
2020-10-05,2024-03-20,248.99391174316406,1041.6552734375,3.183456800791025,1262,CHOLAFIN,3.180856800791025
2024-05-17,2024-12-18,1281.1324462890625,1239.6080322265625,-0.03241227258179271,215,CHOLAFIN,-0.03501227258179271
2025-03-28,2026-04-06,1517.534912109375,1392.6529541015625,-0.08229264250285119,374,CHOLAFIN,-0.0848926425028512
2016-09-21,2017-05-25,559.8952026367188,469.2561950683594,-0.1618856656415565,246,CIPLA,-0.16448566564155648
2017-09-27,2018-04-06,532.6871948242188,522.2689208984375,-0.019557958267082377,191,CIPLA,-0.022157958267082375
2018-07-31,2018-12-04,599.2613525390625,513.067626953125,-0.14383327945434127,126,CIPLA,-0.14643327945434126
2019-07-02,2019-08-14,521.423828125,451.68670654296875,-0.1337436415838543,43,CIPLA,-0.13634364158385429
2020-05-04,2021-12-21,583.856201171875,850.8470458984375,0.4572887025789523,596,CIPLA,0.45468870257895233
2022-03-11,2023-03-02,1001.68212890625,854.6913452148438,-0.1467439414656498,356,CIPLA,-0.1493439414656498
2023-08-02,2024-12-24,1135.579345703125,1446.5809326171875,0.2738704152121553,510,CIPLA,0.27127041521215534
2025-07-07,2025-07-10,1496.4609375,1464.06494140625,-0.02164840744047153,3,CIPLA,-0.024248407440471527
2025-07-11,2026-01-09,1471.1978759765625,1452.0772705078125,-0.012996623894700762,182,CIPLA,-0.015596623894700762
2018-12-19,2020-03-26,130.7084197998047,97.10919189453125,-0.2570548091449243,463,CUB,-0.2596548091449243
2020-11-14,2021-07-15,134.5113067626953,116.07223510742188,-0.13708194574158458,243,CUB,-0.13968194574158457
2022-07-29,2023-02-22,115.72046661376953,95.76898193359375,-0.17241102861057564,208,CUB,-0.17501102861057563
2023-11-13,2025-03-10,104.55602264404297,113.93411254882812,0.08969440179177922,483,CUB,0.08709440179177921
2017-11-13,2018-08-01,133.65286254882812,139.34320068359375,0.04257550512759682,261,COALINDIA,0.03997550512759682
2018-09-11,2018-11-06,145.75302124023438,136.89768981933594,-0.060755731480192254,56,COALINDIA,-0.06335573148019226
2019-06-04,2019-08-13,143.19186401367188,110.764404296875,-0.22646160757918984,70,COALINDIA,-0.22906160757918984
2020-12-30,2024-11-26,85.35625457763672,373.88348388671875,3.380270499646267,1427,COALINDIA,3.3776704996462668
2019-07-23,2019-08-13,143.43988037109375,143.83114624023438,0.002727734212607957,21,COCHINSHIP,0.0001277342126079573
2019-11-15,2020-03-16,166.7598419189453,97.20256042480469,-0.417110502706937,122,COCHINSHIP,-0.419710502706937
2020-08-25,2021-09-16,147.9710693359375,167.02894592285156,0.12879461284183277,387,COCHINSHIP,0.12619461284183278
2022-08-29,2024-11-18,176.73876953125,1286.276611328125,6.277840706595462,812,COCHINSHIP,6.275240706595461
2025-06-02,2025-12-16,1911.483154296875,1556.7879638671875,-0.18556019687244354,197,COCHINSHIP,-0.18816019687244354
2017-04-06,2017-10-16,233.60000610351562,220.5500030517578,-0.05586473763179158,193,COFFEEDAY,-0.05846473763179158
2017-12-26,2018-07-20,283.8999938964844,258.75,-0.08858751122641646,206,COFFEEDAY,-0.09118751122641647
2019-03-08,2019-05-23,289.04998779296875,250.8000030517578,-0.1323299995037792,76,COFFEEDAY,-0.13492999950377918
2020-10-05,2021-10-07,26.350000381469727,32.0,0.2144212347907045,367,COFFEEDAY,0.2118212347907045
2021-11-09,2022-06-23,37.70000076293945,42.400001525878906,0.12466845272745283,226,COFFEEDAY,0.12206845272745283
2022-10-04,2023-01-25,54.79999923706055,43.0,-0.21532845622888908,113,COFFEEDAY,-0.21792845622888907
2023-09-05,2024-07-23,52.79999923706055,49.59000015258789,-0.060795438084391945,322,COFFEEDAY,-0.06339543808439195
2025-06-09,2026-01-09,33.06999969482422,33.630001068115234,0.016933818520072783,214,COFFEEDAY,0.014333818520072783
2017-04-07,2018-04-10,825.8179321289062,905.0531616210938,0.09594757683200715,368,COLPAL,0.09334757683200715
2018-05-14,2018-10-25,921.5139770507812,930.4527587890625,0.00970010435098226,164,COLPAL,0.00710010435098226
2018-12-04,2019-06-06,1039.6038818359375,989.5628051757812,-0.04813475356766065,184,COLPAL,-0.05073475356766065
2019-09-24,2020-03-25,1295.5828857421875,964.68115234375,-0.2554076138547301,183,COLPAL,-0.2580076138547301
2020-08-06,2021-11-23,1250.052734375,1340.8907470703125,0.07266734450265379,474,COLPAL,0.07006734450265378
2022-05-16,2023-01-25,1446.4007568359375,1342.399658203125,-0.07190337680707475,254,COLPAL,-0.07450337680707475
2023-05-23,2024-12-19,1485.7061767578125,2689.684326171875,0.8103743312432395,576,COLPAL,0.8077743312432395
2017-04-24,2018-04-10,431.43670654296875,462.13189697265625,0.07114645083317783,351,CONCOR,0.06854645083317783
2018-06-04,2018-07-17,475.380126953125,464.1951904296875,-0.023528405773134885,43,CONCOR,-0.026128405773134883
2018-12-21,2019-03-14,477.5168151855469,462.4898376464844,-0.031469001847031344,83,CONCOR,-0.03406900184703134
2019-06-28,2019-09-16,518.2158203125,489.76800537109375,-0.05489568983874585,80,CONCOR,-0.057495689838745846
2019-09-27,2020-03-11,545.3500366210938,364.4706115722656,-0.33167582818831304,166,CONCOR,-0.33427582818831303
2020-12-11,2021-12-30,374.5751647949219,568.9320068359375,0.5188727398609704,384,CONCOR,0.5162727398609703
2022-07-27,2023-02-21,642.5856323242188,570.0140991210938,-0.1129367504539983,209,CONCOR,-0.1155367504539983
2023-08-09,2024-10-04,678.5928344726562,855.6292724609375,0.26088757351211744,422,CONCOR,0.25828757351211745
2019-01-16,2019-06-18,416.5094299316406,379.2747497558594,-0.08939696799155873,153,COROMANDEL,-0.09199696799155874
2019-11-13,2021-04-13,442.01287841796875,705.9131469726562,0.5970420352891678,517,COROMANDEL,0.5944420352891677
2021-06-11,2021-11-30,808.8320922851562,709.5,-0.12280928666482291,172,COROMANDEL,-0.1254092866648229
2022-04-21,2022-12-23,810.3094482421875,840.9384155273438,0.03779909928435363,246,COROMANDEL,0.03519909928435363
2023-06-08,2024-04-02,938.4464111328125,1115.76513671875,0.18894922872782202,299,COROMANDEL,0.18634922872782203
2024-05-13,2025-12-19,1185.272705078125,2346.95458984375,0.9800967151176023,585,COROMANDEL,0.9774967151176023
2026-01-15,2026-02-06,2309.140625,2268.091796875,-0.01777666880941909,22,COROMANDEL,-0.020376668809419088
2020-09-23,2021-04-19,694.8401489257812,563.2337646484375,-0.18940526750045522,208,CREDITACC,-0.1920052675004552
2021-07-26,2021-08-23,655.5517578125,631.2445068359375,-0.037079072227146445,28,CREDITACC,-0.03967907222714644
2022-03-14,2022-12-16,797.972412109375,872.1343383789062,0.09293795768388816,277,CREDITACC,0.09033795768388815
2023-05-16,2024-04-08,1077.3570556640625,1460.3697509765625,0.35551138157852247,328,CREDITACC,0.3529113815785225
2025-05-20,2026-02-20,1101.9000244140625,1285.9000244140625,0.16698429614596147,276,CREDITACC,0.16438429614596148
2018-09-03,2018-10-11,233.51731872558594,186.5154571533203,-0.2012778402423295,38,CROMPTON,-0.2038778402423295
2019-05-09,2020-04-23,211.88153076171875,214.62693786621094,0.012957274258980425,350,CROMPTON,0.010357274258980425
2020-08-18,2022-01-21,243.6483612060547,401.4966125488281,0.6478527110193872,521,CROMPTON,0.6452527110193872
2022-09-13,2022-12-08,396.9161682128906,338.6396179199219,-0.14682332179955804,86,CROMPTON,-0.14942332179955803
2023-09-25,2024-03-22,285.38812255859375,261.9501953125,-0.08212649859414402,179,CROMPTON,-0.08472649859414402
2024-05-16,2025-01-09,329.78399658203125,362.57305908203125,0.099425875239049,238,CROMPTON,0.096825875239049
2016-09-21,2016-11-30,753.70654296875,660.4037475585938,-0.12379194035207512,70,CUMMINSIND,-0.12639194035207513
2017-02-22,2017-10-17,750.2279663085938,758.7412719726562,0.011347625050491245,237,CUMMINSIND,0.008747625050491245
2018-11-22,2019-04-18,666.697509765625,648.2244262695312,-0.0277083433273778,147,CUMMINSIND,-0.0303083433273778
2019-07-22,2019-07-31,636.3070678710938,630.2562255859375,-0.00950931176263794,9,CUMMINSIND,-0.01210931176263794
2020-09-30,2024-12-20,407.04425048828125,3219.389404296875,6.909187761367387,1542,CUMMINSIND,6.906587761367387
2017-05-04,2018-11-12,420.962646484375,536.798828125,0.27516973918711934,557,CYIENT,0.27256973918711935
2020-09-03,2022-02-23,350.8338317871094,758.929931640625,1.1632176343276772,538,CYIENT,1.1606176343276773
2023-01-09,2024-06-04,782.387939453125,1635.2982177734375,1.0901373031344033,512,CYIENT,1.0875373031344033
2024-10-22,2024-11-22,1653.1273193359375,1759.503662109375,0.06434854806958787,31,CYIENT,0.06174854806958787
2024-12-19,2025-01-27,1969.3751220703125,1318.480712890625,-0.33050808953828587,39,CYIENT,-0.33310808953828586
2017-04-10,2017-05-18,256.0574645996094,247.029296875,-0.03525836569039881,38,DBCORP,-0.037858365690398806
2017-07-12,2017-10-12,256.42803955078125,251.3076171875,-0.01996826233297797,92,DBCORP,-0.02256826233297797
2019-05-23,2019-08-23,135.77557373046875,97.57843780517578,-0.2813255350415163,92,DBCORP,-0.2839255350415163
2020-12-11,2022-02-03,65.32359313964844,71.15716552734375,0.08930268693616304,419,DBCORP,0.08670268693616304
2022-09-05,2023-03-31,90.36405944824219,83.48271179199219,-0.07615137808402055,207,DBCORP,-0.07875137808402055
2023-06-02,2025-01-15,115.9663314819336,256.7720947265625,1.214195201704428,593,DBCORP,1.211595201704428
2025-07-30,2026-01-12,259.571044921875,236.4097442626953,-0.08922913827368809,166,DBCORP,-0.09182913827368809
2018-01-16,2018-02-05,182.74676513671875,156.68045043945312,-0.14263625776228966,20,DCBBANK,-0.14523625776228966
2018-05-29,2018-07-13,176.53732299804688,169.72195434570312,-0.03860582304411148,45,DCBBANK,-0.04120582304411148
2019-02-07,2019-10-01,170.76315307617188,178.49578857421875,0.04528281048194044,236,DCBBANK,0.04268281048194044
2020-12-10,2021-05-26,107.24007415771484,100.10974884033203,-0.06648937324396523,167,DCBBANK,-0.06908937324396523
2021-07-08,2021-08-10,99.39671325683594,87.56037139892578,-0.11908182343339326,33,DCBBANK,-0.12168182343339326
2022-08-19,2023-04-25,82.75312805175781,99.2652359008789,0.19953454615991822,249,DCBBANK,0.19693454615991823
2023-06-30,2024-09-02,119.07342529296875,120.85588073730469,0.014969380782910853,430,DCBBANK,0.012369380782910853
2025-05-15,2025-10-17,137.64523315429688,127.95709228515625,-0.07038486293441387,155,DCBBANK,-0.07298486293441388
2018-11-05,2019-01-31,347.513916015625,301.3971862792969,-0.13270469932563683,87,DCMSHRIRAM,-0.13530469932563682
2019-02-07,2019-02-22,318.342041015625,332.3430480957031,0.04398101813825753,15,DCMSHRIRAM,0.04138101813825753
2019-03-01,2019-09-24,375.1645202636719,376.2115478515625,0.002790849164400612,207,DCMSHRIRAM,0.00019084916440061193
2020-08-10,2022-06-23,328.3763122558594,888.7637939453125,1.706540517005437,682,DCMSHRIRAM,1.7039405170054371
2022-10-06,2022-11-22,981.5479736328125,843.2803344726562,-0.14086691926876804,47,DCMSHRIRAM,-0.14346691926876803
2023-08-02,2024-04-05,825.0762329101562,922.5087280273438,0.11808908223368624,247,DCMSHRIRAM,0.11548908223368623
2024-06-28,2025-03-10,985.7023315429688,1006.033203125,0.020625772032218215,255,DCMSHRIRAM,0.018025772032218217
2025-07-01,2026-02-04,1204.11865234375,1163.973876953125,-0.03333955114181267,218,DCMSHRIRAM,-0.035939551141812666
2017-03-23,2018-05-23,134.17169189453125,182.03448486328125,0.3567279527664722,426,DLF,0.3541279527664722
2019-04-26,2019-09-04,162.65890502929688,154.71875,-0.04881475765416443,131,DLF,-0.05141475765416443
2019-11-25,2020-04-13,207.9431610107422,132.5615692138672,-0.3625105602438199,140,DLF,-0.3651105602438199
2020-11-13,2022-03-31,176.05661010742188,365.10748291015625,1.073807298046827,503,DLF,1.071207298046827
2022-09-09,2023-03-01,383.8913269042969,343.9932861328125,-0.10393056048758001,173,DLF,-0.10653056048758001
2023-05-04,2024-11-12,410.8768615722656,749.8814697265625,0.8250759287273037,558,DLF,0.8224759287273037
2025-07-02,2025-12-08,815.6193237304688,678.9261474609375,-0.16759433266530008,159,DLF,-0.17019433266530007
2017-05-29,2019-05-02,250.64422607421875,353.14697265625,0.4089571429093242,703,DABUR,0.40635714290932423
2019-08-13,2020-05-20,398.0497741699219,408.892822265625,0.02724043272807983,281,DABUR,0.02464043272807983
2020-08-05,2022-01-21,467.857421875,521.1449584960938,0.11389695691379001,534,DABUR,0.11129695691379
2022-08-26,2023-03-06,543.094482421875,512.140380859375,-0.05699579458893287,192,DABUR,-0.05959579458893287
2023-07-11,2023-11-09,554.7232666015625,512.4817504882812,-0.07614880906666889,121,DABUR,-0.0787488090666689
2024-06-13,2024-11-26,587.1725463867188,510.77557373046875,-0.13010991935228194,166,DABUR,-0.13270991935228194
2025-08-18,2026-03-18,509.7608947753906,446.0631408691406,-0.12495614033774859,212,DABUR,-0.1275561403377486
2020-02-25,2020-03-17,84.62356567382812,61.96455001831055,-0.2677624781595019,21,DEEPAKFERT,-0.2703624781595019
2020-06-11,2023-01-20,95.2127456665039,640.1222534179688,5.723073144640607,953,DEEPAKFERT,5.720473144640607
2023-10-12,2024-03-04,628.8833618164062,498.270263671875,-0.20769049727644398,144,DEEPAKFERT,-0.21029049727644397
2024-07-04,2025-12-18,738.6140747070312,1194.9000244140625,0.6177596194440452,532,DEEPAKFERT,0.6151596194440452
2017-02-01,2018-07-20,103.79241943359375,209.14927673339844,1.0150727565148614,534,DEEPAKNTR,1.0124727565148615
2018-08-17,2018-12-17,265.41204833984375,224.13536071777344,-0.1555192685496254,122,DEEPAKNTR,-0.15811926854962538
2019-04-16,2022-03-24,258.38824462890625,2198.4775390625,7.508427085063116,1073,DEEPAKNTR,7.505827085063116
2022-10-18,2023-02-02,2216.34375,1820.4781494140625,-0.1786120048327059,107,DEEPAKNTR,-0.1812120048327059
2023-06-26,2025-01-10,2199.3994140625,2397.829833984375,0.09022027497741082,564,DEEPAKNTR,0.08762027497741082
2017-02-23,2018-05-28,127.87042236328125,231.5757293701172,0.8110187257551089,459,DELTACORP,0.8084187257551089
2019-01-11,2019-03-28,243.45188903808594,246.29583740234375,0.011681767496217297,76,DELTACORP,0.009081767496217297
2019-04-02,2019-05-21,256.2362365722656,173.5565948486328,-0.32266959127115846,49,DELTACORP,-0.32526959127115845
2019-12-18,2020-03-03,197.228759765625,125.38929748535156,-0.36424435445237907,76,DELTACORP,-0.36684435445237906
2020-10-16,2022-06-08,101.54827880859375,187.6904754638672,0.848288101639232,600,DELTACORP,0.8456881016392319
2023-01-16,2023-02-20,208.98960876464844,190.48509216308594,-0.08854275918761673,35,DELTACORP,-0.09114275918761673
2023-06-07,2023-08-25,233.46807861328125,174.92849731445312,-0.2507391230806917,79,DELTACORP,-0.2533391230806917
2024-08-19,2024-09-25,125.32078552246094,131.74295043945312,0.05124580802951605,37,DELTACORP,0.048645808029516055
2026-06-24,2026-07-15,64.94000244140625,64.95999908447266,0.00030792488935381125,21,DELTACORP,-0.0022920751106461886
2019-04-30,2019-07-05,532.4351196289062,459.41497802734375,-0.1371437362217122,66,DBL,-0.13974373622171218
2020-09-04,2021-12-28,361.8714904785156,472.78411865234375,0.3064972817481819,480,DBL,0.3038972817481819
2023-07-13,2024-12-16,243.6121368408203,492.9881896972656,1.023660216975935,522,DBL,1.021060216975935
2025-06-19,2025-12-11,486.40240478515625,445.5,-0.08409169934762725,175,DBL,-0.08669169934762726
2017-03-23,2017-06-19,106.89681243896484,77.83748626708984,-0.2718446463356153,88,DISHTV,-0.27444464633561527
2020-09-10,2021-04-09,13.649999618530273,9.899999618530273,-0.27472528240288485,211,DISHTV,-0.27732528240288484
2021-06-14,2022-03-11,15.100000381469727,15.449999809265137,0.023178769467113332,270,DISHTV,0.02057876946711333
2022-10-13,2023-03-23,16.649999618530273,14.0,-0.15915913989457459,161,DISHTV,-0.16175913989457458
2023-08-09,2024-05-03,19.450000762939453,17.700000762939453,-0.08997428952982338,268,DISHTV,-0.09257428952982338
2016-09-15,2017-12-19,178.86459350585938,305.36004638671875,0.7072134870376989,460,DCAL,0.7046134870376989
2018-01-08,2018-06-29,340.97039794921875,261.40899658203125,-0.23333814854812324,172,DCAL,-0.23593814854812323
2019-07-12,2019-08-09,216.8086395263672,206.42019653320312,-0.04791526304421403,28,DCAL,-0.050515263044214026
2020-07-14,2021-02-05,155.0500030517578,124.05000305175781,-0.19993550074069832,206,DCAL,-0.20253550074069832
2021-05-31,2022-02-16,205.5,186.35000610351562,-0.09318731823106752,261,DCAL,-0.09578731823106752
2023-03-29,2024-07-05,129.8000030517578,172.36000061035156,0.3278890335743901,464,DCAL,0.3252890335743901
2024-12-09,2025-04-29,276.70001220703125,202.66000366210938,-0.2675822380865093,141,DCAL,-0.2701822380865093
2025-06-04,2026-01-05,264.75,254.8699951171875,-0.03731824318342776,215,DCAL,-0.03991824318342776
2017-09-25,2022-01-24,897.0054931640625,3934.956787109375,3.3867699998462224,1582,DIVISLAB,3.3841699998462222
2023-06-16,2024-03-21,3498.842041015625,3414.469482421875,-0.024114423459156445,279,DIVISLAB,-0.026714423459156443
2024-05-16,2025-10-09,3873.48583984375,6106.8173828125,0.5765689188782058,511,DIVISLAB,0.5739689188782058
2025-10-23,2026-02-02,6538.537109375,5928.0546875,-0.09336682069138769,102,DIVISLAB,-0.09596682069138769
2019-05-08,2019-08-08,456.0106201171875,373.1013488769531,-0.18181434287413747,92,DIXON,-0.18441434287413747
2019-09-03,2022-03-10,527.8709716796875,4117.3486328125,6.799914853645164,919,DIXON,6.7973148536451635
2022-10-13,2023-01-25,4280.61181640625,3359.022705078125,-0.21529378295783827,104,DIXON,-0.21789378295783826
2023-07-05,2025-04-02,4200.12646484375,13444.716796875,2.2010266617948515,637,DIXON,2.1984266617948514
2025-05-29,2025-07-07,14801.4130859375,15426.134765625,0.042206894440439235,39,DIXON,0.03960689444043924
2025-08-11,2025-12-10,16080.84375,12351.0,-0.23194328655795812,121,DIXON,-0.2345432865579581
2018-01-03,2018-12-12,415.7796630859375,455.72540283203125,0.09607429918436719,343,LALPATHLAB,0.09347429918436718
2018-12-19,2018-12-24,453.4111022949219,443.4921875,-0.021876206261200244,5,LALPATHLAB,-0.024476206261200242
2019-01-11,2022-02-08,465.4318542480469,1444.122314453125,2.102757796383003,1124,LALPATHLAB,2.100157796383003
2022-11-01,2023-01-17,1265.2584228515625,1035.34326171875,-0.18171399374259345,77,LALPATHLAB,-0.18431399374259344
2023-07-26,2024-03-19,1170.44921875,983.8047485351562,-0.1594639624042585,237,LALPATHLAB,-0.1620639624042585
2024-06-10,2025-01-30,1364.7598876953125,1416.1951904296875,0.03768817005695738,234,LALPATHLAB,0.035088170056957385
2025-07-22,2026-01-15,1484.531982421875,1399.57470703125,-0.05722832272836935,177,LALPATHLAB,-0.05982832272836935
2016-10-19,2017-01-16,572.8533325195312,557.8663330078125,-0.026162018549848922,89,DRREDDY,-0.028762018549848924
2018-08-14,2019-07-22,432.6806640625,503.74798583984375,0.16424889688871835,342,DRREDDY,0.16164889688871836
2019-10-24,2021-03-25,540.6416625976562,843.6504516601562,0.5604614109956194,518,DRREDDY,0.5578614109956194
2021-05-25,2021-09-16,1022.8844604492188,954.2084350585938,-0.06713957249918984,114,DRREDDY,-0.06973957249918984
2022-10-20,2024-12-13,847.2001953125,1230.690673828125,0.4526562678307338,785,DRREDDY,0.4500562678307338
2025-01-14,2025-01-27,1320.744873046875,1182.6025390625,-0.10459426101400596,13,DRREDDY,-0.10719426101400596
2025-02-07,2025-02-11,1224.8154296875,1194.5999755859375,-0.024669393746347305,4,DRREDDY,-0.027269393746347306
2025-06-30,2026-01-22,1267.176513671875,1209.82763671875,-0.045257212656937724,206,DRREDDY,-0.04785721265693772
2026-04-01,2026-08-06,1201.9774169921875,1171.0,-0.025772045759149934,127,DRREDDY,-0.028372045759149936
2019-12-19,2020-04-15,193.9389190673828,126.99288177490234,-0.3451913500106727,118,EIDPARRY,-0.3477913500106727
2020-06-25,2023-02-14,258.31561279296875,506.998779296875,0.962710553245643,964,EIDPARRY,0.960110553245643
2023-10-16,2025-03-06,509.0987548828125,701.75,0.3784162567074696,507,EIDPARRY,0.3758162567074696
2025-05-23,2026-01-14,999.25,943.0,-0.05629221916437328,236,EIDPARRY,-0.05889221916437328
2017-04-10,2018-08-02,115.69098663330078,154.41549682617188,0.33472365756214006,479,EIHOTEL,0.3321236575621401
2018-12-17,2019-07-02,187.88816833496094,172.78228759765625,-0.08039825429760118,197,EIHOTEL,-0.08299825429760119
2020-11-24,2022-07-05,85.43021392822266,125.71077728271484,0.47150254578942513,588,EIHOTEL,0.46890254578942514
2022-08-22,2023-03-23,152.5153045654297,155.41708374023438,0.019026150739906975,213,EIHOTEL,0.016426150739906976
2023-05-22,2024-09-26,197.96005249023438,366.82122802734375,0.8530063182592837,493,EIHOTEL,0.8504063182592837
2025-08-25,2026-01-06,409.34246826171875,354.740234375,-0.13339010271420962,134,EIHOTEL,-0.1359901027142096
2018-05-14,2018-09-25,138.51467895507812,101.10107421875,-0.2701057030097278,134,EDELWEISS,-0.2727057030097278
2019-07-12,2019-08-09,81.17740631103516,67.97766876220703,-0.16260358822321438,28,EDELWEISS,-0.16520358822321438
2020-09-10,2020-11-12,34.49472427368164,25.48280143737793,-0.26125510570262817,63,EDELWEISS,-0.26385510570262816
2020-12-04,2021-05-28,38.54185485839844,31.248170852661133,-0.18924060693326958,175,EDELWEISS,-0.19184060693326957
2021-06-25,2021-12-28,35.395301818847656,35.34275817871094,-0.0014844806354706592,186,EDELWEISS,-0.004084480635470659
2022-09-20,2023-04-11,32.647727966308594,28.6881046295166,-0.12128327401153906,203,EDELWEISS,-0.12388327401153906
2023-06-12,2024-07-19,46.75541305541992,59.647911071777344,0.27574343105633015,403,EDELWEISS,0.27314343105633015
2024-08-28,2025-03-24,112.3008041381836,89.7343978881836,-0.2009460789099297,208,EDELWEISS,-0.20354607890992968
2018-05-29,2018-07-12,2823.887451171875,2591.081787109375,-0.0824415519697461,44,EICHERMOT,-0.08504155196974611
2019-11-21,2020-03-17,2055.232177734375,1597.137939453125,-0.22289172155052528,117,EICHERMOT,-0.22549172155052527
2020-08-04,2021-12-16,1982.8702392578125,2346.098876953125,0.18318326156898135,499,EICHERMOT,0.18058326156898136
2022-02-25,2022-03-07,2495.390869140625,2145.30126953125,-0.14029449411664338,10,EICHERMOT,-0.14289449411664337
2022-06-23,2023-02-28,2676.393310546875,2968.351806640625,0.10908654379878617,250,EICHERMOT,0.10648654379878617
2018-09-11,2018-09-28,136.43040466308594,120.0722427368164,-0.11990114642455187,17,ELGIEQUIP,-0.12250114642455187
2019-05-31,2019-09-04,133.99716186523438,118.73678588867188,-0.11388581492427723,96,ELGIEQUIP,-0.11648581492427723
2019-10-11,2020-01-16,133.60308837890625,127.6953125,-0.04421885714311819,97,ELGIEQUIP,-0.04681885714311819
2020-09-10,2023-02-17,107.65314483642578,439.481201171875,3.082381446818366,890,ELGIEQUIP,3.079781446818366
2023-04-12,2024-11-25,459.8179626464844,635.2409057617188,0.3815051985041794,593,ELGIEQUIP,0.3789051985041794
2025-08-01,2025-10-03,555.5090942382812,492.10479736328125,-0.11413727971805845,63,ELGIEQUIP,-0.11673727971805846
2017-06-23,2018-03-16,465.33477783203125,438.3076171875,-0.058081110486624885,266,EMAMILTD,-0.06068111048662488
2018-09-26,2018-09-27,454.00933837890625,429.3273010253906,-0.054364602811135435,1,EMAMILTD,-0.05696460281113543
2020-08-25,2021-12-27,319.70574951171875,476.3387451171875,0.48992861668797544,489,EMAMILTD,0.48732861668797545
2022-09-14,2022-12-19,478.0263671875,402.46136474609375,-0.1580770594015514,96,EMAMILTD,-0.1606770594015514
2023-08-01,2024-03-20,437.2676086425781,407.743896484375,-0.06751863521255187,232,EMAMILTD,-0.07011863521255188
2024-06-06,2024-12-26,680.454833984375,569.595947265625,-0.16291880251569438,203,EMAMILTD,-0.16551880251569437
2025-09-05,2025-10-17,593.209716796875,540.7969970703125,-0.0883544524684674,42,EMAMILTD,-0.09095445246846741
2019-12-26,2020-03-18,1025.664306640625,693.616455078125,-0.3237393067231341,83,ENDURANCE,-0.3263393067231341
2020-08-19,2022-02-18,1022.7911987304688,1361.6875,0.3313445615196763,548,ENDURANCE,0.3287445615196763
2022-08-29,2023-02-24,1427.6666259765625,1280.458984375,-0.10311065547313505,179,ENDURANCE,-0.10571065547313506
2023-06-20,2025-01-07,1544.20166015625,2085.721923828125,0.3506797574722729,567,ENDURANCE,0.34807975747227293
2025-06-20,2026-01-29,2555.38232421875,2357.592041015625,-0.0774014445230206,223,ENDURANCE,-0.0800014445230206
2017-10-30,2018-04-03,142.0628662109375,125.81437683105469,-0.11437534531899957,155,ENGINERSIN,-0.11697534531899957
2019-06-03,2019-08-05,98.19302368164062,74.95467376708984,-0.2366598872634137,63,ENGINERSIN,-0.23925988726341368
2020-11-27,2021-08-27,63.81428909301758,61.83226776123047,-0.031059208837977605,273,ENGINERSIN,-0.03365920883797761
2022-09-07,2024-10-03,65.54254150390625,194.30274963378906,1.9645287652174561,757,ENGINERSIN,1.9619287652174562
2025-06-06,2025-12-18,224.61297607421875,193.06593322753906,-0.14045066940502857,195,ENGINERSIN,-0.14305066940502856
2020-01-30,2020-04-08,503.8190612792969,388.3200378417969,-0.2292470299639418,69,ERIS,-0.2318470299639418
2020-05-20,2022-01-31,456.23638916015625,683.5569458007812,0.49825170030623506,621,ERIS,0.49565170030623507
2022-09-26,2023-01-03,684.0249633789062,654.0073852539062,-0.04388374654737882,99,ERIS,-0.046483746547378815
2023-07-12,2024-05-14,693.7671508789062,866.3558959960938,0.24877041943906053,307,ERIS,0.24617041943906054
2024-06-06,2025-12-24,967.1397705078125,1536.75341796875,0.5889672463390194,566,ERIS,0.5863672463390194
2019-04-26,2019-05-31,697.90771484375,568.4700927734375,-0.18546524034240178,35,ESCORTS,-0.18806524034240177
2019-11-22,2021-05-07,618.9305419921875,1112.9345703125,0.7981574583962736,532,ESCORTS,0.7955574583962736
2021-09-17,2022-05-27,1399.2891845703125,1566.6680908203125,0.11961709423302516,252,ESCORTS,0.11701709423302516
2022-09-12,2023-04-19,1925.2586669921875,1926.5655517578125,0.0006788099635810148,219,ESCORTS,-0.0019211900364189852
2023-06-19,2024-04-01,2122.677490234375,2775.814697265625,0.30769497958879,287,ESCORTS,0.30509497958879
2024-05-07,2024-12-17,3341.173828125,3261.81396484375,-0.023752090541719936,224,ESCORTS,-0.026352090541719934
2025-08-07,2026-03-18,3298.844970703125,3056.2177734375,-0.07354913596133945,223,ESCORTS,-0.07614913596133946
2018-01-31,2019-01-01,205.95547485351562,248.98330688476562,0.2089181269002596,335,EXIDEIND,0.2063181269002596
2020-09-30,2021-08-03,157.90533447265625,167.29791259765625,0.05948233577014759,307,EXIDEIND,0.05688233577014759
2022-09-12,2024-12-16,170.59698486328125,454.973388671875,1.6669485925351897,826,EXIDEIND,1.6643485925351897
2025-09-02,2025-12-18,414.2150573730469,357.33758544921875,-0.13731386851203628,107,EXIDEIND,-0.13991386851203627
2016-09-15,2017-04-18,221.21316528320312,198.34231567382812,-0.10338828423749154,215,FDC,-0.10598828423749154
2017-11-22,2018-07-19,209.41720581054688,221.04608154296875,0.05552970534303734,239,FDC,0.05292970534303734
2019-07-24,2019-08-01,155.16529846191406,150.73756408691406,-0.028535596675868895,8,FDC,-0.031135596675868897
2019-11-14,2021-03-01,177.10934448242188,272.94305419921875,0.5410991158984747,473,FDC,0.5384991158984747
2021-06-14,2021-11-30,372.6214904785156,278.6110534667969,-0.25229472645550255,169,FDC,-0.25489472645550254
2022-10-10,2023-02-28,271.0374450683594,256.7697448730469,-0.05264106659400508,141,FDC,-0.05524106659400508
2023-05-25,2025-02-03,283.35064697265625,471.6357727050781,0.664495132600109,620,FDC,0.6618951326001089
2025-07-21,2025-11-18,480.8680419921875,404.5907287597656,-0.15862420991092008,120,FDC,-0.16122420991092007
2019-01-02,2019-09-13,89.43302154541016,83.30403900146484,-0.06853153832931033,254,FEDERALBNK,-0.07113153832931034
2020-12-01,2022-06-16,62.705039978027344,83.73805236816406,0.33542778056607503,562,FEDERALBNK,0.33282778056607504
2022-08-01,2023-06-07,104.842529296875,123.77106475830078,0.1805425297192823,310,FEDERALBNK,0.17794252971928232
2023-08-24,2025-02-25,139.0279541015625,177.6346893310547,0.27769045066497383,551,FEDERALBNK,0.27509045066497384
2020-08-06,2021-03-19,2284.033447265625,2198.220458984375,-0.03757081070068509,225,FINEORG,-0.04017081070068509
2021-05-14,2023-02-06,3118.7177734375,4684.44140625,0.5020408214388488,633,FINEORG,0.49944082143884877
2023-10-11,2023-11-30,4871.669921875,4203.38916015625,-0.1371769377719957,50,FINEORG,-0.13977693777199568
2024-07-03,2025-01-08,5182.85107421875,4460.21923828125,-0.13942747449026938,189,FINEORG,-0.14202747449026937
2025-07-03,2025-12-01,5251.05859375,4339.8896484375,-0.1735210013457108,151,FINEORG,-0.1761210013457108
2020-10-26,2022-03-02,272.45233154296875,395.0276184082031,0.4498962668847739,492,FINCABLES,0.4472962668847739
2022-09-19,2024-04-02,453.1036071777344,963.160888671875,1.1256968018223381,561,FINCABLES,1.1230968018223382
2024-05-29,2024-12-03,1463.161376953125,1139.9564208984375,-0.22089494784760297,188,FINCABLES,-0.22349494784760296
2019-08-02,2020-03-24,92.4398193359375,55.79615783691406,-0.3964055940639167,235,FINPIPE,-0.39900559406391667
2020-09-21,2022-02-25,95.20174407958984,144.462890625,0.517439538757055,522,FINPIPE,0.5148395387570549
2022-12-01,2024-12-13,153.0391387939453,260.2314758300781,0.700424335113768,743,FINPIPE,0.697824335113768
2025-09-16,2025-11-28,219.1699981689453,178.72999572753906,-0.18451431664580945,73,FINPIPE,-0.18711431664580944
2017-02-27,2017-06-28,33.794410705566406,24.841989517211914,-0.26490833843360684,121,FSL,-0.26750833843360683
2017-09-27,2018-11-21,31.624126434326172,40.702335357666016,0.2870659191864971,420,FSL,0.2844659191864971
2019-07-15,2019-11-25,40.86055374145508,32.96269607543945,-0.19328807230536507,133,FSL,-0.19588807230536506
2020-07-29,2022-01-20,40.8443717956543,151.15899658203125,2.700852527204594,540,FSL,2.698252527204594
2023-02-14,2025-05-13,109.15254211425781,353.1425476074219,2.2353121674231113,819,FSL,2.232712167423111
2025-05-29,2025-09-16,386.3184509277344,357.2528076171875,-0.07523752293152564,110,FSL,-0.07783752293152564
2025-09-18,2025-10-01,366.5498962402344,319.28155517578125,-0.1289547249891288,13,FSL,-0.1315547249891288
2016-08-18,2016-12-08,192.3826141357422,167.9128875732422,-0.12719302454864523,112,FORTIS,-0.12979302454864522
2016-12-15,2017-07-20,183.4484405517578,155.85174560546875,-0.1504329764989361,217,FORTIS,-0.1530329764989361
2018-04-25,2018-07-02,151.53355407714844,132.67251586914062,-0.1244677347065015,68,FORTIS,-0.1270677347065015
2019-01-11,2019-01-21,138.87680053710938,134.4593505859375,-0.03180840812927199,10,FORTIS,-0.03440840812927199
2019-11-05,2020-04-29,144.18771362304688,116.29319763183594,-0.19345972892070532,176,FORTIS,-0.1960597289207053
2020-09-10,2020-10-29,132.62289428710938,125.92225646972656,-0.050523990246185556,49,FORTIS,-0.053123990246185554
2020-11-14,2022-03-30,142.40084838867188,278.29962158203125,0.9543396316181657,501,FORTIS,0.9517396316181657
2022-09-02,2023-03-24,289.5169677734375,252.98611450195312,-0.12617862625610157,203,FORTIS,-0.12877862625610156
2023-06-23,2026-03-10,302.5707702636719,880.8655395507812,1.9112711012473576,991,FORTIS,1.9086711012473576
2017-02-08,2018-04-24,26.5,59.29999923706055,1.2377358202664357,440,FCONSUMER,1.2351358202664358
2021-07-01,2021-09-14,9.600000381469727,7.550000190734863,-0.21354167804949767,75,FCONSUMER,-0.21614167804949766
2024-01-30,2024-08-13,1.2000000476837158,0.699999988079071,-0.4166666997803569,196,FCONSUMER,-0.4192666997803569
2019-02-21,2019-09-30,424.27606201171875,420.8500061035156,-0.008075062948303917,221,FLFL,-0.010675062948303917
2024-12-03,2024-12-30,2.240000009536743,2.109999895095825,-0.05803576512832401,27,FLFL,-0.060635765128324005
2026-06-05,2026-07-20,1.3600000143051147,1.3200000524520874,-0.029411736347271383,45,FLFL,-0.032011736347271384
2023-08-21,2023-12-20,3.049999952316284,2.9000000953674316,-0.04918028173572168,121,FRETAIL,-0.051780281735721675
2023-12-28,2024-03-11,3.5999999046325684,2.299999952316284,-0.36111110743181196,74,FRETAIL,-0.36371110743181195
2018-07-26,2019-01-16,88.32561492919922,78.00837707519531,-0.11680912566840417,174,GAIL,-0.11940912566840417
2019-05-14,2019-06-07,84.32243347167969,76.67564392089844,-0.09068511469547995,24,GAIL,-0.09328511469547995
2020-12-10,2021-12-14,62.34351348876953,72.92594146728516,0.16974384962153163,369,GAIL,0.16714384962153164
2022-03-14,2022-08-04,84.6769027709961,81.08263397216797,-0.04244686190930509,143,GAIL,-0.04504686190930509
2023-01-19,2024-12-11,84.72874450683594,191.22369384765625,1.256892804923225,692,GAIL,1.2542928049232251
2025-06-19,2025-09-10,173.95333862304688,168.6433563232422,-0.030525325594993633,83,GAIL,-0.033125325594993635
2025-10-30,2025-12-09,177.55557250976562,162.81503295898438,-0.08301930118228486,40,GAIL,-0.08561930118228486
2017-12-06,2018-07-18,224.34320068359375,206.21621704101562,-0.08080023636706433,224,GHCL,-0.08340023636706434
2019-05-07,2019-08-08,198.4821014404297,171.3831787109375,-0.13653081327146957,93,GHCL,-0.13913081327146956
2020-08-26,2022-12-21,145.4853973388672,461.0120849609375,2.16878596335782,847,GHCL,2.1661859633578198
2023-08-11,2024-03-13,494.3839416503906,424.03814697265625,-0.14228980505090966,215,GHCL,-0.14488980505090965
2024-07-31,2025-04-15,534.8947143554688,582.5576782226562,0.0891071879904812,258,GHCL,0.0865071879904812
2025-11-14,2026-01-05,590.2353515625,558.4912719726562,-0.0537820710091479,52,GHCL,-0.0563820710091479
2019-07-11,2020-04-28,1160.6412353515625,1365.376953125,0.1763987970937654,292,GALAXYSURF,0.17379879709376542
2020-07-27,2021-12-31,1529.7408447265625,3007.0234375,0.9657077523072205,522,GALAXYSURF,0.9631077523072205
2022-08-08,2022-11-25,3034.33056640625,2720.549072265625,-0.10341045158842278,109,GALAXYSURF,-0.10601045158842279
2023-07-06,2024-02-28,2572.89404296875,2382.9375,-0.07382991285158694,237,GALAXYSURF,-0.07642991285158694
2024-07-12,2025-01-10,2878.166748046875,2427.474853515625,-0.15658991781386178,182,GALAXYSURF,-0.15918991781386177
2025-07-28,2025-10-13,2542.02978515625,2184.9677734375,-0.14046334696932067,77,GALAXYSURF,-0.14306334696932066
2018-09-18,2018-10-16,203.60000610351562,176.35000610351562,-0.13384086042780066,28,GAYAPROJ,-0.13644086042780065
2020-11-11,2021-06-29,24.149999618530273,31.600000381469727,0.30848864930097447,230,GAYAPROJ,0.3058886493009745
2021-06-30,2021-07-06,31.600000381469727,29.450000762939453,-0.06803796179037502,6,GAYAPROJ,-0.07063796179037503
2021-07-15,2021-12-21,37.79999923706055,29.799999237060547,-0.2116402159118696,159,GAYAPROJ,-0.2142402159118696
2023-09-21,2023-10-05,6.550000190734863,6.150000095367432,-0.06106871507167918,14,GAYAPROJ,-0.06366871507167918
2023-11-17,2024-05-27,6.25,7.800000190734863,0.24800003051757813,192,GAYAPROJ,0.24540003051757814
2024-09-04,2025-01-24,8.739999771118164,7.980000019073486,-0.08695649564616019,142,GAYAPROJ,-0.0895564956461602
2025-01-27,2025-02-05,7.579999923706055,7.659999847412109,0.01055407975082679,9,GAYAPROJ,0.00795407975082679
2019-11-11,2020-03-16,253.46363830566406,118.68285369873047,-0.5317558980369205,126,GICRE,-0.5343558980369205
2021-01-18,2021-09-06,125.08596801757812,133.29275512695312,0.06560917454963225,231,GICRE,0.06300917454963224
2022-09-30,2025-04-07,112.97663879394531,374.7617492675781,2.31716143503875,920,GICRE,2.31456143503875
2025-04-29,2025-07-07,422.105712890625,368.2416076660156,-0.12760809337486154,69,GICRE,-0.13020809337486153
2026-04-02,2026-07-09,378.54998779296875,362.70001220703125,-0.04187023140152879,98,GICRE,-0.04447023140152879
2017-05-22,2018-08-29,4149.51904296875,5757.0302734375,0.3873970004289136,464,GILLETTE,0.3847970004289136
2018-09-05,2018-12-03,6033.421875,5801.04443359375,-0.038515032799069766,89,GILLETTE,-0.041115032799069764
2019-04-10,2020-01-01,6221.6298828125,5916.75146484375,-0.049002982130291736,266,GILLETTE,-0.051602982130291734
2020-10-23,2021-12-09,4727.5546875,5063.419921875,0.07104417750323486,412,GILLETTE,0.06844417750323485
2022-08-25,2023-01-03,5000.35791015625,4696.74658203125,-0.0607179193130023,131,GILLETTE,-0.0633179193130023
2023-07-24,2025-03-19,5195.19384765625,7880.72802734375,0.5169266553738022,604,GILLETTE,0.5143266553738022
2025-06-23,2025-11-24,9787.15625,8273.7373046875,-0.15463316479825281,154,GILLETTE,-0.1572331647982528
2017-12-07,2018-01-24,989.5631713867188,990.4927368164062,0.0009393694678277676,48,GLAXO,-0.0016606305321722322
2018-06-15,2019-02-20,1111.0220947265625,1093.54736328125,-0.01572851838703826,250,GLAXO,-0.018328518387038258
2019-10-15,2020-03-26,1193.63232421875,998.6983032226562,-0.16331161366937758,163,GLAXO,-0.16591161366937757
2020-08-17,2021-03-10,1293.645751953125,1258.4212646484375,-0.027228850905671936,205,GLAXO,-0.029828850905671937
2021-07-08,2022-03-25,1286.5068359375,1343.827392578125,0.04455519010037324,260,GLAXO,0.04195519010037324
2023-06-30,2024-12-30,1348.733642578125,2105.984619140625,0.5614533163975973,549,GLAXO,0.5588533163975973
2025-04-16,2025-10-21,2817.509521484375,2690.316650390625,-0.045143723605498155,188,GLAXO,-0.04774372360549815
2016-08-30,2017-05-05,822.8814697265625,815.637451171875,-0.008803234513343257,248,GLENMARK,-0.011403234513343257
2018-08-01,2019-04-03,566.7860717773438,623.318359375,0.09974184337378071,245,GLENMARK,0.0971418433737807
2020-06-12,2021-10-04,394.671142578125,512.9566650390625,0.2997065396984856,479,GLENMARK,0.2971065396984856
2022-12-05,2025-02-25,432.84478759765625,1313.1290283203125,2.0337180115032596,813,GLENMARK,2.0311180115032594
2016-09-06,2016-12-29,405.6734313964844,292.6659240722656,-0.2785676817315922,114,GODFRYPHLP,-0.2811676817315922
2017-05-12,2017-09-14,363.15887451171875,304.16943359375,-0.16243425414643206,125,GODFRYPHLP,-0.16503425414643205
2018-12-17,2019-07-15,267.10791015625,226.20639038085938,-0.1531273250255467,210,GODFRYPHLP,-0.1557273250255467
2019-10-17,2020-04-29,315.1808776855469,313.80853271484375,-0.004354150482670783,195,GODFRYPHLP,-0.006954150482670783
2021-01-21,2021-03-09,283.98345947265625,273.58636474609375,-0.03661162078196177,47,GODFRYPHLP,-0.03921162078196177
2021-07-07,2022-03-10,305.0051574707031,314.233154296875,0.03025521569109289,246,GODFRYPHLP,0.027655215691092888
2022-05-20,2022-07-04,376.9120788574219,330.3027038574219,-0.12366113376173167,45,GODFRYPHLP,-0.12626113376173168
2022-09-13,2023-07-07,372.81976318359375,547.9932250976562,0.46986098703088053,297,GODFRYPHLP,0.46726098703088054
2023-08-18,2025-02-04,712.4866943359375,1557.515869140625,1.186028007992885,536,GODFRYPHLP,1.1834280079928852
2025-04-04,2026-01-01,2202.05322265625,2290.5,0.04016559474300995,272,GODFRYPHLP,0.03756559474300995
2019-11-21,2020-03-27,427.4210510253906,281.2750244140625,-0.34192519591798587,127,GODREJAGRO,-0.34452519591798586
2020-08-21,2021-04-09,449.5580749511719,469.1792907714844,0.04364556419644699,231,GODREJAGRO,0.04104556419644699
2021-05-31,2021-12-22,501.59295654296875,482.4125061035156,-0.03823907451102743,205,GODREJAGRO,-0.040839074511027425
2022-09-06,2022-12-01,488.8461608886719,452.02203369140625,-0.07532866194616965,86,GODREJAGRO,-0.07792866194616965
2023-08-01,2025-02-28,466.7032470703125,692.3195190429688,0.483425545866548,577,GODREJAGRO,0.480825545866548
2025-06-09,2025-10-10,792.8541870117188,648.3517456054688,-0.1822560109707968,123,GODREJAGRO,-0.1848560109707968
2017-02-20,2018-11-15,503.491455078125,678.92431640625,0.3484326487743545,633,GODREJCP,0.3458326487743545
2019-11-08,2020-03-16,697.5048828125,486.2252197265625,-0.3029077907440724,129,GODREJCP,-0.3055077907440724
2020-07-22,2021-04-28,662.1183471679688,679.8843994140625,0.026832140088072186,280,GODREJCP,0.024232140088072188
2021-05-14,2022-01-21,813.6070556640625,851.2404174804688,0.04625496000116428,252,GODREJCP,0.043654960001164284
2022-08-24,2023-11-16,862.463623046875,940.4984741210938,0.09047900570987624,449,GODREJCP,0.08787900570987624
2023-12-15,2024-11-26,1000.3475952148438,1208.355712890625,0.2079358401727427,347,GODREJCP,0.2053358401727427
2025-06-03,2025-11-12,1216.5987548828125,1125.3900146484375,-0.07497027254738607,162,GODREJCP,-0.07757027254738608
2026-02-16,2026-03-18,1197.845947265625,1048.587890625,-0.1246053860108997,30,GODREJCP,-0.1272053860108997
2018-06-14,2018-10-12,606.4048461914062,476.58941650390625,-0.2140738658386726,120,GODREJIND,-0.2166738658386726
2020-08-10,2022-03-16,385.95001220703125,489.1499938964844,0.2673920933421155,583,GODREJIND,0.2647920933421155
2023-05-31,2025-02-20,479.79998779296875,1011.75,1.1086911749496855,631,GODREJIND,1.1060911749496856
2025-04-08,2025-11-18,1085.699951171875,1056.4000244140625,-0.026987130952881553,224,GODREJIND,-0.029587130952881555
2017-03-06,2018-07-19,364.3388977050781,662.5474243164062,0.8184921469810214,500,GODREJPROP,0.8158921469810213
2019-01-30,2020-04-03,741.7147827148438,605.125,-0.18415405206687976,429,GODREJPROP,-0.18675405206687976
2020-08-11,2022-02-23,888.8535766601562,1589.16845703125,0.787885540161191,561,GODREJPROP,0.7852855401611909
2023-05-31,2024-12-31,1383.612060546875,2773.095703125,1.0042436620774535,580,GODREJPROP,1.0016436620774536
2025-11-27,2025-12-24,2086.2158203125,1996.44970703125,-0.04302820082526442,27,GODREJPROP,-0.04562820082526442
2017-03-27,2017-09-25,132.78744506835938,114.24066162109375,-0.13967271858960525,182,GRANULES,-0.14227271858960525
2018-10-09,2018-11-22,88.40472412109375,90.16366577148438,0.019896466708965544,44,GRANULES,0.017296466708965542
2019-03-19,2019-08-01,114.12506103515625,88.78009033203125,-0.22208067599909082,135,GRANULES,-0.2246806759990908
2019-10-25,2021-03-30,121.0223159790039,303.1976318359375,1.505303500294434,522,GRANULES,1.502703500294434
2021-08-13,2021-10-14,354.7705993652344,323.0015563964844,-0.08954812779185219,62,GRANULES,-0.09214812779185219
2022-09-05,2023-02-22,302.23809814453125,276.5125732421875,-0.08511675086719782,170,GRANULES,-0.08771675086719782
2023-08-30,2025-03-04,299.65582275390625,469.185302734375,0.5657473244552823,552,GRANULES,0.5631473244552823
2017-01-16,2019-01-16,71.94517517089844,611.50146484375,7.499547932035616,730,GRAPHITE,7.496947932035616
2020-11-26,2021-11-09,220.83404541015625,473.0017395019531,1.141887762928241,348,GRAPHITE,1.139287762928241
2023-06-28,2024-08-06,369.3259582519531,485.4507141113281,0.3144234876124115,405,GRAPHITE,0.3118234876124115
2017-02-28,2018-04-05,723.7125854492188,1037.2103271484375,0.43317989489518993,401,GRASIM,0.43057989489518994
2019-06-07,2019-09-03,830.8202514648438,670.1454467773438,-0.1933929804963342,88,GRASIM,-0.19599298049633418
2020-09-15,2022-04-20,697.5311279296875,1691.605712890625,1.4251329369506534,582,GRASIM,1.4225329369506534
2022-09-19,2023-03-21,1714.6693115234375,1574.357421875,-0.08183029153520813,183,GRASIM,-0.08443029153520813
2023-05-29,2025-01-14,1679.3341064453125,2295.0751953125,0.3666578833264702,596,GRASIM,0.3640578833264702
2025-05-16,2026-03-25,2785.358642578125,2639.5771484375,-0.052338500296568564,313,GRASIM,-0.05493850029656856
2016-08-18,2017-10-16,255.06431579589844,293.3567199707031,0.15012842566910117,424,GESHIP,0.14752842566910118
2017-10-26,2017-10-27,289.9151611328125,284.3787536621094,-0.019096646926191112,1,GESHIP,-0.02169664692619111
2017-10-30,2017-11-02,289.8029479980469,289.24188232421875,-0.0019360247288854574,3,GESHIP,-0.004536024728885457
2017-11-06,2017-11-09,302.78369140625,291.0747985839844,-0.03867081733459549,3,GESHIP,-0.04127081733459549
2018-01-18,2018-03-22,334.1692810058594,255.12539672851562,-0.23653845152797806,63,GESHIP,-0.23913845152797805
2019-01-11,2019-03-01,245.90777587890625,213.22988891601562,-0.13288675742804645,49,GESHIP,-0.13548675742804644
2019-11-01,2020-03-27,231.0049591064453,160.32374572753906,-0.3059727100764832,147,GESHIP,-0.3085727100764832
2020-09-15,2021-12-02,214.6964569091797,253.7431640625,0.18186935972510132,443,GESHIP,0.17926935972510133
2022-04-11,2024-12-24,313.16943359375,919.535888671875,1.93622489947316,988,GESHIP,1.93362489947316
2017-02-28,2017-10-03,145.2213134765625,119.99674224853516,-0.17369744580982857,217,GREAVESCOT,-0.17629744580982856
2018-06-11,2018-11-21,122.13792419433594,117.48290252685547,-0.0381128277575258,163,GREAVESCOT,-0.0407128277575258
2019-04-10,2019-09-06,144.8859100341797,123.03995513916016,-0.15078039603620466,149,GREAVESCOT,-0.15338039603620465
2019-11-11,2019-12-09,130.9795684814453,121.40390014648438,-0.07310810721076269,28,GREAVESCOT,-0.0757081072107627
2020-02-19,2020-03-17,139.3522491455078,96.04527282714844,-0.31077342909004224,27,GREAVESCOT,-0.31337342909004223
2021-01-06,2021-11-29,93.20624542236328,132.19921875,0.4183515080018555,327,GREAVESCOT,0.4157515080018555
2022-01-05,2022-06-20,156.2397918701172,128.73040771484375,-0.17607156170652163,166,GREAVESCOT,-0.17867156170652163
2023-07-10,2023-07-24,129.70480346679688,131.34481811523438,0.012644209039315396,14,GREAVESCOT,0.010044209039315397
2023-09-04,2023-11-17,146.37661743164062,125.98582458496094,-0.13930362105957528,74,GREAVESCOT,-0.14190362105957527
2024-01-09,2024-04-30,148.31857299804688,137.3463897705078,-0.0739771358755154,112,GREAVESCOT,-0.0765771358755154
2024-07-29,2025-05-16,162.50474548339844,210.19126892089844,0.2934469593220075,291,GREAVESCOT,0.2908469593220075
2017-04-03,2018-07-30,322.8859558105469,475.3544006347656,0.472205254147627,483,GRINDWELL,0.469605254147627
2018-09-17,2018-11-06,491.74273681640625,455.1483154296875,-0.07441781778747734,50,GRINDWELL,-0.07701781778747735
2019-01-03,2020-04-01,515.859619140625,426.61773681640625,-0.17299644905892725,454,GRINDWELL,-0.17559644905892724
2020-10-12,2022-06-23,519.13525390625,1444.909423828125,1.7833005232371666,619,GRINDWELL,1.7807005232371667
2022-08-23,2023-03-17,2098.4189453125,1715.0079345703125,-0.18271423425653893,206,GRINDWELL,-0.18531423425653892
2023-06-19,2024-03-21,2097.2080078125,1898.3699951171875,-0.09481082084113877,276,GRINDWELL,-0.09741082084113878
2024-06-05,2024-11-14,2345.3349609375,2044.8587646484375,-0.12811653827432531,162,GRINDWELL,-0.1307165382743253
2020-10-09,2022-07-27,294.066162109375,666.1032104492188,1.2651474269299583,656,GUJALKALI,1.2625474269299584
2022-08-26,2022-12-27,823.79931640625,676.876220703125,-0.17834816414277171,123,GUJALKALI,-0.1809481641427717
2023-09-20,2025-01-15,675.6353759765625,714.459228515625,0.057462729039234446,483,GUJALKALI,0.05486272903923445
2020-10-20,2022-10-31,37.47557067871094,129.6129150390625,2.4585974994289495,741,GMDCLTD,2.4559974994289493
2023-06-05,2024-07-25,156.0860595703125,390.39117431640625,1.5011277457519883,416,GMDCLTD,1.4985277457519883
2020-08-19,2022-11-22,149.74380493164062,532.9840698242188,2.5593063103180174,825,GNFC,2.556706310318017
2023-07-04,2024-06-27,534.6497802734375,634.5802612304688,0.1869082989352834,359,GNFC,0.18430829893528342
2017-04-07,2017-06-14,109.224609375,97.03376007080078,-0.11161266104733295,68,GPPL,-0.11421266104733295
2018-01-24,2018-05-25,99.93672943115234,83.42658996582031,-0.16520592137954718,121,GPPL,-0.16780592137954717
2019-11-27,2020-03-19,63.41647720336914,41.961971282958984,-0.33831122235957845,113,GPPL,-0.34091122235957844
2020-08-04,2022-01-12,57.113197326660156,79.55245208740234,0.3928908870641647,526,GPPL,0.3902908870641647
2022-09-26,2024-11-21,74.28983306884766,158.81626892089844,1.1377927821390637,787,GPPL,1.1351927821390637
2025-08-06,2026-04-15,146.158935546875,153.8800048828125,0.05282652960660935,252,GPPL,0.05022652960660935
2020-08-28,2022-10-24,59.150020599365234,117.84942626953125,0.9923818297164878,787,GSFC,0.9897818297164878
2023-05-17,2024-09-17,164.11659240722656,219.76712036132812,0.3390914174967424,489,GSFC,0.3364914174967424
2025-07-04,2025-12-03,203.51629638671875,181.14999389648438,-0.1098993195499895,152,GSFC,-0.1124993195499895
2019-02-05,2019-08-21,728.3961791992188,705.7740478515625,-0.031057454711701644,197,GULFOILLUB,-0.033657454711701645
2019-10-23,2019-12-13,733.6876831054688,675.7899780273438,-0.07891328478224176,51,GULFOILLUB,-0.08151328478224176
2020-10-12,2021-06-22,541.8505859375,593.2318725585938,0.09482556253435583,253,GULFOILLUB,0.09222556253435582
2022-09-16,2022-11-21,379.2118225097656,370.66314697265625,-0.02254327272955533,66,GULFOILLUB,-0.025143272729555327
2022-12-09,2023-02-28,401.3946533203125,364.0433654785156,-0.09305377521307089,81,GULFOILLUB,-0.09565377521307089
2023-06-19,2025-01-10,402.3152770996094,1034.822998046875,1.5721692835210501,571,GULFOILLUB,1.5695692835210502
2025-05-19,2025-06-04,1202.149658203125,1121.0714111328125,-0.06744438724168639,16,GULFOILLUB,-0.07004438724168639
2025-06-13,2026-01-09,1164.30029296875,1126.1031494140625,-0.0328069517678226,210,GULFOILLUB,-0.035406951767822596
2017-02-09,2019-02-01,30.432886123657227,438.9291687011719,13.422857132829314,722,HEG,13.420257132829315
2020-12-24,2021-12-15,164.235595703125,320.8248291015625,0.9534427218901487,356,HEG,0.9508427218901486
2023-05-31,2025-02-20,221.38079833984375,359.7278747558594,0.6249280762084782,631,HEG,0.6223280762084782
2016-10-04,2019-01-16,305.890625,363.2334899902344,0.18746198903688002,834,HCLTECH,0.18486198903688003
2019-02-21,2020-04-03,408.5946960449219,317.5976257324219,-0.22270741934079233,407,HCLTECH,-0.22530741934079232
2020-07-07,2022-04-26,463.36541748046875,904.3989868164062,0.9518051039156962,658,HCLTECH,0.9492051039156961
2022-12-01,2024-06-21,975.2703247070312,1326.1124267578125,0.35973831374001186,568,HCLTECH,0.35713831374001187
2024-07-22,2025-03-20,1444.4951171875,1465.80029296875,0.014749219660037467,241,HCLTECH,0.012149219660037467
2025-12-09,2026-03-16,1598.4449462890625,1290.46728515625,-0.19267329903842548,97,HCLTECH,-0.19527329903842547
2020-12-16,2021-11-18,1274.5362548828125,1171.597900390625,-0.08076534041132646,337,HDFCAMC,-0.08336534041132647
2022-11-18,2023-03-06,945.2979125976562,827.3975830078125,-0.12472293445127414,108,HDFCAMC,-0.12732293445127413
2023-07-10,2025-02-05,1061.20751953125,1917.705078125,0.8070971443663316,576,HDFCAMC,0.8044971443663316
2025-05-23,2026-01-28,2312.138916015625,2424.569580078125,0.04862625825970926,250,HDFCAMC,0.04602625825970926
2017-02-02,2018-11-09,296.1129455566406,449.3645935058594,0.5175445729369664,645,HDFCBANK,0.5149445729369664
2018-12-20,2020-03-18,493.72589111328125,408.5323181152344,-0.17255237072122662,454,HDFCBANK,-0.1751523707212266
2020-09-23,2020-09-28,487.89532470703125,491.1331481933594,0.0066363076716760006,5,HDFCBANK,0.004036307671676001
2020-10-05,2022-01-20,519.156005859375,706.0591430664062,0.3600134354559661,472,HDFCBANK,0.3574134354559661
2022-09-09,2023-09-27,709.3457641601562,731.005615234375,0.030534969218944098,383,HDFCBANK,0.027934969218944096
2024-06-19,2025-03-13,804.5628051757812,828.221435546875,0.02940557308751652,267,HDFCBANK,0.02680557308751652
2025-03-25,2026-01-30,883.958740234375,914.1307983398438,0.03413288056574774,311,HDFCBANK,0.03153288056574774
2019-05-31,2020-03-27,433.4472961425781,432.80938720703125,-0.001471710496809839,301,HDFCLIFE,-0.004071710496809839
2020-07-31,2021-12-21,615.4530639648438,628.7366333007812,0.02158339947219158,508,HDFCLIFE,0.018983399472191582
2022-12-21,2023-02-27,567.9654541015625,482.38568115234375,-0.15067777860643536,68,HDFCLIFE,-0.15327777860643535
2023-06-09,2024-02-19,574.18408203125,579.54345703125,0.009333896859419233,255,HDFCLIFE,0.006733896859419233
2024-08-07,2025-01-15,691.8649291992188,590.4576416015625,-0.1465709321543838,161,HDFCLIFE,-0.1491709321543838
2025-05-13,2026-01-27,730.4205322265625,717.4927368164062,-0.01769911282579649,259,HDFCLIFE,-0.020299112825796488
2016-12-29,2017-08-09,34.150001525878906,31.5,-0.07759886991134488,223,HATHWAY,-0.08019886991134488
2017-12-21,2018-05-10,41.400001525878906,32.54999923706055,-0.213768163348648,140,HATHWAY,-0.216368163348648
2018-12-03,2019-06-11,30.549999237060547,24.600000381469727,-0.19476265152808286,190,HATHWAY,-0.19736265152808286
2020-06-16,2021-02-17,32.0,30.0,-0.0625,246,HATHWAY,-0.0651
2023-08-14,2024-09-18,16.399999618530273,21.1200008392334,0.2878049591763417,401,HATHWAY,0.2852049591763417
2025-08-04,2025-08-14,14.859999656677246,14.34000015258789,-0.034993237961193156,10,HATHWAY,-0.037593237961193154
2025-08-25,2025-09-26,14.729999542236328,14.1899995803833,-0.03665987634993802,32,HATHWAY,-0.039259876349938015
2019-02-28,2019-08-27,456.0438537597656,417.33251953125,-0.0848851133709346,180,HATSUN,-0.0874851133709346
2020-03-11,2020-03-24,463.2582092285156,282.2341613769531,-0.39076274148067414,13,HATSUN,-0.3933627414806741
2020-07-16,2022-03-10,447.97900390625,1016.6253662109375,1.2693594060128985,602,HATSUN,1.2667594060128986
2022-10-11,2022-11-22,969.9697875976562,881.7691040039062,-0.09093137200922352,42,HATSUN,-0.09353137200922353
2023-07-12,2024-04-10,947.4384765625,978.0921020507812,0.03235421216953195,273,HATSUN,0.029754212169531953
2024-07-31,2024-12-02,1211.0054931640625,1069.9715576171875,-0.11646019472495345,124,HATSUN,-0.11906019472495345
2025-11-06,2026-02-18,1009.210205078125,906.8646240234375,-0.10141155979171329,104,HATSUN,-0.1040115597917133
2017-02-21,2019-08-26,392.47314453125,623.9171752929688,0.5897066690719533,916,HAVELLS,0.5871066690719533
2020-08-24,2022-03-09,613.3787841796875,1060.3748779296875,0.728743975629672,562,HAVELLS,0.7261439756296719
2022-09-02,2022-12-16,1347.0172119140625,1124.30126953125,-0.1653400865355991,105,HAVELLS,-0.16794008653559908
2023-06-02,2024-12-12,1305.14453125,1732.809326171875,0.3276761957637594,559,HAVELLS,0.3250761957637594
2017-05-15,2017-10-09,99.49724578857422,91.28005981445312,-0.08258706971228258,147,HEIDELBERG,-0.08518706971228258
2017-10-31,2018-06-22,114.61105346679688,105.35577392578125,-0.0807538126651711,234,HEIDELBERG,-0.08335381266517111
2018-09-11,2018-11-01,128.7252960205078,113.2219009399414,-0.12043782814915019,51,HEIDELBERG,-0.1230378281491502
2018-12-26,2019-12-24,119.10785675048828,143.8031005859375,0.20733513732164424,363,HEIDELBERG,0.20473513732164425
2020-02-12,2020-03-25,160.1131591796875,104.60242462158203,-0.3466968913892229,42,HEIDELBERG,-0.3492968913892229
2020-08-05,2021-12-13,150.06068420410156,194.9127197265625,0.2988926497326674,495,HEIDELBERG,0.2962926497326674
2022-10-10,2023-02-16,179.26051330566406,150.98228454589844,-0.1577493461236905,129,HEIDELBERG,-0.16034934612369048
2023-08-29,2024-05-22,167.8681640625,186.78782653808594,0.11270548278911209,267,HEIDELBERG,0.11010548278911209
2024-06-14,2025-02-13,205.08311462402344,197.9598846435547,-0.03473338111490889,244,HEIDELBERG,-0.03733338111490889
2025-08-13,2025-11-26,208.1250762939453,183.8000030517578,-0.1168771859467429,105,HEIDELBERG,-0.1194771859467429
2020-09-03,2022-01-21,165.63848876953125,194.94589233398438,0.17693595119206462,505,HERITGFOOD,0.17433595119206463
2022-10-19,2023-03-21,160.01239013671875,138.79510498046875,-0.13259776407390328,153,HERITGFOOD,-0.13519776407390327
2023-05-22,2025-01-07,187.73583984375,462.7583312988281,1.4649439962235,596,HERITGFOOD,1.4623439962235
2025-07-23,2026-01-23,469.7514953613281,395.5619201660156,-0.15793366477364085,184,HERITGFOOD,-0.16053366477364084
2017-03-29,2018-01-09,2365.220947265625,2772.74853515625,0.17230000789641148,286,HEROMOTOCO,0.1697000078964115
2018-06-07,2018-06-29,2742.2548828125,2608.578125,-0.04874702152974161,22,HEROMOTOCO,-0.05134702152974161
2019-10-22,2019-12-06,2096.4150390625,1851.51416015625,-0.11681889050737192,45,HEROMOTOCO,-0.11941889050737192
2020-07-07,2021-05-12,2216.052734375,2356.984130859375,0.06359568718662388,309,HEROMOTOCO,0.06099568718662388
2022-06-30,2023-02-23,2335.716796875,2226.907470703125,-0.046584982527613394,238,HEROMOTOCO,-0.04918498252761339
2023-06-12,2024-12-09,2614.99853515625,4269.43212890625,0.6326709447472578,546,HEROMOTOCO,0.6300709447472578
2025-07-16,2026-05-04,4213.28857421875,4993.0556640625,0.1850732690409981,292,HEROMOTOCO,0.18247326904099812
2017-06-05,2017-06-30,12.771736145019531,11.691049575805664,-0.08461547881532863,25,HFCL,-0.08721547881532864
2017-07-27,2018-05-21,16.799747467041016,26.132936477661133,0.5555553158718997,298,HFCL,0.5529553158718996
2018-07-10,2018-07-20,30.553922653198242,24.70839500427246,-0.19131840174092665,10,HFCL,-0.19391840174092664
2019-05-02,2019-06-26,22.164562225341797,19.50481414794922,-0.12000002753727126,55,HFCL,-0.12260002753727127
2020-08-25,2022-04-18,17.131311416625977,77.99124145507812,3.5525552340019604,601,HFCL,3.5499552340019602
2022-09-28,2023-02-24,69.72364044189453,64.55155944824219,-0.07417973245333613,149,HFCL,-0.07677973245333614
2023-09-12,2025-01-14,71.31504821777344,97.92958068847656,0.373196585234449,490,HFCL,0.370596585234449
2019-01-08,2019-02-01,126.70196533203125,116.56185913085938,-0.080031167429795,24,HSCL,-0.08263116742979501
2020-10-06,2020-12-09,52.467498779296875,42.4289436340332,-0.19132902041872787,64,HSCL,-0.19392902041872787
2021-06-11,2021-12-17,54.29718017578125,43.552528381347656,-0.19788599996627718,189,HSCL,-0.20048599996627717
2022-02-10,2023-03-14,64.38631439208984,89.85895538330078,0.3956219769948561,397,HSCL,0.3930219769948561
2023-05-16,2025-03-06,118.03927612304688,435.2579345703125,2.687399218854829,660,HSCL,2.684799218854829
2025-09-03,2025-09-10,463.920654296875,467.76544189453125,0.008287597376933922,7,HSCL,0.005687597376933922
2025-11-12,2025-11-26,459.1770935058594,445.84521484375,-0.029034285138919397,14,HSCL,-0.031634285138919395
2025-12-31,2026-01-07,487.1891174316406,480.79779052734375,-0.013118780111490619,7,HSCL,-0.015718780111490617
2026-02-11,2026-03-05,454.6831970214844,456.830322265625,0.00472224453906787,22,HSCL,0.00212224453906787
2017-10-31,2018-04-05,346.1256103515625,348.2445068359375,0.0061217558626269234,156,HIMATSEIDE,0.0035217558626269236
2018-04-17,2018-06-26,369.1033630371094,282.27764892578125,-0.2352341452456469,70,HIMATSEIDE,-0.2378341452456469
2020-10-06,2022-02-23,141.03334045410156,164.29397583007812,0.16493004633572156,505,HIMATSEIDE,0.16233004633572157
2023-06-15,2024-04-02,112.95550537109375,137.0712890625,0.2134980814983603,292,HIMATSEIDE,0.2108980814983603
2024-09-26,2025-03-12,153.19773864746094,145.91163635253906,-0.047560116482454576,167,HIMATSEIDE,-0.050160116482454574
2018-10-31,2018-12-13,209.0855255126953,208.9906463623047,-0.0004537815334560981,43,HINDALCO,-0.003053781533456098
2019-12-20,2020-03-09,205.8385009765625,137.0187530517578,-0.33433855959066056,80,HINDALCO,-0.33693855959066055
2020-08-24,2022-06-07,184.63381958007812,390.74102783203125,1.116302575122548,652,HINDALCO,1.113702575122548
2022-12-27,2023-04-12,459.4930114746094,407.4464111328125,-0.1132696233502408,106,HINDALCO,-0.1158696233502408
2023-08-16,2025-01-02,437.15924072265625,591.55322265625,0.35317561097043076,505,HINDALCO,0.3505756109704308
2019-10-23,2020-03-26,300.912353515625,222.2439727783203,-0.26143287179208413,155,HAL,-0.2640328717920841
2020-07-15,2024-12-19,387.8822326660156,4303.19189453125,10.094068075648352,1618,HAL,10.091468075648352
2025-05-22,2025-12-29,4981.69140625,4338.255859375,-0.1291600571781202,221,HAL,-0.1317600571781202
2017-11-07,2018-04-03,94.78633880615234,64.36698150634766,-0.3209255435217869,147,HINDCOPPER,-0.3235255435217869
2020-01-01,2020-03-23,39.31126022338867,19.436960220336914,-0.5055625255999125,82,HINDCOPPER,-0.5081625255999126
2020-08-12,2021-10-11,36.68726348876953,122.651611328125,2.343165983629995,425,HINDCOPPER,2.340565983629995
2022-10-07,2023-03-29,109.5766830444336,94.95660400390625,-0.13342326701565577,173,HINDCOPPER,-0.13602326701565576
2023-07-06,2024-11-07,120.11100769042969,289.2423095703125,1.4081249098816695,490,HINDCOPPER,1.4055249098816696
2019-04-08,2020-01-10,124.86714172363281,128.95240783691406,0.0327169025965464,277,HINDPETRO,0.030116902596546404
2020-12-17,2022-03-29,120.2803726196289,153.8505401611328,0.27909929783527704,467,HINDPETRO,0.27649929783527705
2023-01-17,2025-02-17,147.7804718017578,306.7787170410156,1.0759083612383389,762,HINDPETRO,1.073308361238339
2025-05-30,2026-03-20,396.42059326171875,336.29998779296875,-0.15165863350862324,294,HINDPETRO,-0.15425863350862323
2017-03-27,2019-05-15,771.6942749023438,1476.412353515625,0.913208898306861,779,HINDUNILVR,0.910608898306861
2019-05-28,2020-07-10,1569.9329833984375,2002.8421630859375,0.27575010160649055,409,HINDUNILVR,0.27315010160649056
2020-07-14,2020-10-29,2012.7044677734375,1931.844970703125,-0.040174550394754996,107,HINDUNILVR,-0.042774550394754994
2020-12-08,2021-12-17,2057.38134765625,2057.556640625,8.520198209714117e-05,374,HINDUNILVR,-0.002514798017902859
2022-07-18,2023-03-27,2376.57568359375,2341.45703125,-0.014776997251206899,252,HINDUNILVR,-0.0173769972512069
2023-06-08,2023-09-15,2510.95263671875,2332.903564453125,-0.07090897281849771,99,HINDUNILVR,-0.07350897281849772
2024-01-15,2024-01-25,2448.497802734375,2310.61962890625,-0.056311332472566936,10,HINDUNILVR,-0.058911332472566934
2024-07-12,2024-12-20,2519.47998046875,2268.52294921875,-0.09960667804286714,161,HINDUNILVR,-0.10220667804286715
2025-07-25,2026-01-01,2372.42919921875,2299.609375,-0.030694203326586036,160,HINDUNILVR,-0.03329420332658604
2017-08-04,2018-06-21,140.61993408203125,146.556884765625,0.04221983691252767,321,HINDZINC,0.03961983691252767
2019-02-07,2019-02-12,138.7056121826172,135.64073181152344,-0.022096296774629324,5,HINDZINC,-0.024696296774629325
2019-04-11,2019-06-07,152.61956787109375,129.64663696289062,-0.15052415118621373,57,HINDZINC,-0.15312415118621373
2020-07-13,2022-05-27,115.97049713134766,203.55726623535156,0.7552504410221121,683,HINDZINC,0.7526504410221121
2022-11-03,2024-12-23,211.23121643066406,446.6947021484375,1.1147191674440011,781,HINDZINC,1.1121191674440012
2025-07-28,2025-08-14,424.29766845703125,418.99456787109375,-0.012498538125892498,17,HINDZINC,-0.015098538125892498
2025-09-30,2026-07-29,473.7933654785156,536.7000122070312,0.13277232505141137,302,HINDZINC,0.13017232505141138
2017-02-22,2020-05-20,9750.908203125,26360.455078125,1.7033846005930937,1183,HONAUT,1.7007846005930938
2020-08-10,2021-09-29,31146.017578125,43978.4140625,0.4120076170954089,415,HONAUT,0.4094076170954089
2021-10-29,2021-12-06,41438.55078125,38733.81640625,-0.06527096927877678,38,HONAUT,-0.06787096927877678
2022-02-09,2022-03-30,43808.59765625,39465.4609375,-0.09913891224797929,49,HONAUT,-0.10173891224797929
2022-09-08,2023-03-09,40857.96484375,35497.73828125,-0.1311917170372706,182,HONAUT,-0.13379171703727058
2023-06-28,2023-11-02,41372.56640625,35864.71875,-0.1331280153657074,127,HONAUT,-0.1357280153657074
2024-04-18,2024-11-26,43459.703125,41230.37109375,-0.05129653152111816,222,HONAUT,-0.05389653152111816
2025-07-30,2025-10-01,38546.015625,35868.5859375,-0.06946060816110615,63,HONAUT,-0.07206060816110615
2020-01-03,2020-02-28,26.5629825592041,20.552629470825195,-0.22626800567228897,56,HUDCO,-0.22886800567228896
2020-08-10,2021-09-21,25.325374603271484,34.588134765625,0.3657501737864509,407,HUDCO,0.3631501737864509
2022-09-02,2024-11-06,34.40785598754883,218.77896118164062,5.358401443577599,796,HUDCO,5.355801443577599
2025-06-05,2026-01-21,233.88815307617188,199.24337768554688,-0.1481253964126264,230,HUDCO,-0.1507253964126264
2026-06-19,2026-07-22,207.32681274414062,197.0623321533203,-0.04950869815129786,33,HUDCO,-0.05210869815129786
2018-09-10,2020-04-08,318.5068359375,305.905517578125,-0.03956372968349016,576,ICICIBANK,-0.04216372968349016
2020-11-09,2022-04-22,443.77642822265625,719.172119140625,0.6205730485076469,529,ICICIBANK,0.6179730485076469
2022-08-10,2023-03-27,821.3206176757812,821.2721557617188,-5.9004867307045355e-05,229,ICICIBANK,-0.002659004867307045
2023-05-15,2025-11-27,915.185791015625,1380.5611572265625,0.5085037057825039,927,ICICIBANK,0.5059037057825039
2018-09-10,2020-03-30,869.0721435546875,985.643798828125,0.134133461920244,567,ICICIGI,0.131533461920244
2020-07-09,2020-07-13,1219.0833740234375,1221.7208251953125,0.002163470709284149,4,ICICIGI,-0.00043652929071585087
2020-07-15,2021-12-16,1201.388427734375,1361.867919921875,0.13357835691004488,519,ICICIGI,0.1309783569100449
2023-01-23,2023-02-21,1130.783935546875,1072.44140625,-0.051594763122151284,29,ICICIGI,-0.05419476312215128
2023-06-28,2025-01-17,1305.0394287109375,1927.87646484375,0.47725533990036184,569,ICICIGI,0.47465533990036185
2025-06-27,2026-02-05,2002.962158203125,1867.1107177734375,-0.06782526563135922,223,ICICIGI,-0.07042526563135923
2018-05-18,2018-07-20,409.6249084472656,348.197021484375,-0.14996130776260824,63,ICICIPRULI,-0.15256130776260823
2019-05-06,2020-03-27,362.5628967285156,314.82598876953125,-0.13166517696577598,326,ICICIPRULI,-0.13426517696577597
2020-08-24,2022-01-07,438.6206359863281,579.2183227539062,0.3205450798077831,501,ICICIPRULI,0.3179450798077831
2022-09-01,2022-11-22,589.2617797851562,464.1690368652344,-0.21228721632943928,82,ICICIPRULI,-0.21488721632943927
2023-06-27,2024-02-06,576.151611328125,522.9453125,-0.09234773934846013,224,ICICIPRULI,-0.09494773934846014
2024-04-09,2025-01-21,621.6189575195312,632.5137329101562,0.017526452915945193,287,ICICIPRULI,0.014926452915945193
2025-07-18,2025-09-25,631.6080932617188,592.9422607421875,-0.061218076418012794,69,ICICIPRULI,-0.06381807641801279
2025-12-10,2026-03-30,640.6267700195312,507.78778076171875,-0.20735784933521048,110,ICICIPRULI,-0.20995784933521047
2016-11-01,2017-01-12,3800.884765625,3580.2216796875,-0.058055715851521,72,ICRA,-0.060655715851521
2017-02-08,2017-07-14,3829.061767578125,3529.903564453125,-0.07812833045893043,156,ICRA,-0.08072833045893044
2018-10-19,2018-10-22,3004.458251953125,2949.286865234375,-0.018363173022252658,3,ICRA,-0.02096317302225266
2019-08-05,2019-08-23,2675.773193359375,2327.480712890625,-0.13016517294258276,18,ICRA,-0.13276517294258275
2020-02-13,2020-03-18,2731.988525390625,2094.273681640625,-0.23342515454336263,34,ICRA,-0.23602515454336262
2020-09-18,2024-04-25,2566.198486328125,5001.84326171875,0.9491256379297829,1315,ICRA,0.9465256379297828
2024-07-15,2025-02-20,5710.6962890625,5639.67822265625,-0.012435973270416859,220,ICRA,-0.015035973270416858
2025-07-01,2025-12-29,6598.9677734375,6071.07861328125,-0.07999571725158838,181,ICRA,-0.08259571725158839
2016-08-25,2017-01-02,71.21533203125,65.3004379272461,-0.0830564702191993,130,IDBI,-0.08565647021919931
2017-01-25,2017-06-01,75.71064758300781,57.492774963378906,-0.24062497417757725,127,IDBI,-0.24322497417757724
2018-01-25,2018-06-28,61.609535217285156,47.17719650268555,-0.23425495199240645,154,IDBI,-0.23685495199240644
2019-01-18,2019-01-25,55.07949447631836,51.95643615722656,-0.05670092561278985,7,IDBI,-0.05930092561278985
2020-01-02,2020-03-18,35.48936462402344,19.637449264526367,-0.4466666430192047,76,IDBI,-0.4492666430192047
2020-07-13,2021-02-01,39.32221603393555,29.290559768676758,-0.25511421473808465,203,IDBI,-0.25771421473808465
2021-05-07,2022-04-20,36.81430435180664,44.054134368896484,0.19665806931741067,348,IDBI,0.19405806931741068
2022-10-11,2024-11-07,42.20868682861328,83.01403045654297,0.9667522657982274,758,IDBI,0.9641522657982273
2025-05-30,2026-04-07,94.78225708007812,69.63999938964844,-0.2652633358286446,312,IDBI,-0.2678633358286446
2016-09-07,2017-04-05,58.621971130371094,58.14106750488281,-0.008203470750220694,210,IDFCFIRSTB,-0.010803470750220694
2019-01-22,2019-07-16,46.610069274902344,41.7900505065918,-0.10341153410183695,175,IDFCFIRSTB,-0.10601153410183696
2020-01-24,2020-02-28,43.72799301147461,36.572505950927734,-0.16363630177742694,35,IDFCFIRSTB,-0.16623630177742693
2020-10-09,2021-08-31,31.75248908996582,42.684486389160156,0.34428788458820325,326,IDFCFIRSTB,0.34168788458820326
2022-09-14,2024-02-29,50.5853385925293,80.54895782470703,0.5923380186013605,533,IDFCFIRSTB,0.5897380186013604
2025-06-11,2026-03-30,70.8592300415039,58.67761993408203,-0.1719128206768098,292,IDFCFIRSTB,-0.1745128206768098
2016-09-08,2018-07-19,395.04998779296875,1004.6500244140625,1.5430959510383857,679,IFBIND,1.5404959510383858
2020-09-28,2021-08-10,619.5,923.9500122070312,0.4914447331832627,316,IFBIND,0.4888447331832627
2021-10-28,2022-02-17,1264.6500244140625,949.3499755859375,-0.2493180269175338,112,IFBIND,-0.2519180269175338
2022-09-13,2022-12-06,1052.1500244140625,909.8499755859375,-0.13524691871520056,84,IFBIND,-0.13784691871520055
2022-12-09,2023-01-13,938.1500244140625,909.4500122070312,-0.030592135010555833,35,IFBIND,-0.03319213501055583
2023-09-05,2025-02-11,989.0999755859375,1222.699951171875,0.23617428101497437,525,IFBIND,0.23357428101497438
2025-09-25,2026-01-30,1762.4000244140625,1121.699951171875,-0.3635383933084081,127,IFBIND,-0.3661383933084081
2017-02-01,2017-07-06,30.549999237060547,26.049999237060547,-0.14729951268021635,155,IFCI,-0.14989951268021634
2018-01-15,2018-03-26,32.650001525878906,19.399999618530273,-0.40581933501125483,70,IFCI,-0.4084193350112548
2020-07-14,2022-03-28,6.849999904632568,11.350000381469727,0.6569343853266136,622,IFCI,0.6543343853266136
2022-12-01,2023-04-05,13.100000381469727,10.199999809265137,-0.22137408303489153,125,IFCI,-0.22397408303489152
2023-07-06,2025-01-13,12.449999809265137,51.40999984741211,3.1293173200816775,557,IFCI,3.1267173200816774
2025-07-02,2025-12-18,63.97999954223633,46.810001373291016,-0.2683650873990794,169,IFCI,-0.2709650873990794
2016-09-21,2016-12-08,10.960268020629883,8.44028377532959,-0.22991994726379605,78,IRB,-0.23251994726379605
2017-03-01,2017-07-27,10.536173820495605,9.789288520812988,-0.07088771620583276,148,IRB,-0.07348771620583276
2017-08-07,2017-08-10,10.230844497680664,9.128186225891113,-0.1077778351571587,3,IRB,-0.11037783515715871
2017-12-21,2018-07-16,10.578694343566895,8.714113235473633,-0.1762581512932311,207,IRB,-0.1788581512932311
2020-02-19,2020-04-09,4.492260932922363,3.07242751121521,-0.31606209944343217,50,IRB,-0.31866209944343216
2020-07-16,2021-03-25,5.545360565185547,5.05935001373291,-0.08764273228757577,252,IRB,-0.09024273228757577
2021-06-16,2022-06-21,7.401912212371826,9.348377227783203,0.2629678601372743,370,IRB,0.2603678601372743
2022-09-15,2022-10-27,11.363912582397461,11.529948234558105,0.014610782242185793,42,IRB,0.012010782242185793
2022-11-22,2023-07-26,12.228290557861328,12.437955856323242,0.01714592055772868,246,IRB,0.014545920557728681
2023-09-26,2024-10-14,15.669866561889648,28.923933029174805,0.8458314826700625,384,IRB,0.8432314826700624
2026-05-25,2026-07-14,21.51642417907715,20.13985252380371,-0.06397771506159623,50,IRB,-0.06657771506159624
2019-11-13,2020-10-13,34.59275817871094,30.734519958496094,-0.11153311916565471,335,IRCON,-0.11413311916565472
2021-01-08,2021-09-06,37.44474411010742,37.098106384277344,-0.009257313250980679,241,IRCON,-0.011857313250980678
2021-10-19,2022-03-09,41.130802154541016,36.8536262512207,-0.10398960582508586,141,IRCON,-0.10658960582508586
2022-10-12,2024-10-18,39.785400390625,216.44313049316406,4.4402652321721146,737,IRCON,4.437665232172114
2025-07-10,2025-08-29,190.950927734375,158.1426544189453,-0.17181520773268041,50,IRCON,-0.1744152077326804
2017-02-01,2017-10-05,180.97781372070312,180.7855682373047,-0.0010622599502451908,246,ITC,-0.003662259950245191
2018-05-16,2019-01-04,194.82586669921875,195.28628540039062,0.002363231889955818,233,ITC,-0.00023676811004418171
2019-04-15,2019-07-22,212.3507843017578,187.44154357910156,-0.11730232503996481,98,ITC,-0.11990232503996481
2020-09-01,2020-10-01,142.05332946777344,127.60151672363281,-0.10173512157924604,30,ITC,-0.10433512157924604
2020-12-11,2024-02-27,161.5464324951172,358.29803466796875,1.2179260113267958,1173,ITC,1.2153260113267959
2024-07-02,2025-01-29,377.63824462890625,399.41754150390625,0.05767238139876924,211,ITC,0.05507238139876924
2019-01-25,2019-06-19,105.0,84.80000305175781,-0.19238092331659226,145,ITI,-0.19498092331659225
2019-12-19,2020-03-16,94.5999984741211,52.54999923706055,-0.44450317035220466,88,ITI,-0.44710317035220465
2020-06-17,2021-03-26,90.55000305175781,115.6500015258789,0.27719489374035794,282,ITI,0.27459489374035795
2021-07-09,2021-09-15,129.10000610351562,122.55000305175781,-0.05073588491162313,68,ITI,-0.05333588491162313
2022-08-18,2023-02-13,113.75,99.44999694824219,-0.12571431254292584,179,ITI,-0.12831431254292583
2023-06-26,2024-09-18,108.6500015258789,284.45001220703125,1.6180396522063485,450,ITI,1.6154396522063486
2024-12-27,2025-03-24,328.20001220703125,266.3999938964844,-0.18829986597186021,87,ITI,-0.1908998659718602
2025-06-27,2025-09-09,320.6499938964844,309.0,-0.03633243136828298,74,ITI,-0.03893243136828298
2025-10-09,2026-01-27,337.70001220703125,279.04998779296875,-0.17367492535980827,110,ITI,-0.17627492535980827
2017-01-25,2017-10-25,137.56849670410156,183.9596710205078,0.3372223686952822,273,INDIACEM,0.3346223686952822
2017-10-26,2017-10-27,189.7704620361328,189.38307189941406,-0.0020413616142484275,1,INDIACEM,-0.004641361614248427
2019-05-02,2019-08-19,103.59074401855469,77.75399017333984,-0.24941179919112355,109,INDIACEM,-0.25201179919112354
2020-03-19,2022-06-01,96.21233367919922,167.32073974609375,0.7390778640084886,804,INDIACEM,0.7364778640084886
2022-09-14,2023-02-22,262.1922912597656,190.3000030517578,-0.27419680366109966,161,INDIACEM,-0.27679680366109966
2023-07-28,2024-04-01,214.6999969482422,220.39999389648438,0.02654865872967985,248,INDIACEM,0.02394865872967985
2024-07-15,2025-02-24,307.3999938964844,255.6999969482422,-0.16818476894847284,224,INDIACEM,-0.17078476894847283
2025-07-07,2026-04-21,346.6000061035156,418.45001220703125,0.20729949462856295,288,INDIACEM,0.20469949462856296
2019-11-05,2020-03-19,351.6764831542969,118.621826171875,-0.6626961657830556,135,ITDC,-0.6652961657830556
2020-09-16,2021-12-28,252.52108764648438,352.76068115234375,0.39695533723579274,468,ITDC,0.39435533723579275
2022-09-26,2023-03-02,345.66412353515625,316.39056396484375,-0.08468787350832836,157,ITDC,-0.08728787350832837
2023-08-08,2024-10-23,371.7342834472656,592.2557983398438,0.5932235059074431,442,ITDC,0.5906235059074431
2025-07-17,2025-08-13,603.297119140625,537.5462036132812,-0.10898595972247234,27,ITDC,-0.11158595972247234
2025-10-17,2025-12-24,610.7000122070312,568.7000122070312,-0.06877353718761958,68,ITDC,-0.07137353718761959
2017-04-13,2018-03-26,105.8499984741211,187.8000030517578,0.7742088404249944,347,IBREALEST,0.7716088404249943
2019-05-22,2019-09-06,116.6500015258789,65.1500015258789,-0.4414916358880174,107,IBREALEST,-0.44409163588801737
2020-02-20,2020-03-31,89.0999984741211,40.849998474121094,-0.5415263841335992,40,IBREALEST,-0.5441263841335993
2020-12-11,2022-03-04,68.0,106.6500015258789,0.5683823753805721,448,IBREALEST,0.5657823753805721
2022-12-27,2023-02-16,80.25,58.04999923706055,-0.2766355235257253,51,IBREALEST,-0.2792355235257253
2023-09-07,2024-11-01,84.0999984741211,111.12000274658203,0.3212842421248726,421,IBREALEST,0.3186842421248726
2025-01-28,2025-03-28,136.8000030517578,115.86000061035156,-0.1530701898704174,59,IBREALEST,-0.1556701898704174
2017-11-13,2018-04-04,342.5673828125,254.94754028320312,-0.25577403724176073,142,INDIANB,-0.2583740372417607
2018-07-12,2018-07-17,297.6045227050781,289.6849060058594,-0.0266112108352163,5,INDIANB,-0.0292112108352163
2018-07-26,2018-09-24,303.2980651855469,219.3506317138672,-0.27678196173234293,60,INDIANB,-0.2793819617323429
2019-05-27,2019-08-08,231.8507080078125,166.6962127685547,-0.2810191773797057,73,INDIANB,-0.2836191773797057
2020-11-20,2024-11-19,53.93867111206055,499.37188720703125,8.258142199490951,1460,INDIANB,8.255542199490952
2024-11-25,2025-02-04,539.2796020507812,515.7932739257812,-0.043551300727277295,71,INDIANB,-0.04615130072727729
2025-05-13,2026-07-02,554.5552978515625,815.0999755859375,0.4698263252443309,415,INDIANB,0.4672263252443309
2019-01-30,2019-03-11,47.90967559814453,47.95440673828125,0.0009336556672166471,40,IEX,-0.0016663443327833527
2020-01-09,2020-05-27,50.57877731323242,49.864566802978516,-0.014120754755118496,139,IEX,-0.016720754755118496
2020-06-01,2022-05-16,52.56734085083008,174.05467224121094,2.3110800246701557,714,IEX,2.3084800246701556
2023-05-08,2023-07-11,149.39932250976562,115.65496063232422,-0.2258669002681433,64,IEX,-0.22846690026814329
2023-12-18,2025-01-07,144.11326599121094,166.27418518066406,0.1537743179785035,386,IEX,0.1511743179785035
2025-05-23,2025-08-18,189.71217346191406,137.1651153564453,-0.27698305884423335,87,IEX,-0.27958305884423335
2017-04-03,2017-09-29,111.72354888916016,102.35667419433594,-0.08383975256744668,179,INDHOTEL,-0.08643975256744668
2018-01-04,2018-08-10,118.3978042602539,116.83663940429688,-0.013185758517323396,218,INDHOTEL,-0.015785758517323396
2018-12-17,2019-08-29,138.722900390625,131.47337341308594,-0.05225904992705149,255,INDHOTEL,-0.05485904992705149
2019-11-06,2020-01-14,143.21035766601562,132.5145721435547,-0.07468583765012891,69,INDHOTEL,-0.07728583765012892
2020-10-19,2025-07-04,92.496337890625,744.2354736328125,7.046107452522667,1719,INDHOTEL,7.043507452522666
2019-03-28,2019-08-26,67.51657104492188,52.957881927490234,-0.21563134638080297,151,IOC,-0.21823134638080297
2020-12-21,2022-06-30,38.56300735473633,59.62150192260742,0.5460801947876267,556,IOC,0.5434801947876267
2023-01-03,2024-11-11,65.19227600097656,130.7707061767578,1.0059233117555046,678,IOC,1.0033233117555047
2025-06-24,2026-05-07,133.9689178466797,146.88999938964844,0.09644835347372323,317,IOC,0.09384835347372322
2017-03-16,2017-07-19,27.0,25.299999237060547,-0.06296299121997974,125,IOB,-0.06556299121997974
2020-07-16,2022-02-07,10.199999809265137,21.0,1.0588235679107285,571,IOB,1.0562235679107286
2022-11-04,2024-10-08,21.700000762939453,54.709999084472656,1.5211980258502864,704,IOB,1.5185980258502865
2025-12-02,2025-12-17,38.52000045776367,34.29999923706055,-0.10955350910055837,15,IOB,-0.11215350910055838
2019-05-08,2019-08-13,361.7254333496094,285.07989501953125,-0.21188871797134554,97,INDOSTAR,-0.21448871797134553
2020-03-18,2021-09-15,268.8500061035156,292.5,0.08796724329393689,546,INDOSTAR,0.08536724329393688
2023-07-13,2025-02-25,150.8000030517578,236.8000030517578,0.5702917656472656,593,INDOSTAR,0.5676917656472655
2025-04-29,2025-09-15,291.25,261.25,-0.10300429184549356,139,INDOSTAR,-0.10560429184549357
2016-08-16,2016-12-13,296.2870178222656,252.83740234375,-0.14664704447016927,119,INDOCO,-0.14924704447016926
2017-11-08,2018-04-25,248.65098571777344,199.35829162597656,-0.19824049339480845,168,INDOCO,-0.20084049339480844
2019-01-02,2019-03-06,213.86624145507812,179.1905059814453,-0.16213748947804993,63,INDOCO,-0.16473748947804992
2020-01-16,2022-01-27,195.27610778808594,388.7135009765625,0.9905840267893666,742,INDOCO,0.9879840267893666
2022-12-20,2023-03-14,387.4626770019531,345.0816345214844,-0.10938096749962607,84,INDOCO,-0.11198096749962608
2023-11-16,2024-04-19,333.0073547363281,329.324951171875,-0.011058024731522266,155,INDOCO,-0.013658024731522266
2024-09-26,2024-11-21,365.140625,299.5871887207031,-0.17952928759788608,56,INDOCO,-0.18212928759788607
2025-07-18,2025-12-11,323.3203125,239.4499969482422,-0.2594031748368974,146,INDOCO,-0.2620031748368974
2019-02-04,2020-08-07,130.47422790527344,173.126708984375,0.3269034947657863,550,IGL,0.3243034947657863
2020-12-11,2021-10-29,216.50997924804688,214.07720947265625,-0.011236293975177456,322,IGL,-0.013836293975177456
2022-09-22,2023-10-27,195.30055236816406,180.25775146484375,-0.07702385231846605,400,IGL,-0.07962385231846605
2024-04-16,2024-11-25,220.4715576171875,157.90928649902344,-0.28376572377101417,223,IGL,-0.28636572377101416
2025-07-04,2025-12-22,220.28871154785156,192.14833068847656,-0.12774318148963476,171,IGL,-0.13034318148963475
2017-02-03,2018-10-22,1235.4598388671875,1390.1280517578125,0.12519080590466033,626,INDUSINDBK,0.12259080590466033
2019-05-29,2019-06-13,1542.8125,1427.91552734375,-0.07447241492809398,15,INDUSINDBK,-0.07707241492809398
2020-01-14,2020-02-07,1428.521728515625,1252.2281494140625,-0.1234097988028148,24,INDUSINDBK,-0.1260097988028148
2020-11-12,2021-12-30,741.618408203125,857.861083984375,0.1567418965002441,413,INDUSINDBK,0.1541418965002441
2022-08-25,2023-04-06,1064.560546875,1056.7957763671875,-0.007293874012714314,224,INDUSINDBK,-0.009893874012714313
2023-06-06,2024-05-28,1289.571533203125,1440.9925537109375,0.1174196363746513,357,INDUSINDBK,0.1148196363746513
2017-06-09,2018-06-22,200.6014862060547,232.68142700195312,0.15991875934032926,378,NAUKRI,0.15731875934032927
2018-07-30,2020-04-30,262.17376708984375,497.6744079589844,0.898261650977603,640,NAUKRI,0.895661650977603
2020-06-11,2022-01-28,535.2793579101562,863.3251342773438,0.6128496672241343,596,NAUKRI,0.6102496672241342
2023-06-12,2025-03-13,839.4659423828125,1264.427978515625,0.5062290376266649,640,NAUKRI,0.5036290376266649
2017-08-01,2017-08-31,389.99267578125,354.8543395996094,-0.09009998998378625,30,INFY,-0.09269998998378626
2017-12-08,2019-11-27,393.9826965332031,585.1724853515625,0.4852745831243549,719,INFY,0.4826745831243549
2020-02-05,2020-03-20,659.859130859375,492.1924743652344,-0.2540946220987774,44,INFY,-0.2566946220987774
2020-07-14,2022-05-12,667.7332153320312,1325.76953125,0.985477883694552,667,INFY,0.982877883694552
2022-12-15,2023-04-06,1382.909423828125,1276.4417724609375,-0.07698815955166985,112,INFY,-0.07958815955166985
2023-09-15,2024-05-22,1375.2047119140625,1340.6611328125,-0.025118863251627044,250,INFY,-0.027718863251627042
2024-07-12,2025-03-20,1609.0130615234375,1535.8778076171875,-0.04545348677095539,251,INFY,-0.04805348677095539
2025-12-15,2026-03-09,1572.766357421875,1287.14697265625,-0.18160318817718146,84,INFY,-0.18420318817718145
2018-01-19,2018-03-13,33.974998474121094,30.424999237060547,-0.10448857679168395,53,INOXWIND,-0.10708857679168396
2020-07-20,2022-04-11,9.162500381469727,27.337499618530273,1.983628756383763,630,INOXWIND,1.981028756383763
2022-09-22,2023-01-31,35.837501525878906,23.875,-0.33379842390074455,131,INOXWIND,-0.33639842390074454
2023-06-19,2025-01-24,40.42499923706055,142.88999938964844,2.534693929162793,585,INOXWIND,2.5320939291627926
2017-10-23,2019-02-05,125.00914764404297,163.67578125,0.30931043315372614,470,INTELLECT,0.30671043315372615
2019-05-29,2019-09-27,243.8335723876953,177.74964904785156,-0.27102060923247406,121,INTELLECT,-0.27362060923247405
2020-08-11,2021-12-13,181.10986328125,674.6694946289062,2.725194654811236,489,INTELLECT,2.722594654811236
2022-02-07,2022-06-20,703.0121459960938,594.8038940429688,-0.15392088539210852,133,INTELLECT,-0.1565208853921085
2023-06-06,2024-10-07,577.285400390625,854.6448364257812,0.4804546171572651,489,INTELLECT,0.4778546171572651
2025-06-03,2026-01-23,1152.7537841796875,882.5487670898438,-0.23439959234844296,234,INTELLECT,-0.23699959234844295
2017-04-03,2018-07-02,1004.5369873046875,1037.8284912109375,0.033141142961371425,455,INDIGO,0.030541142961371427
2019-01-23,2019-12-16,1103.9698486328125,1297.607177734375,0.17540092181083428,327,INDIGO,0.17280092181083428
2020-09-30,2022-04-22,1246.99267578125,1912.867431640625,0.5339844962940136,569,INDIGO,0.5313844962940135
2022-09-13,2022-11-03,1926.9935302734375,1800.1578369140625,-0.06582050814741304,51,INDIGO,-0.06842050814741304
2022-12-15,2023-04-24,2011.6005859375,1988.5894775390625,-0.011439203467776505,130,INDIGO,-0.014039203467776505
2023-05-10,2025-01-07,2219.8984375,4321.29736328125,0.9466193994657695,608,INDIGO,0.9440193994657694
2025-03-25,2025-12-29,4998.25341796875,5085.5,0.01745541386869222,279,INDIGO,0.014855413868692218
2016-10-06,2017-06-12,295.69927978515625,241.17416381835938,-0.18439380713545442,249,IPCALAB,-0.1869938071354544
2017-11-21,2018-11-30,263.2314758300781,386.9620361328125,0.47004470081915756,374,IPCALAB,0.46744470081915757
2018-12-10,2021-03-15,387.5935974121094,942.7505493164062,1.4323171373597938,826,IPCALAB,1.4297171373597939
2021-06-07,2021-12-17,1002.9308471679688,982.1602172851562,-0.02070993223656813,193,IPCALAB,-0.02330993223656813
2023-08-25,2025-03-26,875.5465087890625,1426.3118896484375,0.6290532545451174,579,IPCALAB,0.6264532545451174
2016-08-16,2017-05-02,124.51056671142578,150.86627197265625,0.2116744462525358,259,JBCHEPHARM,0.2090744462525358
2018-01-22,2018-06-21,147.25184631347656,122.77803039550781,-0.16620379662926435,150,JBCHEPHARM,-0.16880379662926434
2018-09-25,2022-03-14,137.86279296875,748.098876953125,4.4264015753888,1266,JBCHEPHARM,4.4238015753888
2022-08-17,2025-01-07,872.9121704101562,1859.389404296875,1.1300990721932558,874,JBCHEPHARM,1.1274990721932558
2017-02-23,2018-04-13,825.2173461914062,906.8850708007812,0.09896510899376133,414,JKCEMENT,0.09636510899376133
2019-04-05,2020-05-11,824.448486328125,1042.6678466796875,0.2646852580486304,402,JKCEMENT,0.2620852580486304
2020-06-30,2022-03-09,1343.5865478515625,2209.7724609375,0.6446818885400395,617,JKCEMENT,0.6420818885400394
2022-10-07,2025-12-23,2529.822509765625,5593.68017578125,1.2110958986998166,1173,JKCEMENT,1.2084958986998167
2017-04-13,2017-09-28,427.58709716796875,361.1191101074219,-0.15544900091883807,168,JKLAKSHMI,-0.15804900091883806
2018-04-20,2018-05-15,393.70941162109375,359.94683837890625,-0.08575505752623619,25,JKLAKSHMI,-0.0883550575262362
2019-03-11,2019-09-23,322.9761047363281,302.1472473144531,-0.06449039763755682,196,JKLAKSHMI,-0.06709039763755682
2020-02-24,2020-03-26,302.47698974609375,196.87130737304688,-0.34913625152675165,31,JKLAKSHMI,-0.35173625152675164
2020-08-12,2022-01-31,271.1920166015625,539.2816162109375,0.9885600725601535,537,JKLAKSHMI,0.9859600725601535
2022-09-20,2023-07-20,642.7350463867188,648.8817138671875,0.009563299084161724,303,JKLAKSHMI,0.006963299084161724
2023-12-01,2024-06-18,792.3402099609375,816.5661010742188,0.030575112569985047,200,JKLAKSHMI,0.02797511256998505
2024-07-10,2024-08-28,865.0614013671875,777.3302001953125,-0.1014161550072863,49,JKLAKSHMI,-0.10401615500728631
2025-01-24,2025-02-20,803.3786010742188,694.7211303710938,-0.13525064092799613,27,JKLAKSHMI,-0.13785064092799612
2025-05-23,2025-11-28,870.240966796875,750.2940063476562,-0.13783189372331153,189,JKLAKSHMI,-0.14043189372331152
2018-09-05,2019-02-18,147.7473907470703,103.08356475830078,-0.3022985770708453,166,JKPAPER,-0.3048985770708453
2020-01-21,2020-03-23,120.43449401855469,61.57427215576172,-0.4887322551770317,62,JKPAPER,-0.4913322551770317
2020-12-18,2023-04-17,101.85736083984375,361.1742248535156,2.545882417093163,850,JKPAPER,2.5432824170931627
2023-10-06,2024-04-15,375.25897216796875,346.8526611328125,-0.07569788637176507,192,JKPAPER,-0.07829788637176507
2024-06-19,2025-01-02,483.53448486328125,415.78057861328125,-0.1401221802601263,197,JKPAPER,-0.14272218026012629
2025-08-12,2026-01-16,345.0377502441406,338.70001220703125,-0.018368245308303048,157,JKPAPER,-0.020968245308303046
2016-08-16,2017-11-15,91.68282318115234,128.8103485107422,0.4049561743559214,456,JKTYRE,0.4023561743559214
2018-02-09,2018-05-25,158.6632080078125,118.56101989746094,-0.2527503925697566,105,JKTYRE,-0.2553503925697566
2020-01-22,2020-03-19,75.2411880493164,39.15517044067383,-0.4796045695741833,57,JKTYRE,-0.4822045695741833
2020-08-07,2020-10-05,60.964881896972656,55.36637496948242,-0.09183167018926416,59,JKTYRE,-0.09443167018926417
2020-10-28,2022-01-13,67.7013931274414,130.1052703857422,0.9217517450613083,442,JKTYRE,0.9191517450613083
2022-09-07,2023-04-03,153.4450225830078,148.6739501953125,-0.03109304106045113,208,JKTYRE,-0.03369304106045113
2023-05-16,2024-09-23,191.56532287597656,414.17669677734375,1.1620650886042172,496,JKTYRE,1.1594650886042173
2025-07-03,2026-05-08,361.5766296386719,401.9061584472656,0.11153798531972478,309,JKTYRE,0.10893798531972478
2019-06-14,2019-07-19,77.68476867675781,60.48971939086914,-0.22134389506180235,35,JMFINANCIL,-0.22394389506180234
2019-11-29,2020-05-04,79.70256042480469,51.32195281982422,-0.356081504204073,157,JMFINANCIL,-0.35868150420407297
2020-11-27,2021-06-01,72.51512145996094,75.71991729736328,0.04419486271110867,186,JMFINANCIL,0.041594862711108675
2021-06-16,2021-11-11,83.50875854492188,73.06463623046875,-0.12506619061801663,148,JMFINANCIL,-0.12766619061801662
2022-10-04,2023-03-15,65.18570709228516,56.037193298339844,-0.1403453947503172,162,JMFINANCIL,-0.1429453947503172
2023-07-03,2024-04-25,68.89186096191406,76.82119750976562,0.11509830678307834,297,JMFINANCIL,0.11249830678307833
2024-08-01,2025-02-28,99.30224609375,88.35055541992188,-0.11028643464407413,211,JMFINANCIL,-0.11288643464407414
2025-06-25,2026-01-13,150.9451141357422,133.2829132080078,-0.11701074942943221,202,JMFINANCIL,-0.11961074942943221
2017-06-30,2018-05-10,59.65361404418945,64.7761001586914,0.08587050753886231,314,JSWENERGY,0.08327050753886231
2019-02-19,2019-02-27,61.749183654785156,60.16586685180664,-0.025641096922514844,8,JSWENERGY,-0.028241096922514843
2019-04-04,2019-09-19,68.08241271972656,60.41156005859375,-0.11267010604796353,168,JSWENERGY,-0.11527010604796353
2019-12-02,2020-02-13,72.08734893798828,60.1279296875,-0.16590177647920074,73,JSWENERGY,-0.16850177647920073
2020-09-22,2022-05-19,55.14482879638672,260.2428283691406,3.71926079107154,604,JSWENERGY,3.71666079107154
2022-09-20,2023-01-20,332.8182067871094,257.5279541015625,-0.22622035438616214,122,JSWENERGY,-0.22882035438616213
2023-07-25,2025-01-10,290.941162109375,535.6542358398438,0.8411084631554214,535,JSWENERGY,0.8385084631554214
2025-09-26,2025-12-16,518.3370971679688,476.87811279296875,-0.0799845980569766,81,JSWENERGY,-0.0825845980569766
2020-01-07,2020-03-26,247.04220581054688,139.5171356201172,-0.43524979805632535,79,JSWSTEEL,-0.43784979805632535
2020-08-26,2021-12-31,269.3755798339844,623.4260864257812,1.3143377985858906,492,JSWSTEEL,1.3117377985858907
2022-04-20,2022-06-09,702.2156372070312,543.8286743164062,-0.22555316985048632,50,JSWSTEEL,-0.2281531698504863
2022-09-13,2023-05-18,677.0798950195312,678.0596923828125,0.001447092685056003,247,JSWSTEEL,-0.001152907314943997
2023-05-26,2025-02-14,687.5146484375,956.5153198242188,0.3912653672151872,630,JSWSTEEL,0.3886653672151872
2017-03-03,2017-07-13,126.33151245117188,117.51846313476562,-0.06976129031790515,132,JAGRAN,-0.07236129031790516
2019-05-17,2019-06-28,74.87223815917969,74.9413070678711,0.0009224902365622428,42,JAGRAN,-0.0016775097634377572
2021-01-04,2022-06-06,32.30558395385742,41.53574752807617,0.2857141845014267,518,JAGRAN,0.2831141845014267
2022-09-23,2024-05-21,50.09180450439453,72.22628784179688,0.4418783383110204,606,JAGRAN,0.4392783383110204
2025-08-01,2026-01-05,63.69984817504883,62.679466247558594,-0.016018592770993715,157,JAGRAN,-0.018618592770993717
2017-03-01,2018-06-06,69.78831481933594,112.13395690917969,0.6067726696004304,462,JAICORPLTD,0.6041726696004304
2019-06-06,2019-07-11,108.91265869140625,95.35100555419922,-0.12451861243818037,35,JAICORPLTD,-0.12711861243818037
2019-07-17,2019-07-19,91.2964859008789,85.14481353759766,-0.06738126120166503,2,JAICORPLTD,-0.06998126120166503
2020-01-14,2020-03-27,108.49793243408203,45.99674606323242,-0.5760587779755364,73,JAICORPLTD,-0.5786587779755364
2020-08-04,2021-05-19,83.17862701416016,89.49901580810547,0.07598573120074875,288,JAICORPLTD,0.07338573120074875
2021-05-31,2022-02-16,106.37139892578125,113.84510803222656,0.07026051346433791,261,JAICORPLTD,0.0676605134643379
2022-09-05,2023-02-16,153.35494995117188,123.15485382080078,-0.19692938597669515,164,JAICORPLTD,-0.19952938597669514
2023-06-08,2024-06-05,165.0919952392578,268.3078308105469,0.6252019392079223,363,JAICORPLTD,0.6226019392079223
2024-06-11,2024-12-30,365.19146728515625,319.635009765625,-0.12474677422832262,202,JAICORPLTD,-0.1273467742283226
2025-09-30,2026-02-09,139.47999572753906,120.7699966430664,-0.13414109304262428,132,JAICORPLTD,-0.13674109304262427
2017-11-07,2018-05-14,98.16365051269531,99.01191711425781,0.008641351428274312,188,JISLJALEQS,0.006041351428274312
2020-07-14,2022-06-02,10.350000381469727,39.54999923706055,2.8212558240934427,688,JISLJALEQS,2.8186558240934425
2023-05-22,2024-04-08,38.70000076293945,59.25,0.5310077217553955,322,JISLJALEQS,0.5284077217553954
2024-06-11,2024-11-13,76.1500015258789,64.48999786376953,-0.1531188894086473,155,JISLJALEQS,-0.15571888940864728
2024-12-09,2025-03-03,74.41000366210938,54.65999984741211,-0.26542135254260507,84,JISLJALEQS,-0.26802135254260506
2019-04-11,2019-08-01,59.98925018310547,33.3857421875,-0.44347125383970387,112,J&KBANK,-0.44607125383970386
2020-11-27,2022-03-24,22.830305099487305,32.33496856689453,0.41631784708916003,482,J&KBANK,0.41371784708916004
2022-11-04,2024-07-10,39.594818115234375,102.9176254272461,1.599270064272573,614,J&KBANK,1.596670064272573
2025-06-12,2026-01-27,105.07362365722656,103.69000244140625,-0.013168111726440418,229,J&KBANK,-0.015768111726440416
2017-03-02,2018-09-24,36.00912094116211,67.71550750732422,0.8805098746500769,571,JAMNAAUTO,0.8779098746500769
2020-09-03,2022-11-25,40.81587600708008,99.74142456054688,1.4436918747804248,813,JAMNAAUTO,1.4410918747804249
2023-08-03,2024-10-15,105.0826416015625,118.34090423583984,0.1261698643297163,439,JAMNAAUTO,0.1235698643297163
2017-04-26,2018-05-09,515.0999755859375,499.3999938964844,-0.03047948443716009,378,JETAIRWAYS,-0.03307948443716009
2020-07-10,2021-08-12,28.149999618530273,79.3499984741211,1.818827692696928,398,JETAIRWAYS,1.816227692696928
2021-11-12,2021-12-06,92.4000015258789,94.80000305175781,0.02597404205893575,24,JETAIRWAYS,0.02337404205893575
2022-05-13,2022-11-09,99.05000305175781,89.19999694824219,-0.09944478344305129,180,JETAIRWAYS,-0.10204478344305129
2023-10-09,2023-11-16,67.5,55.45000076293945,-0.1785185072157118,38,JETAIRWAYS,-0.1811185072157118
2023-11-30,2024-01-02,57.150001525878906,58.150001525878906,0.017497812306219725,33,JETAIRWAYS,0.014897812306219725
2024-01-09,2024-02-21,56.75,49.900001525878906,-0.12070481892724394,43,JETAIRWAYS,-0.12330481892724394
2016-08-09,2018-05-16,21.571922302246094,42.18543243408203,0.9555713136278835,645,JINDALSAW,0.9529713136278835
2019-03-22,2019-06-17,39.398223876953125,35.40603256225586,-0.10132922050408946,87,JINDALSAW,-0.10392922050408947
2019-11-01,2020-03-31,38.95743942260742,20.591468811035156,-0.47143680087234624,151,JINDALSAW,-0.47403680087234623
2020-10-23,2021-12-31,28.71790885925293,46.508968353271484,0.6195109672230282,434,JINDALSAW,0.6169109672230282
2022-12-08,2025-01-15,44.79969024658203,246.76219177246094,4.508122721703137,769,JINDALSAW,4.505522721703137
2016-09-08,2018-04-03,23.402727127075195,86.92443084716797,2.7142863895807654,572,JSL,2.7116863895807652
2019-11-11,2020-04-13,36.77572250366211,27.925947189331055,-0.24064177973525328,154,JSL,-0.24324177973525327
2020-07-29,2022-05-25,36.23489761352539,111.31046295166016,2.0719132737417016,665,JSL,2.0693132737417015
2022-12-01,2024-12-02,173.4555206298828,688.0272216796875,2.966591660969911,732,JSL,2.963991660969911
2025-07-10,2026-04-17,679.1983032226562,788.2000122070312,0.16048583818184514,281,JSL,0.15788583818184515
2016-08-11,2016-12-28,78.8358383178711,66.90445709228516,-0.15134463563992118,139,JINDALSTEL,-0.15394463563992117
2017-02-01,2018-07-31,82.23776245117188,202.58689880371094,1.4634291202170726,545,JINDALSTEL,1.4608291202170727
2019-12-31,2020-04-21,165.36297607421875,81.74473571777344,-0.505664824990302,112,JINDALSTEL,-0.508264824990302
2020-07-20,2021-12-27,175.17430114746094,375.69049072265625,1.1446667020318333,525,JINDALSTEL,1.1420667020318334
2022-02-25,2022-06-30,394.17919921875,325.3807373046875,-0.1745360030423187,125,JINDALSTEL,-0.1771360030423187
2022-10-19,2024-12-06,436.6051330566406,947.2208862304688,1.1695138570612869,779,JINDALSTEL,1.166913857061287
2025-06-24,2026-07-24,922.3701782226562,1035.800048828125,0.12297651559381537,395,JINDALSTEL,0.12037651559381536
2017-04-07,2018-11-12,101.52703857421875,215.73577880859375,1.124909598844308,584,JUBLFOOD,1.1223095988443081
2019-04-02,2019-07-31,282.40924072265625,235.3899688720703,-0.1664933899835163,120,JUBLFOOD,-0.16909338998351628
2019-10-29,2020-05-18,310.78106689453125,306.0131530761719,-0.015341712627485916,202,JUBLFOOD,-0.017941712627485916
2020-06-09,2022-02-11,329.1037902832031,609.1067504882812,0.8508044224107163,612,JUBLFOOD,0.8482044224107163
2022-09-26,2022-12-29,597.16162109375,505.4544372558594,-0.15357179798313472,94,JUBLFOOD,-0.1561717979831347
2023-08-18,2024-03-06,478.16131591796875,446.67132568359375,-0.06585641536877752,201,JUBLFOOD,-0.06845641536877753
2024-07-09,2025-08-20,569.6016235351562,632.4014892578125,0.11025225899620385,407,JUBLFOOD,0.10765225899620384
2017-03-27,2017-07-11,567.8499755859375,365.79998779296875,-0.3558157902260768,106,JUSTDIAL,-0.3584157902260768
2017-12-01,2018-04-30,509.95001220703125,446.04998779296875,-0.1253064474643451,150,JUSTDIAL,-0.1279064474643451
2018-06-04,2018-11-02,561.7999877929688,490.75,-0.12646847514555604,151,JUSTDIAL,-0.12906847514555603
2019-04-01,2019-11-19,602.2999877929688,560.1500244140625,-0.06998167729233733,232,JUSTDIAL,-0.07258167729233733
2020-10-27,2021-11-23,681.9500122070312,712.7000122070312,0.04509128154493631,392,JUSTDIAL,0.04249128154493631
2023-02-14,2025-01-02,636.75,1009.4500122070312,0.5853160772784158,688,JUSTDIAL,0.5827160772784158
2016-08-12,2017-12-13,121.54749298095703,159.11947631835938,0.30911360173663793,488,JYOTHYLAB,0.30651360173663794
2018-05-21,2018-11-02,190.09254455566406,166.47080993652344,-0.12426439276908918,165,JYOTHYLAB,-0.12686439276908917
2019-11-22,2020-01-09,159.7923583984375,131.77883911132812,-0.17531200845824238,48,JYOTHYLAB,-0.17791200845824237
2020-08-28,2021-05-19,134.52064514160156,132.0972442626953,-0.01801508516670646,264,JYOTHYLAB,-0.02061508516670646
2021-06-03,2021-12-17,143.6654815673828,134.3648223876953,-0.06473830093504578,197,JYOTHYLAB,-0.06733830093504578
2022-06-09,2023-04-28,142.88255310058594,185.3857421875,0.2974694122171293,323,JYOTHYLAB,0.2948694122171293
2023-05-25,2024-06-27,199.56930541992188,398.05517578125,0.9945711337907698,399,JYOTHYLAB,0.9919711337907697
2024-07-02,2024-12-12,460.7052917480469,399.634521484375,-0.13255929844424405,163,JYOTHYLAB,-0.13515929844424404
2019-06-04,2019-09-12,117.7838134765625,106.79290771484375,-0.09331422915684252,100,KPRMILL,-0.09591422915684253
2019-11-06,2020-03-24,126.79666900634766,66.77906799316406,-0.4733373635405123,139,KPRMILL,-0.4759373635405123
2020-09-28,2022-07-01,116.9180679321289,496.72509765625,3.248488761759214,641,KPRMILL,3.245888761759214
2023-03-15,2025-03-11,585.3834838867188,880.1583251953125,0.5035585209056521,727,KPRMILL,0.5009585209056521
2025-05-07,2025-12-12,1093.44580078125,969.0588989257812,-0.11375680602238926,219,KPRMILL,-0.11635680602238926
2019-04-10,2020-03-24,391.41156005859375,218.0070037841797,-0.44302359452146906,349,KEI,-0.44562359452146905
2020-12-03,2024-12-27,419.4039611816406,4334.23388671875,9.334270268948716,1485,KEI,9.331670268948717
2025-01-09,2025-01-15,4194.0322265625,4059.717529296875,-0.03202519437379517,6,KEI,-0.034625194373795166
2025-01-28,2025-02-05,3906.874267578125,3890.443603515625,-0.004205577896082482,8,KEI,-0.006805577896082482
2020-08-05,2022-02-04,114.86287689208984,257.07012939453125,1.2380610372143193,548,KIOCL,1.2354610372143193
2023-01-06,2023-03-29,213.9499969482422,169.9499969482422,-0.20565552992573438,82,KIOCL,-0.20825552992573437
2023-08-08,2024-09-24,219.1999969482422,392.8500061035156,0.7921989579054416,413,KIOCL,0.7895989579054415
2025-08-06,2026-02-11,366.25,366.70001220703125,0.0012287022717576792,189,KIOCL,-0.0013712977282423207
2019-03-18,2019-10-04,126.1570816040039,107.24365234375,-0.14991967965477762,200,KNRCON,-0.1525196796547776
2020-01-24,2020-04-15,145.02719116210938,96.65951538085938,-0.33350763669679906,82,KNRCON,-0.33610763669679905
2020-09-21,2022-04-28,127.26214599609375,275.90850830078125,1.1680328124378017,584,KNRCON,1.1654328124378017
2023-01-06,2023-05-22,257.5986633300781,237.75653076171875,-0.07702731183404607,136,KNRCON,-0.07962731183404607
2023-09-07,2024-04-19,271.1092224121094,255.18907165527344,-0.058722276635192944,225,KNRCON,-0.06132227663519294
2024-06-07,2024-12-13,372.6039733886719,339.0669250488281,-0.0900072214336278,189,KNRCON,-0.0926072214336278
2025-01-03,2025-02-03,345.908203125,278.04486083984375,-0.19618887806668361,31,KNRCON,-0.1987888780666836
2019-04-01,2019-06-13,318.5950927734375,307.6009826660156,-0.03450809619104873,73,KRBL,-0.037108096191048726
2020-02-07,2020-04-07,268.29779052734375,155.7056427001953,-0.4196536527783054,60,KRBL,-0.4222536527783054
2020-07-20,2021-02-01,242.70640563964844,192.86917114257812,-0.2053395927714605,196,KRBL,-0.20793959277146049
2021-07-08,2022-01-19,262.8604431152344,244.15792846679688,-0.07114997763371561,195,KRBL,-0.07374997763371562
2022-08-18,2023-05-08,278.5273132324219,373.7638244628906,0.3419288044867507,263,KRBL,0.33932880448675073
2023-05-15,2023-06-09,390.843994140625,348.4850769042969,-0.10837806867025174,25,KRBL,-0.11097806867025174
2023-09-06,2023-12-04,425.887451171875,338.4695129394531,-0.20526065746215824,89,KRBL,-0.20786065746215823
2024-12-23,2025-02-13,290.6589660644531,279.20904541015625,-0.03939297249050929,52,KRBL,-0.04199297249050929
2025-05-20,2026-02-03,344.4388122558594,353.20001220703125,0.025436157713445474,259,KRBL,0.022836157713445472
2026-07-03,2026-07-17,375.5,358.5,-0.045272969374167776,14,KRBL,-0.047872969374167774
2017-04-24,2018-02-19,615.8517456054688,549.6941528320312,-0.1074245437242291,301,KAJARIACER,-0.11002454372422911
2019-01-18,2019-08-22,501.991455078125,445.5436706542969,-0.11244769976222632,216,KAJARIACER,-0.11504769976222633
2020-02-24,2020-03-24,519.2876586914062,338.5007019042969,-0.3481441427718283,29,KAJARIACER,-0.3507441427718283
2020-09-25,2022-04-04,474.75555419921875,980.6176147460938,1.0655211004326728,556,KAJARIACER,1.0629211004326728
2022-09-14,2023-03-17,1139.6116943359375,1031.1778564453125,-0.0951498114924228,184,KAJARIACER,-0.0977498114924228
2023-05-29,2024-02-29,1243.8203125,1253.1651611328125,0.007513021405825048,276,KAJARIACER,0.004913021405825048
2024-07-09,2024-12-04,1415.95361328125,1201.0379638671875,-0.15178156077869617,148,KAJARIACER,-0.15438156077869616
2025-07-18,2026-01-08,1214.2579345703125,1009.4000244140625,-0.16871037390317137,174,KAJARIACER,-0.17131037390317136
2017-01-31,2018-04-25,210.41201782226562,296.2956237792969,0.40816872936210735,449,KANSAINER,0.40556872936210736
2019-08-09,2019-08-14,296.3136291503906,290.28228759765625,-0.02035458703005941,5,KANSAINER,-0.022954587030059412
2019-09-17,2020-03-24,288.0437927246094,193.18988037109375,-0.32930378903947705,189,KANSAINER,-0.33190378903947704
2020-08-28,2021-12-17,306.1468200683594,374.0623779296875,0.2218398278517585,476,KANSAINER,0.2192398278517585
2022-09-28,2023-01-03,311.5675048828125,272.1844482421875,-0.1264029657246761,97,KANSAINER,-0.1290029657246761
2023-07-07,2024-03-14,301.21221923828125,257.2494812011719,-0.1459527045359723,251,KANSAINER,-0.1485527045359723
2024-09-18,2024-12-05,297.7181701660156,270.3345031738281,-0.09197848749680826,78,KANSAINER,-0.09457848749680826
2025-10-17,2025-12-10,250.27919006347656,221.97628784179688,-0.11308531969638155,54,KANSAINER,-0.11568531969638156
2019-02-04,2019-07-04,87.62937927246094,78.82522583007812,-0.10047033900592368,150,KTKBANK,-0.10307033900592369
2020-12-09,2021-08-25,51.64425277709961,45.82190704345703,-0.11273947091019498,259,KTKBANK,-0.11533947091019499
2021-09-29,2022-02-22,59.55081558227539,53.19402313232422,-0.10674568245280586,146,KTKBANK,-0.10934568245280586
2022-07-19,2024-05-09,62.19947814941406,204.06442260742188,2.280806024083085,660,KTKBANK,2.278206024083085
2025-07-16,2025-08-04,187.64276123046875,175.38934326171875,-0.06530184211955806,19,KTKBANK,-0.06790184211955806
2017-03-27,2017-12-28,68.29837799072266,84.3436279296875,0.23492871150094308,276,KARURVYSYA,0.23232871150094309
2020-10-21,2021-08-18,23.904409408569336,33.042049407958984,0.38225750919886586,301,KARURVYSYA,0.3796575091988659
2022-03-11,2022-05-02,35.73778533935547,37.20118713378906,0.04094830668821702,52,KARURVYSYA,0.038348306688217024
2022-08-04,2025-03-20,48.428489685058594,166.78350830078125,2.443913064095372,959,KARURVYSYA,2.4413130640953717
2016-11-30,2017-01-11,390.3580017089844,410.331787109375,0.05116786465999299,42,KSCL,0.04856786465999299
2017-01-13,2017-10-19,431.0575256347656,525.967529296875,0.22017943781945817,279,KSCL,0.21757943781945818
2018-06-21,2018-11-22,547.7962036132812,478.05780029296875,-0.12730720450473326,154,KSCL,-0.12990720450473325
2019-01-25,2019-02-25,561.1878662109375,374.7273864746094,-0.3322603551557224,31,KSCL,-0.3348603551557224
2019-10-24,2020-02-25,471.4945068359375,429.04901123046875,-0.09002330884045315,124,KSCL,-0.09262330884045315
2020-07-03,2021-02-17,556.433349609375,492.4099426269531,-0.11506033386993665,229,KSCL,-0.11766033386993666
2021-05-11,2021-10-13,716.9122924804688,534.3203125,-0.25469221534577496,155,KSCL,-0.25729221534577496
2022-05-17,2022-07-11,553.33349609375,479.3482666015625,-0.1337082067405736,55,KSCL,-0.1363082067405736
2022-12-30,2024-12-12,506.7825927734375,918.8577270507812,0.813120142943754,713,KSCL,0.810520142943754
2025-03-18,2025-09-10,1116.0401611328125,1163.4951171875,0.04252083187268043,176,KSCL,0.03992083187268043
2016-12-01,2018-07-13,131.87998962402344,312.3265380859375,1.3682632898011973,589,KEC,1.3656632898011973
2019-05-13,2019-09-19,265.5354309082031,236.4124755859375,-0.10967634421763313,129,KEC,-0.11227634421763313
2020-01-16,2020-04-08,312.21173095703125,149.96026611328125,-0.5196840757597292,83,KEC,-0.5222840757597292
2020-08-13,2022-04-07,290.8638000488281,383.8208923339844,0.31958976080746826,602,KEC,0.31698976080746827
2022-09-13,2022-10-11,417.69464111328125,407.2340087890625,-0.025043731220343247,28,KEC,-0.02764373122034325
2022-10-28,2025-02-28,421.7328796386719,674.2925415039062,0.59886168249822,854,KEC,0.59626168249822
2025-10-06,2025-12-03,847.6765747070312,712.0562133789062,-0.1599906914674353,58,KEC,-0.1625906914674353
2018-02-02,2018-03-22,326.0189208984375,290.6545715332031,-0.10847330353642633,48,KIRLOSENG,-0.11107330353642633
2019-11-07,2019-11-28,148.08642578125,140.21514892578125,-0.053153263804854245,21,KIRLOSENG,-0.05575326380485424
2020-12-14,2021-11-30,112.92552185058594,172.90476989746094,0.5311398793112044,351,KIRLOSENG,0.5285398793112044
2022-08-30,2024-12-10,219.9228057861328,1159.7177734375,4.273294733085957,833,KIRLOSENG,4.270694733085957
2017-03-30,2018-06-26,181.9036407470703,231.81002807617188,0.27435617629277903,453,KOLTEPATIL,0.27175617629277904
2019-10-23,2020-03-17,239.2682342529297,143.92112731933594,-0.3984946318983682,146,KOLTEPATIL,-0.4010946318983682
2020-11-17,2022-04-12,178.91578674316406,287.9882507324219,0.609630183980538,511,KOLTEPATIL,0.607030183980538
2022-09-14,2023-02-06,343.6893310546875,263.7615661621094,-0.23255817876947743,145,KOLTEPATIL,-0.23515817876947742
2023-06-30,2024-06-28,332.116943359375,428.84246826171875,0.29123935660722855,364,KOLTEPATIL,0.28863935660722856
2025-06-04,2025-12-23,435.54998779296875,397.54998779296875,-0.08724601323617222,202,KOLTEPATIL,-0.08984601323617222
2017-03-10,2018-10-31,164.52993774414062,222.39471435546875,0.35169755367751515,600,KOTAKBANK,0.34909755367751516
2019-02-18,2020-03-30,253.77223205566406,257.219482421875,0.013584032966438956,406,KOTAKBANK,0.010984032966438956
2020-11-05,2021-07-09,333.1207580566406,341.9883728027344,0.026619820385333018,246,KOTAKBANK,0.02401982038533302
2021-10-06,2022-02-17,389.04443359375,361.50347900390625,-0.07079128297875278,134,KOTAKBANK,-0.07339128297875279
2022-09-12,2023-02-06,382.958984375,347.7283935546875,-0.09199572867525181,147,KOTAKBANK,-0.09459572867525182
2023-05-26,2023-09-15,387.14886474609375,361.3416442871094,-0.0666596826414813,112,KOTAKBANK,-0.0692596826414813
2024-07-30,2024-12-26,356.19366455078125,349.55279541015625,-0.01864398444312654,149,KOTAKBANK,-0.021243984443126543
2025-01-22,2025-09-26,382.3981628417969,398.27239990234375,0.04151232564136103,247,KOTAKBANK,0.03891232564136103
2025-10-27,2026-03-13,428.9794006347656,366.2177429199219,-0.1463045955632709,137,KOTAKBANK,-0.1489045955632709
2017-10-16,2019-04-12,710.6227416992188,1508.876953125,1.123316444273963,543,LTTS,1.120716444273963
2019-05-07,2019-08-28,1534.5948486328125,1463.0643310546875,-0.04661198859220225,113,LTTS,-0.04921198859220225
2020-02-17,2020-03-30,1582.083251953125,1084.540283203125,-0.3144859590263468,42,LTTS,-0.3170859590263468
2020-08-17,2022-04-29,1442.3670654296875,3872.113037109375,1.6845545283965948,620,LTTS,1.6819545283965949
2022-12-20,2023-03-21,3773.510498046875,3272.912841796875,-0.13266099471807577,91,LTTS,-0.13526099471807576
2023-06-06,2024-06-13,3669.456298828125,4739.5517578125,0.2916223472469532,373,LTTS,0.2890223472469532
2024-08-21,2025-01-13,5276.8740234375,4736.30419921875,-0.10244129797637429,145,LTTS,-0.10504129797637429
2025-01-16,2025-02-21,5118.1875,4999.80615234375,-0.02312954491336044,36,LTTS,-0.025729544913360443
2025-12-22,2026-02-12,4578.5712890625,3662.7978515625,-0.20001292536115828,52,LTTS,-0.20261292536115827
2019-03-25,2019-09-12,457.1329345703125,361.16656494140625,-0.20993099024709513,171,LICHSGFIN,-0.21253099024709513
2020-10-30,2021-09-14,258.25390625,382.97698974609375,0.4829475197767459,319,LICHSGFIN,0.4803475197767459
2022-09-02,2023-03-14,389.4342956542969,328.3316345214844,-0.15690107885889354,193,LICHSGFIN,-0.15950107885889353
2023-07-12,2024-10-29,373.23370361328125,626.4185791015625,0.6783548030019652,475,LICHSGFIN,0.6757548030019651
2025-06-20,2025-09-30,584.260986328125,565.0,-0.03296640846956688,102,LICHSGFIN,-0.03556640846956688
2025-11-12,2025-11-27,572.7999877929688,550.25,-0.03936799628759621,15,LICHSGFIN,-0.04196799628759621
2017-03-14,2018-08-08,890.6943969726562,1140.6217041015625,0.2805982702690998,512,LT,0.2779982702690998
2018-09-19,2018-10-05,1186.017822265625,1092.1436767578125,-0.07915070393165483,16,LT,-0.08175070393165483
2018-11-28,2019-03-13,1248.7486572265625,1226.6817626953125,-0.017671205813554174,105,LT,-0.020271205813554176
2019-04-08,2019-09-17,1222.2774658203125,1184.0545654296875,-0.03127186867097504,162,LT,-0.03387186867097504
2019-10-23,2019-12-16,1290.49951171875,1174.41064453125,-0.08995653708763299,54,LT,-0.09255653708763299
2020-11-20,2022-04-26,1064.09423828125,1615.633544921875,0.5183181026630538,522,LT,0.5157181026630537
2022-09-06,2025-02-12,1888.8538818359375,3227.7265625,0.7088280854010255,890,LT,0.7062280854010254
2025-06-24,2026-05-13,3569.93115234375,3877.923095703125,0.08627391683931229,323,LT,0.08367391683931229
2020-01-07,2021-12-10,75.07984924316406,519.469482421875,5.918893520143451,703,LAURUSLABS,5.916293520143451
2022-05-02,2022-06-24,585.3713989257812,461.3955078125,-0.21179014099559731,53,LAURUSLABS,-0.2143901409955973
2022-09-15,2022-10-25,524.773681640625,447.80029296875,-0.1466792092759481,40,LAURUSLABS,-0.1492792092759481
2019-03-19,2019-06-25,83.05000305175781,64.1500015258789,-0.22757376076314154,98,LEMONTREE,-0.23017376076314153
2020-11-24,2021-09-22,32.70000076293945,41.5,0.2691131202368052,302,LEMONTREE,0.26651312023680523
2021-09-30,2023-03-13,45.400001525878906,75.4000015258789,0.6607929293328195,529,LEMONTREE,0.6581929293328195
2023-05-16,2024-09-18,94.25,129.58999633789062,0.37496017334631965,491,LEMONTREE,0.37236017334631966
2025-01-10,2025-03-19,140.35000610351562,136.0,-0.03099398585210793,68,LEMONTREE,-0.03359398585210793
2025-04-22,2025-04-24,147.27000427246094,145.6199951171875,-0.011203973025089294,2,LEMONTREE,-0.013803973025089294
2025-04-29,2026-01-29,139.08999633789062,124.6500015258789,-0.10381763744484336,275,LEMONTREE,-0.10641763744484337
2017-11-27,2018-05-17,501.05908203125,420.3266906738281,-0.16112349671447881,171,LINDEINDIA,-0.1637234967144788
2018-11-20,2019-04-02,602.5635986328125,468.864990234375,-0.22188298247984634,133,LINDEINDIA,-0.22448298247984633
2019-11-08,2020-04-28,530.0645141601562,520.5409545898438,-0.01796679331647356,172,LINDEINDIA,-0.020566793316473563
2020-08-04,2022-11-21,627.6324462890625,3054.0,3.865905225354537,839,LINDEINDIA,3.863305225354537
2023-01-25,2024-12-06,3343.826904296875,6799.0029296875,1.0332999058505883,681,LINDEINDIA,1.0306999058505883
2025-06-23,2025-09-30,6842.6474609375,6234.92626953125,-0.08881375153046203,99,LINDEINDIA,-0.09141375153046204
2018-08-01,2019-02-11,805.5850830078125,782.96923828125,-0.028073812690425866,194,LUPIN,-0.030673812690425864
2019-12-31,2020-02-07,733.2453002929688,679.6048583984375,-0.07315483900558131,38,LUPIN,-0.07575483900558132
2020-05-21,2021-09-15,850.7067260742188,961.7362060546875,0.13051440241085166,482,LUPIN,0.12791440241085167
2022-11-22,2023-04-03,704.0134887695312,637.5491333007812,-0.09440778696572395,132,LUPIN,-0.09700778696572396
2023-05-30,2025-03-26,786.0302124023438,2031.3455810546875,1.5843098000600855,666,LUPIN,1.5817098000600855
2016-10-25,2018-10-10,729.7442016601562,1473.3323974609375,1.0189710231463711,715,LUXIND,1.0163710231463712
2019-11-19,2020-04-22,1317.940185546875,899.7174072265625,-0.3173306216069072,155,LUXIND,-0.3199306216069072
2020-08-28,2022-02-09,1350.1944580078125,2833.6611328125,1.098705942693259,530,LUXIND,1.0961059426932591
2023-08-01,2023-11-21,1602.5877685546875,1360.58203125,-0.15100935003575075,112,LUXIND,-0.15360935003575074
2024-06-06,2025-02-04,1413.80224609375,1591.9228515625,0.1259869306056674,243,LUXIND,0.1233869306056674
2019-04-05,2020-05-08,187.70997619628906,181.08900451660156,-0.03527234840605341,399,MASFIN,-0.037872348406053406
2020-10-05,2021-05-03,269.8399963378906,256.04364013671875,-0.0511279142766376,210,MASFIN,-0.053727914276637596
2022-09-09,2023-05-08,246.57461547851562,240.94631958007812,-0.022825933997767507,241,MASFIN,-0.025425933997767505
2023-08-31,2024-05-15,268.14190673828125,283.78753662109375,0.05834832038426336,258,MASFIN,0.05574832038426336
2025-06-04,2026-07-17,285.3336486816406,313.79998779296875,0.0997650969062162,408,MASFIN,0.09716509690621619
2017-11-07,2018-03-01,62.8026237487793,33.58603286743164,-0.46521290254080416,114,MMTC,-0.46781290254080415
2020-07-30,2021-10-28,18.5,42.45000076293945,1.294594635834565,455,MMTC,1.291994635834565
2022-02-28,2022-05-30,46.25,40.400001525878906,-0.12648645349451013,91,MMTC,-0.12908645349451012
2023-08-14,2024-11-26,38.54999923706055,77.88999938964844,1.0204928905619242,470,MMTC,1.0178928905619242
2025-07-16,2025-12-22,68.66000366210938,56.47999954223633,-0.17739591421831935,159,MMTC,-0.17999591421831934
2017-09-07,2018-04-20,147.3040771484375,166.2922821044922,0.12890481596731623,225,MOIL,0.12630481596731624
2020-01-07,2020-03-24,126.99568176269531,79.13316345214844,-0.3768830376451932,77,MOIL,-0.3794830376451932
2020-06-23,2020-11-27,127.268310546875,106.02854919433594,-0.1668896307436729,157,MOIL,-0.1694896307436729
2021-01-13,2022-06-17,131.0243682861328,128.60882568359375,-0.018435827122356106,520,MOIL,-0.021035827122356104
2023-01-03,2023-04-06,158.81773376464844,139.68719482421875,-0.12045593704780588,93,MOIL,-0.12305593704780589
2023-06-16,2024-10-22,154.2438507080078,330.4040832519531,1.1420891772043893,494,MOIL,1.1394891772043894
2025-06-09,2025-12-23,383.0043029785156,337.3308410644531,-0.11925051901211806,197,MOIL,-0.12185051901211806
2016-09-07,2018-10-01,39311.03515625,62208.21484375,0.5824618862487424,754,MRF,0.5798618862487424
2019-10-10,2020-04-30,60447.515625,59797.3984375,-0.01075506876962737,203,MRF,-0.01335506876962737
2020-08-04,2020-08-24,60547.91015625,58896.046875,-0.027281920663937035,20,MRF,-0.029881920663937037
2020-11-17,2021-08-13,73338.46875,78211.8671875,0.06645077979624438,269,MRF,0.06385077979624437
2022-07-18,2023-04-21,80072.53125,85959.765625,0.0735237700506689,277,MRF,0.0709237700506689
2023-05-17,2024-10-28,97025.6796875,122678.3203125,0.26439021821462055,530,MRF,0.26179021821462056
2025-05-27,2026-02-13,143509.78125,149843.46875,0.04413418684658472,262,MRF,0.04153418684658472
2019-01-04,2019-07-05,744.0718994140625,676.5999145507812,-0.0906793885327664,182,MGL,-0.0932793885327664
2019-10-29,2020-04-29,834.6031494140625,808.7828979492188,-0.030937160353361946,183,MGL,-0.03353716035336195
2020-07-21,2020-09-02,856.1799926757812,780.8745727539062,-0.0879551269196636,43,MGL,-0.09055512691966361
2020-12-22,2021-10-12,919.6854248046875,949.1824951171875,0.032072999655033414,294,MGL,0.029472999655033416
2022-09-05,2024-12-04,808.0150146484375,1220.2069091796875,0.5101290038658406,821,MGL,0.5075290038658405
2025-07-07,2025-09-30,1506.1900634765625,1281.6234130859375,-0.1490958251791172,85,MGL,-0.1516958251791172
2018-07-04,2018-11-06,2548.137939453125,2154.783203125,-0.15436948300080874,125,MAHSCOOTER,-0.15696948300080873
2018-12-31,2020-03-16,2780.14111328125,2806.957763671875,0.009645787497086706,441,MAHSCOOTER,0.007045787497086706
2020-11-12,2022-01-24,2911.861572265625,3296.849609375,0.1322137153689721,438,MAHSCOOTER,0.12961371536897212
2022-08-19,2023-03-22,3925.650390625,3948.41796875,0.0057996958107558805,215,MAHSCOOTER,0.0031996958107558806
2023-06-05,2025-02-14,5006.03955078125,9069.1015625,0.8116320237790895,620,MAHSCOOTER,0.8090320237790894
2025-04-23,2026-01-12,11450.4775390625,12889.248046875,0.12565157242606131,264,MAHSCOOTER,0.12305157242606131
2018-09-11,2019-05-23,214.0945587158203,206.59632873535156,-0.03502298248701206,254,MAHSEAMLES,-0.037622982487012055
2020-11-27,2023-01-25,122.15451049804688,301.6409912109375,1.469339772891648,789,MAHSEAMLES,1.466739772891648
2023-05-11,2024-06-12,409.77734375,666.5887451171875,0.6267096150729722,398,MAHSEAMLES,0.6241096150729721
2025-01-21,2025-03-03,633.2210083007812,593.706298828125,-0.06240271398874164,41,MAHSEAMLES,-0.06500271398874165
2025-04-11,2025-09-17,654.210205078125,631.25,-0.03509606682974797,159,MAHSEAMLES,-0.037696066829747965
2017-05-08,2018-10-03,172.9605712890625,218.7736358642578,0.26487577043573507,513,M&MFIN,0.2622757704357351
2020-02-20,2020-03-23,208.799072265625,82.05754852294922,-0.6070023317988731,32,M&MFIN,-0.6096023317988731
2020-11-23,2021-06-17,142.4910125732422,146.1734161376953,0.02584305843542464,206,M&MFIN,0.023243058435424638
2021-10-29,2022-01-06,161.99818420410156,140.1577606201172,-0.13481894066459177,69,M&MFIN,-0.13741894066459176
2022-05-17,2023-12-05,158.0723114013672,252.53993225097656,0.5976228221889106,567,M&MFIN,0.5950228221889106
2024-07-10,2024-12-03,279.6545715332031,272.2587585449219,-0.026446243834791567,146,M&MFIN,-0.02904624383479157
2025-09-24,2026-05-13,275.9416198730469,313.05657958984375,0.13450294208562102,231,M&MFIN,0.13190294208562103
2017-05-25,2017-11-03,604.6538696289062,611.9124145507812,0.012004462861256112,162,M&M,0.009404462861256112
2017-11-21,2018-11-14,651.1124267578125,713.510986328125,0.09583377156695282,358,M&M,0.09323377156695281
2020-07-22,2021-08-25,558.8967895507812,737.0827026367188,0.3188172063560361,399,M&M,0.3162172063560361
2021-10-18,2022-03-29,869.6917114257812,738.3238525390625,-0.15105106460236695,162,M&M,-0.15365106460236694
2022-05-17,2023-04-18,869.5485229492188,1161.90576171875,0.3362172794888466,336,M&M,0.3336172794888466
2023-06-19,2025-03-19,1352.7275390625,2738.116455078125,1.0241448303593794,639,M&M,1.0215448303593795
2025-06-13,2026-03-23,2951.051513671875,2925.082275390625,-0.008799994903829218,283,M&M,-0.011399994903829218
2017-04-03,2018-01-01,188.7887725830078,222.34217834472656,0.17772987928593997,273,MHRIL,0.17512987928593998
2019-05-08,2019-10-03,155.5,142.46665954589844,-0.08381569423859525,148,MHRIL,-0.08641569423859526
2020-01-27,2020-03-18,157.63333129882812,103.73332977294922,-0.3419327694324989,51,MHRIL,-0.3445327694324989
2020-11-13,2022-02-07,121.56666564941406,203.8000030517578,0.676446433428522,451,MHRIL,0.6738464334285219
2022-04-04,2024-10-10,233.39999389648438,393.75,0.687018038974897,920,MHRIL,0.684418038974897
2025-07-11,2025-11-27,357.20001220703125,318.75,-0.10764280765126577,139,MHRIL,-0.11024280765126578
2020-02-28,2020-03-09,357.5000915527344,319.9345703125,-0.10507835418188455,10,MAHLOG,-0.10767835418188455
2020-09-28,2022-02-14,331.2822265625,414.91741943359375,0.25245903995189145,504,MAHLOG,0.24985903995189146
2022-10-17,2023-01-20,511.94647216796875,476.464599609375,-0.06930777822989316,95,MAHLOG,-0.07190777822989317
2023-10-27,2023-11-23,348.3292236328125,355.2131652832031,0.019762745079486232,27,MAHLOG,0.01716274507948623
2024-01-05,2024-11-19,440.4761657714844,397.3634033203125,-0.09787762835171981,319,MAHLOG,-0.10047762835171982
2025-08-04,2026-01-08,319.4831848144531,309.1003723144531,-0.03249877612817102,157,MAHLOG,-0.03509877612817102
2017-02-15,2018-07-12,82.85969543457031,88.96969604492188,0.07373911499803049,512,MANAPPURAM,0.07113911499803048
2019-02-19,2020-04-09,94.04402923583984,100.38090515136719,0.06738201209601495,415,MANAPPURAM,0.06478201209601495
2020-07-29,2021-04-23,163.0013885498047,132.49432373046875,-0.18715831251961745,268,MANAPPURAM,-0.18975831251961744
2021-07-13,2022-01-21,167.78182983398438,141.9104766845703,-0.1541963940613419,192,MANAPPURAM,-0.15679639406134188
2022-11-30,2024-11-06,108.35394287109375,153.78872680664062,0.4193182336668599,707,MANAPPURAM,0.4167182336668599
2025-02-11,2026-04-09,194.7362518310547,262.5339660644531,0.34815147973689564,422,MANAPPURAM,0.34555147973689565
2021-01-01,2022-01-06,34.663692474365234,43.67914581298828,0.26008346760202267,370,MRPL,0.2574834676020227
2022-04-25,2022-11-02,63.92776107788086,52.598175048828125,-0.17722482123611857,191,MRPL,-0.17982482123611856
2023-06-06,2024-10-01,62.770687103271484,177.16238403320312,1.8223744586662294,483,MRPL,1.8197744586662294
2025-07-17,2025-08-28,144.45248413085938,119.13656616210938,-0.17525429293286734,42,MRPL,-0.17785429293286734
2025-10-28,2026-06-26,149.74090576171875,153.92999267578125,0.027975568150553017,241,MRPL,0.025375568150553016
2017-03-21,2017-12-14,255.7405242919922,271.4513854980469,0.06143281847704662,268,MARICO,0.05883281847704662
2018-04-23,2018-11-16,281.47369384765625,309.6238708496094,0.10000997470544803,207,MARICO,0.09740997470544803
2018-12-13,2019-04-16,334.4134216308594,327.654296875,-0.02021188241457725,124,MARICO,-0.022811882414577253
2019-05-15,2019-12-18,319.5979309082031,307.2516784667969,-0.03863057688240296,217,MARICO,-0.04123057688240296
2020-07-10,2022-01-25,315.79766845703125,440.452392578125,0.3947297164356829,564,MARICO,0.3921297164356829
2022-09-01,2022-12-14,502.3968200683594,500.96575927734375,-0.002848467056023375,104,MARICO,-0.005448467056023375
2023-06-05,2024-01-08,526.7340087890625,507.05572509765625,-0.03735905288638136,217,MARICO,-0.03995905288638136
2024-05-30,2025-03-06,585.5535278320312,598.9678344726562,0.022908762398359175,280,MARICO,0.020308762398359173
2019-10-31,2020-03-23,7109.22509765625,3969.021728515625,-0.4417082489307982,144,MARUTI,-0.4443082489307982
2020-08-26,2021-04-27,6650.5625,6233.138671875,-0.06276519138418743,244,MARUTI,-0.06536519138418743
2021-07-23,2021-08-25,6921.19140625,6409.1513671875,-0.07398148801377111,33,MARUTI,-0.07658148801377111
2021-11-01,2022-05-16,7272.52978515625,6921.15283203125,-0.04831564304379823,196,MARUTI,-0.050915643043798225
2022-05-23,2023-02-22,7541.73193359375,8323.375,0.10364238258383511,275,MARUTI,0.1010423825838351
2023-06-01,2024-11-19,8966.7841796875,10734.1494140625,0.19710134636435447,537,MARUTI,0.19450134636435448
2025-03-04,2025-04-24,11377.6025390625,11649.646484375,0.023910480646383705,51,MARUTI,0.021310480646383703
2025-05-23,2026-03-24,12197.1630859375,12340.068359375,0.011716271433827107,305,MARUTI,0.009116271433827107
2019-05-28,2019-08-08,428.8999938964844,399.70001220703125,-0.06808109607131536,72,MFSL,-0.07068109607131537
2019-11-15,2020-04-23,476.45001220703125,423.8500061035156,-0.11039984207337875,160,MFSL,-0.11299984207337875
2020-07-02,2021-12-10,545.4500122070312,991.75,0.8182234445043352,526,MFSL,0.8156234445043351
2023-07-11,2025-02-19,819.2000122070312,1047.1500244140625,0.2782592880985247,589,MFSL,0.2756592880985247
2025-05-06,2026-05-14,1269.199951171875,1631.4000244140625,0.2853766838769271,373,MFSL,0.2827766838769271
2017-05-11,2018-06-27,109.76297760009766,159.17396545410156,0.45016078220859,412,MINDACORP,0.44756078220859
2020-02-11,2020-04-01,106.9381103515625,55.472206115722656,-0.4812681285151198,50,MINDACORP,-0.4838681285151198
2020-12-07,2022-11-14,83.20832061767578,201.51113891601562,1.4217666865542893,707,MINDACORP,1.4191666865542893
2023-01-24,2023-03-02,216.93592834472656,200.7002716064453,-0.07484079221991131,37,MINDACORP,-0.07744079221991132
2023-04-20,2025-04-16,260.8806457519531,505.65728759765625,0.9382706070056198,727,MINDACORP,0.9356706070056198
2025-07-21,2025-08-08,517.6730346679688,457.49468994140625,-0.11624778710979296,18,MINDACORP,-0.11884778710979296
2025-10-13,2026-03-27,569.07275390625,528.7000122070312,-0.07094478064903073,165,MINDACORP,-0.07354478064903074
2019-05-30,2019-08-09,770.779541015625,511.1258850097656,-0.336871494621827,71,MOTILALOFS,-0.33947149462182696
2019-11-21,2020-04-16,719.9219360351562,513.4606323242188,-0.28678290433541576,147,MOTILALOFS,-0.28938290433541575
2020-09-01,2020-10-26,650.190185546875,553.5899047851562,-0.14857234530611724,55,MOTILALOFS,-0.15117234530611723
2020-12-28,2021-03-01,583.1791381835938,588.8084106445312,0.00965273291234454,63,MOTILALOFS,0.007052732912344541
2021-03-15,2021-03-30,641.9533081054688,614.58154296875,-0.0426382492170626,15,MOTILALOFS,-0.0452382492170626
2021-04-12,2021-04-15,596.5112915039062,587.306640625,-0.015430807446577854,3,MOTILALOFS,-0.018030807446577854
2021-05-03,2022-03-30,626.9835205078125,856.1301879882812,0.3654747851983033,331,MOTILALOFS,0.3628747851983033
2023-07-13,2024-02-06,737.515380859375,435.71832275390625,-0.40920781577979537,208,MOTILALOFS,-0.41180781577979536
2024-09-11,2025-03-04,739.9570922851562,570.2471923828125,-0.22935100112121484,174,MOTILALOFS,-0.23195100112121483
2025-07-01,2026-01-27,861.6451416015625,726.2380981445312,-0.15714943068714646,210,MOTILALOFS,-0.15974943068714645
2019-08-20,2019-11-13,816.661865234375,746.4816284179688,-0.08593548909776155,85,MPHASIS,-0.08853548909776156
2020-07-13,2022-05-11,805.4962768554688,2342.2021484375,1.907775263196858,667,MPHASIS,1.9051752631968581
2023-07-27,2024-05-10,2131.815673828125,2085.318603515625,-0.021811018130383053,288,MPHASIS,-0.02441101813038305
2024-07-19,2025-02-28,2743.69873046875,2145.7001953125,-0.21795342488425629,224,MPHASIS,-0.22055342488425628
2025-07-28,2026-02-24,2633.204833984375,2164.958251953125,-0.17782383504238566,211,MPHASIS,-0.18042383504238566
2017-02-28,2018-01-22,299.5455322265625,370.109130859375,0.23556885695574797,328,MUTHOOTFIN,0.23296885695574798
2018-09-17,2022-02-14,393.3463134765625,1261.58349609375,2.2073098256427954,1246,MUTHOOTFIN,2.2047098256427953
2023-05-31,2026-06-04,1077.1064453125,3169.699951171875,1.9427917407478261,1100,MUTHOOTFIN,1.9401917407478262
2017-11-08,2018-03-07,866.7831420898438,678.335693359375,-0.21741014514439622,119,NATCOPHARM,-0.2200101451443962
2019-11-05,2020-05-11,557.4169311523438,588.1058349609375,0.05505556450384601,188,NATCOPHARM,0.05245556450384601
2020-06-10,2021-04-06,602.9965209960938,801.4351806640625,0.32908756975938547,300,NATCOPHARM,0.3264875697593855
2021-05-21,2021-10-12,955.2865600585938,863.9933471679688,-0.0955663114165716,144,NATCOPHARM,-0.0981663114165716
2023-05-29,2025-02-14,619.6189575195312,876.583251953125,0.4147134159068945,627,NATCOPHARM,0.4121134159068945
2026-01-05,2026-02-17,904.5636596679688,883.2000122070312,-0.023617627385981093,43,NATCOPHARM,-0.026217627385981095
2026-03-05,2026-08-03,1000.7999877929688,929.0999755859375,-0.07164269892243796,151,NATCOPHARM,-0.07424269892243797
2019-05-27,2019-06-17,39.2369384765625,35.03187942504883,-0.10717092654987571,21,NBCC,-0.10977092654987572
2019-06-25,2019-07-30,37.81464385986328,25.75600242614746,-0.31888813969539836,35,NBCC,-0.32148813969539836
2020-09-25,2021-11-29,15.414961814880371,25.517309188842773,0.6553598701886114,430,NBCC,0.6527598701886114
2022-12-05,2024-12-09,27.44942855834961,101.99890899658203,2.715884605020524,735,NBCC,2.7132846050205237
2025-06-04,2026-02-03,124.07303619384766,100.30252838134766,-0.1915847999025488,244,NBCC,-0.1941847999025488
2017-10-25,2018-06-29,96.82012176513672,86.18695068359375,-0.1098239796406845,247,NCC,-0.1124239796406845
2019-03-22,2019-08-07,99.81230926513672,66.34503173828125,-0.33530210625579826,138,NCC,-0.33790210625579825
2020-10-21,2021-10-22,31.436887741088867,72.38870239257812,1.3026675855690422,366,NCC,1.3000675855690422
2022-09-20,2025-01-06,69.69659423828125,257.3818054199219,2.692889275765407,839,NCC,2.690289275765407
2019-05-06,2020-04-23,471.9676818847656,421.9940490722656,-0.10588359061564183,353,NESCO,-0.10848359061564183
2020-10-15,2021-05-07,502.8979797363281,481.6099853515625,-0.0423306420835634,204,NESCO,-0.0449306420835634
2021-07-06,2022-02-03,619.71630859375,577.3271484375,-0.06840091114019378,212,NESCO,-0.07100091114019379
2022-08-30,2023-03-06,559.8311157226562,509.8949890136719,-0.08919855525451544,188,NESCO,-0.09179855525451544
2023-06-15,2025-03-18,613.4735107421875,861.2022094726562,0.40381319550499195,642,NESCO,0.40121319550499196
2025-06-26,2026-01-30,1106.94921875,1132.3082275390625,0.022908917915583017,218,NESCO,0.020308917915583015
2018-02-01,2018-03-19,19.372114181518555,18.302106857299805,-0.05523441139117184,46,NHPC,-0.05783441139117184
2018-12-24,2019-05-10,18.16034507751465,16.19407081604004,-0.10827295698853018,137,NHPC,-0.11087295698853018
2019-11-04,2020-03-26,17.64019775390625,14.264256477355957,-0.19137774551323972,143,NHPC,-0.1939777455132397
2020-10-26,2020-10-30,15.958537101745605,15.799348831176758,-0.009975116738703766,4,NHPC,-0.012575116738703766
2020-11-24,2024-10-24,16.43609619140625,76.68174743652344,3.665447716022563,1430,NHPC,3.6628477160225628
2025-05-23,2025-12-08,83.93853759765625,75.0738296508789,-0.10560951144120083,199,NHPC,-0.10820951144120083
2026-05-28,2026-06-26,80.68000030517578,79.4000015258789,-0.01586513106662396,29,NHPC,-0.01846513106662396
2016-08-09,2017-10-09,46.9624137878418,63.58529281616211,0.35396134243474187,426,NLCINDIA,0.3513613424347419
2017-12-13,2018-03-23,71.6383056640625,61.10226821899414,-0.1470726777720789,100,NLCINDIA,-0.1496726777720789
2020-08-18,2021-04-28,45.32372283935547,41.11277389526367,-0.09290827584964728,253,NLCINDIA,-0.09550827584964729
2021-05-18,2025-01-08,53.02637481689453,226.7684783935547,3.2765223754520147,1331,NLCINDIA,3.2739223754520146
2017-11-06,2017-11-24,19.19594383239746,18.64496612548828,-0.0287028192893168,18,NMDC,-0.0313028192893168
2017-12-05,2018-04-13,19.394290924072266,19.062530517578125,-0.017106085898833164,129,NMDC,-0.019706085898833166
2019-04-12,2019-09-24,17.1103515625,14.71884536743164,-0.13976955332172822,165,NMDC,-0.1423695533217282
2019-11-29,2020-03-26,16.8555850982666,12.27603530883789,-0.2716933148704321,118,NMDC,-0.27429331487043207
2020-11-18,2021-10-27,17.15305519104004,26.677209854125977,0.5552453808963965,343,NMDC,0.5526453808963965
2022-03-10,2022-06-27,33.27994918823242,24.159177780151367,-0.2740620593046489,109,NMDC,-0.2766620593046489
2022-11-22,2023-06-14,33.02724075317383,31.799957275390625,-0.03715973389830528,204,NMDC,-0.039759733898305276
2023-09-01,2024-09-18,38.989288330078125,65.4124984741211,0.6777043458795039,383,NMDC,0.6751043458795039
2017-07-28,2018-03-16,97.23764038085938,100.72978210449219,0.03591347661209001,231,NTPC,0.03331347661209001
2018-05-16,2018-05-24,103.87664031982422,100.85197448730469,-0.029117863488912744,8,NTPC,-0.03171786348891274
2018-10-12,2018-11-27,101.78096771240234,90.34455871582031,-0.11236294224375376,46,NTPC,-0.11496294224375377
2019-04-22,2019-09-20,103.85433197021484,93.40634155273438,-0.10060235542680035,151,NTPC,-0.10320235542680035
2020-12-16,2024-12-31,84.8046646118164,322.2649841308594,2.8000855920601806,1476,NTPC,2.7974855920601804
2025-09-16,2025-12-08,329.73980712890625,317.1059265136719,-0.03831469644274818,83,NTPC,-0.04091469644274818
2026-02-03,2026-08-04,355.8633117675781,343.6499938964844,-0.034320250127584176,182,NTPC,-0.036920250127584174
2019-07-05,2020-05-13,226.62977600097656,262.52972412109375,0.15840790541116934,313,NH,0.15580790541116935
2020-09-02,2024-08-07,319.6121520996094,1219.369140625,2.8151526236241953,1435,NH,2.812552623624195
2024-08-12,2024-08-13,1204.4873046875,1193.8858642578125,-0.008801620729774322,1,NH,-0.011401620729774322
2024-09-12,2024-10-10,1364.206298828125,1218.1746826171875,-0.10704511211858572,28,NH,-0.10964511211858573
2024-10-18,2024-11-19,1271.0826416015625,1256.25048828125,-0.011668913440296852,32,NH,-0.014268913440296852
2024-12-09,2026-02-23,1320.6556396484375,1865.46533203125,0.4125297132928933,441,NH,0.4099297132928933
2018-05-23,2018-06-26,44.67942428588867,38.22431945800781,-0.14447600726850923,34,NATIONALUM,-0.14707600726850922
2018-10-25,2018-11-15,42.54499435424805,42.705413818359375,0.0037705837442498216,21,NATIONALUM,0.0011705837442498217
2020-10-01,2020-10-19,23.961315155029297,23.402339935302734,-0.02332823620531688,18,NATIONALUM,-0.025928236205316882
2020-12-02,2022-06-16,31.32945442199707,64.79718780517578,1.0682513947539511,561,NATIONALUM,1.0656513947539512
2023-02-02,2025-03-03,69.43772888183594,171.63775634765625,1.4718227268022672,760,NATIONALUM,1.4692227268022673
2019-06-10,2019-08-14,33.77101135253906,22.41246223449707,-0.33634021200813113,65,NFL,-0.3389402120081311
2020-06-12,2021-10-25,26.121761322021484,52.0073356628418,0.990958229106777,500,NFL,0.988358229106777
2022-05-23,2022-06-16,50.68471908569336,39.44244384765625,-0.22180798159361678,24,NFL,-0.22440798159361677
2022-11-24,2024-12-02,54.18021011352539,117.92022705078125,1.176444624406209,739,NFL,1.173844624406209
2025-07-31,2025-08-12,96.14110565185547,90.84639739990234,-0.0550722629623819,12,NFL,-0.0576722629623819
2025-09-30,2025-12-10,92.02999877929688,84.80999755859375,-0.07845269277920865,71,NFL,-0.08105269277920865
2019-01-08,2019-02-12,662.7241821289062,594.241455078125,-0.10333518663947093,35,NAVINFLUOR,-0.10593518663947094
2019-04-26,2019-08-14,657.0655517578125,639.4423828125,-0.02682102097449208,110,NAVINFLUOR,-0.029421020974492076
2019-09-27,2022-06-15,733.5081176757812,3546.093017578125,3.834429138718186,992,NAVINFLUOR,3.8318291387181858
2022-08-12,2023-02-03,4346.37548828125,3967.226806640625,-0.08723330109487555,175,NAVINFLUOR,-0.08983330109487556
2023-04-20,2023-10-16,4637.35205078125,3661.013427734375,-0.21053795622059623,179,NAVINFLUOR,-0.21313795622059623
2024-07-19,2024-10-11,3526.92529296875,3368.34228515625,-0.04496352903438296,84,NAVINFLUOR,-0.047563529034382955
2016-10-24,2016-11-25,42.79999923706055,36.20000076293945,-0.15420557457407968,32,NETWORK18,-0.15680557457407968
2017-05-10,2018-06-08,50.75,44.099998474121094,-0.13103451282520012,394,NETWORK18,-0.1336345128252001
2020-01-22,2020-04-08,27.899999618530273,18.700000762939453,-0.3297490674329787,77,NETWORK18,-0.3323490674329787
2020-06-17,2022-06-27,40.04999923706055,62.849998474121094,0.5692883813081926,740,NETWORK18,0.5666883813081925
2023-07-17,2024-05-30,65.0,80.94999694824219,0.2453845684344952,318,NETWORK18,0.2427845684344952
2025-08-25,2025-11-20,55.22999954223633,45.59000015258789,-0.17454281132623203,87,NETWORK18,-0.17714281132623202
2018-01-22,2018-03-28,1770.9410400390625,1392.60888671875,-0.213633398722279,65,NILKAMAL,-0.21623339872227898
2018-08-27,2018-11-09,1742.338134765625,1444.19384765625,-0.17111735154065294,74,NILKAMAL,-0.17371735154065293
2019-11-25,2020-04-30,1235.90087890625,1017.047119140625,-0.17708034964689615,157,NILKAMAL,-0.17968034964689614
2020-08-28,2022-01-07,1297.267578125,2333.795166015625,0.7990083197706719,497,NILKAMAL,0.7964083197706718
2022-10-06,2022-11-30,1975.1873779296875,1833.9898681640625,-0.07148562781604173,55,NILKAMAL,-0.07408562781604174
2023-06-01,2024-01-02,2169.7578125,2149.262939453125,-0.009445696164246441,215,NILKAMAL,-0.012045696164246441
2024-11-11,2025-01-21,1850.2652587890625,1761.8096923828125,-0.04780696496681846,71,NILKAMAL,-0.05040696496681846
2025-07-29,2025-07-30,1780.4033203125,1665.385986328125,-0.0646018419939741,1,NILKAMAL,-0.06720184199397411
2019-03-01,2019-10-30,473.2383728027344,480.5770263671875,0.015507308760678594,243,OBEROIRLTY,0.012907308760678594
2020-02-06,2020-02-17,525.3578491210938,490.6856689453125,-0.06599726307275443,11,OBEROIRLTY,-0.06859726307275443
2020-11-02,2022-06-10,430.66845703125,774.36328125,0.7980496797651725,585,OBEROIRLTY,0.7954496797651724
2022-09-05,2023-01-11,1019.9467163085938,833.6149291992188,-0.1826877660665939,128,OBEROIRLTY,-0.1852877660665939
2023-06-01,2025-03-04,922.1481323242188,1504.0736083984375,0.6310542261876199,642,OBEROIRLTY,0.6284542261876198
2025-07-25,2025-07-28,1689.9903564453125,1619.3336181640625,-0.04180895944866087,3,OBEROIRLTY,-0.04440895944866087
2025-12-23,2026-01-02,1656.4112548828125,1723.6639404296875,0.04060144203236109,10,OBEROIRLTY,0.03800144203236109
2026-01-05,2026-01-06,1733.6273193359375,1719.9775390625,-0.007873537825111122,1,OBEROIRLTY,-0.010473537825111122
2016-08-10,2017-06-05,89.73548889160156,107.63288879394531,0.19944617367565026,299,ONGC,0.19684617367565027
2017-11-21,2018-06-15,113.12303161621094,104.74349212646484,-0.07407456616063034,206,ONGC,-0.07667456616063034
2019-04-25,2019-08-22,112.40296173095703,78.33804321289062,-0.3030606844649054,119,ONGC,-0.3056606844649054
2020-12-18,2022-07-01,71.23748779296875,102.08503723144531,0.4330241056243601,560,ONGC,0.4304241056243601
2022-12-29,2024-11-14,121.13214111328125,227.6941375732422,0.8797169395388257,686,ONGC,0.8771169395388256
2025-10-31,2026-07-24,243.53118896484375,248.75999450683594,0.02147078394442126,266,ONGC,0.01887078394442126
2017-10-13,2018-06-14,98.40277099609375,97.66863250732422,-0.007460546906739791,244,OIL,-0.010060546906739791
2020-12-09,2022-08-12,53.47149658203125,105.03792572021484,0.9643722812035929,611,OIL,0.9617722812035928
2023-01-10,2024-12-19,123.93209075927734,419.7254943847656,2.3867377836788872,709,OIL,2.384137783678887
2025-07-17,2025-09-24,434.5720520019531,397.2618408203125,-0.08585506364195031,69,OIL,-0.08845506364195031
2025-11-11,2026-07-29,425.9377746582031,447.8999938964844,0.05156203686302534,260,OIL,0.04896203686302534
2018-08-24,2018-09-24,220.0935821533203,216.55654907226562,-0.01607058709504187,31,OMAXE,-0.018670587095041873
2020-06-19,2020-07-14,210.39999389648438,72.0999984741211,-0.6573193889463994,25,OMAXE,-0.6599193889463995
2021-06-04,2021-10-29,81.8499984741211,72.94999694824219,-0.10873551242267723,147,OMAXE,-0.11133551242267724
2021-11-02,2021-11-17,75.94999694824219,72.5999984741211,-0.04410794744868818,15,OMAXE,-0.04670794744868818
2022-02-04,2022-11-18,90.75,80.19999694824219,-0.11625347715435606,287,OMAXE,-0.11885347715435607
2023-10-18,2025-01-06,88.0,101.05000305175781,0.1482954892245206,446,OMAXE,0.1456954892245206
2025-07-21,2025-10-03,104.26000213623047,84.0999984741211,-0.19336277814158753,74,OMAXE,-0.19596277814158752
2016-08-31,2016-10-18,2244.294189453125,2115.83447265625,-0.05723835912446809,48,OFSS,-0.05983835912446809
2017-02-22,2017-10-16,2364.313720703125,2448.014404296875,0.035401682467442686,236,OFSS,0.03280168246744269
2017-12-05,2018-08-02,2552.251708984375,2631.738525390625,0.031143799855806707,240,OFSS,0.028543799855806705
2018-08-06,2018-11-15,2748.151611328125,2447.350830078125,-0.10945567195422279,101,OFSS,-0.1120556719542228
2020-07-10,2022-01-27,2083.627685546875,2731.625732421875,0.31099512229072945,566,OFSS,0.30839512229072946
2023-03-09,2025-02-21,2725.863037109375,7796.24169921875,1.86010030331026,715,OFSS,1.8575003033102602
2025-10-16,2025-12-18,8420.9521484375,7449.0927734375,-0.11540967789257983,63,OFSS,-0.11800967789257984
2017-06-12,2018-03-15,141.6376953125,132.74234008789062,-0.06280358632624779,276,ORIENTCEM,-0.06540358632624779
2019-05-15,2019-10-04,93.5206069946289,81.4498291015625,-0.12907078216204967,142,ORIENTCEM,-0.13167078216204967
2020-08-07,2022-03-29,66.7569351196289,136.69287109375,1.0476205333392763,599,ORIENTCEM,1.0450205333392764
2022-11-30,2023-03-17,122.63980865478516,108.93362426757812,-0.11175966872052229,107,ORIENTCEM,-0.11435966872052229
2023-06-08,2024-05-13,132.35707092285156,208.3452911376953,0.5741153055520234,340,ORIENTCEM,0.5715153055520233
2024-07-03,2025-06-26,303.1151428222656,236.62234497070312,-0.21936481705419505,358,ORIENTCEM,-0.22196481705419505
2020-11-02,2022-03-17,204.0727996826172,306.0876770019531,0.49989453507764814,500,ORIENTELEC,0.49729453507764815
2023-03-13,2023-04-11,262.0704345703125,223.24517822265625,-0.1481481740254816,29,ORIENTELEC,-0.1507481740254816
2024-06-12,2024-12-02,237.9196014404297,225.70596313476562,-0.05133514948629449,173,ORIENTELEC,-0.053935149486294486
2025-06-27,2025-07-14,221.00460815429688,219.1370391845703,-0.00845036212286894,17,ORIENTELEC,-0.01105036212286894
2017-05-18,2018-04-11,22.121797561645508,30.655067443847656,0.38574034765588056,328,PCJEWELLER,0.38314034765588056
2019-04-22,2019-07-10,12.920000076293945,3.884999990463257,-0.6993034080865381,79,PCJEWELLER,-0.7019034080865382
2020-11-06,2021-08-30,1.6349999904632568,2.2850000858306885,0.39755357746715475,297,PCJEWELLER,0.39495357746715476
2021-11-08,2021-12-28,2.7200000286102295,2.565000057220459,-0.05698528299978253,50,PCJEWELLER,-0.05958528299978253
2022-02-08,2022-02-18,2.5799999237060547,2.2049999237060547,-0.14534884150745603,10,PCJEWELLER,-0.14794884150745602
2022-07-15,2023-02-23,4.744999885559082,2.3499999046325684,-0.5047418416627257,223,PCJEWELLER,-0.5073418416627258
2023-11-21,2025-04-16,2.890000104904175,13.710000038146973,3.743944477677298,512,PCJEWELLER,3.741344477677298
2025-08-08,2025-09-29,13.859999656677246,12.270000457763672,-0.11471855976183738,52,PCJEWELLER,-0.11731855976183739
2017-12-04,2018-06-14,915.3043823242188,783.03564453125,-0.14450792583020386,192,PIIND,-0.14710792583020385
2018-12-26,2022-01-11,829.573974609375,2815.314697265625,2.3936873424594642,1112,PIIND,2.391087342459464
2022-08-05,2023-03-20,3190.65380859375,2864.7138671875,-0.10215459305812463,227,PIIND,-0.10475459305812464
2023-06-06,2024-01-30,3534.761474609375,3222.810546875,-0.08825232762526036,238,PIIND,-0.09085232762526037
2024-04-08,2025-01-10,3913.95166015625,3580.1923828125,-0.0852742461644061,277,PIIND,-0.0878742461644061
2025-07-03,2025-10-23,4206.1904296875,3522.74658203125,-0.16248523671978082,112,PIIND,-0.16508523671978081
2018-09-03,2018-10-09,1089.07763671875,710.8633422851562,-0.34727946078583016,36,PNBHOUSING,-0.34987946078583015
2020-10-07,2021-12-15,285.0362854003906,451.55279541015625,0.5841940782236191,434,PNBHOUSING,0.5815940782236191
2022-10-21,2024-04-24,349.67230224609375,766.728759765625,1.1927065851101173,551,PNBHOUSING,1.1901065851101174
2024-05-31,2025-02-19,713.6654052734375,800.541259765625,0.12173191225221493,264,PNBHOUSING,0.11913191225221492
2025-05-12,2025-09-08,1057.1212158203125,793.6561889648438,-0.24922877614467634,119,PNBHOUSING,-0.25182877614467636
2017-04-21,2018-06-18,147.86572265625,161.58619689941406,0.09279009358416797,423,PNCINFRA,0.09019009358416796
2019-04-25,2020-03-17,147.77210998535156,133.45974731445312,-0.09685428916401885,327,PNCINFRA,-0.09945428916401886
2020-09-24,2022-01-17,154.67247009277344,305.3592224121094,0.9742312399158891,480,PNCINFRA,0.9716312399158891
2022-09-20,2024-10-21,276.1993408203125,366.0823059082031,0.3254278769128777,762,PNCINFRA,0.32282787691287773
2025-07-24,2025-11-21,311.6390380859375,261.45001220703125,-0.1610485842440129,120,PNCINFRA,-0.16364858424401288
2018-12-24,2019-03-28,53.00548553466797,44.29679489135742,-0.16429791285686218,94,PTC,-0.16689791285686217
2020-08-18,2022-02-23,36.357879638671875,69.30790710449219,0.9062692267338159,554,PTC,0.9036692267338159
2023-01-04,2024-10-25,71.9530029296875,157.8703155517578,1.1940754259558666,660,PTC,1.1914754259558666
2025-05-26,2025-11-28,176.3267364501953,155.0385284423828,-0.12073159429129172,186,PTC,-0.12333159429129173
2017-03-10,2018-12-24,12941.8896484375,21873.8203125,0.6901566082462208,654,PAGEIND,0.6875566082462208
2019-11-13,2020-04-09,22014.19921875,16079.296875,-0.26959428706791694,148,PAGEIND,-0.27219428706791693
2020-11-05,2023-01-09,19597.81640625,39473.0546875,1.014155754357997,795,PAGEIND,1.0115557543579972
2023-09-28,2023-11-22,37151.19921875,36265.30078125,-0.02384575615671895,55,PAGEIND,-0.02644575615671895
2024-07-05,2025-03-27,38063.640625,43092.41796875,0.13211498588096499,265,PAGEIND,0.129514985880965
2025-05-21,2025-09-29,46951.34765625,40646.421875,-0.13428636441728867,131,PAGEIND,-0.13688636441728866
2017-09-18,2018-09-27,242.4727325439453,243.92726135253906,0.005998731458722411,374,PARAGMILK,0.003398731458722411
2019-07-04,2019-08-16,268.060546875,166.43643188476562,-0.37910881021078785,43,PARAGMILK,-0.38170881021078784
2020-10-01,2021-12-28,104.4225082397461,110.08489227294922,0.05422570410014213,453,PARAGMILK,0.05162570410014213
2022-09-21,2023-02-16,119.82604217529297,85.73202514648438,-0.2845292760227582,148,PARAGMILK,-0.2871292760227582
2023-06-23,2024-05-16,119.67694091796875,212.26751708984375,0.7736709800707573,328,PARAGMILK,0.7710709800707573
2024-11-28,2025-01-22,204.1635284423828,167.61819458007812,-0.1790003050060833,55,PARAGMILK,-0.1816003050060833
2025-06-02,2026-02-25,205.0704345703125,193.35000610351562,-0.057153184911100836,268,PARAGMILK,-0.059753184911100835
2017-07-05,2018-10-25,309.60614013671875,257.177978515625,-0.1693382489053416,477,PERSISTENT,-0.1719382489053416
2019-11-25,2020-04-23,314.94384765625,229.09097290039062,-0.2725974023457183,150,PERSISTENT,-0.27519740234571827
2020-07-24,2022-06-09,367.5989074707031,1742.236572265625,3.7395042173907376,685,PERSISTENT,3.7369042173907374
2022-12-12,2025-04-15,1967.0372314453125,4670.287109375,1.3742748915552712,855,PERSISTENT,1.3716748915552712
2025-07-01,2025-08-05,5979.96826171875,5155.03955078125,-0.1379486771223098,35,PERSISTENT,-0.14054867712230978
2025-11-14,2026-03-13,6058.15185546875,4622.744140625,-0.23693821962352993,119,PERSISTENT,-0.23953821962352992
2018-10-08,2018-10-22,150.1730499267578,150.52670288085938,0.0023549695119999604,14,PETRONET,-0.0002450304880000395
2018-10-30,2018-11-19,153.9220428466797,156.5746612548828,0.01723351872899305,20,PETRONET,0.01463351872899305
2019-01-01,2020-03-24,166.11349487304688,133.34054565429688,-0.19729251523963723,448,PETRONET,-0.19989251523963722
2020-07-21,2020-09-29,202.88197326660156,169.95187377929688,-0.16231160884871795,70,PETRONET,-0.16491160884871794
2020-12-04,2021-04-13,209.26974487304688,179.6421661376953,-0.1415760254943928,130,PETRONET,-0.1441760254943928
2021-11-03,2022-01-20,186.6074676513672,180.62673950195312,-0.03204977927564864,78,PETRONET,-0.03464977927564864
2022-07-07,2022-10-18,188.25531005859375,171.87416076660156,-0.08701560283687944,103,PETRONET,-0.08961560283687944
2022-12-13,2023-11-22,189.24966430664062,181.49411010742188,-0.040980544021745,344,PETRONET,-0.043580544021745
2024-01-25,2025-02-10,237.7910919189453,298.9426574707031,0.2571650815775818,382,PETRONET,0.2545650815775818
2026-02-12,2026-05-08,293.7610778808594,280.5633239746094,-0.04492682965849754,85,PETRONET,-0.04752682965849754
2016-10-03,2016-11-28,1620.0032958984375,1527.3536376953125,-0.057191030683516254,56,PFIZER,-0.05979103068351625
2017-08-18,2021-03-17,1505.56591796875,4139.31884765625,1.7493441491029866,1307,PFIZER,1.7467441491029867
2021-05-18,2021-12-03,4836.76025390625,4557.45556640625,-0.05774623360221933,199,PFIZER,-0.06034623360221933
2022-10-31,2023-02-13,4120.62451171875,3590.775634765625,-0.12858460542722933,105,PFIZER,-0.13118460542722932
2023-09-25,2025-01-24,3648.836181640625,4507.87939453125,0.2354293725799369,487,PFIZER,0.2328293725799369
2025-06-25,2026-01-12,5328.89794921875,4746.7880859375,-0.1092364441632047,201,PFIZER,-0.1118364441632047
2017-04-07,2018-09-26,204.7531280517578,281.21533203125,0.37343607253787087,537,PHOENIXLTD,0.3708360725378709
2019-03-25,2020-04-21,326.33221435546875,273.4912414550781,-0.16192386340023346,393,PHOENIXLTD,-0.16452386340023345
2020-12-09,2023-03-27,376.3943176269531,654.7236938476562,0.7394622160490669,838,PHOENIXLTD,0.7368622160490669
2023-06-06,2024-12-03,760.7083129882812,1742.702880859375,1.29089501337712,546,PHOENIXLTD,1.28829501337712
2017-04-03,2018-12-04,333.6814270019531,557.3898315429688,0.6704251014237786,610,PIDILITIND,0.6678251014237786
2018-12-17,2020-06-03,568.9091186523438,731.8526000976562,0.2864139035621366,534,PIDILITIND,0.2838139035621366
2020-06-09,2020-07-10,711.0866088867188,670.1602172851562,-0.057554721309739036,31,PIDILITIND,-0.060154721309739034
2020-10-15,2022-05-09,715.5208740234375,1069.8203125,0.4951629663636579,571,PIDILITIND,0.49256296636365793
2022-08-26,2023-02-15,1302.7730712890625,1129.0634765625,-0.13333833693283287,173,PIDILITIND,-0.13593833693283286
2023-06-23,2023-10-27,1298.572021484375,1136.525634765625,-0.1247881396162514,126,PIDILITIND,-0.1273881396162514
2023-12-29,2025-01-02,1331.9149169921875,1442.9609375,0.08337320882221477,370,PIDILITIND,0.08077320882221477
2025-06-12,2025-12-16,1502.2491455078125,1462.568603515625,-0.026414088575683028,187,PIDILITIND,-0.02901408857568303
2018-11-20,2019-09-18,51.42188262939453,50.67082214355469,-0.014605853528406437,302,PFC,-0.017205853528406437
2020-01-08,2020-04-15,58.106224060058594,47.926387786865234,-0.17519356037782596,98,PFC,-0.17779356037782595
2020-11-24,2022-01-25,56.758506774902344,71.92668151855469,0.2672405530999532,427,PFC,0.2646405530999532
2022-09-01,2025-01-09,77.8271255493164,393.672607421875,4.058295608931593,861,PFC,4.055695608931593
2018-05-25,2018-07-12,78.58988952636719,67.67514038085938,-0.13888235765805315,48,POWERGRID,-0.14148235765805314
2019-03-25,2019-12-17,78.29570007324219,73.76197814941406,-0.05790512019928332,267,POWERGRID,-0.06050512019928332
2020-08-21,2022-12-05,76.9037094116211,143.99179077148438,0.8723646996112966,836,POWERGRID,0.8697646996112965
2022-12-07,2025-01-20,143.44020080566406,293.12939453125,1.0435651434174171,775,POWERGRID,1.0409651434174172
2017-11-28,2018-06-28,103.12481689453125,68.00829315185547,-0.3405244712200602,212,PRAJIND,-0.3431244712200602
2018-10-15,2019-08-13,105.5720443725586,93.90242004394531,-0.11053706876634639,302,PRAJIND,-0.1131370687663464
2020-10-30,2022-06-27,72.33052825927734,339.5906066894531,3.6949830847654033,605,PRAJIND,3.692383084765403
2022-08-11,2023-01-11,362.76092529296875,343.0357971191406,-0.05437500788680023,153,PRAJIND,-0.05697500788680023
2023-07-10,2024-03-21,391.869873046875,510.0621643066406,0.3016110688499588,255,PRAJIND,0.2990110688499588
2024-06-19,2025-02-24,662.3065185546875,529.102294921875,-0.20112171615568006,250,PRAJIND,-0.20372171615568005
2017-04-07,2018-05-23,211.86602783203125,265.3988342285156,0.25267291289817134,411,PRESTIGE,0.25007291289817135
2019-04-12,2020-04-07,266.5454406738281,191.4657745361328,-0.28167679757677927,361,PRESTIGE,-0.28427679757677926
2020-10-09,2022-06-15,255.33717346191406,416.7803955078125,0.6322746502478191,614,PRESTIGE,0.6296746502478191
2022-09-22,2023-02-16,447.81536865234375,418.0506591796875,-0.06646647604397815,147,PRESTIGE,-0.06906647604397816
2023-05-24,2025-01-14,492.56207275390625,1424.66015625,1.8923464372414,601,PRESTIGE,1.8897464372414001
2025-07-02,2026-01-30,1599.758544921875,1461.5,-0.0864246328677225,212,PRESTIGE,-0.08902463286772251
2017-04-27,2017-11-20,116.96173095703125,110.43914794921875,-0.05576681325115418,207,PRSMJOHNSN,-0.05836681325115418
2017-11-27,2018-05-10,111.5756607055664,111.7733154296875,0.0017714860290424697,164,PRSMJOHNSN,-0.0008285139709575302
2019-05-10,2019-10-01,85.83123016357422,79.94999694824219,-0.06852090089031439,144,PRSMJOHNSN,-0.07112090089031439
2020-09-17,2021-11-03,60.0,121.6500015258789,1.0275000254313151,412,PRSMJOHNSN,1.0249000254313152
2022-01-13,2022-03-25,152.39999389648438,116.30000305175781,-0.23687658983272,71,PRSMJOHNSN,-0.23947658983272
2022-09-19,2023-01-10,136.85000610351562,104.6500015258789,-0.2352941406029613,113,PRSMJOHNSN,-0.2378941406029613
2023-06-05,2024-06-20,122.55000305175781,172.4600067138672,0.40726236164213203,381,PRSMJOHNSN,0.40466236164213204
2024-09-17,2025-01-27,211.0399932861328,131.52999877929688,-0.37675320809470686,132,PRSMJOHNSN,-0.37935320809470685
2025-08-01,2025-12-17,150.63999938964844,125.18000030517578,-0.16901220915845408,138,PRSMJOHNSN,-0.17161220915845407
2020-08-12,2021-06-15,3855.651611328125,4968.53271484375,0.2886363229099633,307,PGHL,0.28603632290996334
2023-02-20,2024-04-30,4107.361328125,4608.13671875,0.1219214358366671,435,PGHL,0.1193214358366671
2024-07-10,2026-01-09,4858.638671875,5416.19873046875,0.11475643616416153,548,PGHL,0.11215643616416153
2019-01-25,2020-03-19,8903.1123046875,8596.0380859375,-0.03449065992218531,419,PGHH,-0.037090659922185305
2020-12-01,2022-05-18,9733.259765625,12238.203125,0.25735913966066337,533,PGHH,0.2547591396606634
2022-12-29,2023-02-17,13609.4462890625,13014.9130859375,-0.043685333737847096,50,PGHH,-0.046285333737847094
2023-07-05,2024-04-09,13931.884765625,15618.0869140625,0.12103187593095592,279,PGHH,0.11843187593095592
2024-08-07,2024-11-05,16635.33984375,15441.962890625,-0.07173745558154973,90,PGHH,-0.07433745558154974
2025-11-10,2025-11-18,13068.296875,12692.5,-0.02875637725363505,8,PGHH,-0.03135637725363505
2017-11-06,2018-03-06,181.40895080566406,88.2249755859375,-0.5136680125533095,120,PNB,-0.5162680125533096
2019-03-06,2019-07-29,74.29471588134766,62.48331069946289,-0.15898042063648463,145,PNB,-0.16158042063648462
2021-01-04,2021-09-24,32.053123474121094,34.171966552734375,0.06610410621367316,263,PNB,0.06350410621367315
2021-10-19,2022-01-17,39.80718994140625,35.93014907836914,-0.09739549234055146,90,PNB,-0.09999549234055147
2022-09-22,2024-09-20,37.31904602050781,102.38005065917969,1.7433726629271047,729,PNB,1.7407726629271048
2025-06-17,2026-04-28,99.99077606201172,108.24250030517578,0.08252485447304214,315,PNB,0.07992485447304214
2020-02-06,2020-03-31,542.9998779296875,187.6466522216797,-0.6544259771528386,54,QUESS,-0.6570259771528386
2020-09-30,2022-02-07,363.2325439453125,653.4049072265625,0.798861137632364,495,QUESS,0.796261137632364
2023-07-24,2025-01-20,392.8282775878906,604.5528564453125,0.5389748929417411,546,QUESS,0.536374892941741
2018-06-07,2018-12-05,508.84228515625,542.5048217773438,0.06615514787800508,181,RBLBANK,0.06355514787800508
2018-12-14,2019-08-06,560.6998291015625,385.0834655761719,-0.3132092331948621,235,RBLBANK,-0.3158092331948621
2020-11-19,2021-05-17,208.41844177246094,193.67185974121094,-0.07075468900851613,179,RBLBANK,-0.07335468900851613
2022-10-21,2024-07-15,130.9988555908203,243.90750122070312,0.8619055878057216,633,RBLBANK,0.8593055878057215
2016-08-09,2017-10-03,40.234439849853516,58.324546813964844,0.4496174678116512,420,RECLTD,0.4470174678116512
2018-12-31,2019-10-17,49.92130661010742,55.125083923339844,0.10423960562319953,290,RECLTD,0.10163960562319953
2020-02-17,2020-03-11,65.85530853271484,49.999488830566406,-0.24076752589006192,23,RECLTD,-0.24336752589006191
2020-11-23,2021-12-28,58.038124084472656,71.5013198852539,0.23197158786844996,400,RECLTD,0.22937158786844997
2022-08-18,2024-12-27,82.65629577636719,467.15240478515625,4.651746190623787,862,RECLTD,4.649146190623787
2026-06-22,2026-06-29,365.6572570800781,360.81280517578125,-0.01324861413385254,7,RECLTD,-0.01584861413385254
2019-06-04,2020-05-05,80.20353698730469,85.67992401123047,0.06828111614070875,336,RITES,0.06568111614070875
2020-12-04,2021-05-19,106.18453216552734,100.52208709716797,-0.05332645869298918,166,RITES,-0.05592645869298918
2021-06-15,2022-02-21,114.01390075683594,104.6601333618164,-0.08204058744528751,251,RITES,-0.08464058744528752
2022-09-01,2024-10-15,131.23394775390625,293.6853942871094,1.237876702740337,775,RITES,1.235276702740337
2025-07-03,2025-12-03,277.0078430175781,229.70448303222656,-0.17076541757826627,153,RITES,-0.17336541757826626
2016-09-27,2018-11-15,117.02041625976562,428.80364990234375,2.6643490393203852,779,RADICO,2.661749039320385
2018-12-27,2019-04-10,391.6396789550781,372.17742919921875,-0.04969427461432409,104,RADICO,-0.052294274614324086
2020-01-24,2020-05-08,373.225830078125,298.6003112792969,-0.199947358368008,105,RADICO,-0.202547358368008
2020-07-02,2022-03-29,365.95965576171875,872.0919189453125,1.3830274873609107,635,RADICO,1.3804274873609108
2022-09-12,2026-03-06,1123.1973876953125,2760.7744140625,1.4579601451240285,1271,RADICO,1.4553601451240286
2016-08-09,2018-06-06,36.30552673339844,199.69140625,4.500303238027351,666,RAIN,4.497703238027351
2020-01-03,2020-03-27,102.89937591552734,52.7960319519043,-0.4869159168152208,84,RAIN,-0.4895159168152208
2020-08-14,2022-03-15,104.5822982788086,174.10476684570312,0.6647632506751078,578,RAIN,0.6621632506751077
2022-12-15,2023-02-27,176.51144409179688,148.56381225585938,-0.1583332569722958,74,RAIN,-0.1609332569722958
2023-08-11,2023-08-17,158.26077270507812,153.12692260742188,-0.03243918255867027,6,RAIN,-0.035039182558670265
2023-09-11,2023-11-23,179.04298400878906,144.53758239746094,-0.1927213277993305,73,RAIN,-0.19532132779933048
2024-02-16,2024-11-18,198.54173278808594,149.68081665039062,-0.2460989709898782,276,RAIN,-0.2486989709898782
2025-08-08,2025-10-01,159.28924560546875,130.02999877929688,-0.1836862665458398,54,RAIN,-0.1862862665458398
2026-02-16,2026-04-08,150.11000061035156,118.11000061035156,-0.2131770026639603,51,RAIN,-0.2157770026639603
2017-02-13,2018-04-18,495.9004821777344,691.1171875,0.3936610516387813,429,RAJESHEXPO,0.3910610516387813
2019-04-09,2020-03-23,665.100830078125,546.8493041992188,-0.17779488542363722,349,RAJESHEXPO,-0.1803948854236372
2021-02-01,2022-05-04,475.3175354003906,598.2442626953125,0.2586202236182445,457,RAJESHEXPO,0.2560202236182445
2022-11-16,2023-04-20,746.0499877929688,560.5,-0.24870985969972223,155,RAJESHEXPO,-0.25130985969972225
2017-02-16,2017-09-26,218.05691528320312,192.63197326660156,-0.1165977331357766,222,RALLIS,-0.1191977331357766
2017-12-20,2018-03-26,225.6661376953125,196.5421142578125,-0.1290580134659918,96,RALLIS,-0.1316580134659918
2019-09-12,2021-03-09,153.73519897460938,250.9888458251953,0.6326049434303472,544,RALLIS,0.6300049434303472
2021-05-25,2021-10-14,283.0926208496094,295.9254150390625,0.04533072656906321,142,RALLIS,0.04273072656906321
2022-11-17,2023-03-09,217.3453369140625,194.70120239257812,-0.10418504874773447,112,RALLIS,-0.10678504874773448
2023-08-25,2025-01-16,219.64122009277344,283.128173828125,0.28904844777558397,510,RALLIS,0.286448447775584
2025-06-27,2025-11-25,321.5302734375,258.2411804199219,-0.19683712000413064,151,RALLIS,-0.19943712000413064
2017-03-07,2018-07-04,77.23664093017578,125.35533905029297,0.6230035063748813,484,RKFORGE,0.6204035063748813
2020-10-06,2022-03-21,69.78797912597656,169.7169189453125,1.4318933012654076,531,RKFORGE,1.4292933012654077
2022-09-06,2025-02-10,194.70135498046875,713.1102905273438,2.662585145331313,888,RKFORGE,2.659985145331313
2019-07-25,2019-07-29,43.059478759765625,42.0891227722168,-0.02253524695369791,4,RCF,-0.025135246953697912
2020-07-20,2021-12-21,39.101993560791016,67.00384521484375,0.7135659620697941,519,RCF,0.710965962069794
2022-01-21,2022-01-24,75.10167694091797,70.89080810546875,-0.05606890560861755,3,RCF,-0.058668905608617546
2022-01-31,2023-04-20,73.7134780883789,97.99655151367188,0.32942514795162336,444,RCF,0.3268251479516234
2023-07-25,2024-11-27,107.06147003173828,162.57766723632812,0.5185450675031094,491,RCF,0.5159450675031093
2025-07-16,2025-12-24,154.2083282470703,140.10890197753906,-0.09143102989185745,161,RCF,-0.09403102989185745
2019-05-06,2019-07-24,795.8128051757812,646.777587890625,-0.18727421362896637,79,RAYMOND,-0.18987421362896637
2020-12-07,2024-01-19,337.8326110839844,1788.0030517578125,4.292570915580791,1138,RAYMOND,4.289970915580791
2024-04-23,2024-09-20,2077.013916015625,1849.3499755859375,-0.10961117721657808,150,RAYMOND,-0.11221117721657808
2016-10-04,2016-11-22,38.23552703857422,32.82133865356445,-0.1416009874676925,49,REDINGTON,-0.1442009874676925
2017-03-03,2018-03-22,38.046142578125,50.90729904174805,0.3380410099976257,384,REDINGTON,0.3354410099976257
2019-05-02,2020-03-27,37.25275802612305,25.58286476135254,-0.3132625309671605,330,REDINGTON,-0.3158625309671605
2020-09-01,2022-05-04,47.22358322143555,127.5798110961914,1.7016122537325984,610,REDINGTON,1.6990122537325985
2022-09-21,2023-09-04,132.88018798828125,145.12261962890625,0.09213135401121396,348,REDINGTON,0.08953135401121395
2024-01-12,2024-10-07,165.5421142578125,176.64305114746094,0.06705808331262476,269,REDINGTON,0.06445808331262476
2025-01-13,2026-02-09,196.00735473632812,265.812255859375,0.3561340910750488,392,REDINGTON,0.3535340910750488
2017-03-30,2019-01-28,238.9564666748047,357.879638671875,0.4976771445106467,669,RELAXO,0.4950771445106467
2019-04-15,2020-08-13,428.623291015625,618.6490478515625,0.4433397830194214,486,RELAXO,0.4407397830194214
2020-10-23,2022-03-28,646.9549560546875,1007.183349609375,0.5568059880883534,521,RELAXO,0.5542059880883533
2023-07-07,2024-01-29,905.3878173828125,836.4202880859375,-0.07617457179425954,206,RELAXO,-0.07877457179425955
2025-10-24,2025-11-20,444.20001220703125,414.25,-0.06742460914898005,27,RELAXO,-0.07002460914898005
2017-02-16,2017-11-28,412.7854919433594,436.93988037109375,0.05851559441689083,285,RELCAPITAL,0.05591559441689083
2020-08-12,2022-01-03,11.0,15.050000190734863,0.3681818355213512,509,RELCAPITAL,0.3655818355213512
2023-08-04,2024-08-26,10.149999618530273,12.350000381469727,0.2167488517854757,388,RELCAPITAL,0.2141488517854757
2018-02-01,2018-05-14,28.600000381469727,13.5,-0.5279720342679853,102,RCOM,-0.5305720342679854
2020-06-10,2021-03-08,1.0499999523162842,1.899999976158142,0.8095238689932991,271,RCOM,0.806923868993299
2021-06-10,2022-03-25,3.299999952316284,2.799999952316284,-0.15151515370448654,288,RCOM,-0.15411515370448653
2023-10-13,2024-05-14,1.7000000476837158,1.5499999523162842,-0.08823534774120141,214,RCOM,-0.09083534774120142
2024-08-14,2025-01-29,1.940000057220459,1.600000023841858,-0.17525774399498584,168,RCOM,-0.17785774399498583
2020-08-12,2022-04-06,2.299999952316284,4.599999904632568,1.0,602,RHFL,0.9974
2022-10-24,2022-12-07,3.950000047683716,3.6500000953674316,-0.07594935409993336,44,RHFL,-0.07854935409993337
2024-01-08,2024-12-18,5.550000190734863,4.150000095367432,-0.25225226076651014,345,RHFL,-0.25485226076651013
2025-06-09,2025-11-03,6.730000019073486,3.5299999713897705,-0.4754829180705199,147,RHFL,-0.4780829180705199
2019-10-22,2020-03-24,629.7129516601562,420.0906066894531,-0.33288555431178773,154,RELIANCE,-0.3354855543117877
2020-06-12,2021-04-07,714.1897583007812,903.9752197265625,0.26573534445148544,299,RELIANCE,0.26313534445148545
2021-06-25,2022-10-27,953.1431274414062,1113.7918701171875,0.16854629493791007,489,RELIANCE,0.16594629493791008
2022-12-12,2023-02-03,1187.3814697265625,1058.2874755859375,-0.10872158394922025,53,RELIANCE,-0.11132158394922026
2023-06-26,2024-10-23,1133.96728515625,1327.064453125,0.17028460211896063,485,RELIANCE,0.16768460211896064
2025-05-29,2026-03-09,1405.660888671875,1417.4462890625,0.008384241523402077,284,RELIANCE,0.005784241523402078
2017-03-17,2017-06-28,559.3826293945312,484.72125244140625,-0.13347103222339518,103,RELINFRA,-0.13607103222339517
2018-01-31,2018-03-16,486.0365295410156,419.69427490234375,-0.13649643721495913,44,RELINFRA,-0.13909643721495912
2020-07-08,2020-11-11,34.79999923706055,19.75,-0.4324712519255726,126,RELINFRA,-0.4350712519255726
2021-01-13,2022-07-05,31.5,93.1500015258789,1.9571429055834573,538,RELINFRA,1.9545429055834573
2022-08-22,2023-03-01,140.6999969482422,135.6999969482422,-0.03553660347156437,191,RELINFRA,-0.03813660347156437
2023-04-13,2023-07-11,165.5500030517578,136.8000030517578,-0.17366354255524571,89,RELINFRA,-0.1762635425552457
2023-07-27,2024-06-10,178.60000610351562,185.5399932861328,0.03885770966096612,319,RELINFRA,0.03625770966096612
2024-09-19,2025-03-24,284.8900146484375,243.63999938964844,-0.1447927731327922,186,RELINFRA,-0.1473927731327922
2025-06-03,2025-09-29,342.04998779296875,247.64999389648438,-0.27598303542002023,118,RELINFRA,-0.2785830354200202
2017-04-27,2017-06-12,48.79999923706055,40.400001525878906,-0.17213110333006662,46,RPOWER,-0.1747311033300666
2018-01-16,2018-04-06,51.20000076293945,41.599998474121094,-0.18750004190951525,80,RPOWER,-0.19010004190951524
2020-07-06,2022-05-25,4.25,12.100000381469727,1.8470589132869946,688,RPOWER,1.8444589132869946
2022-09-08,2023-02-06,21.299999237060547,12.0,-0.4366196981302789,151,RPOWER,-0.4392196981302789
2023-07-13,2025-10-07,15.199999809265137,44.560001373291016,1.9315790745029835,817,RPOWER,1.9289790745029836
2017-05-16,2017-09-22,699.9548950195312,566.7244262695312,-0.19034150585700582,129,REPCOHOME,-0.1929415058570058
2019-05-20,2019-06-19,402.5534362792969,329.6004333496094,-0.18122563703336952,30,REPCOHOME,-0.18382563703336952
2020-10-28,2021-10-04,189.52061462402344,299.33624267578125,0.5794389611368308,341,REPCOHOME,0.5768389611368308
2022-09-23,2023-04-03,227.90237426757812,176.76918029785156,-0.22436446366149543,192,REPCOHOME,-0.22696446366149542
2023-06-19,2024-12-05,276.57305908203125,465.5274658203125,0.6831988891667051,535,REPCOHOME,0.6805988891667051
2025-07-16,2025-09-23,444.3071594238281,367.7745666503906,-0.17225154074195878,69,REPCOHOME,-0.17485154074195877
2025-11-06,2026-03-13,433.25848388671875,368.5,-0.14946847273659095,127,REPCOHOME,-0.15206847273659094
2026-06-10,2026-07-15,374.1000061035156,408.25,0.09128573466805792,35,REPCOHOME,0.08868573466805792
2017-03-31,2018-03-07,294.70208740234375,362.90936279296875,0.2314448329560171,341,RUPA,0.2288448329560171
2020-02-24,2020-03-24,199.65151977539062,106.1084976196289,-0.46853148055671345,29,RUPA,-0.47113148055671344
2020-08-31,2022-04-26,186.34141540527344,476.6129150390625,1.5577401245046807,603,RUPA,1.5551401245046808
2022-04-29,2022-06-15,505.62042236328125,335.4527587890625,-0.33655219616891907,47,RUPA,-0.33915219616891906
2023-07-27,2024-04-01,285.681884765625,241.0985565185547,-0.15605934651280645,249,RUPA,-0.15865934651280644
2024-07-09,2024-11-26,279.55926513671875,251.59628295898438,-0.10002523852700446,140,RUPA,-0.10262523852700446
2018-01-29,2018-04-19,283.2103271484375,229.49642944335938,-0.1896608017296112,80,SHK,-0.19226080172961119
2020-10-15,2022-01-24,81.77474212646484,145.7978973388672,0.7829209062303171,466,SHK,0.780320906230317
2022-10-25,2022-10-31,133.1864013671875,132.84677124023438,-0.0025500360657450577,6,SHK,-0.005150036065745057
2022-11-03,2022-11-14,131.77935791015625,126.49072265625,-0.04013250130958981,11,SHK,-0.04273250130958981
2023-01-23,2023-02-15,138.32949829101562,108.9751205444336,-0.21220620409413118,23,SHK,-0.21480620409413118
2023-08-21,2025-02-12,142.0183868408203,197.0238800048828,0.3873124768394587,541,SHK,0.3847124768394587
2025-07-21,2025-11-26,252.8735809326172,168.9883575439453,-0.33172790561709425,128,SHK,-0.33432790561709425
2019-05-07,2020-03-27,654.12158203125,595.5855102539062,-0.0894880606072821,325,SBILIFE,-0.0920880606072821
2020-08-28,2022-03-28,841.28857421875,1067.0413818359375,0.26834170168878074,577,SBILIFE,0.26574170168878075
2022-08-03,2023-03-02,1274.0474853515625,1092.005126953125,-0.14288506550303692,211,SBILIFE,-0.14548506550303691
2023-07-04,2024-12-16,1282.7105712890625,1416.9796142578125,0.1046760243301153,531,SBILIFE,0.1020760243301153
2025-05-22,2026-05-04,1756.8577880859375,1820.0999755859375,0.03599732882699694,347,SBILIFE,0.03339732882699694
2016-10-18,2018-06-06,16.933128356933594,20.059419631958008,0.18462573537064664,596,SJVN,0.18202573537064665
2019-07-11,2020-03-26,18.953847885131836,14.565877914428711,-0.23150813477537857,259,SJVN,-0.23410813477537856
2020-08-26,2022-06-22,19.134794235229492,23.440237045288086,0.22500596333206174,665,SJVN,0.22240596333206175
2022-09-05,2024-10-25,28.074298858642578,104.0019302368164,2.7045245817350043,781,SJVN,2.701924581735004
2017-03-06,2018-07-25,1258.9451904296875,1398.631103515625,0.11095472157788032,506,SKFINDIA,0.10835472157788031
2018-11-30,2019-08-26,1644.0943603515625,1606.6800537109375,-0.02275678789666584,269,SKFINDIA,-0.025356787896665837
2019-10-11,2020-03-18,1822.063720703125,1430.5989990234375,-0.21484688885009098,159,SKFINDIA,-0.21744688885009097
2020-12-02,2022-05-04,1476.9727783203125,3045.753173828125,1.0621593156861755,518,SKFINDIA,1.0595593156861756
2022-07-28,2023-03-28,3873.765869140625,3877.64501953125,0.0010013899966250593,243,SKFINDIA,-0.0015986100033749406
2023-07-05,2023-12-28,4819.66796875,4346.4326171875,-0.09818837202705386,176,SKFINDIA,-0.10078837202705386
2024-05-30,2024-11-28,5712.349609375,4847.6201171875,-0.15137895110066835,182,SKFINDIA,-0.15397895110066834
2025-07-04,2025-10-29,4837.6572265625,2093.76708984375,-0.5671939966421472,117,SKFINDIA,-0.5697939966421472
2017-11-08,2018-07-16,320.199951171875,306.8594665527344,-0.041662981428687976,250,SRF,-0.044262981428687974
2018-12-06,2022-06-29,408.0339660644531,2254.754638671875,4.525899376513458,1301,SRF,4.5232993765134575
2022-09-08,2022-12-20,2615.423095703125,2290.8720703125,-0.12409121335810999,103,SRF,-0.12669121335810998
2023-05-12,2023-07-26,2525.012939453125,2121.000732421875,-0.16000401452150664,75,SRF,-0.16260401452150663
2024-01-03,2024-07-09,2483.23583984375,2373.681640625,-0.044117516935340044,188,SRF,-0.04671751693534004
2024-08-06,2024-11-01,2473.378173828125,2238.208740234375,-0.09508025747222104,87,SRF,-0.09768025747222105
2025-02-01,2025-11-17,2808.369384765625,2822.51708984375,0.005037693814378947,289,SRF,0.0024376938143789474
2016-09-06,2016-12-13,290.4803466796875,271.0360412597656,-0.06693845432979705,98,SADBHAV,-0.06953845432979705
2017-03-24,2017-08-22,304.5331726074219,260.1333923339844,-0.14579620306479354,151,SADBHAV,-0.14839620306479354
2017-11-21,2018-06-22,335.52215576171875,290.6638488769531,-0.13369700365368156,213,SADBHAV,-0.13629700365368155
2019-05-09,2019-08-07,223.56219482421875,131.21804809570312,-0.4130579716356939,90,SADBHAV,-0.4156579716356939
2020-12-01,2021-09-13,52.599998474121094,50.400001525878906,-0.04182503825213177,286,SADBHAV,-0.04442503825213177
2023-10-05,2024-12-23,15.5,27.43000030517578,0.7696774390435988,445,SADBHAV,0.7670774390435987
2017-04-05,2017-06-15,3315.341552734375,2873.106201171875,-0.13339058571439197,71,SANOFI,-0.13599058571439196
2017-11-17,2019-04-09,3198.99267578125,4218.2763671875,0.3186264536092828,508,SANOFI,0.31602645360928283
2019-08-27,2021-02-18,4370.54052734375,5941.6513671875,0.3594774673782998,541,SANOFI,0.3568774673782998
2021-07-22,2022-01-03,6387.54052734375,6205.109375,-0.028560468863218898,165,SANOFI,-0.031160468863218896
2023-05-11,2024-07-11,5804.31396484375,6136.498046875,0.05723055024991094,427,SANOFI,0.05463055024991094
2025-06-11,2025-08-19,5985.83642578125,5024.04345703125,-0.1606781242146072,69,SANOFI,-0.1632781242146072
2017-03-27,2018-08-21,807.2194213867188,984.2322387695312,0.21928711412656915,512,SCHAEFFLER,0.21668711412656916
2019-01-02,2019-05-17,1068.9256591796875,903.5176391601562,-0.15474230466735012,135,SCHAEFFLER,-0.1573423046673501
2020-02-04,2020-04-01,875.634521484375,673.9486083984375,-0.2303311577346673,57,SCHAEFFLER,-0.2329311577346673
2020-11-18,2023-02-08,724.6126098632812,2529.8154296875,2.491266085149721,812,SCHAEFFLER,2.488666085149721
2023-06-16,2023-11-30,3107.054443359375,2769.03515625,-0.10879091218752689,167,SCHAEFFLER,-0.11139091218752689
2024-01-19,2024-03-14,3171.789794921875,2765.376708984375,-0.12813367600468947,55,SCHAEFFLER,-0.13073367600468946
2024-05-03,2024-11-25,3713.850830078125,3343.114501953125,-0.09982531477097618,206,SCHAEFFLER,-0.10242531477097619
2025-05-29,2026-01-15,4087.568115234375,3782.081298828125,-0.0747355904034235,231,SCHAEFFLER,-0.0773355904034235
2019-06-03,2019-09-18,444.4963684082031,414.50970458984375,-0.06746211206571913,107,SIS,-0.07006211206571913
2019-10-30,2020-05-07,450.443603515625,338.3097839355469,-0.24894086341751864,190,SIS,-0.25154086341751863
2020-12-16,2021-05-11,461.40277099609375,367.61297607421875,-0.2032709832223115,146,SIS,-0.20587098322231148
2021-06-30,2022-06-22,421.4171447753906,428.5714416503906,0.01697675797887421,357,SIS,0.01437675797887421
2023-06-21,2024-04-19,407.5495910644531,454.00347900390625,0.11398339970878915,303,SIS,0.11138339970878915
2025-07-11,2025-11-06,362.7617492675781,332.62554931640625,-0.08307435944395282,118,SIS,-0.08567435944395282
2020-02-17,2020-05-04,502.7994689941406,266.0284729003906,-0.47090542193175866,77,SHANKARA,-0.47350542193175865
2020-08-04,2020-11-10,352.81024169921875,304.5267333984375,-0.1368540438855638,98,SHANKARA,-0.1394540438855638
2020-12-10,2022-02-07,343.42034912109375,570.55517578125,0.6613901221679384,424,SHANKARA,0.6587901221679383
2022-02-08,2022-11-28,591.3611450195312,716.389404296875,0.21142454205917496,293,SHANKARA,0.20882454205917497
2023-06-22,2023-12-07,709.426513671875,707.29150390625,-0.003009486852379594,168,SHANKARA,-0.005609486852379594
2024-02-26,2024-03-11,779.4854125976562,682.2669677734375,-0.12472131389891652,14,SHANKARA,-0.12732131389891652
2025-01-10,2025-02-28,604.4786987304688,552.9711303710938,-0.08520989816109588,49,SHANKARA,-0.08780989816109588
2025-05-16,2025-10-17,739.704833984375,131.80999755859375,-0.8218073054239659,154,SHANKARA,-0.8244073054239659
2019-03-28,2019-07-24,331.5009765625,277.29498291015625,-0.16351684454879412,118,SHARDACROP,-0.1661168445487941
2020-07-24,2021-10-28,272.83953857421875,288.9169921875,0.058926406697861373,461,SHARDACROP,0.056326406697861375
2021-11-17,2021-11-22,315.07891845703125,295.7294921875,-0.06141136437908022,5,SHARDACROP,-0.06401136437908023
2022-01-11,2022-09-21,330.5016784667969,446.1863708496094,0.35002754878424774,253,SHARDACROP,0.34742754878424775
2023-05-17,2023-09-07,474.3628234863281,441.9717712402344,-0.06828328579384828,113,SHARDACROP,-0.07088328579384828
2024-07-03,2025-03-17,477.3953552246094,536.38427734375,0.1235640889119815,257,SHARDACROP,0.1209640889119815
2025-06-23,2026-07-14,789.3873901367188,896.5326538085938,0.13573217030147627,386,SHARDACROP,0.13313217030147628
2018-09-14,2018-12-05,852.796630859375,731.91015625,-0.14175299272413402,82,SFL,-0.14435299272413402
2019-12-26,2020-05-28,644.053955078125,692.6631469726562,0.07547378835463382,154,SFL,0.07287378835463382
2020-06-22,2020-09-29,721.4492797851562,669.045166015625,-0.07263728059322051,99,SFL,-0.07523728059322052
2020-12-16,2022-06-29,819.0422973632812,1321.5626220703125,0.6135462433683585,560,SFL,0.6109462433683585
2023-09-25,2023-09-28,1128.2740478515625,1139.5089111328125,0.009957565985536234,3,SFL,0.007357565985536234
2023-12-06,2024-03-07,1158.4332275390625,1014.4779052734375,-0.12426725929766272,92,SFL,-0.1268672592976627
2025-01-29,2025-02-21,917.7088623046875,738.1516723632812,-0.19565811916698225,23,SFL,-0.19825811916698224
2017-12-12,2017-12-26,314.66351318359375,298.4952697753906,-0.051382644414732614,14,SHILPAMED,-0.05398264441473261
2020-02-19,2020-12-11,228.4443817138672,236.12721252441406,0.0336310779582657,296,SHILPAMED,0.0310310779582657
2021-06-11,2022-02-01,285.9519958496094,250.65167236328125,-0.1234484249058839,235,SHILPAMED,-0.1260484249058839
2023-08-01,2025-03-05,172.36614990234375,320.16204833984375,0.8574531514525077,582,SHILPAMED,0.8548531514525076
2025-06-24,2025-11-14,431.5021667480469,379.6000061035156,-0.12028250294936943,143,SHILPAMED,-0.12288250294936943
2017-04-05,2018-02-23,72.87638092041016,67.56199645996094,-0.07292327628416635,324,SCI,-0.07552327628416636
2019-10-24,2020-04-21,48.93854522705078,39.742347717285156,-0.18791317696714913,180,SCI,-0.19051317696714912
2020-07-23,2022-03-22,57.53398132324219,109.51908111572266,0.9035547097012715,607,SCI,0.9009547097012715
2022-10-18,2023-04-10,111.28502655029297,76.21422576904297,-0.3151439314740198,174,SCI,-0.3177439314740198
2023-09-18,2024-11-08,130.98094177246094,201.00157165527344,0.5345863981070756,417,SCI,0.5319863981070756
2016-08-24,2016-11-18,355.27703857421875,293.6310119628906,-0.17351536946694637,86,SHOPERSTOP,-0.17611536946694636
2017-04-25,2018-11-07,351.3211669921875,476.2951965332031,0.3557258750190669,561,SHOPERSTOP,0.3531258750190669
2020-12-17,2023-03-29,216.10000610351562,648.0,1.9986116691250664,832,SHOPERSTOP,1.9960116691250664
2023-06-12,2023-10-27,777.6500244140625,639.3499755859375,-0.1778435600671783,137,SHOPERSTOP,-0.1804435600671783
2024-03-18,2024-11-19,767.75,621.6500244140625,-0.19029628861730707,246,SHOPERSTOP,-0.19289628861730707
2025-10-23,2025-11-10,530.0,475.1000061035156,-0.10358489414431014,18,SHOPERSTOP,-0.10618489414431015
2017-03-21,2017-12-28,15738.294921875,17377.935546875,0.10418159229695383,282,SHREECEM,0.10158159229695382
2018-09-03,2018-10-26,18466.181640625,13155.3623046875,-0.2875970484474099,53,SHREECEM,-0.2901970484474099
2019-03-26,2019-11-04,17603.06640625,19559.12890625,0.111120554502112,223,SHREECEM,0.108520554502112
2019-11-06,2020-04-28,19261.994140625,18435.43359375,-0.042911473279483636,174,SHREECEM,-0.045511473279483634
2020-07-03,2020-09-23,22350.763671875,18519.419921875,-0.1714189191137642,82,SHREECEM,-0.1740189191137642
2020-11-19,2021-12-03,23121.7578125,25376.986328125,0.09753707023113038,379,SHREECEM,0.09493707023113038
2022-12-06,2023-08-22,23606.935546875,23556.380859375,-0.002141518427905067,259,SHREECEM,-0.004741518427905067
2023-09-27,2024-04-22,26089.294921875,24126.13671875,-0.07524765268680977,208,SHREECEM,-0.07784765268680978
2024-07-11,2024-09-06,27464.931640625,25376.7265625,-0.07603168671413013,57,SHREECEM,-0.07863168671413014
2025-01-03,2025-11-06,25858.091796875,27378.833984375,0.05881107544384944,307,SHREECEM,0.05621107544384944
2017-08-07,2017-11-06,19.299999237060547,15.300000190734863,-0.2072538447900424,91,RENUKA,-0.2098538447900424
2017-12-01,2018-03-22,17.75,15.350000381469727,-0.1352112461143816,111,RENUKA,-0.13781124611438159
2020-07-14,2021-03-25,9.100000381469727,9.300000190734863,0.021978000096834618,254,RENUKA,0.019378000096834616
2021-05-05,2023-02-27,12.0,42.75,2.5625,663,RENUKA,2.5599
2023-09-25,2024-02-12,55.45000076293945,46.099998474121094,-0.16862041767666708,140,RENUKA,-0.17122041767666707
2024-08-01,2024-11-14,48.810001373291016,40.08000183105469,-0.17885677723036106,105,RENUKA,-0.18145677723036105
2017-03-20,2017-10-23,689.3350830078125,667.0003662109375,-0.03240037733089217,217,SIEMENS,-0.03500037733089217
2019-01-25,2020-03-26,574.5399780273438,620.552490234375,0.08008583208606834,426,SIEMENS,0.07748583208606834
2020-10-16,2023-11-28,720.042236328125,2114.15234375,1.936150460466288,1138,SIEMENS,1.933550460466288
2023-12-20,2025-01-23,2266.430419921875,3531.967529296875,0.5583833936621022,400,SIEMENS,0.5557833936621022
2025-10-16,2026-01-27,3103.748291015625,2879.848388671875,-0.07213855034310282,103,SIEMENS,-0.07473855034310282
2020-07-01,2022-04-08,3.1500000953674316,7.099999904632568,1.2539681554531474,646,SPTL,1.2513681554531475
2017-03-23,2018-06-25,333.7231140136719,456.09564208984375,0.3666887995991748,459,SOBHA,0.3640887995991748
2019-02-11,2019-10-24,435.5649719238281,411.6695861816406,-0.054860668975847626,255,SOBHA,-0.057460668975847624
2020-10-26,2022-04-18,282.15924072265625,656.816650390625,1.3278225753245205,539,SOBHA,1.3252225753245206
2023-08-07,2024-11-28,597.6453247070312,1639.0322265625,1.742483139755108,479,SOBHA,1.739883139755108
2025-07-10,2026-01-29,1513.197509765625,1400.2603759765625,-0.07463476053866558,203,SOBHA,-0.07723476053866558
2016-11-02,2018-10-29,668.1351318359375,940.8012084960938,0.40810019361040006,726,SOLARINDS,0.4055001936104001
2019-05-21,2019-11-15,1079.2193603515625,999.9185791015625,-0.07347976154186789,178,SOLARINDS,-0.0760797615418679
2020-02-05,2020-04-15,1245.8018798828125,884.4808959960938,-0.29003085460162153,70,SOLARINDS,-0.2926308546016215
2020-09-02,2023-05-15,1066.7406005859375,3731.08544921875,2.4976501758434484,985,SOLARINDS,2.4950501758434482
2023-08-29,2025-01-13,4884.41455078125,8911.7978515625,0.8245375692235377,503,SOLARINDS,0.8219375692235377
2025-04-30,2025-12-09,13156.34765625,12580.56640625,-0.043764520750291344,223,SOLARINDS,-0.04636452075029134
2016-10-21,2017-05-22,42.70977783203125,42.09185791015625,-0.014467879563905757,213,SONATSOFTW,-0.017067879563905757
2017-11-15,2018-12-04,55.63128662109375,92.22783660888672,0.657841157567559,384,SONATSOFTW,0.655241157567559
2019-03-19,2019-09-20,98.04346466064453,98.59371948242188,0.005612355945211926,185,SONATSOFTW,0.0030123559452119265
2020-02-07,2020-03-25,109.5931167602539,57.52204132080078,-0.4751308930593141,47,SONATSOFTW,-0.4777308930593141
2020-08-27,2022-03-11,106.9428482055664,259.18359375,1.423571076504295,561,SONATSOFTW,1.420971076504295
2022-12-06,2024-05-30,280.6763610839844,497.0542907714844,0.7709161143882548,541,SONATSOFTW,0.7683161143882548
2017-03-08,2018-03-09,18.750816345214844,23.183887481689453,0.23642016725346024,366,SOUTHBANK,0.23382016725346025
2019-05-10,2019-06-21,13.280327796936035,12.429631233215332,-0.064056895035149,42,SOUTHBANK,-0.066656895035149
2020-12-07,2021-11-16,8.613041877746582,8.757394790649414,0.016759806227785216,344,SOUTHBANK,0.014159806227785217
2022-09-22,2024-07-01,9.719747543334961,26.375261306762695,1.7135747290935326,648,SOUTHBANK,1.7109747290935327
2025-02-10,2025-02-21,24.85256004333496,23.71796417236328,-0.045653078354636514,11,SOUTHBANK,-0.04825307835463651
2019-05-20,2019-09-12,109.83820343017578,95.3729019165039,-0.13169645043281755,115,STARCEMENT,-0.13429645043281754
2020-07-30,2021-11-17,95.13060760498047,98.0073471069336,0.030239894124280943,475,STARCEMENT,0.027639894124280945
2022-09-15,2024-11-04,106.191162109375,202.6609344482422,0.9084538715143267,781,STARCEMENT,0.9058538715143266
2025-02-03,2025-12-26,205.4186248779297,224.7505340576172,0.09410981692227526,326,STARCEMENT,0.09150981692227525
2017-11-21,2018-03-12,299.6942138671875,229.17796325683594,-0.23529400084314456,111,SBIN,-0.23789400084314455
2018-08-31,2019-09-20,280.6149597167969,273.4545593261719,-0.02551681634454358,385,SBIN,-0.028116816344543577
2019-12-24,2020-03-09,300.4193115234375,229.72177124023438,-0.23532954630876846,76,SBIN,-0.23792954630876845
2020-11-25,2022-06-15,220.25010681152344,419.3144836425781,0.9038105802209748,567,SBIN,0.9012105802209748
2022-08-12,2023-03-27,493.032470703125,473.9410095214844,-0.03872252299004536,227,SBIN,-0.04132252299004536
2023-06-12,2025-01-21,548.025634765625,730.9334716796875,0.33375781224593076,589,SBIN,0.33115781224593077
2025-06-03,2026-07-15,795.4617309570312,1030.0999755859375,0.29497112871364617,407,SBIN,0.2923711287136462
2017-10-31,2018-05-14,65.17481994628906,60.78805160522461,-0.06730771707048235,195,SAIL,-0.06990771707048235
2018-06-18,2018-07-03,72.65321350097656,67.26376342773438,-0.07418047755272031,15,SAIL,-0.07678047755272031
2020-01-27,2020-03-26,41.38392639160156,18.506046295166016,-0.5528204327436261,59,SAIL,-0.5554204327436262
2020-08-31,2021-12-31,32.68269348144531,97.03805541992188,1.969096028606471,487,SAIL,1.966496028606471
2022-12-13,2024-09-24,80.45418548583984,132.2228240966797,0.6434548842701449,651,SAIL,0.6408548842701448
2017-01-09,2017-05-29,1004.5438232421875,763.0852661132812,-0.24036637480841144,140,STAR,-0.24296637480841143
2019-01-16,2019-06-17,493.5191650390625,387.909423828125,-0.21399319153609442,152,STAR,-0.2165931915360944
2020-01-31,2020-05-07,454.015380859375,415.97705078125,-0.08378202960024134,97,STAR,-0.08638202960024134
2020-06-18,2021-07-07,394.2688293457031,770.2752685546875,0.9536803602581885,384,STAR,0.9510803602581884
2022-12-22,2023-02-24,359.18768310546875,293.54034423828125,-0.18276611909298512,64,STAR,-0.18536611909298512
2023-05-30,2025-01-13,352.0906677246094,612.4509887695312,0.739469531321304,594,STAR,0.736869531321304
2025-08-04,2026-03-20,834.3431396484375,899.4383544921875,0.07801971605013593,228,STAR,0.07541971605013592
2018-01-04,2018-09-21,409.18634033203125,398.834716796875,-0.02529806720027971,260,SUDARSCHEM,-0.027898067200279708
2019-09-26,2020-05-19,360.9376525878906,345.9901123046875,-0.041413081112570554,236,SUDARSCHEM,-0.04401308111257055
2020-08-24,2021-11-26,464.5806884765625,559.09033203125,0.20342998729585676,459,SUDARSCHEM,0.20082998729585677
2023-05-26,2025-03-19,456.0356140136719,1003.9763793945312,1.201530644850979,663,SUDARSCHEM,1.198930644850979
2025-05-26,2025-12-05,1101.5277099609375,992.7000122070312,-0.09879705863937414,193,SUDARSCHEM,-0.10139705863937415
2017-08-08,2018-05-02,368.1000061035156,412.6499938964844,0.12102685969649395,267,SPARC,0.11842685969649394
2019-12-31,2020-04-03,156.1999969482422,102.9000015258789,-0.341229170702382,94,SPARC,-0.343829170702382
2020-07-21,2021-03-26,165.8000030517578,148.25,-0.10585043865336495,248,SPARC,-0.10845043865336496
2021-05-27,2022-04-29,231.4499969482422,265.25,0.14603587598800577,337,SPARC,0.14343587598800578
2022-12-08,2023-01-13,240.8000030517578,204.4499969482422,-0.15095517293536959,36,SPARC,-0.15355517293536958
2023-08-03,2024-06-05,238.10000610351562,210.0,-0.11801766225616539,307,SPARC,-0.1206176622561654
2018-01-24,2018-04-17,541.8303833007812,473.1029052734375,-0.1268431600469915,83,SUNPHARMA,-0.1294431600469915
2018-07-27,2018-12-12,514.5795288085938,399.75738525390625,-0.2231377991668951,138,SUNPHARMA,-0.2257377991668951
2019-12-19,2020-03-19,404.3597717285156,338.5224609375,-0.16281864664623052,91,SUNPHARMA,-0.16541864664623052
2020-05-21,2023-06-19,438.13482666015625,971.4457397460938,1.2172301324487167,1124,SUNPHARMA,1.2146301324487168
2023-07-13,2025-03-11,1043.058349609375,1634.9359130859375,0.5674443464243591,607,SUNPHARMA,0.5648443464243591
2020-08-28,2022-01-25,414.3023681640625,423.04998779296875,0.021114095165978435,515,SUNTV,0.018514095165978434
2022-09-14,2023-02-27,480.5246887207031,395.73773193359375,-0.17644661924205599,166,SUNTV,-0.17904661924205598
2023-07-28,2024-04-25,506.0849914550781,608.2711791992188,0.20191507250657328,272,SUNTV,0.1993150725065733
2024-05-30,2025-01-02,642.087890625,672.896484375,0.04798189500196198,217,SUNTV,0.045381895001961985
2026-03-02,2026-06-12,624.1971435546875,514.7000122070312,-0.17542075044446742,102,SUNTV,-0.1780207504444674
2017-03-21,2018-08-09,1187.7320556640625,1380.15673828125,0.1620101787263817,506,SUNDARMFIN,0.15941017872638172
2019-04-09,2020-03-19,1361.21435546875,1083.596435546875,-0.20394871594362082,345,SUNDARMFIN,-0.20654871594362081
2020-10-23,2021-11-16,1323.313720703125,2317.568603515625,0.7513372432080702,389,SUNDARMFIN,0.7487372432080701
2022-09-15,2024-12-24,2168.46240234375,4332.1298828125,0.9977887917863748,831,SUNDARMFIN,0.9951887917863748
2025-03-20,2025-09-24,4791.029296875,4606.443359375,-0.03852740738204172,188,SUNDARMFIN,-0.041127407382041715
2026-01-06,2026-05-19,5251.8828125,4534.68798828125,-0.13655956346012812,133,SUNDARMFIN,-0.13915956346012812
2020-02-06,2020-03-13,462.9506530761719,347.52093505859375,-0.24933482057014364,36,SUNDRMFAST,-0.25193482057014366
2020-08-20,2022-05-10,448.2799987792969,702.5911865234375,0.5673043375494129,628,SUNDRMFAST,0.5647043375494128
2022-09-14,2024-02-26,844.1956787109375,1075.28076171875,0.27373402735331787,530,SUNDRMFAST,0.2711340273533179
2024-07-02,2024-12-20,1370.670654296875,1073.9935302734375,-0.21644668841008097,171,SUNDRMFAST,-0.21904668841008096
2025-09-05,2025-12-05,1005.077880859375,937.838134765625,-0.06690003568306346,91,SUNDRMFAST,-0.06950003568306347
2017-02-15,2018-07-18,118.45821380615234,377.89044189453125,2.190073780049728,518,SUNTECK,2.1874737800497277
2018-08-24,2018-11-07,506.30133056640625,335.4175109863281,-0.3375140637866941,75,SUNTECK,-0.34011406378669407
2019-04-05,2019-11-14,463.857666015625,398.64117431640625,-0.14059591223188264,223,SUNTECK,-0.14319591223188263
2020-10-14,2021-05-17,250.3211669921875,251.9942169189453,0.006683613482874296,215,SUNTECK,0.004083613482874296
2021-07-28,2022-05-23,372.0125732421875,435.0762023925781,0.16952015519468736,299,SUNTECK,0.16692015519468736
2022-07-25,2022-09-30,508.740966796875,415.3742980957031,-0.1835249661316353,67,SUNTECK,-0.1861249661316353
2023-08-22,2024-05-10,361.43408203125,410.505859375,0.1357696459281535,262,SUNTECK,0.1331696459281535
2024-06-11,2025-01-03,525.2725219726562,502.60333251953125,-0.04315700613462715,206,SUNTECK,-0.045757006134627146
2025-10-27,2026-01-16,434.3999938964844,417.0,-0.04005523513112829,81,SUNTECK,-0.04265523513112829
2019-05-17,2019-06-11,189.44345092773438,198.40101623535156,0.04728358390723238,25,SUPRAJIT,0.04468358390723238
2020-02-03,2020-03-27,184.5525360107422,113.33340454101562,-0.38590166794338243,53,SUPRAJIT,-0.3885016679433824
2020-08-27,2022-03-30,182.52285766601562,339.9386291503906,0.8624441535559226,580,SUPRAJIT,0.8598441535559226
2023-02-02,2023-02-09,314.1052551269531,325.9471740722656,0.037700480179888446,7,SUPRAJIT,0.03510048017988845
2023-02-15,2023-11-30,338.5231018066406,374.83380126953125,0.10726210196322364,288,SUPRAJIT,0.10466210196322363
2024-03-01,2025-01-03,426.70245361328125,451.8392639160156,0.05890945807758529,308,SUPRAJIT,0.05630945807758529
2025-07-15,2026-02-23,463.6629943847656,417.8999938964844,-0.09869884170722783,223,SUPRAJIT,-0.10129884170722783
2017-02-06,2018-07-30,893.6082763671875,1096.136962890625,0.22664146234945745,539,SUPREMEIND,0.22404146234945746
2019-04-18,2020-04-21,1051.5692138671875,927.6994018554688,-0.11779520584877395,369,SUPREMEIND,-0.12039520584877396
2020-08-05,2022-02-11,1228.9619140625,1894.8243408203125,0.541808838124783,555,SUPREMEIND,0.5392088381247829
2022-10-03,2024-04-02,2025.400634765625,4003.869873046875,0.9768285860689454,547,SUPREMEIND,0.9742285860689454
2024-05-07,2024-11-25,5137.03564453125,4538.8212890625,-0.11645127596215785,202,SUPREMEIND,-0.11905127596215785
2025-07-17,2025-12-02,4223.62548828125,3308.703125,-0.21662014442799613,138,SUPREMEIND,-0.21922014442799612
2017-04-10,2017-08-30,6.24444055557251,5.613601207733154,-0.1010241577648453,142,SUVEN,-0.1036241577648453
2017-10-17,2019-01-29,7.644384384155273,7.842839241027832,0.025960868383842844,469,SUVEN,0.023360868383842846
2019-03-13,2021-09-16,11.61594295501709,79.18541717529297,5.816959887108577,918,SUVEN,5.814359887108576
2021-10-07,2022-01-18,109.40393829345703,86.3254623413086,-0.2109473965209958,103,SUVEN,-0.2135473965209958
2023-07-18,2025-02-24,63.349998474121094,115.2300033569336,0.8189424803854705,587,SUVEN,0.8163424803854704
2025-05-21,2025-12-03,211.77000427246094,173.0500030517578,-0.18283987552310005,196,SUVEN,-0.18543987552310004
2016-08-19,2016-10-03,15.150529861450195,13.910941123962402,-0.0818181772402474,45,SUZLON,-0.0844181772402474
2017-03-01,2017-09-13,16.390119552612305,15.701457977294922,-0.042016873220892516,196,SUZLON,-0.044616873220892514
2019-04-26,2019-06-21,6.61113977432251,4.177873134613037,-0.36805554303362564,56,SUZLON,-0.37065554303362563
2020-06-10,2020-11-05,4.131961822509766,2.8005518913269043,-0.3222222247867138,148,SUZLON,-0.3248222247867138
2020-12-17,2022-06-30,4.22378396987915,6.289764881134033,0.48913034520418286,560,SUZLON,0.48653034520418287
2022-11-15,2022-11-17,8.199999809265137,8.0,-0.024390221209414906,2,SUZLON,-0.026990221209414904
2022-12-01,2023-04-21,9.050000190734863,7.949999809265137,-0.1215470009156327,141,SUZLON,-0.1241470009156327
2023-06-07,2025-01-31,14.449999809265137,58.16999816894531,3.0256054627521536,604,SUZLON,3.0230054627521534
2025-07-02,2025-10-06,64.79000091552734,54.11000061035156,-0.16484025550640563,96,SUZLON,-0.16744025550640562
2016-10-26,2017-01-20,1264.6986083984375,1091.125732421875,-0.13724445873817168,86,SYMPHONY,-0.13984445873817167
2017-01-30,2017-10-04,1237.835205078125,1225.1397705078125,-0.010256158912131795,247,SYMPHONY,-0.012856158912131795
2017-11-02,2018-06-21,1440.7520751953125,1300.684326171875,-0.0972184954197963,231,SYMPHONY,-0.0998184954197963
2019-02-28,2019-10-23,1194.704345703125,1134.4847412109375,-0.05040544525411111,237,SYMPHONY,-0.053005445254111105
2020-03-02,2020-03-25,1215.2357177734375,678.5807495117188,-0.44160565757973386,23,SYMPHONY,-0.44420565757973385
2020-12-29,2021-08-05,958.4334716796875,882.9546508789062,-0.07875227966371211,219,SYMPHONY,-0.08135227966371211
2022-03-23,2022-06-24,1057.9097900390625,800.5226440429688,-0.24329782030525487,93,SYMPHONY,-0.24589782030525487
2023-01-31,2023-06-08,921.2890625,843.9793701171875,-0.08391469684121264,128,SYMPHONY,-0.08651469684121264
2024-01-25,2025-01-29,895.6658325195312,1250.9591064453125,0.3966806157228662,370,SYMPHONY,0.39408061572286623
2017-11-14,2018-10-26,247.98281860351562,282.1291809082031,0.13769648436524146,346,SYNGENE,0.13509648436524146
2019-04-01,2020-01-22,290.16107177734375,306.88226318359375,0.05762727337553079,296,SYNGENE,0.05502727337553079
2020-06-09,2021-12-07,361.3873596191406,569.4574584960938,0.5757536707875845,546,SYNGENE,0.5731536707875845
2022-01-19,2022-01-31,587.9723510742188,564.4573974609375,-0.039993298273838386,12,SYNGENE,-0.042593298273838384
2022-09-09,2022-09-28,567.19970703125,541.857421875,-0.044679651350478855,19,SYNGENE,-0.04727965135047885
2022-11-02,2023-03-23,638.1678466796875,574.53955078125,-0.09970464076102872,141,SYNGENE,-0.10230464076102873
2023-04-25,2023-12-22,620.6613159179688,700.5685424804688,0.12874529878556365,241,SYNGENE,0.12614529878556366
2024-07-30,2025-02-18,789.9280395507812,697.0714111328125,-0.11755074357250915,203,SYNGENE,-0.12015074357250916
2018-11-01,2019-08-08,540.1492919921875,541.031494140625,0.0016332561414340609,280,TTKPRESTIG,-0.000966743858565939
2020-08-21,2022-03-02,558.775390625,763.1959228515625,0.3658366772343259,558,TTKPRESTIG,0.3632366772343259
2022-09-08,2023-01-02,961.7515258789062,772.25341796875,-0.1970343719881094,116,TTKPRESTIG,-0.1996343719881094
2023-08-25,2024-02-23,757.9811401367188,739.5697631835938,-0.024290019867518206,182,TTKPRESTIG,-0.026890019867518204
2024-07-15,2025-01-23,863.139892578125,732.6541137695312,-0.151175701564255,192,TTKPRESTIG,-0.153775701564255
2025-10-21,2026-01-14,637.8146362304688,585.677490234375,-0.08174341420608988,85,TTKPRESTIG,-0.08434341420608989
2016-10-13,2016-12-30,213.7208251953125,171.3708953857422,-0.19815537288361157,78,TVTODAY,-0.20075537288361156
2017-09-26,2018-08-06,247.17239379882812,276.8224792480469,0.11995710764265505,314,TVTODAY,0.11735710764265504
2019-10-30,2020-01-02,230.1345977783203,179.36961364746094,-0.22058823236895178,64,TVTODAY,-0.22318823236895177
2020-09-09,2022-06-02,172.0388641357422,196.88990783691406,0.1444501730816119,631,TVTODAY,0.1418501730816119
2023-08-10,2024-11-08,197.64390563964844,195.01760864257812,-0.013288024179499229,456,TVTODAY,-0.01588802417949923
2019-12-10,2020-03-30,420.3897705078125,284.6040954589844,-0.3229994747132047,111,TVSMOTOR,-0.3255994747132047
2020-08-24,2021-09-08,436.2374572753906,534.3467407226562,0.22489880639784354,380,TVSMOTOR,0.22229880639784355
2021-11-12,2025-01-14,712.7066650390625,2218.017578125,2.112104442019542,1159,TVSMOTOR,2.1095044420195417
2025-05-19,2026-05-25,2815.260009765625,3469.5,0.23239060973584516,371,TVSMOTOR,0.22979060973584517
2017-07-10,2018-10-08,166.145751953125,167.8863067626953,0.010476071696743581,455,TAKE,0.007876071696743581
2021-01-21,2021-09-22,59.5,50.099998474121094,-0.15798321892233455,244,TAKE,-0.16058321892233454
2023-09-20,2024-05-16,22.799999237060547,21.799999237060547,-0.043859650590449904,239,TAKE,-0.0464596505904499
2025-10-06,2026-06-30,13.289999961853027,25.290000915527344,0.9029346115965793,267,TAKE,0.9003346115965792
2017-08-07,2018-04-17,284.48931884765625,284.657958984375,0.0005927819624365463,253,TNPL,-0.0020072180375634535
2019-11-01,2019-12-18,168.54519653320312,146.41958618164062,-0.13127404878135338,47,TNPL,-0.13387404878135337
2020-12-11,2021-09-30,106.58678436279297,123.8134765625,0.1616212769968927,293,TNPL,0.1590212769968927
2022-04-04,2023-03-16,165.7066650390625,193.44757080078125,0.16740971617031403,346,TNPL,0.16480971617031404
2023-09-13,2024-05-16,254.94305419921875,262.375,0.029151395491534927,246,TNPL,0.02655139549153493
2025-07-17,2025-12-16,167.45266723632812,144.17999267578125,-0.13898061431115843,152,TNPL,-0.14158061431115843
2018-08-20,2018-12-10,262.73980712890625,245.33961486816406,-0.06622594593062653,112,TATACHEM,-0.06882594593062653
2018-12-19,2019-02-06,265.78302001953125,221.9463348388672,-0.16493410744389425,49,TATACHEM,-0.16753410744389424
2019-11-01,2020-04-23,247.97567749023438,233.4356231689453,-0.058635001901997705,174,TATACHEM,-0.0612350019019977
2020-06-19,2022-06-30,278.44805908203125,748.6292114257812,1.6885775892775532,741,TATACHEM,1.6859775892775533
2022-08-30,2023-01-18,1065.877685546875,942.6396484375,-0.1156211812860541,141,TATACHEM,-0.1182211812860541
2023-08-02,2023-12-08,1000.1993408203125,957.4118041992188,-0.042779009018343875,128,TATACHEM,-0.04537900901834387
2024-01-02,2025-01-13,1077.94677734375,924.5088500976562,-0.14234276725998637,377,TATACHEM,-0.14494276725998637
2025-08-08,2025-12-01,931.9710083007812,783.35595703125,-0.15946316993325152,115,TATACHEM,-0.1620631699332515
2017-03-30,2020-03-17,964.9976806640625,1403.798583984375,0.4547170548828179,1083,TCS,0.4521170548828179
2020-07-09,2022-05-06,1885.546142578125,2992.8662109375,0.5872675525433315,666,TCS,0.5846675525433315
2023-01-04,2023-05-18,2924.72265625,2887.605224609375,-0.012690923551779082,134,TCS,-0.015290923551779082
2023-06-06,2025-02-21,2916.888916015625,3590.88525390625,0.2310668514628531,626,TCS,0.22846685146285312
2026-01-21,2026-02-16,3064.027099609375,2655.830322265625,-0.1332223130127635,26,TCS,-0.13582231301276348
2017-04-06,2018-11-07,694.5794677734375,958.459228515625,0.3799129876212545,580,TATAELXSI,0.37731298762125454
2019-12-24,2020-05-07,775.4480590820312,727.1437377929688,-0.06229214287575204,135,TATAELXSI,-0.06489214287575204
2020-06-29,2022-11-15,827.3440551757812,6682.3525390625,7.076872610926946,869,TATAELXSI,7.074272610926946
2023-06-20,2024-04-01,7417.1513671875,7451.10302734375,0.004577452781461043,286,TATAELXSI,0.0019774527814610428
2024-10-14,2024-11-22,7356.853515625,6398.0390625,-0.13032942019147217,39,TATAELXSI,-0.13292942019147216
2025-07-21,2025-08-21,6089.2998046875,5559.30419921875,-0.08703720008345839,31,TATAELXSI,-0.0896372000834584
2018-08-20,2018-09-03,71.02522277832031,70.2320327758789,-0.01116772283723859,14,TATAINVEST,-0.01376772283723859
2018-12-26,2019-08-28,76.3204116821289,68.40176391601562,-0.10375530728390321,245,TATAINVEST,-0.10635530728390322
2020-01-30,2020-04-09,81.95813751220703,60.753997802734375,-0.25871915044817195,70,TATAINVEST,-0.26131915044817194
2020-08-31,2022-07-11,74.05419921875,134.30091857910156,0.8135489951405419,679,TATAINVEST,0.8109489951405419
2022-08-03,2023-04-21,141.79214477539062,208.52694702148438,0.4706523224668523,261,TATAINVEST,0.4680523224668523
2023-06-16,2025-01-24,239.30307006835938,605.9742431640625,1.532246004996759,588,TATAINVEST,1.529646004996759
2025-07-03,2026-01-23,678.9981689453125,600.7019653320312,-0.11531136193621656,204,TATAINVEST,-0.11791136193621657
2017-11-06,2018-04-04,76.13833618164062,73.9998779296875,-0.02808648519520414,149,TATAPOWER,-0.030686485195204137
2018-12-26,2019-02-20,68.9144058227539,60.70274353027344,-0.11915741265477431,56,TATAPOWER,-0.12175741265477431
2020-08-12,2022-07-06,50.55476379394531,208.52101135253906,3.124656030486934,693,TATAPOWER,3.122056030486934
2022-09-15,2022-10-10,239.11708068847656,214.70843505859375,-0.10207821858482193,25,TATAPOWER,-0.10467821858482193
2023-07-04,2024-12-23,217.00308227539062,395.1118469238281,0.8207660590848485,538,TATAPOWER,0.8181660590848484
2025-07-09,2025-12-31,398.1826171875,377.26226806640625,-0.05253958414574029,175,TATAPOWER,-0.055139584145740286
2026-04-21,2026-08-05,433.3646240234375,383.0,-0.116217663444337,106,TATAPOWER,-0.118817663444337
2020-01-16,2020-03-24,40.64816665649414,22.354846954345703,-0.4500404620149286,68,TATASTEEL,-0.4526404620149286
2020-08-27,2022-01-07,36.004051208496094,100.0637435913086,1.779235675781284,498,TATASTEEL,1.776635675781284
2022-04-20,2022-05-25,113.33543395996094,86.15821838378906,-0.23979451638904936,35,TATASTEEL,-0.24239451638904935
2022-12-27,2023-04-28,101.0232162475586,98.1147689819336,-0.0287898898258972,122,TATASTEEL,-0.0313898898258972
2023-06-21,2024-10-29,103.52267456054688,143.67724609375,0.3878818983730766,496,TATASTEEL,0.3852818983730766
2017-05-09,2018-10-17,1118.75,2405.64990234375,1.1503015886871508,526,TEAMLEASE,1.1477015886871509
2018-11-30,2019-08-20,2835.5,2438.39990234375,-0.1400458817338212,263,TEAMLEASE,-0.1426458817338212
2019-11-07,2019-11-19,2871.14990234375,2556.89990234375,-0.1094509206027433,12,TEAMLEASE,-0.11205092060274331
2020-09-14,2022-02-28,2423.75,4105.4501953125,0.6938422672769469,532,TEAMLEASE,0.6912422672769468
2022-03-08,2022-03-10,3907.300048828125,3740.449951171875,-0.04270214612934361,2,TEAMLEASE,-0.04530214612934361
2023-08-29,2024-11-01,2337.0,2774.64990234375,0.1872699624919769,430,TEAMLEASE,0.1846699624919769
2017-01-24,2017-05-02,338.60455322265625,301.3141174316406,-0.11012975294072477,98,TECHM,-0.11272975294072478
2017-10-11,2019-07-15,344.6620178222656,511.38555908203125,0.48373053205340766,642,TECHM,0.48113053205340767
2019-11-27,2020-04-07,591.5543212890625,429.5421142578125,-0.27387545184051304,132,TECHM,-0.27647545184051303
2020-09-04,2022-04-21,589.2607421875,1113.6766357421875,0.8899555935253886,594,TECHM,0.8873555935253885
2023-02-24,2025-03-26,994.3797607421875,1341.6094970703125,0.3491922804914682,761,TECHM,0.34659228049146823
2025-07-10,2025-08-07,1543.410888671875,1429.4949951171875,-0.07380788511393334,28,TECHM,-0.07640788511393334
2025-08-12,2025-08-19,1455.827880859375,1443.6741943359375,-0.008348299055973004,7,TECHM,-0.010948299055973004
2025-12-19,2026-03-25,1571.6571044921875,1372.82421875,-0.12651161959811308,96,TECHM,-0.12911161959811307
2019-12-30,2020-03-20,129.42124938964844,85.3069076538086,-0.3408585680008762,81,NIACL,-0.3434585680008762
2020-12-24,2021-12-01,126.6910400390625,138.80929565429688,0.09565203357315535,342,NIACL,0.09305203357315535
2022-12-19,2024-10-17,128.76205444335938,205.00448608398438,0.5921187881804338,668,NIACL,0.5895187881804338
2025-07-15,2025-12-19,181.92587280273438,154.46775817871094,-0.1509302343916568,157,NIACL,-0.15353023439165678
2019-03-28,2020-03-24,693.1615600585938,481.27294921875,-0.3056843065878214,362,RAMCOCEM,-0.3082843065878214
2020-09-03,2021-12-01,709.882568359375,934.2870483398438,0.3161149322191342,454,RAMCOCEM,0.31351493221913423
2022-11-07,2022-11-15,733.8417358398438,660.0206909179688,-0.10059532092078498,8,RAMCOCEM,-0.10319532092078498
2023-02-08,2024-03-11,725.154052734375,806.6092529296875,0.11232813205437557,397,RAMCOCEM,0.10972813205437557
2024-10-24,2025-03-20,843.3447875976562,847.4876708984375,0.004912443121374625,147,RAMCOCEM,0.0023124431213746247
2025-04-21,2026-01-20,980.3084716796875,1062.4000244140625,0.08374053178762912,274,RAMCOCEM,0.08114053178762912
2026-01-21,2026-04-08,1083.300048828125,993.25,-0.08312567596164876,77,RAMCOCEM,-0.08572567596164876
2017-03-17,2017-09-13,860.5799560546875,857.473876953125,-0.003609285900408674,180,THERMAX,-0.006209285900408674
2017-10-30,2018-07-09,950.6527099609375,969.708740234375,0.02004520691285939,252,THERMAX,0.01744520691285939
2019-01-09,2019-03-26,1092.8736572265625,951.222412109375,-0.12961355979305295,76,THERMAX,-0.13221355979305294
2019-07-16,2020-02-26,1036.693359375,911.7564697265625,-0.12051479689593,225,THERMAX,-0.12311479689593001
2020-12-01,2022-12-21,875.2957153320312,1886.659912109375,1.1554542985437748,750,THERMAX,1.1528542985437749
2023-04-06,2025-01-01,2276.272705078125,3901.70849609375,0.7140777936621779,636,THERMAX,0.7114777936621779
2017-03-17,2018-09-14,74.86332702636719,87.6195297241211,0.17039321126165174,546,THOMASCOOK,0.16779321126165175
2019-05-08,2019-07-11,87.24004364013672,69.001708984375,-0.2090592105959329,64,THOMASCOOK,-0.2116592105959329
2020-11-27,2022-02-07,46.793582916259766,63.975990295410156,0.3671958056706077,437,THOMASCOOK,0.36459580567060773
2022-04-05,2022-06-24,78.4844741821289,60.658348083496094,-0.22712933079306866,80,THOMASCOOK,-0.22972933079306865
2022-09-05,2023-02-27,74.3250503540039,60.80690383911133,-0.18187874008166552,175,THOMASCOOK,-0.1844787400816655
2023-07-11,2024-11-11,76.15717315673828,195.35418701171875,1.5651449353255582,489,THOMASCOOK,1.5625449353255583
2025-07-25,2025-12-12,170.0111083984375,139.19000244140625,-0.18128877722977374,140,THOMASCOOK,-0.18388877722977373
2018-10-01,2018-11-15,179.55006408691406,152.29347229003906,-0.1518049683551269,45,THYROCARE,-0.1544049683551269
2019-10-23,2020-05-13,149.1849365234375,149.35984802246094,0.0011724474541433226,203,THYROCARE,-0.0014275525458566773
2020-07-31,2021-12-13,204.86973571777344,323.6753845214844,0.5799082445607118,500,THYROCARE,0.5773082445607117
2023-08-07,2025-03-04,181.05467224121094,217.73631286621094,0.20259980132482144,575,THYROCARE,0.19999980132482145
2025-06-05,2026-03-19,321.0084533691406,354.1898498535156,0.1033661143067107,287,THYROCARE,0.10076611430671069
2020-10-14,2021-11-09,18.965614318847656,34.992374420166016,0.8450430253340794,391,TIMETECHNO,0.8424430253340793
2022-02-16,2022-02-23,37.81511688232422,34.870704650878906,-0.07786336455359756,7,TIMETECHNO,-0.08046336455359757
2022-03-11,2022-03-16,35.16271209716797,34.530025482177734,-0.01799311194318232,5,TIMETECHNO,-0.02059311194318232
2022-04-28,2022-12-22,46.55105209350586,41.68980407714844,-0.10442831682069746,238,TIMETECHNO,-0.10702831682069747
2023-06-23,2025-03-20,58.48357391357422,185.995361328125,2.1803008756439026,636,TIMETECHNO,2.1777008756439025
2025-07-16,2025-12-12,223.7962646484375,186.8300018310547,-0.1651781939946731,149,TIMETECHNO,-0.16777819399467309
2019-05-30,2020-05-19,642.4189453125,703.4202270507812,0.09495560830418477,355,TIMKEN,0.09235560830418477
2020-06-29,2023-03-23,888.0740356445312,2732.08154296875,2.076411913096757,997,TIMKEN,2.073811913096757
2023-06-12,2023-10-26,3431.772705078125,2906.870361328125,-0.15295370319056445,136,TIMKEN,-0.15555370319056444
2024-01-31,2024-02-20,3348.2158203125,2771.96142578125,-0.17210790028387904,20,TIMKEN,-0.17470790028387903
2024-05-23,2024-11-27,3809.42724609375,3299.70458984375,-0.13380558895636557,188,TIMKEN,-0.13640558895636556
2025-07-04,2026-02-05,3272.65673828125,3178.53271484375,-0.02876073812951508,216,TIMKEN,-0.03136073812951508
2017-03-03,2018-09-12,424.1923828125,804.369384765625,0.8962372200850421,558,TITAN,0.8936372200850421
2019-01-01,2020-01-14,903.2062377929688,1141.07470703125,0.26336008243203146,378,TITAN,0.26076008243203147
2020-02-06,2020-03-25,1231.218994140625,861.1590576171875,-0.30056386254967954,48,TITAN,-0.30316386254967953
2020-09-09,2022-06-06,1139.577880859375,2162.974365234375,0.8980487438061182,635,TITAN,0.8954487438061182
2022-09-13,2023-03-10,2671.18701171875,2345.328857421875,-0.12199001899429147,178,TITAN,-0.12459001899429148
2023-05-15,2024-06-14,2744.2470703125,3496.506591796875,0.27412237390079885,396,TITAN,0.27152237390079886
2024-09-26,2024-11-18,3734.023193359375,3152.437744140625,-0.15575303609603913,53,TITAN,-0.15835303609603912
2017-12-20,2019-06-06,611.4813232421875,693.0160522460938,0.13333968823707318,533,TORNTPHARM,0.1307396882370732
2019-11-07,2021-03-12,832.1241455078125,1153.0191650390625,0.385633587564534,491,TORNTPHARM,0.383033587564534
2021-06-11,2022-02-23,1349.124267578125,1301.6044921875,-0.03522268224848548,257,TORNTPHARM,-0.03782268224848548
2022-07-26,2023-03-15,1406.8148193359375,1489.7479248046875,0.058950975159543124,232,TORNTPHARM,0.056350975159543126
2023-05-08,2025-03-10,1612.9864501953125,3038.363525390625,0.8836881890872159,672,TORNTPHARM,0.8810881890872159
2017-02-08,2017-07-18,167.80831909179688,146.15757751464844,-0.1290206689056026,160,TORNTPOWER,-0.1316206689056026
2017-09-11,2018-05-09,182.9193572998047,196.1439208984375,0.07229723411370707,240,TORNTPOWER,0.06969723411370707
2018-11-09,2019-06-24,221.69287109375,203.71405029296875,-0.08109787523649474,227,TORNTPOWER,-0.08369787523649475
2019-06-25,2020-11-13,228.620849609375,264.35888671875,0.15632011328117074,507,TORNTPOWER,0.15372011328117074
2021-01-12,2022-04-01,294.3183898925781,459.11199951171875,0.5599161156028608,444,TORNTPOWER,0.5573161156028608
2022-05-09,2022-05-10,444.31072998046875,428.1390686035156,-0.03639718846687319,1,TORNTPOWER,-0.03899718846687319
2022-08-26,2023-01-27,526.5855102539062,401.9171142578125,-0.2367486259467751,154,TORNTPOWER,-0.23934862594677508
2023-04-12,2025-01-09,511.0137634277344,1375.3294677734375,1.6913746090675137,638,TORNTPOWER,1.6887746090675138
2018-08-13,2018-11-22,358.88934326171875,318.9135437011719,-0.11138753577142207,101,TRENT,-0.11398753577142208
2019-01-15,2020-05-14,353.9791259765625,447.39007568359375,0.2638882997671906,485,TRENT,0.2612882997671906
2020-07-17,2022-07-04,618.6337890625,1114.303955078125,0.8012335808019498,717,TRENT,0.7986335808019498
2022-07-27,2023-02-17,1250.029541015625,1355.9093017578125,0.08470180685183026,205,TRENT,0.08210180685183026
2023-05-16,2025-02-18,1494.972900390625,4987.49658203125,2.3361785894099185,644,TRENT,2.3335785894099184
2016-10-03,2018-02-01,4.075399398803711,6.232747554779053,0.5293587069303214,486,TRIDENT,0.5267587069303213
2018-11-13,2019-07-12,5.8514628410339355,5.1651763916015625,-0.11728459499387478,241,TRIDENT,-0.11988459499387479
2019-12-03,2020-03-19,6.325952529907227,3.3583743572235107,-0.46911167269338283,107,TRIDENT,-0.4717116726933828
2020-07-06,2022-06-23,6.172147750854492,35.9029655456543,4.816932289199294,717,TRIDENT,4.814332289199294
2023-07-11,2024-05-27,31.776077270507812,35.98102951049805,0.13233075323280882,321,TRIDENT,0.12973075323280883
2025-07-14,2025-09-11,30.55631446838379,28.498979568481445,-0.06732928809300745,59,TRIDENT,-0.06992928809300746
2025-11-14,2025-12-01,27.636857986450195,27.50950050354004,-0.004608247542922466,17,TRIDENT,-0.007208247542922466
2017-02-07,2017-10-17,118.25091552734375,121.58686065673828,0.02821073405239847,252,TRITURBINE,0.02561073405239847
2018-09-04,2018-10-22,114.56780242919922,94.96312713623047,-0.1711185418353824,48,TRITURBINE,-0.17371854183538238
2018-12-20,2019-02-20,115.76321411132812,96.06289672851562,-0.17017769879701972,62,TRITURBINE,-0.1727776987970197
2020-11-23,2022-06-21,71.2648696899414,153.37539672851562,1.1521879910230666,575,TRITURBINE,1.1495879910230666
2022-09-12,2025-02-21,215.317626953125,583.3114624023438,1.7090743598494684,893,TRITURBINE,1.7064743598494685
2018-09-05,2019-09-18,296.11151123046875,337.5636901855469,0.13998840768745113,378,TIINDIA,0.13738840768745114
2019-11-08,2020-04-28,431.12384033203125,335.8062744140625,-0.2210909186663388,172,TIINDIA,-0.22369091866633878
2020-08-03,2023-05-24,517.3981323242188,2674.749267578125,4.1696152352982185,1024,TIINDIA,4.167015235298218
2023-06-05,2024-12-23,2879.8291015625,3611.6796875,0.2541298667828664,567,TIINDIA,0.25152986678286643
2025-09-22,2025-12-19,3345.44189453125,2631.236083984375,-0.21348623980418788,88,TIINDIA,-0.21608623980418787
2017-05-04,2017-07-17,42.20052719116211,32.881649017333984,-0.22082373832949986,74,UCOBANK,-0.22342373832949985
2019-01-04,2019-03-22,21.003694534301758,17.865211486816406,-0.1494252852687322,77,UCOBANK,-0.15202528526873219
2020-01-20,2020-02-14,15.692416191101074,13.616189002990723,-0.13230768052709102,25,UCOBANK,-0.134907680527091
2020-08-10,2020-10-12,13.2781982421875,11.491676330566406,-0.13454550678005056,63,UCOBANK,-0.13714550678005055
2021-02-02,2021-04-07,12.602217674255371,10.960549354553223,-0.13026820851189194,64,UCOBANK,-0.13286820851189193
2021-06-25,2022-01-19,14.050747871398926,12.7470703125,-0.09278349955681957,208,UCOBANK,-0.09538349955681957
2022-10-24,2024-09-27,12.071089744567871,47.39061737060547,2.925960155497294,704,UCOBANK,2.923360155497294
2020-07-15,2022-12-26,237.13534545898438,528.966552734375,1.2306525065276135,894,UFLEX,1.2280525065276136
2023-10-26,2024-03-28,419.3157958984375,398.8409118652344,-0.04882926957076129,154,UFLEX,-0.051429269570761285
2024-06-27,2025-01-07,512.4148559570312,519.3629150390625,0.013559441146674877,194,UFLEX,0.010959441146674877
2025-06-16,2025-11-18,605.02587890625,513.0228271484375,-0.15206465535678113,155,UFLEX,-0.15466465535678112
2018-11-22,2019-09-19,478.939453125,522.71533203125,0.09140169727221197,301,UPL,0.08880169727221196
2020-09-07,2022-02-24,465.19964599609375,601.8339233398438,0.29371105184567853,535,UPL,0.29111105184567854
2022-04-26,2022-07-04,773.20849609375,622.9642944335938,-0.19431266265074698,69,UPL,-0.19691266265074697
2022-12-14,2023-04-13,753.2212524414062,710.877197265625,-0.05621728680455047,120,UPL,-0.05881728680455047
2024-07-18,2024-12-30,547.3285522460938,491.451904296875,-0.10208977353714793,165,UPL,-0.10468977353714794
2025-02-13,2026-03-19,618.0565795898438,605.9346923828125,-0.01961290860308551,399,UPL,-0.02221290860308551
2017-03-14,2018-04-04,3771.958740234375,3669.94482421875,-0.02704534249738009,386,ULTRACEMCO,-0.029645342497380087
2018-09-03,2018-10-29,4146.5546875,3263.0703125,-0.21306468660917666,56,ULTRACEMCO,-0.21566468660917665
2019-01-21,2019-01-25,3649.751953125,3328.58349609375,-0.0879973382180831,4,ULTRACEMCO,-0.0905973382180831
2019-04-26,2019-10-09,4370.6865234375,3843.508056640625,-0.12061685594926963,166,ULTRACEMCO,-0.12321685594926964
2020-02-18,2020-03-24,4254.279296875,2868.7890625,-0.3256697874520646,35,ULTRACEMCO,-0.3282697874520646
2020-08-24,2022-02-28,3994.888427734375,6293.2177734375,0.5753175307092566,553,ULTRACEMCO,0.5727175307092566
2022-09-28,2025-02-28,5948.73974609375,9863.3271484375,0.6580532296633536,884,ULTRACEMCO,0.6554532296633535
2025-05-19,2025-12-22,11616.74609375,11301.3212890625,-0.027152595239832582,217,ULTRACEMCO,-0.029752595239832584
2026-02-10,2026-04-06,12762.4970703125,10735.86328125,-0.1587960238421333,55,ULTRACEMCO,-0.16139602384213328
2016-08-24,2017-08-18,114.25601959228516,110.77466583251953,-0.030469762312643128,359,UNIONBANK,-0.03306976231264313
2017-12-01,2018-01-29,132.54368591308594,115.51435089111328,-0.1284809223816173,59,UNIONBANK,-0.13108092238161728
2019-01-24,2019-03-19,69.20795440673828,73.52820587158203,0.06242420400772773,54,UNIONBANK,0.059824204007727734
2019-04-08,2019-06-25,77.38706970214844,63.37770462036133,-0.18102979135541786,78,UNIONBANK,-0.18362979135541785
2021-01-05,2021-10-11,26.886240005493164,32.00343322753906,0.19032758842442818,279,UNIONBANK,0.1877275884244282
2021-10-12,2022-04-22,33.26176071166992,34.01675796508789,0.022698655671378132,192,UNIONBANK,0.020098655671378134
2022-09-13,2024-08-23,40.86531448364258,119.39118957519531,1.921577652925803,710,UNIONBANK,1.9189776529258031
2016-09-22,2017-02-09,844.3043212890625,776.3126220703125,-0.08052984866279257,140,UBL,-0.08312984866279258
2017-08-10,2019-09-06,794.8778076171875,1258.838134765625,0.5836876092178943,757,UBL,0.5810876092178943
2020-12-09,2022-03-24,1107.510498046875,1413.1119384765625,0.2759354795901474,470,UBL,0.2733354795901474
2022-08-03,2023-02-23,1543.547607421875,1415.693115234375,-0.08283158327785572,204,UBL,-0.08543158327785573
2023-09-06,2024-12-23,1554.59326171875,1975.0499267578125,0.2704608822079982,474,UBL,0.2678608822079982
2025-01-30,2025-03-18,2098.580078125,1861.8427734375,-0.1128083255698375,47,UBL,-0.1154083255698375
2025-05-07,2025-07-16,2155.28271484375,1985.1754150390625,-0.07892574771427129,70,UBL,-0.08152574771427129
2019-01-11,2020-01-08,199.71658325195312,202.7609405517578,0.015243387655816584,362,VGUARD,0.012643387655816584
2020-12-09,2021-12-23,184.0319366455078,219.4594268798828,0.1925072945497353,379,VGUARD,0.18990729454973532
2022-08-02,2025-01-20,236.73097229003906,384.4754333496094,0.6241027932692986,902,VGUARD,0.6215027932692986
2025-08-18,2025-09-22,371.43212890625,368.0482177734375,-0.009110442714735116,35,VGUARD,-0.011710442714735116
2016-10-03,2016-12-16,127.56867218017578,118.25746154785156,-0.07298979030818183,74,VMART,-0.07558979030818183
2017-02-14,2018-12-12,155.8260040283203,640.0478515625,3.107452126194391,666,VMART,3.1048521261943907
2018-12-20,2019-02-22,669.8861694335938,637.130126953125,-0.04889792322203762,64,VMART,-0.05149792322203762
2019-03-27,2019-06-07,672.1929321289062,577.9021606445312,-0.14027337536225817,72,VMART,-0.14287337536225816
2020-03-05,2020-04-29,570.0311889648438,427.81976318359375,-0.24948007851903833,55,VMART,-0.25208007851903835
2020-08-17,2022-04-06,446.56494140625,913.4351806640625,1.0454699775303014,597,VMART,1.0428699775303014
2024-02-22,2024-03-20,496.472900390625,493.9263000488281,-0.005129384382900274,27,VMART,-0.007729384382900274
2024-04-09,2024-04-18,534.0101318359375,518.6931762695312,-0.02868289317610183,9,VMART,-0.03128289317610183
2024-04-29,2025-02-19,544.49609375,785.6358032226562,0.44286765734516575,296,VMART,0.44026765734516576
2025-11-19,2025-12-30,821.7000122070312,713.3450317382812,-0.13186683565662335,41,VMART,-0.13446683565662335
2017-02-13,2019-03-08,131.43731689453125,420.7249755859375,2.2009552958505556,753,VIPIND,2.1983552958505554
2019-11-04,2020-01-09,468.91290283203125,416.74078369140625,-0.1112618544414708,66,VIPIND,-0.1138618544414708
2020-01-29,2020-03-19,460.886474609375,223.2938995361328,-0.5155121448825638,50,VIPIND,-0.5181121448825639
2020-11-14,2022-07-08,302.55584716796875,630.2086791992188,1.082949925107044,601,VIPIND,1.080349925107044
2022-08-05,2022-08-11,594.1217651367188,579.865234375,-0.023995974559925522,6,VIPIND,-0.026595974559925524
2022-08-22,2023-03-22,581.9443359375,575.7344970703125,-0.010670846821085699,212,VIPIND,-0.013270846821085699
2023-09-14,2023-12-19,690.8615112304688,609.958740234375,-0.11710418033275687,96,VIPIND,-0.11970418033275687
2024-10-31,2024-12-12,477.8500061035156,477.0,-0.0017788136290857136,42,VIPIND,-0.004378813629085714
2025-07-22,2025-12-29,455.54998779296875,380.6000061035156,-0.16452636087768974,160,VIPIND,-0.16712636087768973
2017-03-17,2018-06-13,132.09994506835938,153.5471649169922,0.1623560088350851,453,VRLLOG,0.15975600883508512
2019-07-09,2019-08-06,119.76354217529297,105.77813720703125,-0.1167751447079935,28,VRLLOG,-0.1193751447079935
2019-10-14,2020-02-27,119.16349792480469,105.43655395507812,-0.11519420131816395,136,VRLLOG,-0.11779420131816395
2020-12-08,2022-12-14,89.85570526123047,273.68084716796875,2.04578152686374,736,VRLLOG,2.04318152686374
2023-04-25,2024-02-27,299.36822509765625,281.813720703125,-0.058638502428922885,308,VRLLOG,-0.061238502428922884
2025-06-17,2026-01-05,273.9170227050781,261.8301696777344,-0.04412596525757898,202,VRLLOG,-0.04672596525757898
2017-11-06,2018-04-03,224.3592071533203,203.72837829589844,-0.09195445606706655,148,VSTIND,-0.09455445606706656
2018-04-05,2018-04-11,209.04173278808594,205.01344299316406,-0.019270265995190133,6,VSTIND,-0.02187026599519013
2018-10-26,2018-11-22,198.13941955566406,198.39515686035156,0.0012906937209213674,27,VSTIND,-0.0013093062790786325
2018-12-12,2020-04-13,211.48941040039062,196.3361358642578,-0.07165027557382052,488,VSTIND,-0.07425027557382052
2020-10-12,2021-04-15,240.09808349609375,235.9322052001953,-0.017350735312996423,185,VSTIND,-0.019950735312996425
2021-07-28,2021-12-16,262.65899658203125,230.98162841796875,-0.12060263907301312,141,VSTIND,-0.12320263907301313
2022-07-27,2023-02-13,248.76194763183594,231.71722412109375,-0.06851821057442488,201,VSTIND,-0.07111821057442488
2023-06-08,2023-12-11,264.4772033691406,268.9805908203125,0.01702750707359201,186,VSTIND,0.014427507073592012
2024-01-08,2024-11-27,306.7920837402344,301.142578125,-0.018414769854420036,324,VSTIND,-0.021014769854420037
2017-03-28,2017-10-19,656.2052001953125,587.2047729492188,-0.10515068644008994,205,WABAG,-0.10775068644008995
2019-06-19,2019-09-05,306.3622131347656,275.5170593261719,-0.10068197867151873,78,WABAG,-0.10328197867151874
2020-09-11,2022-01-31,192.9813232421875,312.1332702636719,0.6174273500651211,507,WABAG,0.614827350065121
2022-11-11,2025-03-06,276.5617980957031,1343.4564208984375,3.85770786185567,846,WABAG,3.85510786185567
2025-07-25,2025-11-14,1615.9886474609375,1406.069580078125,-0.12990132555240416,112,WABAG,-0.13250132555240415
2019-02-27,2019-07-22,38.769596099853516,29.167781829833984,-0.24766351048098253,145,VAKRANGEE,-0.25026351048098255
2020-01-06,2020-04-13,46.61774826049805,19.907283782958984,-0.5729677102437916,98,VAKRANGEE,-0.5755677102437916
2020-12-04,2021-07-08,38.30066680908203,37.83921432495117,-0.012048157971532695,216,VAKRANGEE,-0.014648157971532695
2022-10-12,2022-12-21,32.43999099731445,25.5349063873291,-0.21285716788753084,70,VAKRANGEE,-0.21545716788753083
2023-11-15,2024-08-22,18.8607234954834,21.445341110229492,0.1370370344151981,281,VAKRANGEE,0.1344370344151981
2024-10-07,2025-03-06,27.639999389648438,13.859999656677246,-0.49855282334528533,150,VAKRANGEE,-0.5011528233452853
2017-11-03,2018-05-02,238.415771484375,223.56629943847656,-0.062283933455600377,180,VTL,-0.06488393345560038
2019-05-08,2019-07-25,212.4810028076172,169.14898681640625,-0.2039336007390941,78,VTL,-0.2065336007390941
2020-02-10,2020-04-08,191.31954956054688,122.68561553955078,-0.35873978471434526,58,VTL,-0.36133978471434525
2020-10-26,2022-05-26,143.48495483398438,275.0019836425781,0.9165910736826881,577,VTL,0.9139910736826881
2023-06-15,2024-11-25,348.50103759765625,450.07086181640625,0.29144769530359954,529,VTL,0.28884769530359955
2024-12-11,2025-02-19,518.0806884765625,422.7878723144531,-0.1839343142519398,70,VTL,-0.18653431425193978
2025-06-05,2025-08-21,482.4447021484375,416.5107727050781,-0.1366662938772887,77,VTL,-0.1392662938772887
2020-09-30,2021-07-30,306.4206237792969,338.29791259765625,0.10403114655010745,303,VARROC,0.10143114655010745
2022-01-21,2022-07-07,419.7344665527344,310.255859375,-0.26082825191097275,167,VARROC,-0.26342825191097274
2023-06-22,2024-11-01,315.6351623535156,523.2361450195312,0.6577245105331444,498,VARROC,0.6551245105331444
2025-02-10,2025-02-12,555.2130126953125,511.4315490722656,-0.07885525486967122,2,VARROC,-0.08145525486967123
2025-07-08,2026-02-25,555.1632080078125,550.0794677734375,-0.009157199470436556,232,VARROC,-0.011757199470436555
2020-08-17,2025-01-29,68.24488830566406,538.2235717773438,6.886650343197547,1626,VBL,6.884050343197547
2026-02-03,2026-02-25,449.6080627441406,454.34234619140625,0.010529801041312226,22,VBL,0.007929801041312226
2020-08-26,2022-07-01,56.094844818115234,127.2133560180664,1.2678261510580773,674,VEDL,1.2652261510580773
2022-11-17,2023-09-04,197.65797424316406,196.61854553222656,-0.0052587238886642,291,VEDL,-0.0078587238886642
2024-01-17,2025-02-27,224.90402221679688,377.794677734375,0.679804007107524,407,VEDL,0.6772040071075239
2025-07-14,2026-05-29,425.1738586425781,352.6000061035156,-0.17069217936108255,319,VEDL,-0.17329217936108254
2019-12-31,2020-03-02,1718.0396728515625,1168.1986083984375,-0.32003979485555856,62,VENKEYS,-0.32263979485555855
2020-09-22,2022-01-10,1290.0059814453125,2567.790771484375,0.9905262521398874,475,VENKEYS,0.9879262521398874
2023-08-03,2024-03-11,2141.2978515625,1732.52685546875,-0.19089870930168393,221,VENKEYS,-0.19349870930168392
2024-07-31,2024-11-26,1965.4080810546875,1690.3524169921875,-0.13994837342629537,118,VENKEYS,-0.14254837342629537
2018-06-12,2020-01-08,493.03948974609375,939.7464599609375,0.9060267575014926,575,VINATIORGA,0.9034267575014926
2020-07-07,2022-03-29,1006.5853271484375,2005.912109375,0.9927889422524787,630,VINATIORGA,0.9901889422524787
2022-04-28,2022-12-14,2083.4228515625,2011.395263671875,-0.034571756682330056,230,VINATIORGA,-0.037171756682330054
2024-06-28,2025-01-03,1882.85205078125,1776.4127197265625,-0.056530905341459374,189,VINATIORGA,-0.05913090534145937
2025-06-25,2025-10-06,1964.7869873046875,1690.4000244140625,-0.13965227002395386,103,VINATIORGA,-0.14225227002395385
2017-03-03,2017-06-07,66.6582260131836,47.574256896972656,-0.28629578459583566,96,IDEA,-0.28889578459583565
2017-08-09,2017-09-27,54.90032958984375,45.463863372802734,-0.1718835986512312,49,IDEA,-0.1744835986512312
2017-12-04,2018-03-21,56.13641357421875,47.724998474121094,-0.14983884014921625,107,IDEA,-0.15243884014921624
2020-06-12,2021-04-30,10.149999618530273,8.350000381469727,-0.17733983297638664,322,IDEA,-0.17993983297638663
2021-11-03,2022-04-18,9.899999618530273,10.100000381469727,0.02020209804504464,166,IDEA,0.017602098045044638
2023-07-27,2024-09-27,8.5,10.65999984741211,0.254117629107307,428,IDEA,0.251517629107307
2017-03-10,2018-06-14,360.5467529296875,501.22906494140625,0.3901915933747269,461,VOLTAS,0.38759159337472693
2019-03-19,2020-04-01,587.446533203125,455.1344299316406,-0.22523258848773223,379,VOLTAS,-0.22783258848773222
2020-09-04,2022-05-24,627.7780151367188,988.39697265625,0.5744370602735983,627,VOLTAS,0.5718370602735983
2023-09-18,2025-02-12,871.3754272460938,1287.892333984375,0.47799937169980417,513,VOLTAS,0.4753993716998042
2025-10-14,2026-05-14,1387.3416748046875,1289.44921875,-0.07056117309275596,212,VOLTAS,-0.07316117309275597
2017-02-17,2018-05-21,70.25557708740234,110.63093566894531,0.5746925760970334,458,WELCORP,0.5720925760970333
2018-10-03,2019-02-01,123.1257553100586,89.39739227294922,-0.2739342629994326,121,WELCORP,-0.27653426299943257
2019-06-04,2019-08-16,122.52348327636719,99.20777893066406,-0.1902958006271468,73,WELCORP,-0.19289580062714679
2019-10-27,2020-04-21,126.66477966308594,60.60821533203125,-0.5215069611833512,177,WELCORP,-0.5241069611833512
2020-10-09,2021-09-07,103.5176010131836,111.43965148925781,0.07652853619613247,333,WELCORP,0.07392853619613246
2021-11-16,2023-02-08,136.68106079101562,196.5010528564453,0.4376611632894336,449,WELCORP,0.4350611632894336
2023-06-07,2025-12-29,271.2071228027344,824.1633911132812,2.0388707442346417,936,WELCORP,2.0362707442346415
2019-06-28,2020-04-29,1557.51953125,2016.6280517578125,0.29476902940623234,306,WHIRLPOOL,0.29216902940623235
2020-08-28,2021-05-18,2142.079833984375,2046.427490234375,-0.044653958378424154,263,WHIRLPOOL,-0.04725395837842415
2021-11-08,2021-12-14,2275.579345703125,1861.1824951171875,-0.18210608712388984,36,WHIRLPOOL,-0.18470608712388983
2022-09-06,2022-11-11,1782.392578125,1516.1258544921875,-0.1493872488590104,66,WHIRLPOOL,-0.15198724885901038
2023-07-21,2024-01-05,1434.007080078125,1355.474853515625,-0.054764183282987385,168,WHIRLPOOL,-0.05736418328298738
2024-06-12,2025-01-13,1777.30615234375,1588.9725341796875,-0.10596577180341453,215,WHIRLPOOL,-0.10856577180341453
2025-09-17,2025-12-08,1341.5999755859375,914.5999755859375,-0.31827669034766476,82,WHIRLPOOL,-0.32087669034766475
2017-04-18,2018-04-12,83.5710678100586,97.37093353271484,0.16512731121278434,359,WIPRO,0.16252731121278435
2018-09-14,2019-08-29,112.08604431152344,112.92446899414062,0.0074801879909949685,349,WIPRO,0.004880187990994969
2020-07-29,2022-03-07,126.2313461303711,261.60821533203125,1.0724504915113844,586,WIPRO,1.0698504915113844
2023-07-07,2025-04-25,183.0496368408203,227.70645141601562,0.2439601375119297,658,WIPRO,0.2413601375119297
2025-12-26,2026-02-24,256.6664733886719,197.8800506591797,-0.22903818310727123,60,WIPRO,-0.23163818310727122
2017-11-27,2018-06-06,656.57568359375,598.8228149414062,-0.08796071815549872,191,WOCKPHARMA,-0.09056071815549872
2020-03-05,2020-04-01,295.8162536621094,163.94802856445312,-0.4457774833707423,27,WOCKPHARMA,-0.4483774833707423
2020-08-06,2021-09-02,293.74212646484375,387.2621154785156,0.3183744536038304,392,WOCKPHARMA,0.3157744536038304
2023-07-25,2025-10-17,233.39999389648438,1342.699951171875,4.752784859828994,815,WOCKPHARMA,4.750184859828994
2018-02-05,2018-03-23,336.280029296875,280.5432434082031,-0.1657451559202354,46,YESBANK,-0.16834515592023538
2018-06-08,2018-10-08,333.08099365234375,218.20675659179688,-0.34488379478190184,122,YESBANK,-0.34748379478190183
2021-04-22,2021-05-07,14.050000190734863,13.350000381469727,-0.049822049805148386,15,YESBANK,-0.052422049805148384
2022-01-11,2022-06-27,13.899999618530273,12.850000381469727,-0.07553951553068958,167,YESBANK,-0.07813951553068958
2022-08-04,2023-04-03,16.649999618530273,15.350000381469727,-0.07807803404474194,242,YESBANK,-0.08067803404474194
2023-09-08,2024-09-27,18.350000381469727,22.739999771118164,0.23923701898565436,385,YESBANK,0.23663701898565437
2025-06-20,2026-03-19,19.729999542236328,18.389999389648438,-0.06791688716055622,272,YESBANK,-0.07051688716055622
2017-02-28,2018-07-09,472.1921081542969,506.3217468261719,0.07227913826277367,496,ZEEL,0.06967913826277367
2020-10-12,2021-05-12,179.84805297851562,182.8321075439453,0.01659208713138617,212,ZEEL,0.013992087131386171
2021-07-07,2021-08-23,208.07810974121094,160.99644470214844,-0.2262691885158823,47,ZEEL,-0.22886918851588228
2021-09-29,2022-03-31,297.85662841796875,277.1441650390625,-0.06953836645811147,183,ZEEL,-0.07213836645811147
2022-10-12,2023-01-20,260.3408203125,216.4243927001953,-0.1686882124731328,100,ZEEL,-0.17128821247313278
2023-08-24,2024-02-20,264.4701232910156,187.1791534423828,-0.2922483979923281,180,ZEEL,-0.2948483979923281
2025-06-18,2025-09-30,131.0397186279297,112.37000274658203,-0.14247371771575532,104,ZEEL,-0.1450737177157553
2017-12-28,2018-12-20,151.76788330078125,201.95738220214844,0.3306990768389324,357,ZENSARTECH,0.3280990768389324
2019-06-26,2019-09-05,227.26004028320312,191.9042205810547,-0.1555742912748291,71,ZENSARTECH,-0.1581742912748291
2020-08-13,2022-03-11,156.87759399414062,335.11492919921875,1.1361554615105538,575,ZENSARTECH,1.1335554615105539
2023-03-06,2025-04-17,263.49932861328125,627.135498046875,1.3800269296597565,773,ZENSARTECH,1.3774269296597565
2025-06-12,2025-11-17,827.2504272460938,704.6131591796875,-0.14824684766215737,158,ZENSARTECH,-0.15084684766215736
2017-07-28,2018-11-26,171.3050994873047,223.301513671875,0.30353103521254915,486,ZYDUSWELL,0.30093103521254916
2019-07-02,2020-01-22,267.45391845703125,295.2021179199219,0.1037494594320128,204,ZYDUSWELL,0.1011494594320128
2020-08-13,2021-12-10,320.0206604003906,391.51287841796875,0.22339875784310725,484,ZYDUSWELL,0.22079875784310726
2022-10-10,2023-01-05,338.322998046875,297.5500793457031,-0.12051477119957049,87,ZYDUSWELL,-0.1231147711995705
2023-08-29,2025-01-21,326.1039123535156,370.599853515625,0.13644712460202926,511,ZYDUSWELL,0.13384712460202927
2025-06-26,2026-02-23,402.76922607421875,405.8392639160156,0.007622324753359274,242,ZYDUSWELL,0.005022324753359274
