entry_date,exit_date,entry_price,exit_price,stop_loss,take_profit,return_pct,exit_reason,holding_days,symbol,return_pct_net
2017-05-31,2017-06-27,12669.4501953125,12361.669679328133,11655.8941796875,17737.230273437497,-0.024293123319450792,trailing_stop,27,3MINDIA,-0.02689312331945079
2019-03-20,2019-04-30,21465.08984375,20966.7490057971,19747.88265625,30051.125781249997,-0.023216340652680814,trailing_stop,41,3MINDIA,-0.025816340652680812
2020-02-10,2020-02-11,22584.3984375,20777.646562500002,20777.646562500002,31618.157812499998,-0.07999999999999992,stop_loss,1,3MINDIA,-0.08259999999999992
2020-08-27,2020-09-07,19230.365234375,17727.859580098928,17691.936015625,26922.511328124998,-0.07813193540340498,trailing_stop,11,3MINDIA,-0.08073193540340498
2020-11-27,2020-12-22,20024.40234375,19120.65778444687,18422.45015625,28034.16328125,-0.045132161439275405,trailing_stop,25,3MINDIA,-0.0477321614392754
2022-08-29,2022-10-27,21265.044921875,20776.4068843448,19563.841328125,29771.062890625,-0.022978462510913664,trailing_stop,59,3MINDIA,-0.025578462510913662
2024-06-21,2024-08-14,36153.8515625,35447.56193330171,33261.543437500004,50615.392187499994,-0.01953566767228967,trailing_stop,54,3MINDIA,-0.022135667672289673
2025-08-13,2025-11-04,30059.666015625,32363.302271143933,27654.892734375,42083.532421874996,0.0766354574372684,trailing_stop,83,3MINDIA,0.0740354574372684
2017-03-15,2017-05-09,1041.77783203125,1238.4718855961846,958.43560546875,1458.48896484375,0.1888061422668422,trailing_stop,55,ABB,0.1862061422668422
2018-01-24,2018-02-06,1439.8419189453125,1359.2265760400485,1324.6545654296876,2015.7786865234373,-0.05598902340912184,trailing_stop,13,ABB,-0.05858902340912184
2019-04-15,2019-05-10,1233.3255615234375,1189.5375608762536,1134.6595166015625,1726.6557861328124,-0.03550400803587967,trailing_stop,25,ABB,-0.03810400803587967
2019-10-07,2019-11-13,1274.6190185546875,1236.5741091064556,1172.6494970703125,1784.4666259765625,-0.029848063534601656,trailing_stop,37,ABB,-0.032448063534601654
2020-12-01,2021-02-19,1095.90087890625,1534.26123046875,1008.22880859375,1534.26123046875,0.4,take_profit,80,ABB,0.39740000000000003
2026-03-05,2026-05-07,5836.14404296875,6929.990548890681,5369.25251953125,8170.60166015625,0.18742623517659257,trailing_stop,63,ABB,0.18482623517659258
2017-05-12,2017-06-28,1532.78125,1428.8986454017147,1410.15875,2145.8937499999997,-0.06777392703511038,trailing_stop,47,ACC,-0.07037392703511039
2018-09-28,2018-10-11,1440.8543701171875,1327.9278504142878,1325.5860205078125,2017.1961181640625,-0.07837469354638188,trailing_stop,13,ACC,-0.08097469354638188
2019-03-28,2019-05-15,1515.9271240234375,1453.3896313078606,1394.6529541015625,2122.2979736328125,-0.04125362738387816,trailing_stop,48,ACC,-0.04385362738387816
2020-08-13,2020-09-07,1323.061279296875,1232.9786659396939,1217.216376953125,1852.285791015625,-0.06808650118235977,trailing_stop,25,ACC,-0.07068650118235978
2022-08-24,2022-09-22,2261.1748046875,2462.4222260086135,2080.2808203125,3165.6447265624997,0.08900126646728951,trailing_stop,29,ACC,0.0864012664672895
2023-09-22,2023-11-01,1953.6346435546875,1827.9887767231673,1797.3438720703125,2735.0885009765625,-0.06431390190895894,trailing_stop,40,ACC,-0.06691390190895895
2017-12-14,2018-01-01,1517.0986328125,1466.423936969932,1395.7307421875,2123.9380859375,-0.0334023739436268,trailing_stop,18,AIAENG,-0.0360023739436268
2018-05-24,2018-06-28,1495.1458740234375,1402.4287908914919,1375.5342041015626,2093.2042236328125,-0.062012065005031224,trailing_stop,35,AIAENG,-0.06461206500503122
2020-02-13,2020-02-27,1770.829833984375,1699.3549606070928,1629.163447265625,2479.161767578125,-0.04036236119676354,trailing_stop,14,AIAENG,-0.04296236119676354
2020-07-08,2020-08-11,1611.5810546875,1564.285270762394,1482.6545703125,2256.2134765624996,-0.02934744348572468,trailing_stop,34,AIAENG,-0.03194744348572468
2022-06-08,2022-09-28,2134.403076171875,2420.036523437082,1963.6508300781252,2988.164306640625,0.1338235736510933,trailing_stop,112,AIAENG,0.1312235736510933
2025-11-20,2026-01-20,3839.60009765625,3751.83017578125,3532.43208984375,5375.440136718749,-0.022859131066429547,trailing_stop,61,AIAENG,-0.025459131066429545
2019-05-02,2019-05-10,150.2837677001953,140.4977129152381,138.2610662841797,210.39727478027342,-0.0651171775549282,trailing_stop,8,APLAPOLLO,-0.0677171775549282
2019-11-22,2020-01-27,153.40139770507812,214.76195678710937,141.1292858886719,214.76195678710937,0.39999999999999997,take_profit,66,APLAPOLLO,0.3974
2020-07-23,2020-09-14,182.78553771972656,248.55813939211805,168.16269470214846,255.89975280761718,0.35983482332854816,trailing_stop,53,APLAPOLLO,0.35723482332854817
2022-08-23,2022-08-29,1036.879638671875,953.9292675781251,953.9292675781251,1451.631494140625,-0.07999999999999993,stop_loss,6,APLAPOLLO,-0.08259999999999994
2024-06-12,2024-07-15,1569.3236083984375,1500.0823360563284,1443.7777197265625,2197.053051757812,-0.04412172987875512,trailing_stop,33,APLAPOLLO,-0.04672172987875512
2025-05-05,2025-06-30,1612.67138671875,1736.33970849376,1483.65767578125,2257.7399414062497,0.07668538227532766,trailing_stop,56,APLAPOLLO,0.07408538227532765
2019-05-24,2019-07-08,338.5445556640625,321.26727807869963,311.4609912109375,473.9623779296875,-0.05103398443809889,trailing_stop,45,AUBANK,-0.053633984438098886
2020-10-26,2020-11-26,383.9302978515625,422.9470691610062,353.2158740234375,537.5024169921875,0.10162462178103121,trailing_stop,31,AUBANK,0.0990246217810312
2022-09-16,2022-09-26,655.2998046875,611.9315225537639,602.8758203125001,917.4197265624999,-0.0661808256671427,trailing_stop,10,AUBANK,-0.0687808256671427
2022-12-21,2023-01-11,666.6914672851562,613.3561499023438,613.3561499023438,933.3680541992187,-0.07999999999999999,stop_loss,21,AUBANK,-0.08259999999999999
2023-05-16,2023-08-02,725.1925048828125,711.8605947498957,667.1771044921875,1015.2695068359375,-0.018383960180436802,trailing_stop,78,AUBANK,-0.0209839601804368
2024-09-20,2024-10-18,729.6906127929688,677.9148414415966,671.3153637695312,1021.5668579101562,-0.07095578652601107,trailing_stop,28,AUBANK,-0.07355578652601108
2025-05-28,2025-07-21,704.895263671875,755.2342925382032,648.503642578125,986.853369140625,0.07141348716702514,trailing_stop,54,AUBANK,0.06881348716702514
2023-10-13,2023-10-26,1656.199951171875,1532.7,1523.703955078125,2318.679931640625,-0.07456826157040415,trailing_stop,13,AAVAS,-0.07716826157040416
2025-03-25,2025-04-07,1957.050048828125,1925.1000000000001,1800.4860449218752,2739.8700683593747,-0.01632561663267449,trailing_stop,13,AAVAS,-0.01892561663267449
2021-10-21,2021-11-30,1198.949951171875,1286.1000000000001,1103.033955078125,1678.529931640625,0.07268864621324946,trailing_stop,40,ADANIGREEN,0.07008864621324945
2025-09-23,2025-09-26,1131.449951171875,1059.5700439453126,1040.933955078125,1584.029931640625,-0.06352902057409993,trailing_stop,3,ADANIGREEN,-0.06612902057409993
2026-05-06,2026-05-18,1353.0,1323.9,1244.76,1894.1999999999998,-0.02150776053215071,trailing_stop,12,ADANIGREEN,-0.02410776053215071
2016-08-26,2016-09-30,244.21157836914062,236.84825073848322,224.67465209960938,341.8962097167969,-0.03015142721663791,trailing_stop,35,ADANIPORTS,-0.03275142721663791
2019-01-18,2019-01-28,381.5609436035156,351.0360681152344,351.0360681152344,534.1853210449218,-0.07999999999999993,stop_loss,10,ADANIPORTS,-0.08259999999999994
2019-04-26,2019-05-15,374.3463134765625,344.3986083984375,344.3986083984375,524.0848388671875,-0.08000000000000003,stop_loss,19,ADANIPORTS,-0.08260000000000003
2019-10-18,2019-11-01,403.1777648925781,370.92354370117187,370.92354370117187,564.4488708496093,-0.08000000000000003,stop_loss,14,ADANIPORTS,-0.08260000000000003
2020-08-21,2020-09-09,342.5301208496094,329.156585325691,315.1277111816406,479.5421691894531,-0.03904338541307469,trailing_stop,19,ADANIPORTS,-0.04164338541307469
2022-01-14,2022-01-21,759.3613891601562,698.6124780273437,698.6124780273437,1063.1059448242188,-0.08000000000000002,stop_loss,7,ADANIPORTS,-0.08260000000000002
2022-04-06,2022-05-04,827.2572021484375,810.0618439173702,761.0766259765626,1158.1600830078123,-0.02078598794475274,trailing_stop,28,ADANIPORTS,-0.02338598794475274
2022-08-25,2022-09-26,799.8096923828125,871.4250378081583,735.8249169921876,1119.7335693359373,0.0895404820764145,trailing_stop,32,ADANIPORTS,0.0869404820764145
2023-08-01,2023-09-01,755.2078247070312,771.7358172868134,694.7911987304688,1057.2909545898438,0.021885356638344993,trailing_stop,31,ADANIPORTS,0.01928535663834499
2025-06-03,2025-06-19,1419.383544921875,1332.4743582943286,1305.832861328125,1987.1369628906248,-0.06123023402552553,trailing_stop,16,ADANIPORTS,-0.06383023402552553
2017-01-13,2017-01-20,7.230000019073486,7.028999948501587,6.651600017547608,10.12200002670288,-0.027800839563159076,trailing_stop,7,ADANIPOWER,-0.030400839563159074
2017-12-07,2017-12-18,6.960000038146973,6.606000137329102,6.403200035095215,9.744000053405761,-0.05086205443644217,trailing_stop,11,ADANIPOWER,-0.05346205443644217
2018-09-19,2018-09-21,5.860000133514404,5.4,5.3912001228332525,8.204000186920165,-0.07849831451087853,trailing_stop,2,ADANIPOWER,-0.08109831451087854
2020-12-02,2020-12-03,9.029999732971191,9.74699993133545,8.307599754333497,12.641999626159667,0.07940201767075139,trailing_stop,1,ADANIPOWER,0.07680201767075139
2023-08-02,2023-08-18,53.540000915527344,57.89700164794922,49.25680084228516,74.95600128173828,0.08137842095475727,trailing_stop,16,ADANIPOWER,0.07877842095475726
2019-12-31,2020-01-27,102.69999694824219,103.81499862670898,94.48399719238282,143.77999572753905,0.010856881320344394,trailing_stop,27,ABCAPITAL,0.008256881320344394
2020-10-26,2020-12-01,66.0999984741211,92.53999786376953,60.81199859619141,92.53999786376953,0.39999999999999997,take_profit,36,ABCAPITAL,0.3974
2022-01-12,2022-01-21,134.25,123.51,123.51,187.95,-0.07999999999999996,stop_loss,9,ABCAPITAL,-0.08259999999999997
2024-03-11,2024-03-13,179.85000610351562,171.27000274658204,165.46200561523438,251.79000854492185,-0.047706439064534846,trailing_stop,2,ABCAPITAL,-0.050306439064534844
2025-05-29,2025-07-28,221.27000427246094,254.38499450683594,203.56840393066406,309.7780059814453,0.1496587408820169,trailing_stop,60,ABCAPITAL,0.1470587408820169
2017-02-28,2017-03-08,155.6924591064453,144.9581039428711,143.2370623779297,217.96944274902341,-0.06894589002692314,trailing_stop,8,ABFRL,-0.07154589002692315
2018-08-27,2018-09-05,206.8506622314453,191.3997024536133,190.3026092529297,289.59092712402344,-0.07469620648612639,trailing_stop,9,ABFRL,-0.0772962064861264
2019-12-03,2020-02-03,217.49630737304688,221.51799316406252,200.09660278320314,304.4948303222656,0.018490823313692853,trailing_stop,62,ABFRL,0.015890823313692855
2020-12-02,2020-12-21,164.0500030517578,151.20000000000002,150.92600280761718,229.67000427246091,-0.07832979465232692,trailing_stop,19,ABFRL,-0.08092979465232693
2022-09-09,2022-11-07,324.95001220703125,323.55,298.9540112304688,454.9300170898437,-0.004308392535585648,trailing_stop,59,ABFRL,-0.006908392535585648
2019-05-28,2019-06-10,198.48757934570312,189.4194360221577,182.6085729980469,277.88261108398433,-0.04568620038310592,trailing_stop,13,ADVENZYMES,-0.048286200383105916
2020-02-11,2020-02-17,163.16249084472656,152.1738075750863,150.10949157714845,228.42748718261717,-0.06734809705802808,trailing_stop,6,ADVENZYMES,-0.06994809705802808
2020-07-08,2020-08-03,159.49803161621094,190.73286491752293,146.73818908691408,223.2972442626953,0.19583209262713794,trailing_stop,26,ADVENZYMES,0.19323209262713795
2022-12-15,2022-12-22,291.2099609375,267.9131640625,267.9131640625,407.6939453125,-0.07999999999999995,stop_loss,7,ADVENZYMES,-0.08259999999999995
2023-07-03,2023-09-12,272.11956787109375,301.1200838814458,250.35000244140628,380.96739501953124,0.10657269610280261,trailing_stop,71,ADVENZYMES,0.1039726961028026
2026-05-20,2026-06-25,387.22930908203125,356.25096435546874,356.25096435546874,542.1210327148438,-0.08000000000000003,stop_loss,36,ADVENZYMES,-0.08260000000000003
2018-01-19,2018-01-30,947.1594848632812,871.5411386364367,871.3867260742188,1326.0232788085937,-0.07983697300751812,trailing_stop,11,AJANTPHARM,-0.08243697300751812
2019-01-15,2019-01-30,710.4707641601562,656.893124768297,653.6331030273437,994.6590698242187,-0.07541146250429198,trailing_stop,15,AJANTPHARM,-0.07801146250429199
2019-11-01,2019-11-04,650.7699584960938,599.9384761374287,598.7083618164063,911.0779418945311,-0.07810975552119037,trailing_stop,3,AJANTPHARM,-0.08070975552119038
2022-09-13,2022-09-16,1314.3095703125,1209.1648046875,1209.1648046875,1840.0333984375,-0.07999999999999999,stop_loss,3,AJANTPHARM,-0.08259999999999999
2023-05-18,2023-07-11,1204.0064697265625,1319.65339654656,1107.6859521484375,1685.6090576171873,0.09605174866399326,trailing_stop,54,AJANTPHARM,0.09345174866399325
2026-01-01,2026-01-12,2911.725830078125,2694.040300326172,2678.787763671875,4076.416162109375,-0.07476168515018189,trailing_stop,11,AJANTPHARM,-0.0773616851501819
2016-09-08,2016-11-09,554.0156860351562,557.1596698501394,509.6944311523438,775.6219604492187,0.005674900357936115,trailing_stop,62,APLLTD,0.003074900357936115
2018-01-31,2018-02-02,506.1642761230469,465.67113403320315,465.67113403320315,708.6299865722656,-0.07999999999999996,stop_loss,2,APLLTD,-0.08259999999999997
2018-08-09,2018-10-04,535.630126953125,537.5189927377253,492.779716796875,749.882177734375,0.003526436788283169,trailing_stop,56,APLLTD,0.0009264367882831693
2019-11-13,2020-02-28,517.9713745117188,560.3744004163542,476.5336645507813,725.1599243164062,0.08186364728090996,trailing_stop,107,APLLTD,0.07926364728090995
2023-06-26,2023-09-27,604.6597290039062,717.0242322235446,556.2869506835938,846.5236206054688,0.18583096877436073,trailing_stop,93,APLLTD,0.18323096877436074
2025-07-21,2025-08-06,1000.9200439453125,920.8464404296875,920.8464404296875,1401.2880615234374,-0.08,stop_loss,16,APLLTD,-0.0826
2017-12-06,2018-01-10,1920.9490966796875,2039.2906178598382,1767.2731689453126,2689.3287353515625,0.06160575591758318,trailing_stop,35,ALKEM,0.05900575591758318
2018-09-21,2018-10-09,1924.0572509765625,1770.1326708984375,1770.1326708984375,2693.680151367187,-0.08000000000000002,stop_loss,18,ALKEM,-0.08260000000000002
2019-09-24,2020-02-19,1809.989990234375,2533.985986328125,1665.190791015625,2533.985986328125,0.39999999999999997,take_profit,148,ALKEM,0.3974
2021-06-01,2021-10-25,2942.677490234375,3480.1562571927593,2707.2632910156253,4119.748486328125,0.1826495661662114,trailing_stop,146,ALKEM,0.1800495661662114
2023-02-27,2023-05-22,3178.447998046875,3168.6383074621854,2924.172158203125,4449.827197265625,-0.00308631463869083,trailing_stop,84,ALKEM,-0.00568631463869083
2025-09-09,2026-02-13,5283.87109375,5287.980530881259,4861.16140625,7397.41953125,0.0007777322834616617,trailing_stop,157,ALKEM,-0.001822267716538338
2017-11-21,2017-11-23,36.43360137939453,36.04023742675781,33.51891326904297,51.007041931152344,-0.010796735369103274,death_cross,2,ALLCARGO,-0.013396735369103274
2017-12-11,2018-01-16,37.677459716796875,43.75539784250543,34.663262939453126,52.748443603515625,0.16131496580166121,trailing_stop,36,ALLCARGO,0.15871496580166122
2019-04-01,2019-04-30,25.761035919189453,24.02985080237932,23.700153045654297,36.06545028686523,-0.06720168871472172,trailing_stop,29,ALLCARGO,-0.06980168871472173
2020-02-07,2020-02-26,24.94517707824707,24.18072641491885,22.949562911987307,34.92324790954589,-0.03064522897273167,trailing_stop,19,ALLCARGO,-0.03324522897273167
2020-08-11,2020-08-27,24.309497833251953,29.38878248223657,22.364738006591796,34.03329696655273,0.2089423929620165,trailing_stop,16,ALLCARGO,0.2063423929620165
2022-09-27,2022-10-14,93.30064392089844,92.9604947113111,85.83659240722656,130.62090148925782,-0.0036457327119384206,trailing_stop,17,ALLCARGO,-0.00624573271193842
2024-01-12,2024-02-12,79.40859985351562,73.07717635324235,73.05591186523438,111.17203979492187,-0.07973221429357523,trailing_stop,31,ALLCARGO,-0.08233221429357523
2017-05-10,2017-05-23,226.0048065185547,207.9244219970703,207.9244219970703,316.40672912597654,-0.08,stop_loss,13,AMBUJACEM,-0.0826
2019-03-19,2019-04-24,204.4222869873047,195.30620366862792,188.06850402832032,286.1912017822265,-0.04459437105917376,trailing_stop,36,AMBUJACEM,-0.047194371059173755
2020-07-24,2020-08-31,180.29031372070312,187.21216665947622,165.86708862304687,252.40643920898435,0.038392816540860276,trailing_stop,38,AMBUJACEM,0.03579281654086028
2023-09-05,2023-10-26,435.12060546875,403.7962517113341,400.31095703125004,609.1688476562499,-0.07199004911217792,trailing_stop,51,AMBUJACEM,-0.07459004911217793
2025-06-16,2025-08-28,547.4402465820312,559.6846392015007,503.64502685546876,766.4163452148437,0.02236662849674982,trailing_stop,73,AMBUJACEM,0.019766628496749823
2017-06-22,2017-08-14,1249.7177734375,1152.333329592891,1149.7403515625,1749.6048828125,-0.07792514911326043,trailing_stop,53,APOLLOHOSP,-0.08052514911326043
2018-02-01,2018-02-06,1188.504150390625,1093.423818359375,1093.423818359375,1663.9058105468748,-0.08,stop_loss,5,APOLLOHOSP,-0.0826
2018-10-11,2018-12-06,1098.4605712890625,1172.643439341214,1010.5837255859376,1537.8447998046875,0.06753348275859966,trailing_stop,56,APOLLOHOSP,0.06493348275859966
2020-08-10,2020-08-26,1759.240966796875,1618.501689453125,1618.501689453125,2462.9373535156246,-0.08000000000000002,stop_loss,16,APOLLOHOSP,-0.08260000000000002
2022-10-10,2023-01-05,4298.92333984375,4369.39654910181,3955.00947265625,6018.49267578125,0.016393223067015947,trailing_stop,87,APOLLOHOSP,0.013793223067015947
2023-05-30,2023-08-11,4561.14453125,4787.706643773457,4196.25296875,6385.60234375,0.0496722063883747,trailing_stop,73,APOLLOHOSP,0.0470722063883747
2016-08-18,2016-10-17,154.04544067382812,183.51253563849482,141.72180541992188,215.66361694335936,0.19128832918242333,trailing_stop,60,APOLLOTYRE,0.18868832918242334
2020-10-01,2020-10-15,122.92536926269531,115.5045032474275,113.09133972167969,172.09551696777342,-0.06036887307947963,trailing_stop,14,APOLLOTYRE,-0.06296887307947963
2022-08-18,2022-08-23,254.6810760498047,234.30658996582034,234.30658996582034,356.5535064697265,-0.0799999999999999,stop_loss,5,APOLLOTYRE,-0.08259999999999991
2025-09-05,2026-01-29,476.7337646484375,480.33787923252675,438.59506347656253,667.4272705078124,0.0075600153615027945,trailing_stop,146,APOLLOTYRE,0.004960015361502795
2017-03-08,2017-03-29,37.753501892089844,34.733221740722655,34.733221740722655,52.85490264892578,-0.08000000000000003,stop_loss,21,ASHOKLEY,-0.08260000000000003
2019-12-26,2020-02-03,35.43091583251953,35.1187583614636,32.59644256591797,49.60328216552734,-0.008810313358296702,trailing_stop,39,ASHOKLEY,-0.011410313358296701
2020-09-23,2020-09-24,33.07951736450195,31.005307039786892,30.433155975341798,46.31132431030273,-0.06270376625690803,trailing_stop,1,ASHOKLEY,-0.06530376625690804
2022-06-09,2022-08-22,62.286231994628906,64.78279458885255,57.3033334350586,87.20072479248046,0.04008209381551499,trailing_stop,74,ASHOKLEY,0.03748209381551499
2023-06-21,2023-10-04,74.55081176757812,79.64748649888472,68.58674682617188,104.37113647460937,0.0683651138125248,trailing_stop,105,ASHOKLEY,0.0657651138125248
2024-05-08,2024-06-04,94.30766296386719,101.82232067613863,86.76304992675782,132.03072814941405,0.07968236595101069,trailing_stop,27,ASHOKLEY,0.07708236595101069
2025-06-04,2025-12-02,115.05369567871094,161.0751739501953,105.84940002441407,161.0751739501953,0.39999999999999997,take_profit,181,ASHOKLEY,0.3974
2016-10-18,2016-11-08,108.83663177490234,102.2827083968139,100.12970123291016,152.37128448486328,-0.06021799160087359,trailing_stop,21,ASHOKA,-0.06281799160087359
2017-01-24,2017-02-23,113.68041229248047,119.71456017579621,104.58597930908203,159.15257720947264,0.05307992609835807,trailing_stop,30,ASHOKA,0.05047992609835807
2020-11-20,2020-12-07,74.05000305175781,89.46000137329102,68.12600280761718,103.67000427246093,0.20810260211282197,trailing_stop,17,ASHOKA,0.20550260211282198
2023-01-09,2023-01-27,88.5999984741211,83.07000274658203,81.5119985961914,124.03999786376953,-0.062415302740149586,trailing_stop,18,ASHOKA,-0.06501530274014959
2023-05-11,2023-05-22,85.0,78.92999725341797,78.2,118.99999999999999,-0.07141179701861217,trailing_stop,11,ASHOKA,-0.07401179701861217
2017-04-24,2017-09-28,985.6235961914062,1053.2931641215473,906.7737084960938,1379.8730346679686,0.06865660297868899,trailing_stop,157,ASIANPAINT,0.06605660297868898
2018-05-15,2018-09-04,1221.8890380859375,1252.773558337934,1124.1379150390626,1710.6446533203125,0.02527604331435563,trailing_stop,112,ASIANPAINT,0.02267604331435563
2020-08-24,2020-12-30,1859.1209716796875,2602.769360351562,1710.3912939453126,2602.769360351562,0.39999999999999986,take_profit,128,ASIANPAINT,0.39739999999999986
2022-08-30,2022-10-12,3256.831787109375,3096.4768521412993,2996.2852441406253,4559.564501953125,-0.049236480558426346,trailing_stop,43,ASIANPAINT,-0.051836480558426344
2023-06-19,2023-08-11,3203.96728515625,3108.6141265635983,2947.64990234375,4485.55419921875,-0.02976096511172757,trailing_stop,53,ASIANPAINT,-0.03236096511172757
2024-08-26,2024-10-04,3105.15283203125,2991.6325342810032,2856.7406054687503,4347.21396484375,-0.0365586829025697,trailing_stop,39,ASIANPAINT,-0.0391586829025697
2025-08-12,2025-09-26,2453.15478515625,2318.039769533664,2256.90240234375,3434.4166992187497,-0.05507806374067826,trailing_stop,45,ASIANPAINT,-0.057678063740678256
2019-12-11,2020-01-08,112.64518737792969,118.88352528027934,103.63357238769532,157.70326232910156,0.055380421015411435,trailing_stop,28,ASTERDM,0.05278042101541144
2020-09-16,2020-09-21,100.56121826171875,100.25911875067966,92.51632080078126,140.78570556640625,-0.0030041353541764974,trailing_stop,5,ASTERDM,-0.005604135354176497
2021-06-16,2021-07-20,117.62982940673828,117.79598392511237,108.21944305419922,164.68176116943357,0.0014125202698335938,trailing_stop,34,ASTERDM,-0.001187479730166406
2022-07-22,2022-08-12,167.0985565185547,166.056309584616,153.73067199707032,233.93797912597654,-0.00623731859600447,trailing_stop,21,ASTERDM,-0.00883731859600447
2023-04-17,2023-05-30,188.81192016601562,193.72102135638048,173.70696655273437,264.33668823242186,0.0259999537425839,trailing_stop,43,ASTERDM,0.023399953742583898
2017-11-02,2017-11-08,1062.156005859375,1127.3859176342899,977.183525390625,1487.0184082031249,0.06141274108047648,trailing_stop,6,ASTRAZEN,0.05881274108047648
2018-06-01,2018-06-11,1174.2869873046875,1230.59719420355,1080.3440283203126,1644.0017822265625,0.04795267895125879,trailing_stop,10,ASTRAZEN,0.045352678951258794
2022-07-28,2022-09-26,3020.13818359375,2984.991999865125,2778.5271289062503,4228.19345703125,-0.01163727670460551,trailing_stop,60,ASTRAZEN,-0.01423727670460551
2023-06-14,2023-08-14,3596.24169921875,3796.479804897182,3308.5423632812503,5034.73837890625,0.05567982422369772,trailing_stop,61,ASTRAZEN,0.053079824223697725
2017-03-24,2017-04-27,251.04153442382812,236.45444675126808,230.9582116699219,351.45814819335936,-0.058106271960292326,trailing_stop,34,ASTRAL,-0.060706271960292324
2018-12-20,2019-01-21,481.69598388671875,484.543526119176,443.1603051757813,674.3743774414062,0.005911492575630303,trailing_stop,32,ASTRAL,0.003311492575630303
2020-09-08,2020-09-09,704.8265380859375,658.8756728482499,648.4404150390625,986.7571533203125,-0.06519457306825319,trailing_stop,1,ASTRAL,-0.06779457306825319
2022-09-16,2022-09-26,1741.1527099609375,1681.0744779738625,1601.8604931640625,2437.6137939453124,-0.03450486085647413,trailing_stop,10,ASTRAL,-0.03710486085647413
2023-06-07,2023-07-07,1910.3707275390625,1809.3990322313416,1757.5410693359377,2674.519018554687,-0.05285450297795995,trailing_stop,30,ASTRAL,-0.055454502977959945
2024-03-04,2024-03-19,2087.109375,1920.2280045663729,1920.140625,2921.953125,-0.0799581336908264,trailing_stop,15,ASTRAL,-0.0825581336908264
2025-10-28,2025-12-01,1448.81298828125,1434.15,1332.90794921875,2028.3381835937498,-0.010120690799883597,trailing_stop,34,ASTRAL,-0.012720690799883597
2026-02-12,2026-03-23,1591.5999755859375,1591.8299560546875,1464.2719775390626,2228.239965820312,0.00014449640128031175,trailing_stop,39,ASTRAL,-0.002455503598719688
2017-11-09,2018-01-22,2404.226806640625,2686.9129836967245,2211.888662109375,3365.917529296875,0.11757883086375319,trailing_stop,74,ATUL,0.11497883086375318
2022-01-17,2022-01-20,10463.9873046875,9626.8683203125,9626.8683203125,14649.5822265625,-0.07999999999999999,stop_loss,3,ATUL,-0.08259999999999999
2022-09-19,2022-10-21,9104.7470703125,8376.367304687501,8376.367304687501,12746.645898437499,-0.07999999999999989,stop_loss,32,ATUL,-0.0825999999999999
2024-07-29,2024-10-25,7804.056640625,7301.472854349616,7179.732109375001,10925.679296875,-0.06440032529481154,trailing_stop,88,ATUL,-0.06700032529481155
2025-06-25,2025-07-18,7296.51416015625,6951.57315772804,6712.7930273437505,10215.11982421875,-0.0472747663962353,trailing_stop,23,ATUL,-0.049874766396235296
2026-04-08,2026-06-17,6356.65576171875,6430.292496401152,5848.123300781251,8899.31806640625,0.011584194180509065,trailing_stop,70,ATUL,0.008984194180509065
2016-09-08,2016-09-29,766.818359375,754.772653136594,705.472890625,1073.545703125,-0.015708682624948993,trailing_stop,21,AUROPHARMA,-0.018308682624948995
2017-08-09,2017-09-25,651.8778686523438,665.9910505990656,599.7276391601563,912.6290161132812,0.0216500400234459,trailing_stop,47,AUROPHARMA,0.019050040023445902
2018-09-04,2018-09-21,648.356689453125,712.8813091176673,596.488154296875,907.6993652343749,0.09952024975475687,trailing_stop,17,AUROPHARMA,0.09692024975475687
2020-05-15,2020-08-10,642.5902709960938,899.6263793945312,591.1830493164063,899.6263793945312,0.39999999999999997,take_profit,87,AUROPHARMA,0.3974
2023-04-26,2023-05-19,608.4577026367188,578.6324338902896,559.7810864257813,851.8407836914062,-0.04901781770069304,trailing_stop,23,AUROPHARMA,-0.051617817700693035
2025-11-25,2026-01-20,1208.0,1143.7200439453125,1111.3600000000001,1691.1999999999998,-0.05321188415123141,trailing_stop,56,AUROPHARMA,-0.05581188415123141
2017-02-02,2017-04-05,168.75820922851562,236.26149291992186,155.2575524902344,236.26149291992186,0.3999999999999999,take_profit,62,AVANTIFEED,0.3973999999999999
2019-10-29,2019-11-08,395.22564697265625,464.8416122029322,363.60759521484374,553.3159057617187,0.17614232720856887,trailing_stop,10,AVANTIFEED,0.17354232720856888
2020-09-03,2020-09-09,479.1494140625,445.33966530248387,440.8174609375,670.8091796875,-0.07056201628915278,trailing_stop,6,AVANTIFEED,-0.07316201628915278
2020-09-14,2020-09-21,497.937744140625,470.36911166866054,458.102724609375,697.1128417968749,-0.05536562109695921,trailing_stop,7,AVANTIFEED,-0.057965621096959206
2021-06-08,2021-06-28,535.1423950195312,501.67673632798477,492.33100341796876,749.1993530273437,-0.06253598855744755,trailing_stop,20,AVANTIFEED,-0.06513598855744755
2022-01-13,2022-02-11,584.6152954101562,540.017724606819,537.8460717773438,818.4614135742187,-0.07628533011961026,trailing_stop,29,AVANTIFEED,-0.07888533011961027
2022-10-10,2022-10-25,467.70220947265625,430.28603271484377,430.28603271484377,654.7830932617187,-0.07999999999999996,stop_loss,15,AVANTIFEED,-0.08259999999999997
2023-07-27,2023-09-14,380.3261413574219,424.2747212940211,349.9000500488281,532.4565979003906,0.11555498073243761,trailing_stop,49,AVANTIFEED,0.11295498073243761
2025-12-18,2026-01-08,846.4519653320312,792.0192051641668,778.7358081054688,1185.0327514648436,-0.06430696885027909,trailing_stop,21,AVANTIFEED,-0.0669069688502791
2019-01-08,2019-01-14,1572.4000244140625,1452.6000000000001,1446.6080224609375,2201.3600341796873,-0.07618927916177343,trailing_stop,6,DMART,-0.07878927916177343
2019-08-28,2019-11-18,1553.300048828125,1809.0,1429.0360449218751,2174.6200683593747,0.16461722985509838,trailing_stop,82,DMART,0.1620172298550984
2020-12-07,2020-12-21,2526.449951171875,2479.5,2324.333955078125,3537.029931640625,-0.018583368789909183,trailing_stop,14,DMART,-0.02118336878990918
2022-09-09,2022-10-18,4386.10009765625,4140.0,4035.21208984375,6140.54013671875,-0.056109092856261006,trailing_stop,39,DMART,-0.058709092856261004
2026-05-05,2026-05-29,4358.7001953125,4010.0041796875003,4010.0041796875003,6102.1802734375,-0.07999999999999995,stop_loss,24,DMART,-0.08259999999999995
2017-06-08,2017-08-09,507.5861511230469,489.71478802449826,466.97925903320316,710.6206115722656,-0.03520853171231678,trailing_stop,62,AXISBANK,-0.03780853171231678
2018-08-16,2018-09-18,619.6098022460938,606.3966935645005,570.0410180664063,867.4537231445312,-0.021324886458696294,trailing_stop,33,AXISBANK,-0.023924886458696296
2019-12-30,2020-02-28,750.3856811523438,690.3548266601563,690.3548266601563,1050.539953613281,-0.07999999999999996,stop_loss,60,AXISBANK,-0.08259999999999997
2020-11-14,2020-12-21,610.1300048828125,573.162968474569,561.3196044921875,854.1820068359375,-0.06058878618064978,trailing_stop,37,AXISBANK,-0.06318878618064978
2022-09-08,2022-09-27,777.0904541015625,732.0744801221028,714.9232177734375,1087.9266357421875,-0.05792887268381791,trailing_stop,19,AXISBANK,-0.06052887268381791
2025-05-21,2025-07-18,1195.85498046875,1120.4775519655752,1100.18658203125,1674.19697265625,-0.06303224867084502,trailing_stop,58,AXISBANK,-0.06563224867084502
2025-10-15,2026-03-09,1168.6986083984375,1275.4863224013454,1075.2027197265625,1636.1780517578125,0.0913731848703472,trailing_stop,145,AXISBANK,0.08877318487034719
2020-04-21,2020-05-04,1034.5853271484375,992.3499536039628,951.8185009765625,1448.4194580078124,-0.04082348012887963,trailing_stop,13,BASF,-0.04342348012887963
2022-08-29,2022-09-16,3236.2158203125,2986.2315033705413,2977.3185546875,4530.7021484375,-0.07724587321182409,trailing_stop,18,BASF,-0.0798458732118241
2023-07-25,2023-08-14,2617.62060546875,2478.3082351685825,2408.21095703125,3664.66884765625,-0.05322099390916894,trailing_stop,20,BASF,-0.05582099390916894
2017-01-16,2017-05-19,474.12542724609375,506.6510771949225,436.19539306640627,663.7755981445312,0.06860136174883187,trailing_stop,123,BEML,0.06600136174883187
2019-01-25,2019-01-29,337.7199401855469,315.6423730601352,310.70234497070317,472.8079162597656,-0.06537241216281764,trailing_stop,4,BEML,-0.06797241216281764
2019-11-05,2020-01-07,389.2604675292969,381.3483682332013,358.11963012695315,544.9646545410155,-0.020325976964254852,trailing_stop,63,BEML,-0.02292597696425485
2020-12-02,2020-12-17,291.7588195800781,331.25792285506975,268.41811401367187,408.46234741210935,0.13538272238639365,trailing_stop,15,BEML,0.13278272238639366
2022-09-21,2022-09-28,766.3858032226562,718.601344385687,705.0749389648438,1072.9401245117188,-0.06235039667493239,trailing_stop,7,BEML,-0.0649503966749324
2023-06-30,2023-07-31,796.8515014648438,909.9755162090786,733.1033813476563,1115.5921020507812,0.1419637341917285,trailing_stop,31,BEML,0.1393637341917285
2025-06-18,2025-07-02,2225.32958984375,2187.0059630580263,2047.30322265625,3115.46142578125,-0.01722155089323851,trailing_stop,14,BEML,-0.01982155089323851
2019-07-02,2019-07-12,62.01455307006836,57.05338882446289,57.05338882446289,86.8203742980957,-0.07999999999999997,stop_loss,10,BSE,-0.08259999999999998
2020-08-06,2020-09-21,51.74228286743164,56.939922907488274,47.60290023803711,72.43919601440429,0.10045246850382408,trailing_stop,46,BSE,0.09785246850382408
2023-06-28,2023-07-12,199.71763610839844,230.3875877489496,183.74022521972657,279.6046905517578,0.15356656646939681,trailing_stop,14,BSE,0.15096656646939682
2017-03-01,2018-02-06,2146.69287109375,2468.9842490359706,1974.9574414062502,3005.37001953125,0.15013390237701382,trailing_stop,342,BAJAJ-AUTO,0.14753390237701383
2019-03-07,2019-06-17,2356.986572265625,2288.4175946127557,2168.427646484375,3299.7812011718747,-0.029091798171322715,trailing_stop,102,BAJAJ-AUTO,-0.03169179817132271
2019-10-15,2020-02-24,2485.714599609375,2462.346567175617,2286.8574316406252,3480.0004394531247,-0.009400931401147231,trailing_stop,132,BAJAJ-AUTO,-0.012000931401147231
2020-07-27,2020-09-04,2604.713134765625,2451.733294842767,2396.336083984375,3646.5983886718745,-0.058731934001101924,trailing_stop,39,BAJAJ-AUTO,-0.06133193400110192
2022-05-11,2022-09-16,3223.2666015625,3442.193966701155,2965.4052734375,4512.5732421875,0.06792096100041142,trailing_stop,128,BAJAJ-AUTO,0.06532096100041142
2023-03-16,2023-09-18,3517.751953125,4924.852734374999,3236.3317968750002,4924.852734374999,0.3999999999999998,take_profit,186,BAJAJ-AUTO,0.3973999999999998
2025-08-25,2025-10-03,8629.060546875,8422.468132602562,7938.735703125,12080.684765625,-0.02394147232484712,trailing_stop,39,BAJAJ-AUTO,-0.026541472324847118
2016-09-02,2016-11-09,326.51544189453125,301.9928443816066,300.3942065429688,457.1216186523437,-0.07510394415234363,trailing_stop,68,BAJAJCON,-0.07770394415234363
2017-04-12,2017-04-18,346.577880859375,322.8113527151095,318.851650390625,485.209033203125,-0.06857485562937256,trailing_stop,6,BAJAJCON,-0.07117485562937256
2017-07-17,2017-07-28,332.2537841796875,333.3322183380584,305.6734814453125,465.15529785156247,0.0032458145240797744,trailing_stop,11,BAJAJCON,0.0006458145240797746
2020-09-22,2020-11-12,154.88204956054688,158.69205629198228,142.49148559570312,216.83486938476562,0.024599408015620237,trailing_stop,51,BAJAJCON,0.02199940801562024
2022-09-22,2022-10-20,155.4453125,143.0096875,143.0096875,217.6234375,-0.07999999999999992,stop_loss,28,BAJAJCON,-0.08259999999999992
2023-05-30,2023-08-18,179.97154235839844,251.96015930175778,165.57381896972657,251.96015930175778,0.39999999999999986,take_profit,80,BAJAJCON,0.39739999999999986
2025-07-18,2025-07-29,240.49000549316406,228.14100494384766,221.25080505371093,336.6860076904297,-0.051349329565662225,trailing_stop,11,BAJAJCON,-0.05394932956566222
2017-03-09,2017-04-03,247.49378967285156,294.94215650545544,227.69428649902343,346.4913055419922,0.19171538362769938,trailing_stop,25,BAJAJELEC,0.1891153836276994
2019-05-02,2019-06-07,502.958984375,462.72226562500003,462.72226562500003,704.142578125,-0.07999999999999993,stop_loss,36,BAJAJELEC,-0.08259999999999994
2020-06-18,2020-06-29,373.7816467285156,364.3060148980633,343.87911499023437,523.2943054199219,-0.02535071455055851,trailing_stop,11,BAJAJELEC,-0.02795071455055851
2022-08-29,2022-09-16,1118.1536865234375,1042.041732636244,1028.7013916015626,1565.4151611328125,-0.06806931355191498,trailing_stop,18,BAJAJELEC,-0.07066931355191498
2023-06-16,2023-08-11,1131.6693115234375,1102.405360220623,1041.1357666015626,1584.3370361328125,-0.02585910124523908,trailing_stop,56,BAJAJELEC,-0.02845910124523908
2017-02-20,2017-05-23,105.80816650390625,119.39260962538832,97.34351318359376,148.13143310546874,0.12838747301211909,trailing_stop,92,BAJFINANCE,0.1257874730121191
2018-04-24,2018-07-20,185.6397247314453,259.89561462402344,170.7885467529297,259.89561462402344,0.4,take_profit,87,BAJFINANCE,0.39740000000000003
2020-09-09,2020-09-22,333.24139404296875,313.2532914962157,306.58208251953124,466.53795166015624,-0.05998085143100725,trailing_stop,13,BAJFINANCE,-0.06258085143100725
2022-09-12,2022-10-27,713.170654296875,685.1112371959986,656.117001953125,998.438916015625,-0.039344604172672534,trailing_stop,45,BAJFINANCE,-0.04194460417267253
2023-06-20,2023-08-02,709.4417724609375,707.6510832219845,652.6864306640625,993.2184814453125,-0.002524082043747357,trailing_stop,43,BAJFINANCE,-0.005124082043747357
2024-09-24,2024-10-15,746.2002563476562,695.5658248952194,686.5042358398438,1044.6803588867188,-0.06785635762211016,trailing_stop,21,BAJFINANCE,-0.07045635762211017
2025-01-28,2025-04-07,751.376220703125,823.2329605807636,691.266123046875,1051.926708984375,0.0956335027616342,trailing_stop,69,BAJFINANCE,0.09303350276163419
2018-04-03,2018-09-05,535.8626098632812,645.4210944614821,492.99360107421876,750.2076538085937,0.2044525641118221,trailing_stop,155,BAJAJFINSV,0.20185256411182212
2019-01-14,2019-02-15,634.3453979492188,585.8092851498441,583.5977661132813,888.0835571289062,-0.07651369893481932,trailing_stop,32,BAJAJFINSV,-0.07911369893481933
2020-11-23,2021-01-18,874.718994140625,847.8673318887835,804.741474609375,1224.606591796875,-0.03069747248168784,trailing_stop,56,BAJAJFINSV,-0.03329747248168784
2022-09-19,2022-09-29,1761.5447998046875,1633.9139833778443,1620.6212158203125,2466.1627197265625,-0.07245391456464485,trailing_stop,10,BAJAJFINSV,-0.07505391456464486
2023-07-14,2023-08-03,1611.02197265625,1495.4599886823844,1482.14021484375,2255.4307617187496,-0.0717320967282198,trailing_stop,20,BAJAJFINSV,-0.0743320967282198
2024-09-04,2024-10-17,1869.393310546875,1824.4636280431425,1719.841845703125,2617.150634765625,-0.02403436572188689,trailing_stop,43,BAJAJFINSV,-0.02663436572188689
2025-02-07,2025-03-05,1795.9417724609375,1742.583322548341,1652.2664306640627,2514.3184814453125,-0.029710567865171233,trailing_stop,26,BAJAJFINSV,-0.03231056786517123
2018-06-28,2018-09-21,2532.470947265625,2573.0447070061878,2329.873271484375,3545.4593261718746,0.01602141173006202,trailing_stop,85,BAJAJHLDNG,0.01342141173006202
2018-12-19,2019-03-28,2610.528564453125,3045.0234972577364,2401.686279296875,3654.7399902343745,0.16643944782716175,trailing_stop,99,BAJAJHLDNG,0.16383944782716175
2020-02-20,2020-02-28,3306.7958984375,3048.653189831921,3042.2522265625003,4629.5142578125,-0.07806430046908992,trailing_stop,8,BAJAJHLDNG,-0.08066430046908993
2020-12-01,2020-12-22,2813.425537109375,2617.759894702953,2588.351494140625,3938.7957519531246,-0.06954711963248078,trailing_stop,21,BAJAJHLDNG,-0.07214711963248079
2022-09-08,2022-09-27,5997.19775390625,6248.777564060533,5517.4219335937505,8396.07685546875,0.04194956052439954,trailing_stop,19,BAJAJHLDNG,0.03934956052439954
2019-11-28,2020-02-28,875.052978515625,1095.5440493946883,805.048740234375,1225.074169921875,0.25197453901944084,trailing_stop,92,BALKRISIND,0.24937453901944084
2020-06-03,2020-09-07,1074.64794921875,1212.285417378952,988.6761132812501,1504.5071289062498,0.12807679785762577,trailing_stop,96,BALKRISIND,0.12547679785762578
2022-07-25,2022-08-05,2284.318603515625,2144.1916557959526,2101.573115234375,3198.046044921875,-0.061342996333354494,trailing_stop,11,BALKRISIND,-0.0639429963333545
2023-01-19,2023-02-13,2164.095703125,2064.6692799365696,1990.968046875,3029.7339843749996,-0.04594363504574058,trailing_stop,25,BALKRISIND,-0.04854363504574058
2023-05-23,2023-05-30,2356.335205078125,2193.7703784774476,2167.828388671875,3298.869287109375,-0.06899053506917642,trailing_stop,7,BALKRISIND,-0.07159053506917643
2024-05-29,2024-06-04,3051.762939453125,2807.621904296875,2807.621904296875,4272.468115234375,-0.07999999999999997,stop_loss,6,BALKRISIND,-0.08259999999999998
2026-02-23,2026-03-02,2500.3017578125,2303.8152439556284,2300.2776171875003,3500.4224609374996,-0.07858512007317732,trailing_stop,7,BALKRISIND,-0.08118512007317732
2019-11-01,2019-11-14,97.61406707763672,93.82084461793133,89.80494171142578,136.6596939086914,-0.03885938341948682,trailing_stop,13,BALMLAWRIE,-0.041459383419486816
2020-08-14,2020-09-22,84.47513580322266,82.17397314868896,77.71712493896484,118.2651901245117,-0.027240709738473253,trailing_stop,39,BALMLAWRIE,-0.029840709738473255
2022-09-21,2022-12-23,100.44990539550781,101.90670777129179,92.41391296386719,140.62986755371094,0.014502774990658466,trailing_stop,93,BALMLAWRIE,0.011902774990658466
2023-05-30,2023-09-12,109.91477966308594,137.35421903908707,101.12159729003906,153.8806915283203,0.2496428547653857,trailing_stop,105,BALMLAWRIE,0.2470428547653857
2025-07-08,2025-09-26,201.55238342285156,201.72174118640362,185.42819274902345,282.17333679199214,0.0008402667369938702,trailing_stop,80,BALMLAWRIE,-0.0017597332630061298
2018-11-01,2018-11-19,99.40886688232422,98.4847749645499,91.45615753173828,139.1724136352539,-0.009295870144744917,trailing_stop,18,BALRAMCHIN,-0.011895870144744917
2020-09-04,2020-09-09,147.2824249267578,136.49821866664675,135.4998309326172,206.19539489746091,-0.07322127039579875,trailing_stop,5,BALRAMCHIN,-0.07582127039579875
2023-01-20,2023-02-06,379.24114990234375,348.90185791015625,348.90185791015625,530.9376098632812,-0.07999999999999999,stop_loss,17,BALRAMCHIN,-0.08259999999999999
2024-07-08,2024-08-30,418.11688232421875,585.3636352539062,384.66753173828124,585.3636352539062,0.39999999999999986,take_profit,53,BALRAMCHIN,0.39739999999999986
2025-05-27,2025-08-01,553.9534301757812,560.7717309680846,509.63715576171876,775.5348022460937,0.012308436812350424,trailing_stop,66,BALRAMCHIN,0.009708436812350424
2026-04-30,2026-08-03,521.0499877929688,598.95,479.36598876953127,729.4699829101562,0.1495058325152167,trailing_stop,95,BALRAMCHIN,0.14690583251521672
2019-05-09,2019-06-07,553.7611694335938,548.9729686688371,509.46027587890626,775.2656372070312,-0.008646689275187336,trailing_stop,29,BANDHANBNK,-0.011246689275187335
2019-11-07,2019-11-20,553.621337890625,516.7489823371421,509.331630859375,775.0698730468749,-0.06660212139577515,trailing_stop,13,BANDHANBNK,-0.06920212139577515
2020-11-12,2020-12-21,328.8526611328125,377.4186845747781,302.5444482421875,460.3937255859375,0.14768323076562073,trailing_stop,39,BANDHANBNK,0.14508323076562074
2023-09-29,2023-10-19,247.42446899414062,227.6305114746094,227.6305114746094,346.3942565917969,-0.07999999999999993,stop_loss,20,BANDHANBNK,-0.08259999999999994
2025-06-20,2025-07-29,178.42010498046875,171.66380941120124,164.14649658203126,249.78814697265622,-0.03786734443412139,trailing_stop,39,BANDHANBNK,-0.04046734443412139
2017-12-13,2018-01-17,140.61878967285156,133.6672809124256,129.36928649902345,196.86630554199218,-0.049435134355789716,trailing_stop,35,BANKBARODA,-0.052035134355789714
2020-12-16,2020-12-21,57.02037811279297,52.477640131081735,52.45874786376953,79.82852935791016,-0.07966867516601113,trailing_stop,5,BANKBARODA,-0.08226867516601113
2025-06-03,2026-02-02,237.52682495117188,273.1792815733048,218.52467895507814,332.5375549316406,0.15009865361296343,trailing_stop,244,BANKBARODA,0.14749865361296344
2016-08-16,2016-09-29,95.33609008789062,96.60439628007428,87.70920288085938,133.47052612304688,0.013303526408670661,trailing_stop,44,BANKINDIA,0.010703526408670661
2019-01-18,2019-01-25,87.3772201538086,80.38704254150392,80.38704254150392,122.32810821533202,-0.07999999999999988,stop_loss,7,BANKINDIA,-0.08259999999999988
2020-12-14,2020-12-21,44.94415283203125,41.34862060546875,41.34862060546875,62.92181396484374,-0.07999999999999993,stop_loss,7,BANKINDIA,-0.08259999999999994
2022-09-08,2022-09-26,46.77946090698242,43.58227067834641,43.03710403442383,65.49124526977539,-0.0683460255130642,trailing_stop,18,BANKINDIA,-0.07094602551306421
2023-08-01,2023-10-20,78.39193725585938,93.57694809819291,72.12058227539063,109.74871215820312,0.193706283756861,trailing_stop,80,BANKINDIA,0.191106283756861
2025-05-20,2025-06-19,108.55673217773438,109.5341859191088,99.87219360351563,151.97942504882812,0.009004082213658417,trailing_stop,30,BANKINDIA,0.0064040822136584175
2017-02-21,2017-02-22,31.690185546875,29.751192176665672,29.154970703125002,44.366259765624996,-0.061185926707221,trailing_stop,1,MAHABANK,-0.063785926707221
2018-12-28,2019-01-21,12.855453491210938,12.261796096551008,11.827017211914063,17.997634887695312,-0.04617942066888607,trailing_stop,24,MAHABANK,-0.04877942066888607
2020-08-06,2020-08-21,10.122068405151367,11.147088066250012,9.312302932739259,14.170895767211913,0.10126583027012415,trailing_stop,15,MAHABANK,0.09866583027012414
2022-09-22,2022-09-26,16.412153244018555,15.099180984497071,15.099180984497071,22.977014541625977,-0.07999999999999996,stop_loss,4,MAHABANK,-0.08259999999999997
2025-06-20,2025-08-07,52.266258239746094,51.33580538800248,48.08495758056641,73.17276153564453,-0.01780217071357234,trailing_stop,48,MAHABANK,-0.020402170713572337
2017-03-27,2017-05-23,495.5751953125,486.5984293600942,455.92917968750004,693.8052734375,-0.01811383224445934,trailing_stop,57,BATAINDIA,-0.020713832244459343
2020-11-24,2020-12-21,1397.989501953125,1375.8714579836596,1286.150341796875,1957.1853027343748,-0.01582132336370505,trailing_stop,27,BATAINDIA,-0.01842132336370505
2021-06-23,2021-08-31,1544.4981689453125,1496.5117667152201,1420.9383154296875,2162.297436523437,-0.03106925161514483,trailing_stop,69,BATAINDIA,-0.03366925161514483
2022-09-08,2022-09-26,1832.6744384765625,1711.1795538079975,1686.0604833984376,2565.744213867187,-0.06629376288434478,trailing_stop,18,BATAINDIA,-0.06889376288434479
2023-07-17,2023-09-28,1621.7369384765625,1539.0668678743018,1491.9979833984376,2270.431713867187,-0.05097625184508643,trailing_stop,73,BATAINDIA,-0.05357625184508643
2024-08-05,2024-08-07,1514.578857421875,1413.717209280668,1393.412548828125,2120.410400390625,-0.06659385719466225,trailing_stop,2,BATAINDIA,-0.06919385719466226
2024-10-21,2024-11-05,1401.7349853515625,1292.421600411411,1289.5961865234376,1962.4289794921874,-0.07798434517401673,trailing_stop,15,BATAINDIA,-0.08058434517401673
2017-04-25,2017-05-23,202.72158813476562,190.11358115013883,186.5038610839844,283.81022338867183,-0.062193706652718325,trailing_stop,28,BERGEPAINT,-0.06479370665271833
2018-04-27,2018-06-06,222.14247131347656,218.43479113115097,204.37107360839843,310.99945983886715,-0.016690550710104834,trailing_stop,40,BERGEPAINT,-0.019290550710104833
2020-06-09,2020-06-17,395.2254638671875,403.445068359375,363.6074267578125,553.3156494140625,0.020797254336197415,death_cross,8,BERGEPAINT,0.018197254336197413
2020-06-24,2020-06-25,435.79962158203125,419.1992492675781,400.9356518554688,610.1194702148437,-0.038091754770669096,death_cross,1,BERGEPAINT,-0.040691754770669095
2020-08-04,2020-12-23,423.591064453125,593.0274902343749,389.70377929687504,593.0274902343749,0.3999999999999998,take_profit,141,BERGEPAINT,0.3973999999999998
2023-05-31,2023-09-25,528.5615844726562,599.3062571797016,486.2766577148438,739.9862182617187,0.13384376539136303,trailing_stop,117,BERGEPAINT,0.13124376539136304
2024-09-10,2024-10-07,593.2592163085938,558.5559245377804,545.7984790039063,830.5629028320312,-0.058496001101754305,trailing_stop,27,BERGEPAINT,-0.0610960011017543
2025-05-14,2025-06-20,545.1478271484375,522.1765682731708,501.53600097656255,763.2069580078124,-0.04213766932801493,trailing_stop,37,BERGEPAINT,-0.04473766932801493
2019-05-31,2019-07-08,135.4645538330078,140.79246770425829,124.6273895263672,189.65037536621094,0.039330686297600705,trailing_stop,38,BDL,0.036730686297600706
2020-07-14,2020-07-16,181.0916748046875,171.83204887155273,166.6043408203125,253.5283447265625,-0.05113225631780997,trailing_stop,2,BDL,-0.053732256317809965
2023-12-07,2023-12-18,641.691650390625,709.717489353122,590.356318359375,898.3683105468749,0.10601016690974051,trailing_stop,11,BDL,0.1034101669097405
2025-04-30,2025-05-13,1523.5579833984375,1586.707584950583,1401.6733447265626,2132.9811767578126,0.0414487681074562,trailing_stop,13,BDL,0.0388487681074562
2020-08-06,2020-08-31,29.87081527709961,32.14920105902399,27.481150054931643,41.81914138793945,0.07627464335300875,trailing_stop,25,BEL,0.07367464335300875
2023-05-25,2023-10-23,106.70906829833984,129.5336764712954,98.17234283447266,149.39269561767577,0.21389567481876937,trailing_stop,151,BEL,0.21129567481876937
2025-05-12,2025-07-21,320.6876220703125,389.83218999082743,295.0326123046875,448.96267089843747,0.21561346045764937,trailing_stop,70,BEL,0.21301346045764938
2016-09-14,2016-09-29,401.25604248046875,406.5365281323393,369.1555590820313,561.7584594726562,0.013159890675359932,trailing_stop,15,BHARATFORG,0.010559890675359932
2019-12-23,2020-02-03,479.4141845703125,460.2662448698021,441.0610498046875,671.1798583984374,-0.03994028611746695,trailing_stop,42,BHARATFORG,-0.04254028611746695
2020-08-26,2020-09-08,480.25091552734375,452.0987894739676,441.8308422851563,672.3512817382812,-0.05861961975119498,trailing_stop,13,BHARATFORG,-0.06121961975119498
2022-09-02,2022-09-26,747.4322509765625,702.9148505352466,687.6376708984375,1046.4051513671875,-0.059560448967985236,trailing_stop,24,BHARATFORG,-0.062160448967985234
2023-07-31,2023-10-25,915.5453491210938,1015.6021691622641,842.3017211914063,1281.7634887695312,0.10928658000089564,trailing_stop,86,BHARATFORG,0.10668658000089563
2025-10-06,2026-02-12,1229.459716796875,1721.243603515625,1131.1029394531251,1721.243603515625,0.39999999999999997,take_profit,129,BHARATFORG,0.3974
2016-08-26,2016-09-07,85.0914535522461,88.71906361522515,78.28413726806642,119.12803497314452,0.04263189675978104,trailing_stop,12,BHEL,0.04003189675978104
2017-02-21,2017-05-18,95.08268737792969,101.15605086412047,87.47607238769531,133.11576232910156,0.06387454597334527,trailing_stop,86,BHEL,0.06127454597334527
2018-01-29,2018-02-02,94.59359741210938,87.02610961914063,87.02610961914063,132.43103637695313,-0.07999999999999999,stop_loss,4,BHEL,-0.08259999999999999
2019-05-27,2019-06-19,69.83849334716797,64.25141387939453,64.25141387939453,97.77389068603514,-0.07999999999999997,stop_loss,23,BHEL,-0.08259999999999998
2019-06-24,2019-07-03,70.79914093017578,70.07865905761719,65.13520965576173,99.1187973022461,-0.01017642111320467,death_cross,9,BHEL,-0.01277642111320467
2020-08-18,2020-08-31,36.835941314697266,37.578558429854944,33.889066009521486,51.570317840576166,0.020160123201775747,trailing_stop,13,BHEL,0.017560123201775746
2020-12-23,2021-01-18,33.39332962036133,37.445771907059445,30.721863250732422,46.750661468505854,0.12135484340043681,trailing_stop,26,BHEL,0.11875484340043681
2022-09-14,2022-09-23,62.06535339355469,57.10012512207032,57.10012512207032,86.89149475097656,-0.07999999999999993,stop_loss,9,BHEL,-0.08259999999999994
2025-06-11,2025-07-25,255.63645935058594,243.5907252651959,235.18554260253907,357.8910430908203,-0.047120563772439894,trailing_stop,44,BHEL,-0.04972056377243989
2019-03-15,2019-04-03,124.10523986816406,115.52781753756598,114.17682067871094,173.74733581542966,-0.06911410299605242,trailing_stop,19,BPCL,-0.07171410299605242
2019-09-23,2019-10-07,144.56732177734375,157.2813294719367,133.00193603515626,202.39425048828124,0.08794523920263594,trailing_stop,14,BPCL,0.08534523920263594
2020-08-24,2020-09-22,138.58242797851562,132.7144422205266,127.49583374023437,194.01539916992186,-0.042342927913622236,trailing_stop,29,BPCL,-0.044942927913622234
2023-01-11,2023-02-03,148.4423828125,136.5669921875,136.5669921875,207.8193359375,-0.07999999999999996,stop_loss,23,BPCL,-0.08259999999999997
2023-11-07,2024-01-29,158.7418670654297,222.23861389160155,146.04251770019533,222.23861389160155,0.3999999999999999,take_profit,83,BPCL,0.3973999999999999
2025-05-30,2025-06-13,298.8526916503906,282.5678486602386,274.94447631835936,418.3937683105469,-0.054491204011649495,trailing_stop,14,BPCL,-0.05709120401164949
2017-03-06,2017-03-22,305.96893310546875,281.6944919828592,281.4914184570313,428.35650634765625,-0.07933629364338789,trailing_stop,16,BHARTIARTL,-0.08193629364338789
2019-05-02,2019-07-26,306.0560302734375,315.340589962952,281.5715478515625,428.4784423828125,0.030336143617949438,trailing_stop,85,BHARTIARTL,0.02773614361794944
2021-01-25,2021-02-26,550.2168579101562,531.2208890924222,506.1995092773438,770.3036010742187,-0.03452451255289571,trailing_stop,32,BHARTIARTL,-0.03712451255289571
2022-09-13,2022-12-29,760.3323974609375,750.874892853265,699.5058056640626,1064.4653564453124,-0.0124386447812233,trailing_stop,107,BHARTIARTL,-0.0150386447812233
2023-06-08,2024-01-23,810.504150390625,1134.705810546875,745.663818359375,1134.705810546875,0.4,take_profit,229,BHARTIARTL,0.39740000000000003
2017-07-19,2017-07-21,204.890625,194.08711946131498,188.49937500000001,286.84687499999995,-0.052728159420105315,trailing_stop,2,BIOCON,-0.05532815942010531
2017-11-06,2017-11-13,202.94488525390625,186.70929443359375,186.70929443359375,284.1228393554687,-0.07999999999999997,stop_loss,7,BIOCON,-0.08259999999999998
2019-12-18,2020-02-28,290.73822021484375,287.8708902363561,267.4791625976563,407.03350830078125,-0.00986223956509332,trailing_stop,72,BIOCON,-0.01246223956509332
2022-02-23,2022-02-28,390.9962463378906,359.7165466308594,359.7165466308594,547.3947448730469,-0.07999999999999995,stop_loss,5,BIOCON,-0.08259999999999995
2023-07-27,2023-10-18,255.09902954101562,250.9253877435788,234.69110717773438,357.1386413574219,-0.01636086897290912,trailing_stop,83,BIOCON,-0.01896086897290912
2024-01-15,2024-01-25,280.0013122558594,259.30749767599434,257.60120727539066,392.0018371582031,-0.07390613427181175,trailing_stop,10,BIOCON,-0.07650613427181176
2025-07-14,2025-08-06,378.6471862792969,364.96354714133525,348.35541137695316,530.1060607910156,-0.03613823008278827,trailing_stop,23,BIOCON,-0.03873823008278827
2026-05-20,2026-07-08,432.18316650390625,397.60851318359374,397.60851318359374,605.0564331054687,-0.08000000000000002,stop_loss,49,BIOCON,-0.08260000000000002
2019-06-27,2019-07-22,549.6542358398438,548.8535704630724,505.68189697265626,769.5159301757812,-0.0014566709843470463,trailing_stop,25,BIRLACORPN,-0.004056670984347047
2020-08-21,2020-09-09,567.3634643554688,558.4850538653568,521.9743872070313,794.3088500976562,-0.015648541099131084,trailing_stop,19,BIRLACORPN,-0.018248541099131085
2023-06-02,2023-08-11,1127.2550048828125,1108.0305955736173,1037.0746044921875,1578.1570068359374,-0.017054179600820393,trailing_stop,70,BIRLACORPN,-0.019654179600820394
2025-06-04,2025-06-20,1331.569580078125,1250.8624662425564,1225.044013671875,1864.197412109375,-0.06061051186738093,trailing_stop,16,BIRLACORPN,-0.06321051186738093
2016-09-28,2016-09-29,141.0836639404297,129.79697082519533,129.79697082519533,197.51712951660156,-0.07999999999999988,stop_loss,1,BLISSGVS,-0.08259999999999988
2017-09-06,2017-10-05,158.8082275390625,147.88836931391322,146.1035693359375,222.33151855468748,-0.06876128771390824,trailing_stop,29,BLISSGVS,-0.07136128771390825
2019-04-16,2019-05-03,171.03384399414062,157.72910170675007,157.35113647460938,239.44738159179687,-0.07779011438137562,trailing_stop,17,BLISSGVS,-0.08039011438137562
2019-12-31,2020-02-03,145.86036682128906,134.19153747558593,134.19153747558593,204.2045135498047,-0.08000000000000004,stop_loss,34,BLISSGVS,-0.08260000000000005
2020-09-04,2020-09-25,144.0697784423828,137.51245880864604,132.54419616699218,201.69768981933592,-0.04551488663779134,trailing_stop,21,BLISSGVS,-0.048114886637791336
2023-04-20,2023-05-10,75.17533111572266,77.33580700464775,69.16130462646484,105.24546356201171,0.028739160265211467,trailing_stop,20,BLISSGVS,0.026139160265211465
2023-06-16,2023-07-05,80.38014221191406,75.47975155294596,73.94973083496095,112.53219909667968,-0.06096519020890415,trailing_stop,19,BLISSGVS,-0.06356519020890415
2024-09-11,2024-09-19,125.25057983398438,125.08182642062262,115.23053344726563,175.3508117675781,-0.00134732640428039,trailing_stop,8,BLISSGVS,-0.00394732640428039
2025-07-15,2025-07-30,153.12594604492188,167.26730181305078,140.87587036132814,214.3763244628906,0.09235114057013119,trailing_stop,15,BLISSGVS,0.08975114057013119
2018-01-18,2018-02-21,4564.4521484375,4209.938867835881,4199.2959765625,6390.2330078125,-0.07766830915797326,trailing_stop,34,BLUEDART,-0.08026830915797327
2020-02-14,2020-02-27,2821.22216796875,2703.549005314445,2595.52439453125,3949.7110351562496,-0.04170999504765288,trailing_stop,13,BLUEDART,-0.04430999504765288
2020-09-28,2020-09-29,2896.6875,2893.7043860498516,2664.9525000000003,4055.3624999999997,-0.001029836304450665,trailing_stop,1,BLUEDART,-0.003629836304450665
2023-10-18,2024-01-19,6703.89501953125,6830.52071935415,6167.58341796875,9385.453027343749,0.01888837749606556,trailing_stop,93,BLUEDART,0.016288377496065563
2024-06-07,2024-07-19,7333.62451171875,8047.127687686243,6746.93455078125,10267.07431640625,0.09729202454084636,trailing_stop,42,BLUEDART,0.09469202454084635
2019-04-05,2019-05-14,325.53936767578125,333.2803821438304,299.49621826171875,455.75511474609374,0.023779042526613198,trailing_stop,39,BLUESTARCO,0.0211790425266132
2020-10-16,2020-12-03,307.6592712402344,370.6088209123529,283.0465295410156,430.7229797363281,0.2046080048826633,trailing_stop,48,BLUESTARCO,0.20200800488266332
2021-09-27,2021-11-25,437.0252685546875,475.92903414112374,402.0632470703125,611.8353759765624,0.08901948785500942,trailing_stop,59,BLUESTARCO,0.08641948785500941
2022-09-12,2022-09-19,559.4796752929688,514.7213012695313,514.7213012695313,783.2715454101562,-0.07999999999999992,stop_loss,7,BLUESTARCO,-0.08259999999999992
2025-10-06,2025-11-06,1883.5626220703125,1820.6809440847267,1732.8776123046875,2636.9876708984375,-0.03338443715583484,trailing_stop,31,BLUESTARCO,-0.03598443715583484
2026-02-09,2026-03-05,1927.546875,1817.7253705010276,1773.343125,2698.5656249999997,-0.05697475165109665,trailing_stop,24,BLUESTARCO,-0.05957475165109665
2016-08-19,2016-09-07,480.42425537109375,524.0461498736053,441.99031494140627,672.5939575195312,0.09079869306102516,trailing_stop,19,BBTC,0.08819869306102515
2018-05-30,2018-06-04,1532.3465576171875,1457.5009855911023,1409.7588330078127,2145.2851806640624,-0.04884376295560104,trailing_stop,5,BBTC,-0.05144376295560104
2019-11-11,2019-11-19,1170.328125,1094.3440957283344,1076.701875,1638.459375,-0.06492540651508788,trailing_stop,8,BBTC,-0.06752540651508789
2020-07-23,2020-08-10,1246.19970703125,1377.0082392969107,1146.50373046875,1744.67958984375,0.10496594689247547,trailing_stop,18,BBTC,0.10236594689247547
2021-07-01,2021-08-05,1288.0916748046875,1190.474196158707,1185.0443408203125,1803.3283447265624,-0.07578457384314842,trailing_stop,35,BBTC,-0.07838457384314843
2022-12-20,2022-12-23,955.738525390625,881.5508356021377,879.279443359375,1338.033935546875,-0.07762341667472876,trailing_stop,3,BBTC,-0.08022341667472876
2023-06-02,2023-06-13,929.0853881835938,952.4558184941329,854.7585571289063,1300.7195434570312,0.025154232977691624,trailing_stop,11,BBTC,0.022554232977691623
2025-11-10,2025-11-18,1917.462890625,1825.645728057971,1764.0658593750002,2684.448046875,-0.04788471423147132,trailing_stop,8,BBTC,-0.05048471423147132
2016-10-07,2016-11-03,56.45764923095703,53.98226817376803,51.94103729248047,79.04070892333984,-0.04384491899516949,trailing_stop,27,BOMDYEING,-0.04644491899516949
2017-01-27,2017-02-15,51.64970397949219,53.33962819207733,47.51772766113282,72.30958557128906,0.03271895252790092,trailing_stop,19,BOMDYEING,0.030118952527900922
2023-06-14,2023-06-20,90.8729476928711,94.93688189104219,83.6031118774414,127.22212677001953,0.04472105617071239,trailing_stop,6,BOMDYEING,0.04212105617071239
2025-08-20,2025-09-24,167.05825805664062,175.31550776227047,153.69359741210937,233.88156127929685,0.04942736624746948,trailing_stop,35,BOMDYEING,0.046827366247469485
2017-03-29,2017-06-30,20670.89453125,20567.68668308643,19017.22296875,28939.25234375,-0.0049929067175849915,trailing_stop,93,BOSCHLTD,-0.007592906717584991
2018-09-11,2018-10-04,18662.638671875,17551.847563926665,17169.627578125,26127.694140624997,-0.05951950994059167,trailing_stop,23,BOSCHLTD,-0.06211950994059167
2020-08-25,2020-08-31,13182.2060546875,12127.6295703125,12127.6295703125,18455.088476562498,-0.08000000000000002,stop_loss,6,BOSCHLTD,-0.08260000000000002
2022-08-16,2022-09-21,17031.720703125,15669.183046875001,15669.183046875001,23844.408984374997,-0.07999999999999992,stop_loss,36,BOSCHLTD,-0.08259999999999992
2025-07-10,2025-09-29,35476.859375,37503.70239495374,32638.710625,49667.603124999994,0.05713141060569823,trailing_stop,81,BOSCHLTD,0.05453141060569823
2017-03-10,2017-03-15,100.18305969238281,102.58725712582554,92.16841491699219,140.25628356933592,0.023998043589654208,trailing_stop,5,BRIGADE,0.021398043589654206
2022-09-01,2022-09-21,382.2312927246094,390.5390658279968,351.6527893066406,535.1238098144531,0.021734937095726044,trailing_stop,20,BRIGADE,0.019134937095726043
2023-05-19,2023-09-20,402.5927429199219,435.3978445875892,370.38532348632816,563.6298400878906,0.08148458273176684,trailing_stop,124,BRIGADE,0.07888458273176684
2025-07-17,2025-07-23,843.7530517578125,776.2528076171875,776.2528076171875,1181.2542724609375,-0.08,stop_loss,6,BRIGADE,-0.0826
2016-08-17,2016-09-29,1443.753662109375,1395.7790665639552,1328.253369140625,2021.2551269531248,-0.033229072801330396,trailing_stop,43,BRITANNIA,-0.035829072801330394
2017-02-27,2017-05-26,1410.1767578125,1479.601727735916,1297.3626171875,1974.2474609375,0.04923139566639129,trailing_stop,88,BRITANNIA,0.04663139566639129
2019-11-04,2020-01-10,2847.065185546875,2619.299970703125,2619.299970703125,3985.891259765625,-0.08000000000000003,stop_loss,67,BRITANNIA,-0.08260000000000003
2020-06-08,2020-10-21,3044.714599609375,3206.5992604308085,2801.137431640625,4262.600439453125,0.05316907563099762,trailing_stop,135,BRITANNIA,0.05056907563099762
2021-06-08,2021-07-05,3336.253662109375,3263.81787109375,3069.353369140625,4670.755126953125,-0.0217117157002465,death_cross,27,BRITANNIA,-0.024311715700246497
2022-07-18,2023-03-23,3557.0,3959.6575297101404,3272.44,4979.799999999999,0.11320144214510552,trailing_stop,248,BRITANNIA,0.11060144214510552
2023-11-30,2024-02-08,4650.87646484375,4645.8877184657795,4278.80634765625,6511.22705078125,-0.0010726465034452662,trailing_stop,70,BRITANNIA,-0.0036726465034452663
2025-06-04,2026-01-28,5380.69921875,5608.985889466547,4950.24328125,7532.978906249999,0.04242695260144655,trailing_stop,238,BRITANNIA,0.03982695260144655
2016-09-07,2016-11-03,909.1695556640625,1072.8250801563263,836.4359912109376,1272.8373779296874,0.18000550444380958,trailing_stop,57,CARERATING,0.1774055044438096
2020-12-10,2020-12-22,461.6538391113281,436.2271432344112,424.7215319824219,646.3153747558594,-0.05507740588892898,trailing_stop,12,CARERATING,-0.05767740588892898
2022-10-14,2022-12-21,460.1202697753906,513.5324310070483,423.3106481933594,644.1683776855468,0.11608304336979339,trailing_stop,68,CARERATING,0.11348304336979338
2024-10-25,2024-11-13,1376.8587646484375,1386.066209909656,1266.7100634765625,1927.6022705078124,0.006687283763320111,trailing_stop,19,CARERATING,0.004087283763320111
2025-05-21,2025-06-24,1642.8104248046875,1732.8033979511172,1511.3855908203125,2299.9345947265624,0.05477988926027717,trailing_stop,34,CARERATING,0.052179889260277175
2026-05-15,2026-05-27,1785.38330078125,1642.5526367187501,1642.5526367187501,2499.53662109375,-0.07999999999999992,stop_loss,12,CARERATING,-0.08259999999999992
2017-11-10,2017-12-19,286.9477844238281,271.1677204096968,263.99196166992186,401.7268981933594,-0.0549928066035311,trailing_stop,39,CCL,-0.057592806603531096
2019-02-14,2019-02-18,255.572021484375,239.94708955059392,235.126259765625,357.800830078125,-0.061137098822596866,trailing_stop,4,CCL,-0.06373709882259687
2020-07-01,2020-07-24,224.45236206054688,223.64308955102035,206.49617309570314,314.2333068847656,-0.0036055424059570286,trailing_stop,23,CCL,-0.006205542405957028
2021-05-11,2021-05-14,305.89813232421875,281.42628173828126,281.42628173828126,428.25738525390625,-0.07999999999999996,stop_loss,3,CCL,-0.08259999999999997
2022-08-23,2022-08-29,446.2032775878906,423.16778270641214,410.5070153808594,624.6845886230468,-0.05162556179776399,trailing_stop,6,CCL,-0.054225561797763985
2024-08-19,2024-09-04,698.8132934570312,760.9124593734741,642.9082299804688,978.3386108398437,0.08886374443342102,trailing_stop,16,CCL,0.08626374443342101
2025-06-05,2025-06-12,889.9926147460938,818.7932055664063,818.7932055664063,1245.989660644531,-0.07999999999999995,stop_loss,7,CCL,-0.08259999999999995
2018-05-22,2018-06-19,65.96826934814453,61.75191851119267,60.69080780029297,92.35557708740234,-0.06391483176101319,trailing_stop,28,CESC,-0.0665148317610132
2019-06-18,2019-07-30,56.11195373535156,54.19203462426981,51.62299743652344,78.55673522949218,-0.034215866375584235,trailing_stop,42,CESC,-0.03681586637558423
2022-10-06,2022-11-17,68.76566314697266,63.26441009521485,63.26441009521485,96.27192840576171,-0.07999999999999992,stop_loss,42,CESC,-0.08259999999999992
2023-07-11,2023-09-13,68.04669189453125,77.28939698402043,62.602956542968755,95.26536865234374,0.1358288673873357,trailing_stop,64,CESC,0.13322886738733572
2025-06-26,2025-08-01,167.56239318847656,159.3482583584346,154.15740173339844,234.58735046386718,-0.04902135063684953,trailing_stop,36,CESC,-0.05162135063684953
2026-05-06,2026-06-09,185.00999450683594,171.17999725341798,170.20919494628907,259.0139923095703,-0.07475270344331021,trailing_stop,34,CESC,-0.07735270344331022
2017-04-24,2017-05-23,78.82988739013672,86.06091035349233,72.52349639892579,110.3618423461914,0.09172945950776998,trailing_stop,29,CGPOWER,0.08912945950776997
2020-08-19,2020-08-31,15.114001274108887,21.15960178375244,13.904881172180177,21.15960178375244,0.39999999999999986,take_profit,12,CGPOWER,0.39739999999999986
2026-04-15,2026-07-23,748.0,882.8100219726563,688.1600000000001,1047.2,0.18022730210248164,trailing_stop,99,CGPOWER,0.17762730210248165
2018-01-24,2018-05-03,1714.3785400390625,1581.4808458313926,1577.2282568359376,2400.129956054687,-0.07751945740328844,trailing_stop,99,CRISIL,-0.08011945740328845
2019-12-03,2019-12-23,1485.1719970703125,1679.702333454808,1366.3582373046875,2079.240795898437,0.13098168883350275,trailing_stop,20,CRISIL,0.12838168883350276
2020-07-13,2020-08-03,1635.6468505859375,1504.7951025390626,1504.7951025390626,2289.905590820312,-0.07999999999999996,stop_loss,21,CRISIL,-0.08259999999999997
2022-03-31,2022-04-18,3112.045166015625,3035.641844550209,2863.0815527343752,4356.863232421874,-0.024550839525004614,trailing_stop,18,CRISIL,-0.027150839525004612
2023-03-14,2023-03-17,3090.935546875,2843.660703125,2843.660703125,4327.309765624999,-0.07999999999999999,stop_loss,3,CRISIL,-0.08259999999999999
2024-09-05,2024-10-07,4465.21630859375,4177.0599850319795,4107.99900390625,6251.30283203125,-0.0645335642547003,trailing_stop,32,CRISIL,-0.06713356425470031
2025-06-20,2025-07-25,5656.34326171875,5434.16081577194,5203.83580078125,7918.880566406249,-0.0392802267589568,trailing_stop,35,CRISIL,-0.0418802267589568
2019-04-11,2019-04-22,327.9792175292969,301.74088012695313,301.74088012695313,459.1709045410156,-0.07999999999999999,stop_loss,11,CANFINHOME,-0.08259999999999999
2020-09-11,2020-09-22,371.2944641113281,392.2565317000123,341.59090698242187,519.8122497558594,0.05645671997522422,trailing_stop,11,CANFINHOME,0.053856719975224225
2022-09-12,2022-09-19,628.2489624023438,584.0733873764726,577.9890454101562,879.5485473632812,-0.07031539671303136,trailing_stop,7,CANFINHOME,-0.07291539671303136
2024-06-25,2024-07-22,867.8168334960938,814.3741356084894,798.3914868164063,1214.9435668945312,-0.06158292375166853,trailing_stop,27,CANFINHOME,-0.06418292375166854
2025-06-25,2025-07-30,765.5184326171875,729.2182277146065,704.2769580078125,1071.7258056640624,-0.047419112794549245,trailing_stop,35,CANFINHOME,-0.05001911279454924
2026-06-15,2026-06-29,856.5640869140625,829.709716796875,788.0389599609375,1199.1897216796874,-0.03135126784726121,death_cross,14,CANFINHOME,-0.033951267847261206
2019-01-07,2019-01-23,47.1003532409668,44.18038236011961,43.33232498168945,65.94049453735352,-0.061994670526323466,trailing_stop,16,CANBK,-0.06459467052632346
2019-04-24,2019-05-13,46.296302795410156,42.592598571777344,42.592598571777344,64.81482391357422,-0.07999999999999999,stop_loss,19,CANBK,-0.08259999999999999
2020-12-16,2020-12-21,20.30435562133789,19.226082992956698,18.68000717163086,28.426097869873043,-0.05310548379324254,trailing_stop,5,CANBK,-0.05570548379324254
2022-08-26,2022-09-23,41.9232063293457,40.59023651932728,38.56934982299805,58.69248886108398,-0.03179551200227174,trailing_stop,28,CANBK,-0.03439551200227174
2025-06-05,2025-08-01,108.76644134521484,102.37294817624912,100.06512603759766,152.27301788330078,-0.05878185486158686,trailing_stop,57,CANBK,-0.06138185486158686
2016-08-29,2016-09-29,233.87596130371094,240.11374243025696,215.16588439941407,327.4263458251953,0.026671322233265578,trailing_stop,31,CAPLIPOINT,0.02407132223326558
2019-07-10,2019-07-24,400.8371887207031,373.7477756019303,368.7702136230469,561.1720642089844,-0.06758208539789029,trailing_stop,14,CAPLIPOINT,-0.0701820853978903
2020-06-23,2020-06-25,350.9108581542969,324.52657758922015,322.83798950195313,491.2752014160156,-0.07518798564356606,trailing_stop,2,CAPLIPOINT,-0.07778798564356607
2021-05-28,2021-06-11,582.7222900390625,601.6398671321803,536.1045068359375,815.8112060546874,0.03246413843522208,trailing_stop,14,CAPLIPOINT,0.02986413843522208
2022-09-02,2022-09-20,760.8049926757812,706.9624717110502,699.9405932617187,1065.1269897460936,-0.07077046218553956,trailing_stop,18,CAPLIPOINT,-0.07337046218553957
2023-06-19,2023-08-07,805.84521484375,878.319812616681,741.37759765625,1128.18330078125,0.08993612723379332,trailing_stop,49,CAPLIPOINT,0.08733612723379332
2025-09-15,2025-09-26,2268.805908203125,2151.238726898007,2087.301435546875,3176.328271484375,-0.05181896824229901,trailing_stop,11,CAPLIPOINT,-0.054418968242299005
2018-09-21,2018-10-04,367.5876159667969,341.41425265852683,338.18060668945316,514.6226623535156,-0.07120306063475818,trailing_stop,13,CARBORUNIV,-0.07380306063475818
2020-01-30,2020-02-27,328.8995056152344,315.395049812791,302.5875451660156,460.4593078613281,-0.04105951991986776,trailing_stop,28,CARBORUNIV,-0.04365951991986776
2020-11-04,2020-12-01,294.0044250488281,342.67157919533264,270.4840710449219,411.60619506835934,0.16553204645957928,trailing_stop,27,CARBORUNIV,0.1629320464595793
2022-09-13,2022-09-16,914.9456787109375,847.1811762738984,841.7500244140625,1280.9239501953125,-0.07406396249940457,trailing_stop,3,CARBORUNIV,-0.07666396249940458
2024-04-19,2024-05-16,1238.9010009765625,1528.3277539417768,1139.7889208984375,1734.4614013671874,0.23361572291658006,trailing_stop,27,CARBORUNIV,0.23101572291658007
2026-05-18,2026-05-21,1095.6375732421875,1047.2629391857834,1007.9865673828125,1533.8926025390624,-0.04415204008863529,trailing_stop,3,CARBORUNIV,-0.04675204008863529
2016-08-23,2016-09-19,138.41322326660156,143.05741491291042,127.34016540527344,193.77851257324218,0.033553092231394306,trailing_stop,27,CASTROLIND,0.030953092231394308
2017-04-03,2017-06-12,144.56048583984375,135.99098851561243,132.99564697265626,202.38468017578123,-0.059279666047368784,trailing_stop,70,CASTROLIND,-0.06187966604736878
2018-04-03,2018-05-04,140.06121826171875,131.33423348395524,128.85632080078125,196.08570556640623,-0.06230835977348304,trailing_stop,31,CASTROLIND,-0.06490835977348304
2019-03-11,2019-04-24,115.53655242919922,109.02757259257523,106.29362823486329,161.75117340087888,-0.05633697474756048,trailing_stop,44,CASTROLIND,-0.058936974747560475
2019-11-26,2019-12-04,105.13089752197266,98.42351918052049,96.72042572021485,147.1832565307617,-0.06380025757936965,trailing_stop,8,CASTROLIND,-0.06640025757936965
2020-02-14,2020-02-28,115.37423706054688,106.42863070593255,106.14429809570314,161.5239318847656,-0.07753556237966533,trailing_stop,14,CASTROLIND,-0.08013556237966533
2020-12-11,2020-12-22,99.42109680175781,91.46740905761719,91.46740905761719,139.18953552246091,-0.07999999999999999,stop_loss,11,CASTROLIND,-0.08259999999999999
2022-09-01,2022-12-09,95.5267105102539,103.57769000512144,87.88457366943359,133.73739471435547,0.08427987786728336,trailing_stop,99,CASTROLIND,0.08167987786728335
2023-07-05,2023-08-24,107.82439422607422,125.62743826945487,99.19844268798829,150.9541519165039,0.1651114682457961,trailing_stop,50,CASTROLIND,0.1625114682457961
2025-06-16,2025-08-14,203.29486083984375,199.9842078667009,187.03127197265627,284.6128051757812,-0.016284981132656338,trailing_stop,59,CASTROLIND,-0.01888498113265634
2016-10-03,2016-10-17,1237.2481689453125,1158.263194047649,1138.2683154296876,1732.1474365234374,-0.06383923361551139,trailing_stop,14,CEATLTD,-0.06643923361551139
2019-12-26,2020-02-03,920.3731079101562,883.6840740633114,846.7432592773438,1288.5223510742187,-0.039863218005307365,trailing_stop,39,CEATLTD,-0.04246321800530736
2020-09-25,2020-10-27,857.4611206054688,1064.8752595807227,788.8642309570313,1200.4455688476562,0.24189334535517498,trailing_stop,32,CEATLTD,0.239293345355175
2022-08-12,2022-09-15,1299.2742919921875,1441.3313232421876,1195.3323486328125,1818.9840087890623,0.1093356746343245,trailing_stop,34,CEATLTD,0.1067356746343245
2023-05-26,2023-05-30,2030.378173828125,1889.1017435723975,1867.9479199218752,2842.529443359375,-0.06958133813532946,trailing_stop,4,CEATLTD,-0.07218133813532947
2025-05-13,2025-06-03,3697.225341796875,3569.153332100776,3401.4473144531253,5176.115478515625,-0.03464003349978533,trailing_stop,21,CEATLTD,-0.03724003349978533
2017-04-12,2017-05-15,98.79261779785156,106.91288356952519,90.88920837402344,138.30966491699218,0.08219506631851009,trailing_stop,33,CENTRALBK,0.07959506631851009
2020-08-06,2020-09-01,16.674266815185547,16.481501019301845,15.340325469970704,23.343973541259764,-0.011560675981755702,trailing_stop,26,CENTRALBK,-0.014160675981755702
2021-03-02,2021-03-18,17.397138595581055,17.175456965916567,16.005367507934572,24.355994033813474,-0.012742419016009676,trailing_stop,16,CENTRALBK,-0.015342419016009676
2022-10-04,2022-11-16,19.180225372314453,21.252460396541363,17.6458073425293,26.852315521240232,0.10804018117628904,trailing_stop,43,CENTRALBK,0.10544018117628903
2026-02-20,2026-03-09,37.6927604675293,36.234635965653155,34.67733963012695,52.76986465454101,-0.038684471070572136,trailing_stop,17,CENTRALBK,-0.041284471070572135
2019-11-21,2020-01-02,108.81431579589844,108.86102045342473,100.10917053222657,152.3400421142578,0.000429214273734851,trailing_stop,42,CDSL,-0.002170785726265149
2020-06-12,2020-07-28,120.79322814941406,169.1105194091797,111.12976989746095,169.1105194091797,0.4,take_profit,46,CDSL,0.39740000000000003
2023-07-26,2023-09-01,570.6109008789062,545.0374664882906,524.9620288085938,798.8552612304687,-0.0448176407973018,trailing_stop,37,CDSL,-0.0474176407973018
2025-06-24,2025-07-25,1718.681640625,1604.7581581257245,1581.187109375,2406.154296875,-0.06628538980485478,trailing_stop,31,CDSL,-0.06888538980485479
2017-03-14,2017-05-24,237.93577575683594,236.4814058270109,218.90091369628908,333.1100860595703,-0.006112447466964263,trailing_stop,71,CENTURYPLY,-0.008712447466964264
2019-11-28,2019-12-10,169.58419799804688,158.16534001708789,156.01746215820313,237.4178771972656,-0.06733444575473065,trailing_stop,12,CENTURYPLY,-0.06993444575473065
2020-09-10,2020-09-14,160.57110595703125,165.9234693943899,147.72541748046876,224.79954833984374,0.03333329122607496,trailing_stop,4,CENTURYPLY,0.03073329122607496
2022-09-12,2022-09-26,681.5371704101562,636.4201032227518,627.0141967773437,954.1520385742186,-0.06619898245645582,trailing_stop,14,CENTURYPLY,-0.06879898245645583
2023-06-21,2023-08-08,627.8547973632812,621.988609052004,577.6264135742188,878.9967163085937,-0.009343224477877226,trailing_stop,48,CENTURYPLY,-0.011943224477877226
2024-07-18,2024-09-17,692.4566040039062,816.1657535978193,637.0600756835938,969.4392456054687,0.1786525666425952,trailing_stop,61,CENTURYPLY,0.17605256664259522
2025-09-22,2025-10-10,808.6500244140625,772.1100219726562,743.9580224609375,1132.1100341796873,-0.04518642346901887,trailing_stop,18,CENTURYPLY,-0.04778642346901887
2017-03-15,2017-03-30,2440.220458984375,2799.7761668638227,2245.002822265625,3416.308642578125,0.14734558369742362,trailing_stop,15,CERA,0.14474558369742363
2019-04-23,2019-07-15,2694.34716796875,2606.265976368588,2478.79939453125,3772.0860351562496,-0.03269110701371343,trailing_stop,83,CERA,-0.03529110701371343
2022-09-02,2022-09-26,4763.96875,5180.8436331755465,4382.851250000001,6669.55625,0.08750579717290265,trailing_stop,24,CERA,0.08490579717290264
2024-07-19,2024-08-20,8539.4091796875,9509.351588360993,7856.256445312501,11955.1728515625,0.11358425252424637,trailing_stop,32,CERA,0.11098425252424636
2025-07-17,2025-07-28,6972.00390625,6414.24359375,6414.24359375,9760.805468749999,-0.07999999999999995,stop_loss,11,CERA,-0.08259999999999995
2026-06-15,2026-07-24,6187.56103515625,5996.763730367597,5692.55615234375,8662.58544921875,-0.03083562387580303,trailing_stop,39,CERA,-0.03343562387580303
2016-12-07,2016-12-22,57.36670684814453,55.02770754677039,52.77737030029297,80.31338958740234,-0.040772765771019626,trailing_stop,15,CHAMBLFERT,-0.043372765771019624
2019-02-07,2019-02-21,143.32461547851562,132.28994275329566,131.85864624023438,200.65446166992186,-0.07699077153201267,trailing_stop,14,CHAMBLFERT,-0.07959077153201267
2020-02-13,2020-02-24,136.50587463378906,127.38414310583472,125.58540466308594,191.10822448730468,-0.06682299609760863,trailing_stop,11,CHAMBLFERT,-0.06942299609760863
2020-07-22,2020-07-30,138.03793334960938,136.72475118259047,126.99489868164063,193.25310668945312,-0.009513197822898473,trailing_stop,8,CHAMBLFERT,-0.012113197822898472
2023-10-30,2023-12-20,267.4832763671875,313.96844578468284,246.08461425781252,374.47658691406247,0.17378719914318252,trailing_stop,51,CHAMBLFERT,0.17118719914318253
2026-07-02,2026-07-21,477.04998779296875,438.88598876953125,438.88598876953125,667.8699829101562,-0.08,stop_loss,19,CHAMBLFERT,-0.0826
2020-12-03,2020-12-21,76.75121307373047,86.90945912589014,70.61111602783204,107.45169830322266,0.13235290551565912,trailing_stop,18,CHENNPETRO,0.12975290551565913
2021-10-19,2021-10-22,115.67027282714844,108.95662889420593,106.41665100097657,161.9383819580078,-0.058041221558930864,trailing_stop,3,CHENNPETRO,-0.06064122155893086
2022-04-07,2022-04-11,137.3662872314453,138.00167706831837,126.37698425292969,192.31280212402342,0.004625515107666162,trailing_stop,4,CHENNPETRO,0.002025515107666162
2023-04-19,2023-04-27,221.0680389404297,241.073252411012,203.38259582519532,309.49525451660156,0.09049346783219545,trailing_stop,8,CHENNPETRO,0.08789346783219544
2025-06-30,2025-07-25,641.1630859375,679.223291352416,589.8700390625,897.6283203124999,0.05936119257281462,trailing_stop,25,CHENNPETRO,0.056761192572814624
2020-01-02,2020-02-18,504.56072998046875,510.0956874236208,464.19587158203126,706.3850219726562,0.010969853804053097,trailing_stop,47,CHOLAHLDNG,0.008369853804053097
2020-10-05,2020-10-15,403.9312744140625,380.0299899193549,371.6167724609375,565.5037841796875,-0.05917166114304598,trailing_stop,10,CHOLAHLDNG,-0.061771661143045976
2022-09-13,2022-09-26,657.0039672851562,625.7799005165396,604.4436499023437,919.8055541992187,-0.047524928803153885,trailing_stop,13,CHOLAHLDNG,-0.05012492880315388
2023-05-22,2023-08-14,833.2258911132812,894.3624948172154,766.5678198242188,1166.5162475585937,0.07337338452391216,trailing_stop,84,CHOLAHLDNG,0.07077338452391216
2025-04-23,2025-05-02,1958.902587890625,1802.1903808593752,1802.1903808593752,2742.463623046875,-0.0799999999999999,stop_loss,9,CHOLAHLDNG,-0.08259999999999991
2019-04-16,2019-05-02,291.75244140625,268.41224609375,268.41224609375,408.45341796875,-0.07999999999999996,stop_loss,16,CHOLAFIN,-0.08259999999999997
2020-10-05,2020-10-15,248.99391174316406,235.2815062424232,229.07439880371095,348.5914764404297,-0.05507124814716407,trailing_stop,10,CHOLAFIN,-0.05767124814716407
2024-05-17,2024-08-05,1281.1324462890625,1325.93928282032,1178.6418505859376,1793.5854248046874,0.0349743983622031,trailing_stop,80,CHOLAFIN,0.0323743983622031
2025-03-28,2025-04-07,1517.5347900390625,1396.1320068359375,1396.1320068359375,2124.5487060546875,-0.07999999999999997,stop_loss,10,CHOLAFIN,-0.08259999999999998
2016-09-21,2016-11-03,559.8952026367188,517.6900595570033,515.1035864257813,783.8532836914062,-0.07538043348283466,trailing_stop,43,CIPLA,-0.07798043348283466
2017-09-27,2017-11-13,532.6871948242188,557.8780028292509,490.07221923828126,745.7620727539062,0.04729005737287319,trailing_stop,47,CIPLA,0.04469005737287319
2018-07-31,2018-10-25,599.26123046875,573.3034083644736,551.32033203125,838.9657226562499,-0.043316371532948705,trailing_stop,86,CIPLA,-0.045916371532948703
2020-05-04,2020-07-01,583.8561401367188,594.734522779898,537.1476489257813,817.3985961914062,0.018631957250003325,trailing_stop,58,CIPLA,0.016031957250003323
2022-03-11,2022-04-22,1001.6823120117188,935.2361658642939,921.5477270507813,1402.3552368164062,-0.06633455073592986,trailing_stop,42,CIPLA,-0.06893455073592987
2023-08-02,2023-10-11,1135.5794677734375,1117.8987899126428,1044.7331103515626,1589.8112548828124,-0.015569740702922124,trailing_stop,70,CIPLA,-0.018169740702922123
2025-07-07,2025-07-10,1496.4609375,1464.06494140625,1376.7440625000002,2095.0453125,-0.02164840744047153,death_cross,3,CIPLA,-0.024248407440471527
2025-07-11,2025-10-30,1471.1978759765625,1491.7054732482288,1353.5020458984375,2059.6770263671874,0.013939387492694444,trailing_stop,111,CIPLA,0.011339387492694444
2018-12-19,2019-02-19,130.70840454101562,127.00240866560408,120.25173217773438,182.99176635742185,-0.02835315669581617,trailing_stop,62,CUB,-0.03095315669581617
2020-11-14,2020-11-25,134.51132202148438,129.0964063159823,123.75041625976563,188.31585083007812,-0.04025620761230187,trailing_stop,11,CUB,-0.04285620761230187
2022-07-29,2022-09-05,115.72047424316406,125.05342784251008,106.46283630371094,162.00866394042967,0.08065084126543265,trailing_stop,38,CUB,0.07805084126543264
2023-11-13,2023-12-21,104.55602264404297,110.15034531368894,96.19154083251954,146.37843170166013,0.0535055038263232,trailing_stop,38,CUB,0.0509055038263232
2025-05-21,2025-06-23,145.0712890625,138.06358105077342,133.4655859375,203.09980468749998,-0.04830527154623613,trailing_stop,33,CUB,-0.05090527154623613
2017-11-13,2018-01-18,133.65283203125,136.0590171693377,122.96060546875,187.11396484374998,0.01800324842742645,trailing_stop,66,COALINDIA,0.015403248427426451
2018-09-11,2018-11-01,145.75303649902344,134.09279357910157,134.09279357910157,204.0542510986328,-0.07999999999999997,stop_loss,51,COALINDIA,-0.08259999999999998
2019-06-04,2019-07-05,143.19186401367188,132.81126746306552,131.73651489257813,200.4686096191406,-0.07249431818008335,trailing_stop,31,COALINDIA,-0.07509431818008336
2020-12-30,2021-01-22,85.35626220703125,84.29875529935082,78.52776123046876,119.49876708984374,-0.012389330089401707,trailing_stop,23,COALINDIA,-0.014989330089401707
2025-09-11,2026-02-02,372.9937744140625,404.57053150976765,343.15427246093753,522.1912841796875,0.08465759822750181,trailing_stop,144,COALINDIA,0.0820575982275018
2019-11-15,2019-12-09,166.75985717773438,158.48354086590444,153.41906860351563,233.46380004882812,-0.04963014751811011,trailing_stop,24,COCHINSHIP,-0.05223014751811011
2020-08-25,2020-08-31,147.97105407714844,138.64276644329863,136.13336975097656,207.1594757080078,-0.0630413001517599,trailing_stop,6,COCHINSHIP,-0.06564130015175991
2022-08-29,2022-10-03,176.73878479003906,209.93935389793631,162.59968200683593,247.43429870605468,0.18785106589557374,trailing_stop,35,COCHINSHIP,0.18525106589557375
2025-06-02,2025-06-05,1911.483154296875,2129.1714161474906,1758.564501953125,2676.076416015625,0.113884478323164,trailing_stop,3,COCHINSHIP,0.111284478323164
2017-04-06,2017-05-23,233.60000610351562,249.3,214.9120056152344,327.0400085449219,0.06720887622548784,trailing_stop,47,COFFEEDAY,0.06460887622548783
2017-12-26,2018-01-09,283.8999938964844,293.40000000000003,261.18799438476566,397.4599914550781,0.033462509009350494,trailing_stop,14,COFFEEDAY,0.030862509009350496
2019-03-08,2019-03-25,289.04998779296875,286.2,265.9259887695313,404.66998291015625,-0.009859844017741516,trailing_stop,17,COFFEEDAY,-0.012459844017741516
2020-10-05,2021-04-26,26.350000381469727,36.89000053405761,24.24200035095215,36.89000053405761,0.39999999999999986,take_profit,203,COFFEEDAY,0.39739999999999986
2021-11-09,2021-11-15,37.70000076293945,35.460001373291014,34.684000701904296,52.78000106811523,-0.05941642823122816,trailing_stop,6,COFFEEDAY,-0.06201642823122816
2022-10-04,2022-10-13,54.79999923706055,51.11999931335449,50.415999298095706,76.71999893188476,-0.0671532842142326,trailing_stop,9,COFFEEDAY,-0.0697532842142326
2023-09-05,2023-09-11,52.79999923706055,49.36499862670899,48.5759992980957,73.91999893188476,-0.06505683068155267,trailing_stop,6,COFFEEDAY,-0.06765683068155268
2025-06-09,2025-06-13,33.06999969482422,35.09100151062012,30.424399719238284,46.2979995727539,0.06111284652089686,trailing_stop,4,COFFEEDAY,0.05851284652089686
2017-04-07,2017-09-27,825.8179321289062,868.6262892468536,759.7524975585937,1156.1451049804687,0.05183752429254005,trailing_stop,173,COLPAL,0.04923752429254005
2018-05-14,2018-07-06,921.513916015625,956.5749067194276,847.7928027343751,1290.1194824218749,0.038047163579902094,trailing_stop,53,COLPAL,0.035447163579902095
2018-12-04,2019-02-15,1039.6038818359375,1027.4860758079383,956.4355712890625,1455.4454345703125,-0.011656176202996868,trailing_stop,73,COLPAL,-0.014256176202996868
2019-09-24,2019-11-26,1295.5826416015625,1271.2275252989232,1191.9360302734376,1813.8156982421874,-0.018798581827657257,trailing_stop,63,COLPAL,-0.021398581827657255
2020-08-06,2020-09-22,1250.052734375,1163.7624477761233,1150.048515625,1750.0738281249999,-0.06902931710478602,trailing_stop,47,COLPAL,-0.07162931710478602
2022-05-16,2022-06-17,1446.40087890625,1358.1976733206277,1330.68880859375,2024.9612304687498,-0.0609811614967494,trailing_stop,32,COLPAL,-0.0635811614967494
2023-05-23,2023-11-23,1485.7061767578125,2079.9886474609375,1366.8496826171875,2079.9886474609375,0.4,take_profit,184,COLPAL,0.39740000000000003
2017-04-24,2017-06-16,431.4367370605469,403.67766793237735,396.92179809570314,604.0114318847656,-0.06434099543144348,trailing_stop,53,CONCOR,-0.06694099543144348
2018-12-21,2019-01-28,477.5168151855469,461.4444165401852,439.31546997070313,668.5235412597656,-0.03365828832460375,trailing_stop,38,CONCOR,-0.036258288324603746
2019-06-28,2019-07-09,518.216064453125,476.78485807293174,476.75877929687505,725.5024902343749,-0.0799496758633211,trailing_stop,11,CONCOR,-0.08254967586332111
2019-09-27,2019-10-07,545.35009765625,552.9608073458031,501.72208984375004,763.4901367187499,0.013955640096630861,trailing_stop,10,CONCOR,0.011355640096630861
2020-12-11,2020-12-21,374.57513427734375,351.24661404307284,344.60912353515624,524.4051879882812,-0.062279948932749914,trailing_stop,10,CONCOR,-0.06487994893274991
2022-07-27,2022-08-23,642.5856323242188,623.1990461943617,591.1787817382813,899.6198852539062,-0.030169653902369673,trailing_stop,27,CONCOR,-0.032769653902369675
2023-08-09,2023-08-14,678.5928344726562,624.3054077148438,624.3054077148438,950.0299682617186,-0.07999999999999993,stop_loss,5,CONCOR,-0.08259999999999994
2019-01-16,2019-01-22,416.5093994140625,383.1886474609375,383.1886474609375,583.1131591796875,-0.08000000000000003,stop_loss,6,COROMANDEL,-0.08260000000000003
2019-11-13,2020-03-12,442.01287841796875,537.1649588378315,406.65184814453124,618.8180297851562,0.21526992779130436,trailing_stop,120,COROMANDEL,0.21266992779130436
2021-06-11,2021-07-20,808.8320922851562,819.1620285726107,744.1255249023437,1132.3649291992188,0.012771422382944425,trailing_stop,39,COROMANDEL,0.010171422382944426
2022-04-21,2022-05-25,810.309326171875,852.7589320120643,745.4845800781251,1134.433056640625,0.05238691505715842,trailing_stop,34,COROMANDEL,0.049786915057158425
2023-06-08,2023-10-26,938.4464111328125,1049.732638757018,863.3706982421876,1313.8249755859374,0.11858559668832912,trailing_stop,140,COROMANDEL,0.11598559668832911
2024-05-13,2024-06-20,1185.2725830078125,1659.3816162109374,1090.4507763671875,1659.3816162109374,0.3999999999999999,take_profit,38,COROMANDEL,0.3973999999999999
2026-01-15,2026-02-06,2309.140625,2268.091796875,2124.409375,3232.796875,-0.01777666880941909,death_cross,22,COROMANDEL,-0.020376668809419088
2020-09-23,2020-10-13,694.8401489257812,681.7886989142199,639.2529370117188,972.7762084960937,-0.0187833849724124,trailing_stop,20,CREDITACC,-0.0213833849724124
2022-03-14,2022-03-15,797.972412109375,742.1500931061286,734.134619140625,1117.161376953125,-0.06995519914740497,trailing_stop,1,CREDITACC,-0.07255519914740498
2023-05-16,2023-06-30,1077.3570556640625,1247.319281114304,991.1684912109375,1508.2998779296875,0.15775849293109234,trailing_stop,45,CREDITACC,0.15515849293109235
2025-05-20,2025-06-02,1101.9000244140625,1128.2399780273438,1013.7480224609376,1542.6600341796875,0.023904122905603543,trailing_stop,13,CREDITACC,0.021304122905603545
2018-09-03,2018-09-05,233.51731872558594,214.83593322753907,214.83593322753907,326.9242462158203,-0.07999999999999996,stop_loss,2,CROMPTON,-0.08259999999999997
2019-05-09,2019-06-17,211.88153076171875,211.34064487952526,194.93100830078126,296.63414306640624,-0.0025527750354124596,trailing_stop,39,CROMPTON,-0.0051527750354124595
2020-08-18,2020-09-09,243.6483612060547,235.3699967955419,224.15649230957033,341.1077056884765,-0.03397668824668073,trailing_stop,22,CROMPTON,-0.03657668824668073
2022-09-13,2022-10-11,396.91619873046875,371.6036532442355,365.16290283203125,555.6826782226562,-0.06377302203133837,trailing_stop,28,CROMPTON,-0.06637302203133838
2024-05-16,2024-05-17,329.7839660644531,349.05946943892803,303.4012487792969,461.69755249023433,0.05844887974543825,trailing_stop,1,CROMPTON,0.05584887974543825
2016-09-21,2016-10-17,753.7064819335938,708.2481191194116,693.4099633789062,1055.1890747070313,-0.06031308460763283,trailing_stop,26,CUMMINSIND,-0.06291308460763283
2017-02-22,2017-05-18,750.2278442382812,830.9750285019135,690.2096166992188,1050.3189819335937,0.10763021511900318,trailing_stop,85,CUMMINSIND,0.10503021511900318
2018-11-22,2019-01-29,666.6976318359375,690.3637259780496,613.3618212890625,933.3766845703125,0.03549749243437529,trailing_stop,68,CUMMINSIND,0.03289749243437529
2020-09-30,2020-11-27,407.0442199707031,491.662178924873,374.4806823730469,569.8619079589844,0.20788394676200098,trailing_stop,58,CUMMINSIND,0.20528394676200099
2025-07-11,2026-01-06,3468.586181640625,4100.686786092233,3191.099287109375,4856.020654296874,0.1822358077182408,trailing_stop,179,CUMMINSIND,0.1796358077182408
2017-05-04,2017-05-30,420.9626159667969,398.78973002017915,387.2856066894531,589.3476623535156,-0.05267186468730657,trailing_stop,26,CYIENT,-0.05527186468730657
2020-09-03,2020-09-21,350.8338623046875,352.78735945774685,322.7671533203125,491.1674072265625,0.005568154511159468,trailing_stop,18,CYIENT,0.002968154511159468
2023-01-09,2023-04-21,782.387939453125,1095.3431152343749,719.796904296875,1095.3431152343749,0.3999999999999998,take_profit,102,CYIENT,0.3973999999999998
2024-12-19,2024-12-30,1969.3751220703125,1811.8251123046875,1811.8251123046875,2757.1251708984373,-0.07999999999999999,stop_loss,11,CYIENT,-0.08259999999999999
2017-04-10,2017-05-05,256.0574951171875,243.7313241652001,235.57289550781252,358.48049316406247,-0.04813829388726226,trailing_stop,25,DBCORP,-0.05073829388726226
2017-07-12,2017-10-12,256.4280700683594,251.30758666992188,235.91382446289063,358.9992980957031,-0.019968497977122652,death_cross,92,DBCORP,-0.022568497977122653
2019-05-23,2019-07-16,135.7755584716797,129.88589179829196,124.91351379394531,190.08578186035155,-0.0433779594772663,trailing_stop,54,DBCORP,-0.045977959477266295
2020-12-11,2020-12-21,65.3236083984375,61.398105514000775,60.0977197265625,91.45305175781249,-0.06009317275453235,trailing_stop,10,DBCORP,-0.06269317275453234
2022-09-05,2022-09-13,90.36405944824219,104.32558385768509,83.13493469238281,126.50968322753906,0.15450306786449367,trailing_stop,8,DBCORP,0.15190306786449367
2023-06-02,2023-07-13,115.96633911132812,162.35287475585938,106.68903198242188,162.35287475585938,0.4,take_profit,41,DBCORP,0.39740000000000003
2025-07-30,2025-10-09,259.571044921875,251.1011759713942,238.805361328125,363.399462890625,-0.03263025332055055,trailing_stop,71,DBCORP,-0.03523025332055055
2018-01-16,2018-01-18,182.74676513671875,172.8293159438702,168.12702392578126,255.84547119140623,-0.05426880845430554,trailing_stop,2,DCBBANK,-0.05686880845430554
2018-05-29,2018-06-05,176.5373077392578,162.4143231201172,162.4143231201172,247.15223083496093,-0.07999999999999999,stop_loss,7,DCBBANK,-0.08259999999999999
2019-02-07,2019-07-08,170.76316833496094,209.33205207909162,157.10211486816408,239.06843566894528,0.2258618419896953,trailing_stop,151,DCBBANK,0.22326184198969531
2020-12-10,2020-12-21,107.24007415771484,106.95485650260261,98.66086822509766,150.13610382080077,-0.002659618219703698,trailing_stop,11,DCBBANK,-0.005259618219703698
2021-07-08,2021-07-27,99.39671325683594,96.68719735712443,91.44497619628906,139.1553985595703,-0.027259612626327562,trailing_stop,19,DCBBANK,-0.02985961262632756
2022-08-19,2022-09-26,82.75312805175781,103.11645706465232,76.13287780761719,115.85437927246093,0.24607322396512069,trailing_stop,38,DCBBANK,0.2434732239651207
2023-06-30,2023-08-02,119.07342529296875,115.9652518265352,109.54755126953125,166.70279541015623,-0.026102998706774353,trailing_stop,33,DCBBANK,-0.028702998706774355
2025-05-15,2025-07-29,137.64523315429688,133.77927538032574,126.63361450195313,192.7033264160156,-0.028086390537313342,trailing_stop,75,DCBBANK,-0.03068639053731334
2025-10-20,2025-12-08,143.5761260986328,170.02436867031795,132.09003601074218,201.00657653808594,0.18421058772344878,trailing_stop,49,DCBBANK,0.1816105877234488
2019-02-07,2019-02-22,318.342041015625,332.343017578125,292.87467773437504,445.67885742187497,0.04398092227414223,death_cross,15,DCMSHRIRAM,0.04138092227414223
2019-03-01,2019-03-05,375.16448974609375,381.2194817915304,345.1513305664063,525.2302856445312,0.01613956600619268,trailing_stop,4,DCMSHRIRAM,0.01353956600619268
2020-08-10,2020-08-31,328.3761901855469,343.30507757896277,302.1060949707031,459.7266662597656,0.04546275838385365,trailing_stop,21,DCMSHRIRAM,0.04286275838385365
2024-06-28,2024-09-11,985.702392578125,1070.5833165533602,906.846201171875,1379.983349609375,0.08611212127955516,trailing_stop,75,DCMSHRIRAM,0.08351212127955515
2025-07-01,2025-07-03,1204.11865234375,1311.0978446567572,1107.78916015625,1685.76611328125,0.0888443942835518,trailing_stop,2,DCMSHRIRAM,0.0862443942835518
2017-03-23,2017-05-11,134.1716766357422,187.84034729003906,123.43794250488281,187.84034729003906,0.4,take_profit,49,DLF,0.39740000000000003
2019-11-25,2020-02-03,207.94313049316406,225.8355855306592,191.30768005371095,291.12038269042966,0.0860449440914968,trailing_stop,70,DLF,0.08344494409149679
2020-11-13,2020-11-20,176.05662536621094,172.35243161777944,161.97209533691407,246.4792755126953,-0.02103978615247505,trailing_stop,7,DLF,-0.02363978615247505
2022-09-09,2022-09-23,383.8913269042969,360.25717928907466,353.1800207519531,537.4478576660156,-0.06156468239542737,trailing_stop,14,DLF,-0.06416468239542737
2023-05-04,2023-08-14,410.8768615722656,457.7690495723127,378.0067126464844,575.2276062011719,0.11412710810876274,trailing_stop,102,DLF,0.11152710810876273
2025-07-02,2025-08-06,815.6193237304688,755.719955792757,750.3697778320313,1141.867053222656,-0.07344034918611887,trailing_stop,35,DLF,-0.07604034918611888
2019-08-13,2019-10-07,398.0497741699219,391.5863996988831,366.20579223632814,557.2696838378906,-0.016237603662801355,trailing_stop,55,DABUR,-0.018837603662801357
2020-08-05,2020-08-31,467.8573913574219,441.95577946115037,430.4288000488281,655.0003479003906,-0.05536219449503972,trailing_stop,26,DABUR,-0.05796219449503972
2022-08-26,2022-10-10,543.0945434570312,500.7482607803506,499.64697998046876,760.3323608398437,-0.07797221162843629,trailing_stop,45,DABUR,-0.0805722116284363
2023-07-11,2023-10-18,554.723388671875,512.0266025745758,510.345517578125,776.612744140625,-0.07696950763068477,trailing_stop,99,DABUR,-0.07956950763068478
2024-06-13,2024-10-03,587.172607421875,584.9961360212532,540.1987988281251,822.0416503906249,-0.0037066977803650713,trailing_stop,112,DABUR,-0.006306697780365071
2025-08-18,2025-09-22,509.7608947753906,509.9572947501043,468.9800231933594,713.6652526855469,0.0003852786212646553,trailing_stop,35,DABUR,-0.0022147213787353445
2020-06-11,2020-06-15,95.21273803710938,92.63723348505069,87.59571899414063,133.2978332519531,-0.02704999987559312,trailing_stop,4,DEEPAKFERT,-0.029649999875593122
2023-10-12,2023-10-23,628.8833618164062,618.0777202988502,578.5726928710938,880.4367065429688,-0.017182266495882628,trailing_stop,11,DEEPAKFERT,-0.019782266495882626
2024-07-04,2024-08-21,738.6140747070312,958.5878237352456,679.5249487304687,1034.0597045898437,0.29781960100809907,trailing_stop,48,DEEPAKFERT,0.2952196010080991
2026-06-10,2026-07-08,1494.9000244140625,1512.0,1375.3080224609375,2092.8600341796873,0.01143887571521043,trailing_stop,28,DEEPAKFERT,0.00883887571521043
2017-02-01,2017-02-15,103.79241180419922,96.53122213856305,95.48901885986328,145.3093765258789,-0.0699587719315565,trailing_stop,14,DEEPAKNTR,-0.0725587719315565
2018-08-17,2018-08-31,265.412109375,245.75514432005662,244.179140625,371.576953125,-0.07406205052675316,trailing_stop,14,DEEPAKNTR,-0.07666205052675316
2019-04-16,2019-05-08,258.3882751464844,263.24718386591115,237.71721313476564,361.7435852050781,0.018804679572523898,trailing_stop,22,DEEPAKNTR,0.016204679572523896
2022-10-18,2022-11-10,2216.343505859375,2089.35366631604,2039.0360253906251,3102.880908203125,-0.05729700256643906,trailing_stop,23,DEEPAKNTR,-0.05989700256643906
2023-06-26,2023-07-10,2199.399658203125,2023.4476855468752,2023.4476855468752,3079.1595214843746,-0.07999999999999993,stop_loss,14,DEEPAKNTR,-0.08259999999999994
2017-02-23,2017-03-01,127.87046813964844,130.09978153250208,117.64083068847657,179.0186553955078,0.017434153681356576,trailing_stop,6,DELTACORP,0.014834153681356576
2019-01-11,2019-01-22,243.451904296875,223.975751953125,223.975751953125,340.83266601562497,-0.07999999999999995,stop_loss,11,DELTACORP,-0.08259999999999995
2019-04-02,2019-04-18,256.2362976074219,235.73739379882812,235.73739379882812,358.7308166503906,-0.08000000000000002,stop_loss,16,DELTACORP,-0.08260000000000002
2019-12-18,2020-01-01,197.22877502441406,184.57206592286576,181.45047302246095,276.1202850341797,-0.0641727308805806,trailing_stop,14,DELTACORP,-0.06677273088058061
2023-06-07,2023-07-12,233.46807861328125,227.25620100395165,214.79063232421876,326.8553100585937,-0.026606967625835556,trailing_stop,35,DELTACORP,-0.029206967625835557
2020-09-04,2020-09-22,361.8714599609375,345.5241057763898,332.9217431640625,506.6200439453125,-0.045174477662074684,trailing_stop,18,DBL,-0.04777447766207468
2023-07-13,2023-08-01,243.61212158203125,286.4197540283203,224.12315185546876,341.0569702148437,0.1757204533513924,trailing_stop,19,DBL,0.17312045335139242
2025-06-19,2025-07-21,486.40240478515625,480.46518121316024,447.4902124023438,680.9633666992187,-0.012206402586801527,trailing_stop,32,DBL,-0.014806402586801527
2017-03-23,2017-04-07,106.89681243896484,98.74241153943957,98.34506744384765,149.65553741455076,-0.07628291913925134,trailing_stop,15,DISHTV,-0.07888291913925134
2020-09-10,2020-09-17,13.649999618530273,14.220000171661377,12.557999649047852,19.10999946594238,0.04175828344766482,trailing_stop,7,DISHTV,0.039158283447664824
2021-06-14,2021-06-18,15.100000381469727,14.4,13.892000350952149,21.140000534057616,-0.04635763998580728,trailing_stop,4,DISHTV,-0.04895763998580728
2022-10-13,2022-10-31,16.649999618530273,15.884999656677246,15.317999649047852,23.309999465942383,-0.045945944707508346,trailing_stop,18,DISHTV,-0.048545944707508344
2023-08-09,2023-08-14,19.450000762939453,18.63000068664551,17.894000701904297,27.230001068115232,-0.042159385302256325,trailing_stop,5,DISHTV,-0.04475938530225632
2016-09-15,2016-09-29,178.86459350585938,220.50695841162832,164.55542602539063,250.4104309082031,0.23281502554279862,trailing_stop,14,DCAL,0.23021502554279863
2018-01-08,2018-02-02,340.97039794921875,356.3632675590957,313.69276611328127,477.3585571289062,0.0451442990431369,trailing_stop,25,DCAL,0.042544299043136904
2020-07-14,2020-07-27,155.0500030517578,169.02000274658204,142.64600280761718,217.07000427246092,0.09009996401071238,trailing_stop,13,DCAL,0.08749996401071237
2021-05-31,2021-06-14,205.5,207.0,189.06,287.7,0.0072992700729927005,trailing_stop,14,DCAL,0.004699270072992701
2023-03-29,2023-05-03,129.8000030517578,133.65,119.41600280761719,181.72000427246093,0.029660992740554906,trailing_stop,35,DCAL,0.027060992740554908
2024-12-09,2024-12-12,276.70001220703125,277.1820098876953,254.56401123046876,387.3800170898437,0.0017419503411637473,trailing_stop,3,DCAL,-0.0008580496588362525
2025-06-04,2025-06-17,264.75,262.35,243.57000000000002,370.65,-0.009065155807365353,trailing_stop,13,DCAL,-0.011665155807365353
2017-09-25,2017-09-27,897.0056762695312,828.7439550119134,825.2452221679688,1255.8079467773437,-0.07609954213612653,trailing_stop,2,DIVISLAB,-0.07869954213612654
2023-06-16,2023-10-23,3498.842041015625,3461.337674326776,3218.9346777343753,4898.378857421874,-0.01071907969813995,trailing_stop,129,DIVISLAB,-0.01331907969813995
2024-05-16,2024-09-12,3873.48583984375,5422.88017578125,3563.60697265625,5422.88017578125,0.39999999999999997,take_profit,119,DIVISLAB,0.3974
2025-10-23,2026-01-19,6538.537109375,6188.530243123418,6015.454140625,9153.951953124999,-0.05352984320448989,trailing_stop,88,DIVISLAB,-0.05612984320448989
2019-09-03,2019-09-17,527.8709716796875,485.6412939453125,485.6412939453125,739.0193603515625,-0.08,stop_loss,14,DIXON,-0.0826
2022-10-13,2022-12-08,4280.6123046875,4192.492257850694,3938.1633203125,5992.8572265625,-0.020585850940135337,trailing_stop,56,DIXON,-0.02318585094013534
2023-07-05,2023-07-24,4200.12646484375,3981.3377948846864,3864.11634765625,5880.17705078125,-0.052090971972007696,trailing_stop,19,DIXON,-0.054690971972007695
2025-08-11,2025-09-30,16080.84375,16623.9,14794.376250000001,22513.181249999998,0.03377038285071338,trailing_stop,50,DIXON,0.031170382850713385
2018-01-03,2018-03-23,415.77960205078125,392.87370628968944,382.51723388671877,582.0914428710937,-0.055091437021227894,trailing_stop,79,LALPATHLAB,-0.05769143702122789
2018-12-19,2018-12-24,453.4110107421875,443.49212646484375,417.1381298828125,634.7754150390624,-0.021876143371788767,death_cross,5,LALPATHLAB,-0.024476143371788765
2019-01-11,2019-02-12,465.43182373046875,478.231794674386,428.19727783203126,651.6045532226562,0.027501280082922918,trailing_stop,32,LALPATHLAB,0.024901280082922916
2022-11-01,2022-11-09,1265.2584228515625,1170.248247385864,1164.0377490234375,1771.3617919921874,-0.07509151786681674,trailing_stop,8,LALPATHLAB,-0.07769151786681674
2023-07-26,2023-08-16,1170.4490966796875,1089.3228129373927,1076.8131689453126,1638.6287353515625,-0.06931209906730047,trailing_stop,21,LALPATHLAB,-0.07191209906730048
2024-06-10,2024-10-16,1364.7598876953125,1615.1433715523492,1255.5790966796876,1910.6638427734374,0.18346339609956042,trailing_stop,128,LALPATHLAB,0.18086339609956043
2025-07-22,2025-09-26,1484.5321044921875,1577.436529411864,1365.7695361328126,2078.3449462890626,0.06258162059180006,trailing_stop,66,LALPATHLAB,0.05998162059180006
2026-06-08,2026-06-16,1538.078857421875,1614.4902714718855,1415.032548828125,2153.3104003906246,0.0496797766130738,trailing_stop,8,LALPATHLAB,0.047079776613073804
2018-08-14,2018-10-04,432.6806640625,456.46951346744976,398.06621093750005,605.7529296875,0.05498015368099162,trailing_stop,51,DRREDDY,0.05238015368099162
2019-10-24,2020-02-28,540.6417236328125,579.5169055569169,497.3903857421875,756.8984130859375,0.07190562663733148,trailing_stop,127,DRREDDY,0.06930562663733147
2021-05-25,2021-07-27,1022.8845825195312,973.1847821851842,941.0538159179688,1432.0384155273437,-0.048587886828764554,trailing_stop,63,DRREDDY,-0.05118788682876455
2022-10-20,2023-01-25,847.2001342773438,814.3663738245709,779.4241235351562,1186.080187988281,-0.0387556128998726,trailing_stop,97,DRREDDY,-0.0413556128998726
2025-01-14,2025-01-24,1320.744873046875,1215.085283203125,1215.085283203125,1849.0428222656249,-0.07999999999999995,stop_loss,10,DRREDDY,-0.08259999999999995
2025-06-30,2025-10-30,1267.176513671875,1186.5950369659206,1165.8023925781251,1774.047119140625,-0.06359135908576373,trailing_stop,122,DRREDDY,-0.06619135908576373
2019-12-19,2020-01-21,193.9389190673828,208.50335942628476,178.4238055419922,271.5144866943359,0.0750980794826521,trailing_stop,33,EIDPARRY,0.07249807948265209
2020-06-25,2020-07-01,258.3155822753906,253.3386527050812,237.65033569335938,361.6418151855469,-0.01926685771903425,trailing_stop,6,EIDPARRY,-0.021866857719034252
2023-10-16,2023-10-23,509.0987548828125,468.3708544921875,468.3708544921875,712.7382568359375,-0.07999999999999999,stop_loss,7,EIDPARRY,-0.08259999999999999
2025-05-23,2025-06-18,999.25,937.8000000000001,919.3100000000001,1398.9499999999998,-0.06149612209156861,trailing_stop,26,EIDPARRY,-0.0640961220915686
2017-04-10,2017-05-31,115.69099426269531,126.54944719667256,106.43571472167969,161.96739196777344,0.09385737414721629,trailing_stop,51,EIHOTEL,0.09125737414721628
2018-12-17,2019-01-03,187.88816833496094,176.52280546061178,172.85711486816408,263.0434356689453,-0.06049004029933039,trailing_stop,17,EIHOTEL,-0.0630900402993304
2020-11-24,2020-12-21,85.43020629882812,92.95515645345053,78.59578979492188,119.60228881835937,0.08808301513753485,trailing_stop,27,EIHOTEL,0.08548301513753484
2022-08-22,2022-09-02,152.5153045654297,169.53249695899922,140.31408020019532,213.52142639160155,0.11157694922524372,trailing_stop,11,EIHOTEL,0.10897694922524372
2023-05-22,2023-09-05,197.96005249023438,244.69297874105,182.12324829101564,277.1440734863281,0.23607250888722123,trailing_stop,106,EIHOTEL,0.23347250888722124
2025-08-25,2025-09-19,409.34246826171875,389.552247961342,376.5950708007813,573.0794555664062,-0.04834636480406327,trailing_stop,25,EIHOTEL,-0.05094636480406327
2018-05-14,2018-06-01,138.51467895507812,142.11606121326673,127.43350463867188,193.92055053710936,0.026000004370342413,trailing_stop,18,EDELWEISS,0.02340000437034241
2019-07-12,2019-07-17,81.17740631103516,74.89617759660551,74.68321380615235,113.6483688354492,-0.07737656325656443,trailing_stop,5,EDELWEISS,-0.07997656325656444
2020-12-04,2020-12-10,38.5418586730957,35.49238698415535,35.45850997924805,53.95860214233398,-0.07912103344068994,trailing_stop,6,EDELWEISS,-0.08172103344068994
2021-06-25,2021-07-15,35.395301818847656,43.79083541322968,32.563677673339846,49.55342254638671,0.23719344554116734,trailing_stop,20,EDELWEISS,0.23459344554116734
2022-09-20,2022-09-26,32.647727966308594,30.072698080078002,30.035909729003908,45.706819152832026,-0.07887317270249065,trailing_stop,6,EDELWEISS,-0.08147317270249066
2023-06-12,2023-07-10,46.75541305541992,46.3693607141195,43.01498001098633,65.45757827758788,-0.008256848053995937,trailing_stop,28,EDELWEISS,-0.010856848053995937
2024-08-28,2024-08-30,112.30079650878906,103.31673278808594,103.31673278808594,157.2211151123047,-0.07999999999999995,stop_loss,2,EDELWEISS,-0.08259999999999995
2025-07-18,2025-07-25,117.53705596923828,108.48367358894276,108.13409149169922,164.55187835693357,-0.07702577119734019,trailing_stop,7,EDELWEISS,-0.0796257711973402
2018-05-29,2018-06-27,2823.887451171875,2623.8230513488597,2597.976455078125,3953.442431640625,-0.07084715778597736,trailing_stop,29,EICHERMOT,-0.07344715778597737
2019-11-21,2019-12-06,2055.232666015625,1975.698614955335,1890.814052734375,2877.325732421875,-0.03869831984253085,trailing_stop,15,EICHERMOT,-0.04129831984253085
2020-08-04,2020-08-14,1982.8702392578125,1897.0387615454326,1824.2406201171875,2776.0183349609374,-0.0432864823996282,trailing_stop,10,EICHERMOT,-0.0458864823996282
2022-06-23,2022-10-11,2676.3935546875,3257.574643204466,2462.2820703125003,3746.9509765625,0.21715083250707715,trailing_stop,110,EICHERMOT,0.21455083250707715
2023-06-08,2023-07-05,3495.427734375,3215.793515625,3215.793515625,4893.598828124999,-0.07999999999999999,stop_loss,27,EICHERMOT,-0.08259999999999999
2019-05-31,2019-07-26,133.99716186523438,123.27738891601562,123.27738891601562,187.5960266113281,-0.08,stop_loss,56,ELGIEQUIP,-0.0826
2019-10-11,2019-11-20,133.6031036376953,123.77295373268223,122.91485534667969,187.04434509277343,-0.07357725709479379,trailing_stop,40,ELGIEQUIP,-0.0761772570947938
2020-09-10,2020-09-29,107.65316009521484,118.3524072298013,99.04090728759766,150.71442413330078,0.09938628020880584,trailing_stop,19,ELGIEQUIP,0.09678628020880584
2023-04-12,2023-04-28,459.8179626464844,456.38090037369994,423.03252563476565,643.7451477050781,-0.007474832546780911,trailing_stop,16,ELGIEQUIP,-0.010074832546780911
2025-08-01,2025-08-07,555.5090942382812,527.3703597383176,511.06836669921876,777.7127319335937,-0.05065395830926539,trailing_stop,6,ELGIEQUIP,-0.05325395830926539
2026-04-15,2026-05-13,528.534912109375,514.8288313749252,486.25211914062504,739.9488769531249,-0.025932214543309903,trailing_stop,28,ELGIEQUIP,-0.028532214543309904
2017-06-23,2017-08-02,465.3348388671875,438.0931634504167,428.1080517578125,651.4687744140624,-0.05854209300788231,trailing_stop,40,EMAMILTD,-0.06114209300788231
2020-08-25,2020-08-31,319.70574951171875,309.2103581130337,294.12928955078127,447.5880493164062,-0.03282828480474466,trailing_stop,6,EMAMILTD,-0.03542828480474466
2022-09-14,2022-09-19,478.0263977050781,439.7842858886719,439.7842858886719,669.2369567871093,-0.07999999999999997,stop_loss,5,EMAMILTD,-0.08259999999999998
2023-08-01,2023-09-21,437.2675476074219,496.5553114857267,402.28614379882816,612.1745666503906,0.135586928878457,trailing_stop,51,EMAMILTD,0.132986928878457
2024-06-06,2024-06-27,680.454833984375,659.5842851014895,626.018447265625,952.6367675781249,-0.030671468318740357,trailing_stop,21,EMAMILTD,-0.03327146831874036
2025-09-05,2025-09-26,593.209716796875,545.752939453125,545.752939453125,830.493603515625,-0.07999999999999999,stop_loss,21,EMAMILTD,-0.08259999999999999
2020-08-19,2020-09-01,1022.7911376953125,1037.4938719777194,940.9678466796876,1431.9075927734375,0.014375109189484248,trailing_stop,13,ENDURANCE,0.011775109189484248
2022-08-29,2022-09-26,1427.66650390625,1385.6606742578929,1313.45318359375,1998.73310546875,-0.029422718494427534,trailing_stop,28,ENDURANCE,-0.03202271849442753
2023-06-20,2023-09-13,1544.20166015625,1556.371188605156,1420.66552734375,2161.88232421875,0.007880789642250901,trailing_stop,85,ENDURANCE,0.005280789642250901
2025-06-20,2025-07-07,2555.38232421875,2705.1739126791635,2350.95173828125,3577.5352539062496,0.05861807332732839,trailing_stop,17,ENDURANCE,0.056018073327328395
2017-10-30,2017-11-14,142.0628662109375,138.73797750750202,130.6978369140625,198.88801269531248,-0.023404347611138732,trailing_stop,15,ENGINERSIN,-0.026004347611138734
2019-06-03,2019-06-19,98.19303894042969,90.33759582519532,90.33759582519532,137.47025451660156,-0.0799999999999999,stop_loss,16,ENGINERSIN,-0.08259999999999991
2020-11-27,2021-01-22,63.81428909301758,63.04455743614813,58.70914596557618,89.3400047302246,-0.012062058009413262,trailing_stop,56,ENGINERSIN,-0.014662058009413262
2022-09-07,2022-09-23,65.54254150390625,60.299138183593755,60.299138183593755,91.75955810546874,-0.07999999999999993,stop_loss,16,ENGINERSIN,-0.08259999999999994
2025-06-06,2025-06-12,224.61297607421875,216.47857649965306,206.64393798828127,314.4581665039062,-0.03621518096032816,trailing_stop,6,ENGINERSIN,-0.038815180960328155
2026-04-21,2026-05-12,243.24000549316406,240.3,223.78080505371094,340.53600769042964,-0.012086850134718798,trailing_stop,21,ENGINERSIN,-0.014686850134718798
2020-01-30,2020-02-10,503.819091796875,480.91822311840434,463.513564453125,705.3467285156249,-0.0454545471804066,trailing_stop,11,ERIS,-0.048054547180406595
2020-05-20,2020-06-02,456.2364196777344,514.7800136435671,419.73750610351567,638.7309875488281,0.12831854591351,trailing_stop,13,ERIS,0.12571854591351
2022-09-26,2022-11-17,684.0249633789062,667.4288271612694,629.3029663085938,957.6349487304686,-0.02426247155609093,trailing_stop,52,ERIS,-0.02686247155609093
2023-07-12,2023-10-23,693.7671508789062,826.0076451692867,638.2657788085937,971.2740112304687,0.19061221639400214,trailing_stop,103,ERIS,0.18801221639400215
2024-06-06,2024-08-29,967.1397705078125,1353.9956787109375,889.7685888671875,1353.9956787109375,0.39999999999999997,take_profit,84,ERIS,0.3974
2019-11-22,2019-12-06,618.9306030273438,576.8087799130976,569.4161547851563,866.5028442382812,-0.06805580933988042,trailing_stop,14,ESCORTS,-0.07065580933988043
2021-09-17,2021-11-01,1399.2890625,1444.724601682662,1287.3459375,1959.0046874999998,0.03247044545712803,trailing_stop,45,ESCORTS,0.029870445457128032
2022-09-12,2022-09-27,1925.2587890625,1907.8834300616109,1771.2380859375,2695.3623046875,-0.009024947243248288,trailing_stop,15,ESCORTS,-0.011624947243248288
2023-06-19,2023-08-25,2122.677490234375,2971.7484863281247,1952.863291015625,2971.7484863281247,0.39999999999999986,take_profit,67,ESCORTS,0.39739999999999986
2024-05-07,2024-07-12,3341.173828125,3853.7991259857727,3073.879921875,4677.643359375,0.15342670696916352,trailing_stop,66,ESCORTS,0.15082670696916353
2025-08-07,2025-09-04,3298.8447265625,3701.238960604548,3034.9371484375,4618.3826171875,0.12198034990915002,trailing_stop,28,ESCORTS,0.11938034990915002
2018-01-31,2018-02-05,205.95547485351562,189.47903686523438,189.47903686523438,288.33766479492186,-0.07999999999999999,stop_loss,5,EXIDEIND,-0.08259999999999999
2020-09-30,2020-12-21,157.9053497314453,170.1671609741149,145.2729217529297,221.06748962402344,0.07765291843198242,trailing_stop,82,EXIDEIND,0.07505291843198242
2022-09-12,2022-09-22,170.59695434570312,156.94919799804688,156.94919799804688,238.83573608398436,-0.07999999999999995,stop_loss,10,EXIDEIND,-0.08259999999999995
2025-09-02,2025-09-26,414.2150573730469,386.0499999783179,381.0778527832031,579.9010803222656,-0.06799621813207822,trailing_stop,24,EXIDEIND,-0.07059621813207823
2016-09-15,2016-09-29,221.2131805419922,205.6648398558497,203.5161260986328,309.698452758789,-0.07028668295463979,trailing_stop,14,FDC,-0.07288668295463979
2017-11-22,2017-11-27,209.4171905517578,200.2989794021877,192.6638153076172,293.18406677246094,-0.043540891392660146,trailing_stop,5,FDC,-0.046140891392660144
2019-11-14,2019-11-27,177.10935974121094,179.19185263989726,162.94061096191408,247.9531036376953,0.011758231759909398,trailing_stop,13,FDC,0.009158231759909399
2021-06-14,2021-06-16,372.6214904785156,356.1159215868206,342.8117712402344,521.6700866699218,-0.0442958050285795,trailing_stop,2,FDC,-0.0468958050285795
2022-10-10,2022-11-14,271.0374450683594,279.68600641465594,249.35444946289064,379.4524230957031,0.03190910150483183,trailing_stop,35,FDC,0.029309101504831833
2023-05-25,2023-08-10,283.3506774902344,396.6909484863281,260.68262329101566,396.6909484863281,0.4,take_profit,77,FDC,0.39740000000000003
2025-07-21,2025-09-23,480.8680419921875,469.0388781817918,442.39859863281254,673.2152587890624,-0.024599604834184184,trailing_stop,64,FDC,-0.027199604834184182
2026-07-10,2026-07-24,432.29998779296875,397.7159887695313,397.7159887695313,605.2199829101562,-0.0799999999999999,stop_loss,14,FDC,-0.08259999999999991
2019-01-02,2019-01-17,89.43301391601562,82.7821384302832,82.27837280273438,125.20621948242187,-0.07436711785178238,trailing_stop,15,FEDERALBNK,-0.07696711785178238
2020-12-01,2020-12-21,62.70504379272461,59.44552479930555,57.68864028930664,87.78706130981445,-0.05198176727527052,trailing_stop,20,FEDERALBNK,-0.05458176727527052
2022-08-01,2022-09-08,104.84252166748047,114.52746675516887,96.45511993408203,146.77953033447264,0.0923761173773106,trailing_stop,38,FEDERALBNK,0.08977611737731059
2023-08-24,2023-10-26,139.0279541015625,135.70790162662345,127.9057177734375,194.63913574218748,-0.023880467035526445,trailing_stop,63,FEDERALBNK,-0.026480467035526443
2025-05-30,2025-08-01,200.84417724609375,196.80859767418914,184.77664306640625,281.1818481445312,-0.020093087224330244,trailing_stop,63,FEDERALBNK,-0.022693087224330243
2020-08-06,2020-08-24,2284.033447265625,2457.121125207687,2101.310771484375,3197.6468261718746,0.07578158636392876,trailing_stop,18,FINEORG,0.07318158636392876
2021-05-14,2021-05-28,3118.7177734375,3169.558301049356,2869.2203515625,4366.2048828125,0.016301740428348796,trailing_stop,14,FINEORG,0.013701740428348796
2023-10-11,2023-10-26,4871.66943359375,4481.93587890625,4481.93587890625,6820.33720703125,-0.08000000000000003,stop_loss,15,FINEORG,-0.08260000000000003
2024-07-03,2024-07-30,5182.8515625,5330.108686597354,4768.2234375,7255.992187499999,0.028412375373205352,trailing_stop,27,FINEORG,0.025812375373205354
2025-07-03,2025-08-08,5251.05859375,4923.371459300977,4830.97390625,7351.48203125,-0.06240401408566415,trailing_stop,36,FINEORG,-0.06500401408566416
2026-05-21,2026-07-08,4596.908203125,4855.323924574292,4229.155546875,6435.671484375,0.056215114601074555,trailing_stop,48,FINEORG,0.05361511460107456
2020-10-26,2020-12-21,272.4523010253906,316.22543545604947,250.6561169433594,381.43322143554684,0.16066347858291533,trailing_stop,56,FINCABLES,0.15806347858291533
2022-09-19,2022-10-21,453.1036071777344,442.54311640320395,416.8553186035156,634.345050048828,-0.023307011039503743,trailing_stop,32,FINCABLES,-0.02590701103950374
2024-05-29,2024-06-04,1463.161376953125,1346.108466796875,1346.108466796875,2048.425927734375,-0.07999999999999996,stop_loss,6,FINCABLES,-0.08259999999999997
2026-04-09,2026-05-15,843.4500122070312,1055.5200439453126,775.9740112304688,1180.8300170898438,0.25143165412181795,trailing_stop,36,FINCABLES,0.24883165412181796
2019-08-02,2019-11-20,92.43981170654297,102.08290565158576,85.04462677001953,129.41573638916014,0.10431754205271976,trailing_stop,110,FINPIPE,0.10171754205271975
2020-09-21,2020-09-22,95.20175170898438,91.17089820907991,87.58561157226563,133.2824523925781,-0.04234011903715914,trailing_stop,1,FINPIPE,-0.04494011903715914
2022-12-01,2022-12-22,153.0391387939453,166.5026914433919,140.7960076904297,214.25479431152343,0.087974571443284,trailing_stop,21,FINPIPE,0.08537457144328399
2025-09-16,2025-09-29,219.1699981689453,201.6363983154297,201.6363983154297,306.83799743652344,-0.08,stop_loss,13,FINPIPE,-0.0826
2017-02-27,2017-03-20,33.794410705566406,32.472863597947075,31.090857849121097,47.312174987792964,-0.039105493483324864,trailing_stop,21,FSL,-0.04170549348332486
2017-09-27,2017-10-17,31.62412452697754,31.635754674298482,29.094194564819336,44.27377433776855,0.00036776187467330333,trailing_stop,20,FSL,-0.0022322381253266966
2019-07-15,2019-08-05,40.860557556152344,38.447686982490644,37.591712951660156,57.204780578613274,-0.0590513374749189,trailing_stop,21,FSL,-0.061651337474918896
2020-07-29,2020-08-04,40.84437942504883,45.82242502028673,37.576829071044926,57.18213119506836,0.12187835059099934,trailing_stop,6,FSL,0.11927835059099934
2023-02-14,2023-03-16,109.15253448486328,103.05276653589765,100.42033172607422,152.81354827880858,-0.055882971272751526,trailing_stop,30,FSL,-0.058482971272751524
2025-05-29,2025-07-01,386.3184509277344,355.6576129504712,355.41297485351566,540.8458312988281,-0.07936674498365764,trailing_stop,33,FSL,-0.08196674498365765
2025-09-18,2025-09-29,366.5498962402344,337.22590454101567,337.22590454101567,513.1698547363281,-0.07999999999999989,stop_loss,11,FSL,-0.0825999999999999
2016-08-18,2016-08-23,192.38259887695312,176.9919909667969,176.9919909667969,269.33563842773435,-0.07999999999999992,stop_loss,5,FORTIS,-0.08259999999999992
2016-12-15,2017-01-20,183.4484405517578,183.1506217560094,168.77256530761719,256.82781677246095,-0.0016234468652481478,trailing_stop,36,FORTIS,-0.004223446865248148
2018-04-25,2018-05-18,151.5335693359375,143.7955598892518,139.4108837890625,212.1469970703125,-0.05106465505033526,trailing_stop,23,FORTIS,-0.053664655050335255
2019-11-05,2019-11-15,144.1876983642578,143.84024290124114,132.6526824951172,201.86277770996094,-0.0024097441526454225,trailing_stop,10,FORTIS,-0.005009744152645422
2020-11-14,2021-01-13,142.4008331298828,162.69137424778444,131.00876647949218,199.36116638183591,0.14248892139131492,trailing_stop,60,FORTIS,0.13988892139131492
2022-09-02,2022-09-19,289.5169677734375,290.36075214972846,266.3556103515625,405.32375488281247,0.0029144556976407046,trailing_stop,17,FORTIS,0.0003144556976407047
2023-06-23,2023-08-11,302.5707702636719,315.88974683514147,278.36510864257815,423.5990783691406,0.04401937622680115,trailing_stop,49,FORTIS,0.041419376226801155
2026-06-12,2026-08-07,989.3004760742188,910.1564379882813,910.1564379882813,1385.020666503906,-0.08,stop_loss,56,FORTIS,-0.0826
2017-02-08,2017-02-14,26.5,26.325,24.380000000000003,37.099999999999994,-0.0066037735849056875,trailing_stop,6,FCONSUMER,-0.009203773584905688
2021-07-01,2021-07-16,9.600000381469727,9.090000343322755,8.832000350952148,13.440000534057617,-0.05312500186264497,trailing_stop,15,FCONSUMER,-0.055725001862644966
2024-01-30,2024-02-05,1.2000000476837158,1.125,1.1040000438690185,1.6800000667572021,-0.0625000372529015,trailing_stop,6,FCONSUMER,-0.0651000372529015
2019-02-21,2019-04-01,424.27606201171875,452.502987155989,390.33397705078124,593.9864868164062,0.06652961991405161,trailing_stop,39,FLFL,0.0639296199140516
2023-12-28,2024-01-23,3.5999999046325684,3.375,3.311999912261963,5.039999866485595,-0.06249997516473069,trailing_stop,26,FRETAIL,-0.06509997516473069
2018-07-26,2018-09-04,88.32561492919922,85.80951822861373,81.25956573486329,123.65586090087889,-0.028486602698462576,trailing_stop,40,GAIL,-0.031086602698462577
2020-12-10,2020-12-21,62.343505859375,60.198752915499604,57.356025390625,87.280908203125,-0.03440218695293145,trailing_stop,11,GAIL,-0.03700218695293145
2022-03-14,2022-04-25,84.6769027709961,89.75508923026678,77.90275054931641,118.54766387939452,0.05997132976160396,trailing_stop,42,GAIL,0.05737132976160396
2023-01-19,2023-01-30,84.72874450683594,80.3577512881706,77.95044494628907,118.6202423095703,-0.051588079631141946,trailing_stop,11,GAIL,-0.054188079631141944
2025-10-30,2025-12-08,177.55557250976562,163.3511267089844,163.3511267089844,248.57780151367186,-0.07999999999999989,stop_loss,39,GAIL,-0.0825999999999999
2017-12-06,2018-01-31,224.3432159423828,257.30874777143174,206.3957586669922,314.0805023193359,0.14694240559302374,trailing_stop,56,GHCL,0.14434240559302375
2019-05-07,2019-06-06,198.48207092285156,207.54238402066252,182.60350524902344,277.87489929199216,0.045648017756387854,trailing_stop,30,GHCL,0.043048017756387856
2020-08-26,2020-09-09,145.48536682128906,133.84653747558593,133.84653747558593,203.67951354980468,-0.08000000000000003,stop_loss,14,GHCL,-0.08260000000000003
2023-08-11,2023-08-29,494.3839416503906,511.5380274910939,454.8332263183594,692.1375183105469,0.034697902572316905,trailing_stop,18,GHCL,0.03209790257231691
2024-07-31,2024-08-02,534.8947143554688,569.0897777065563,492.1031372070313,748.8526000976562,0.06392858712820065,trailing_stop,2,GHCL,0.061328587128200655
2019-07-11,2019-11-08,1160.64111328125,1392.0099947753183,1067.78982421875,1624.8975585937499,0.19934575713931504,trailing_stop,120,GALAXYSURF,0.19674575713931505
2020-07-27,2020-08-13,1529.7408447265625,1665.9984501868087,1407.3615771484376,2141.6371826171876,0.08907234577017645,trailing_stop,17,GALAXYSURF,0.08647234577017644
2022-08-08,2022-09-26,3034.330322265625,2986.962151552355,2791.583896484375,4248.062451171875,-0.015610749550135314,trailing_stop,49,GALAXYSURF,-0.018210749550135314
2023-07-06,2023-10-26,2572.894287109375,2440.8051085144143,2367.062744140625,3602.0520019531245,-0.05133875078224134,trailing_stop,112,GALAXYSURF,-0.053938750782241335
2024-07-12,2024-07-22,2878.166748046875,2647.913408203125,2647.913408203125,4029.4334472656246,-0.07999999999999997,stop_loss,10,GALAXYSURF,-0.08259999999999998
2025-07-28,2025-08-07,2542.030029296875,2443.494201061336,2338.667626953125,3558.842041015625,-0.03876265311578327,trailing_stop,10,GALAXYSURF,-0.04136265311578327
2018-09-18,2018-09-24,203.60000610351562,189.9,187.31200561523437,285.0400085449219,-0.06728882953250097,trailing_stop,6,GAYAPROJ,-0.06988882953250097
2020-11-11,2020-11-23,24.149999618530273,33.80999946594238,22.21799964904785,33.80999946594238,0.4,take_profit,12,GAYAPROJ,0.39740000000000003
2021-07-15,2021-07-20,37.79999923706055,37.800000000000004,34.775999298095705,52.91999893188476,2.0183583936166903e-08,trailing_stop,5,GAYAPROJ,-0.0025999798164160638
2024-09-04,2024-10-21,8.739999771118164,10.259999656677246,8.04079978942871,12.23599967956543,0.17391303493874338,trailing_stop,47,GAYAPROJ,0.1713130349387434
2025-07-16,2025-08-05,8.319999694824219,8.207999897003175,7.654399719238282,11.647999572753905,-0.01346151465494857,trailing_stop,20,GAYAPROJ,-0.01606151465494857
2019-11-11,2019-11-15,253.46365356445312,236.1933241478369,233.18656127929688,354.84911499023434,-0.06813730163573357,trailing_stop,4,GICRE,-0.07073730163573358
2021-01-18,2021-02-18,125.0859603881836,138.7128433227539,115.07908355712891,175.120344543457,0.10894014717784106,trailing_stop,31,GICRE,0.10634014717784106
2022-09-30,2022-11-18,112.97663116455078,123.30489292565215,103.93850067138672,158.1672836303711,0.09141945245347448,trailing_stop,49,GICRE,0.08881945245347447
2025-04-29,2025-04-30,422.105712890625,397.45568237587514,388.33725585937503,590.947998046875,-0.05839776568278078,trailing_stop,1,GICRE,-0.06099776568278078
2026-04-02,2026-06-01,378.54998779296875,376.15501098632814,348.26598876953125,529.9699829101562,-0.006326712148648756,trailing_stop,60,GICRE,-0.008926712148648756
2017-05-22,2017-11-30,4149.52001953125,5809.328027343749,3817.5584179687503,5809.328027343749,0.39999999999999986,take_profit,192,GILLETTE,0.39739999999999986
2018-09-05,2018-12-03,6033.42138671875,5801.0439453125,5550.74767578125,8446.78994140625,-0.03851503591606875,death_cross,89,GILLETTE,-0.04111503591606875
2019-04-10,2019-05-09,6221.62939453125,6369.764469201586,5723.89904296875,8710.281152343749,0.023809691204131324,trailing_stop,29,GILLETTE,0.021209691204131326
2022-08-25,2022-12-22,5000.35791015625,4637.886860328089,4600.329277343751,7000.50107421875,-0.07248902105426183,trailing_stop,119,GILLETTE,-0.07508902105426184
2023-07-24,2024-01-16,5195.193359375,6276.372678770054,4779.577890625,7273.270703124999,0.20811146854505605,trailing_stop,176,GILLETTE,0.20551146854505606
2025-06-23,2025-07-29,9787.15625,10093.37020546534,9004.18375,13702.01875,0.03128732674165086,trailing_stop,36,GILLETTE,0.028687326741650865
2018-06-15,2018-07-24,1111.0223388671875,1196.7935158715175,1022.1405517578125,1555.4312744140625,0.07720022721755833,trailing_stop,39,GLAXO,0.07460022721755832
2019-10-15,2020-02-04,1193.6322021484375,1310.2758527775125,1098.1416259765626,1671.0850830078125,0.0977216016953348,trailing_stop,112,GLAXO,0.09512160169533479
2020-08-17,2020-09-22,1293.645751953125,1390.8124330529843,1190.154091796875,1811.1040527343748,0.07511073333109826,trailing_stop,36,GLAXO,0.07251073333109825
2021-07-08,2021-08-17,1286.5068359375,1386.3236948152087,1183.5862890625,1801.1095703125,0.0775875075743149,trailing_stop,40,GLAXO,0.0749875075743149
2023-06-30,2023-10-23,1348.733642578125,1383.2778750607497,1240.834951171875,1888.2270996093748,0.025612345827299796,trailing_stop,115,GLAXO,0.023012345827299795
2025-04-16,2025-04-25,2817.509521484375,2727.3114290967396,2592.108759765625,3944.513330078125,-0.03201341173822031,trailing_stop,9,GLAXO,-0.03461341173822031
2016-08-30,2016-11-04,822.8814086914062,864.0763081157124,757.0508959960938,1152.0339721679686,0.05006176952012648,trailing_stop,66,GLENMARK,0.047461769520126484
2018-08-01,2018-09-21,566.7860107421875,620.8676246224851,521.4431298828125,793.5004150390624,0.09541804641487096,trailing_stop,51,GLENMARK,0.09281804641487096
2020-06-12,2020-06-22,394.6711120605469,504.02278521254465,363.09742309570316,552.5395568847656,0.27707037533373363,trailing_stop,10,GLENMARK,0.27447037533373364
2022-12-05,2023-01-25,432.8447570800781,403.1475351845513,398.2171765136719,605.9826599121093,-0.06860940651299767,trailing_stop,51,GLENMARK,-0.07120940651299767
2025-07-04,2025-08-01,1825.92138671875,2051.2884530654055,1679.84767578125,2556.28994140625,0.12342648921575353,trailing_stop,28,GLENMARK,0.12082648921575352
2016-09-06,2016-09-14,405.6733703613281,394.3668077872604,373.21950073242186,567.9427185058594,-0.02787109877090795,trailing_stop,8,GODFRYPHLP,-0.03047109877090795
2017-05-12,2017-05-23,363.1589050292969,342.7625217934542,334.10619262695315,508.4224670410156,-0.05616379759212363,trailing_stop,11,GODFRYPHLP,-0.05876379759212363
2018-12-17,2018-12-24,267.1079406738281,245.7393054199219,245.7393054199219,373.95111694335935,-0.07999999999999995,stop_loss,7,GODFRYPHLP,-0.08259999999999995
2019-10-17,2019-11-14,315.180908203125,346.9881821001205,289.966435546875,441.253271484375,0.10091751457387341,trailing_stop,28,GODFRYPHLP,0.0983175145738734
2021-07-07,2021-09-29,305.0052185058594,331.1721168634205,280.60480102539066,427.0073059082031,0.08579164148648313,trailing_stop,84,GODFRYPHLP,0.08319164148648313
2022-05-20,2022-05-31,376.9120788574219,356.3244709433272,346.7591125488281,527.6769104003906,-0.05462177804570323,trailing_stop,11,GODFRYPHLP,-0.05722177804570323
2022-09-13,2022-09-19,372.81976318359375,342.9941821289063,342.9941821289063,521.9476684570312,-0.07999999999999989,stop_loss,6,GODFRYPHLP,-0.0825999999999999
2023-08-18,2023-09-12,712.4866943359375,655.5610919835482,655.4877587890626,997.4813720703124,-0.07989707429616769,trailing_stop,25,GODFRYPHLP,-0.08249707429616769
2025-04-04,2025-05-09,2202.05322265625,2667.1306118726216,2025.88896484375,3082.87451171875,0.21120170231642588,trailing_stop,35,GODFRYPHLP,0.20860170231642589
2020-08-21,2020-09-22,449.5580749511719,446.59897507189106,413.59342895507814,629.3813049316406,-0.006582241637194955,trailing_stop,32,GODREJAGRO,-0.009182241637194954
2021-05-31,2021-06-23,501.593017578125,541.7778235351877,461.465576171875,702.230224609375,0.08011436473157005,trailing_stop,23,GODREJAGRO,0.07751436473157004
2022-09-06,2022-09-26,488.8461608886719,470.90790424938365,449.73846801757816,684.3846252441406,-0.03669509566502134,trailing_stop,20,GODREJAGRO,-0.03929509566502134
2023-08-01,2023-08-14,466.7032775878906,447.7137049900297,429.3670153808594,653.3845886230469,-0.04068874916843655,trailing_stop,13,GODREJAGRO,-0.04328874916843655
2025-06-09,2025-06-19,792.8541870117188,729.4258520507813,729.4258520507813,1109.9958618164062,-0.07999999999999999,stop_loss,10,GODREJAGRO,-0.08259999999999999
2017-02-20,2017-05-09,503.4915771484375,540.2315433932083,463.21225097656253,704.8882080078124,0.0729703691427181,trailing_stop,78,GODREJCP,0.07037036914271809
2019-11-08,2019-12-05,697.5048828125,642.5828811467464,641.7044921875,976.5068359374999,-0.07874066980620326,trailing_stop,27,GODREJCP,-0.08134066980620326
2020-07-22,2020-09-01,662.118408203125,616.1082453203738,609.148935546875,926.965771484375,-0.06948932745672302,trailing_stop,41,GODREJCP,-0.07208932745672303
2021-05-14,2021-09-29,813.6070556640625,978.2769105780008,748.5184912109376,1139.0498779296875,0.2023948216372527,trailing_stop,138,GODREJCP,0.1997948216372527
2022-08-24,2022-09-27,862.463623046875,821.821454089201,793.466533203125,1207.4490722656249,-0.04712334279571709,trailing_stop,34,GODREJCP,-0.049723342795717086
2023-12-15,2024-01-17,1000.3477172851562,1062.5961995838893,920.3198999023438,1400.4868041992186,0.062226844949143496,trailing_stop,33,GODREJCP,0.0596268449491435
2025-06-03,2025-08-11,1216.5987548828125,1156.3827679522512,1119.2708544921875,1703.2382568359374,-0.04949535472470666,trailing_stop,69,GODREJCP,-0.05209535472470666
2026-02-16,2026-03-06,1197.845947265625,1110.8383345866152,1102.018271484375,1676.984326171875,-0.07263673002160738,trailing_stop,18,GODREJCP,-0.07523673002160738
2018-06-14,2018-07-17,606.4048461914062,567.5645232052341,557.8924584960938,848.9667846679687,-0.06405015268283751,trailing_stop,33,GODREJIND,-0.06665015268283751
2020-08-10,2020-09-07,385.95001220703125,431.1,355.0740112304688,540.3300170898438,0.11698402996486867,trailing_stop,28,GODREJIND,0.11438402996486867
2023-05-31,2023-08-07,479.79998779296875,471.0600219726563,441.4159887695313,671.7199829101562,-0.018215852527457187,trailing_stop,68,GODREJIND,-0.020815852527457185
2025-04-08,2025-04-30,1085.699951171875,1071.0,998.8439550781251,1519.979931640625,-0.013539607472587867,trailing_stop,22,GODREJIND,-0.016139607472587865
2026-06-17,2026-07-10,1052.199951171875,1298.7,968.023955078125,1473.0799316406249,0.23427110840823417,trailing_stop,23,GODREJIND,0.23167110840823418
2017-03-06,2017-05-02,364.3388977050781,510.07445678710934,335.1917858886719,510.07445678710934,0.3999999999999999,take_profit,57,GODREJPROP,0.3973999999999999
2019-01-30,2019-02-18,741.7147827148438,700.4143874864337,682.3776000976562,1038.4006958007812,-0.055682313728791066,trailing_stop,19,GODREJPROP,-0.058282313728791064
2020-08-11,2020-09-09,888.8535766601562,863.8295315085924,817.7452905273437,1244.3950073242186,-0.02815316921555412,trailing_stop,29,GODREJPROP,-0.03075316921555412
2023-05-31,2023-08-03,1383.612060546875,1584.4413328438304,1272.923095703125,1937.0568847656248,0.14514854128806692,trailing_stop,64,GODREJPROP,0.14254854128806693
2017-03-27,2017-05-04,132.78744506835938,131.65196093940838,122.16444946289063,185.9024230957031,-0.008551140722426291,trailing_stop,38,GRANULES,-0.011151140722426291
2019-03-19,2019-04-03,114.12506866455078,104.99506317138672,104.99506317138672,159.77509613037108,-0.08,stop_loss,15,GRANULES,-0.0826
2019-10-25,2019-11-01,121.02230834960938,117.2951695130457,111.34052368164063,169.4312316894531,-0.03079712234373109,trailing_stop,7,GRANULES,-0.03339712234373109
2021-08-13,2021-08-20,354.7706298828125,331.95199205240056,326.3889794921875,496.6788818359375,-0.06431941065118434,trailing_stop,7,GRANULES,-0.06691941065118434
2022-09-05,2022-12-01,302.238037109375,338.6291460540968,278.05899414062503,423.13325195312495,0.12040545688017569,trailing_stop,87,GRANULES,0.11780545688017569
2025-10-16,2026-01-20,568.9148559570312,563.1269547308864,523.4016674804687,796.4807983398437,-0.010173580748578683,trailing_stop,96,GRANULES,-0.012773580748578683
2017-01-16,2017-01-23,71.94517517089844,74.41806108079655,66.18956115722656,100.7232452392578,0.03437181025724132,trailing_stop,7,GRAPHITE,0.03177181025724132
2020-11-26,2020-12-21,220.8340301513672,253.62042270179197,203.1673077392578,309.167642211914,0.14846621477655353,trailing_stop,25,GRAPHITE,0.14586621477655354
2023-06-28,2023-08-09,369.3259582519531,403.7963159761522,339.7798815917969,517.0563415527344,0.09333315721253332,trailing_stop,42,GRAPHITE,0.09073315721253332
2025-06-24,2025-08-01,534.3209838867188,527.0145443484563,491.5753051757813,748.0493774414062,-0.013674251542798268,trailing_stop,38,GRAPHITE,-0.016274251542798268
2017-02-28,2017-05-23,723.7125854492188,801.1853662844328,665.8155786132813,1013.1976196289062,0.1070490998676299,trailing_stop,84,GRASIM,0.10444909986762989
2019-06-07,2019-07-29,830.8201904296875,814.7082343583824,764.3545751953126,1163.1482666015625,-0.01939283163420991,trailing_stop,52,GRASIM,-0.02199283163420991
2020-09-15,2021-01-08,697.5311889648438,976.5436645507812,641.7286938476562,976.5436645507812,0.39999999999999986,take_profit,115,GRASIM,0.39739999999999986
2022-09-19,2023-01-10,1714.66943359375,1622.7290292413518,1577.49587890625,2400.5372070312496,-0.05361990046075628,trailing_stop,113,GRASIM,-0.05621990046075628
2023-05-29,2024-04-24,1679.3341064453125,2351.0677490234375,1544.9873779296875,2351.0677490234375,0.4,take_profit,331,GRASIM,0.39740000000000003
2025-05-16,2025-05-28,2785.358642578125,2562.529951171875,2562.529951171875,3899.502099609375,-0.08000000000000003,stop_loss,12,GRASIM,-0.08260000000000003
2016-08-18,2016-09-29,255.0642547607422,253.7166381366202,234.65911437988282,357.08995666503904,-0.0052834397567236594,trailing_stop,42,GESHIP,-0.007883439756723658
2017-11-06,2017-11-09,302.7836608886719,291.0748291015625,278.56096801757815,423.8971252441406,-0.03867061965214333,death_cross,3,GESHIP,-0.04127061965214333
2018-01-18,2018-01-23,334.1693115234375,326.57540909714226,307.43576660156253,467.83703613281244,-0.022724715180085092,trailing_stop,5,GESHIP,-0.02532471518008509
2019-01-11,2019-01-22,245.90782165527344,227.0404501651629,226.23519592285157,344.2709503173828,-0.07672538174308184,trailing_stop,11,GESHIP,-0.07932538174308185
2019-11-01,2019-12-12,231.00497436523438,229.28040796086003,212.52457641601563,323.4069641113281,-0.0074654946678667095,trailing_stop,41,GESHIP,-0.01006549466786671
2020-09-15,2020-09-22,214.69650268554688,197.52078247070312,197.52078247070312,300.5751037597656,-0.08,stop_loss,7,GESHIP,-0.0826
2022-04-11,2022-04-26,313.1694641113281,332.7150577949935,288.1159069824219,438.43724975585934,0.06241219506866471,trailing_stop,15,GESHIP,0.05981219506866471
2017-02-28,2017-03-29,145.22132873535156,140.30534680287727,133.60362243652344,203.3098602294922,-0.0338516523384322,trailing_stop,29,GREAVESCOT,-0.0364516523384322
2018-06-11,2018-08-14,122.13790893554688,132.34636157536593,112.36687622070313,170.99307250976562,0.0835813608468288,trailing_stop,64,GREAVESCOT,0.08098136084682879
2019-04-10,2019-05-13,144.88589477539062,133.7319344668802,133.29502319335938,202.84025268554686,-0.07698444576542009,trailing_stop,33,GREAVESCOT,-0.07958444576542009
2019-11-11,2019-11-21,130.97955322265625,128.18867203640616,120.50118896484375,183.37137451171873,-0.021307762300164387,trailing_stop,10,GREAVESCOT,-0.023907762300164385
2020-02-19,2020-02-26,139.35223388671875,128.20405517578126,128.20405517578126,195.09312744140624,-0.0799999999999999,stop_loss,7,GREAVESCOT,-0.08259999999999991
2021-01-06,2021-01-18,93.20624542236328,88.34624124500377,85.74974578857422,130.48874359130858,-0.052142473450533786,trailing_stop,12,GREAVESCOT,-0.054742473450533784
2022-01-05,2022-01-10,156.2397918701172,182.02441827239838,143.7406085205078,218.73570861816404,0.1650323908759176,trailing_stop,5,GREAVESCOT,0.1624323908759176
2023-09-04,2023-09-12,146.37661743164062,135.4092760167297,134.6664880371094,204.92726440429686,-0.07492550113089462,trailing_stop,8,GREAVESCOT,-0.07752550113089463
2024-01-09,2024-01-18,148.31857299804688,141.08957572424777,136.45308715820312,207.6460021972656,-0.04873966306225387,trailing_stop,9,GREAVESCOT,-0.05133966306225387
2024-07-29,2024-08-05,162.50473022460938,158.5236656551184,149.50435180664064,227.5066223144531,-0.02449814577082436,trailing_stop,7,GREAVESCOT,-0.02709814577082436
2026-07-01,2026-07-10,219.2031707763672,238.34625121777987,201.6669171142578,306.884439086914,0.08733030810463321,trailing_stop,9,GREAVESCOT,0.08473030810463321
2017-04-03,2017-08-04,322.8860168457031,377.3184608007362,297.05513549804687,452.04042358398436,0.16858098869312324,trailing_stop,123,GRINDWELL,0.16598098869312325
2018-09-17,2018-09-26,491.74273681640625,452.40331787109375,452.40331787109375,688.4398315429687,-0.08,stop_loss,9,GRINDWELL,-0.0826
2019-01-03,2019-02-05,515.8596801757812,481.70485389370924,474.5909057617188,722.2035522460938,-0.0662095286656899,trailing_stop,33,GRINDWELL,-0.0688095286656899
2020-10-12,2020-12-28,519.13525390625,726.7893554687499,477.60443359375,726.7893554687499,0.39999999999999986,take_profit,77,GRINDWELL,0.39739999999999986
2022-08-23,2022-09-26,2098.4189453125,2030.180049029996,1930.5454296875,2937.7865234375,-0.03251919567107304,trailing_stop,34,GRINDWELL,-0.035119195671073036
2023-06-19,2023-08-14,2097.208251953125,2175.4888037079354,1929.4315917968752,2936.091552734375,0.03732607464323484,trailing_stop,56,GRINDWELL,0.03472607464323484
2024-06-05,2024-07-18,2345.335205078125,2597.2616491428753,2157.708388671875,3283.469287109375,0.10741596489886758,trailing_stop,43,GRINDWELL,0.10481596489886758
2026-05-25,2026-07-03,1917.79638671875,2045.5437106242944,1764.37267578125,2684.91494140625,0.06661151558644524,trailing_stop,39,GRINDWELL,0.06401151558644523
2022-08-26,2022-09-23,823.7993774414062,816.1805843149451,757.8954272460937,1153.3191284179686,-0.009248359898163463,trailing_stop,28,GUJALKALI,-0.011848359898163463
2023-09-20,2023-10-23,675.6353759765625,697.5752743201981,621.5845458984376,945.8895263671874,0.0324729863529181,trailing_stop,33,GUJALKALI,0.0298729863529181
2026-04-24,2026-04-27,769.4500122070312,727.2449890136719,707.8940112304688,1077.2300170898436,-0.054850896775349586,trailing_stop,3,GUJALKALI,-0.057450896775349584
2023-06-05,2023-08-01,156.0860595703125,155.17761739452,143.5991748046875,218.52048339843748,-0.005820136521437771,trailing_stop,57,GMDCLTD,-0.00842013652143777
2025-06-11,2025-07-10,405.3349304199219,378.4058315586326,372.90813598632815,567.4689025878906,-0.0664366597603396,trailing_stop,29,GMDCLTD,-0.06903665976033961
2020-08-19,2020-08-24,149.7438201904297,174.37991827286297,137.76431457519533,209.64134826660154,0.16452163468985548,trailing_stop,5,GNFC,0.1619216346898555
2023-07-04,2023-08-07,534.6497802734375,498.7693984602277,491.87779785156255,748.5096923828124,-0.06711006557387789,trailing_stop,34,GNFC,-0.06971006557387789
2026-06-11,2026-06-25,491.3999938964844,554.4,452.08799438476564,687.9599914550781,0.1282051422181882,trailing_stop,14,GNFC,0.12560514221818822
2017-04-07,2017-05-19,109.22460174560547,100.48663360595704,100.48663360595704,152.91444244384763,-0.07999999999999993,stop_loss,42,GPPL,-0.08259999999999994
2018-01-24,2018-01-31,99.93671417236328,95.03758756043364,91.94177703857422,139.9113998413086,-0.04902229028142753,trailing_stop,7,GPPL,-0.05162229028142753
2019-11-27,2019-12-06,63.416473388671875,62.28729591369629,58.343155517578126,88.78306274414062,-0.017805743754544544,trailing_stop,9,GPPL,-0.020405743754544542
2020-08-04,2020-09-01,57.11320114135742,60.186172594323594,52.54414505004883,79.95848159790039,0.05380492410783361,trailing_stop,28,GPPL,0.05120492410783361
2022-09-26,2022-10-20,74.28983306884766,69.75315387611265,68.34664642333985,104.00576629638671,-0.06106729555483949,trailing_stop,24,GPPL,-0.06366729555483949
2020-08-28,2020-08-31,59.150028228759766,55.16803290718001,54.418025970458984,82.81003952026367,-0.0673202607136481,trailing_stop,3,GSFC,-0.06992026071364811
2023-05-17,2023-05-19,164.11659240722656,150.98726501464844,150.98726501464844,229.76322937011716,-0.07999999999999996,stop_loss,2,GSFC,-0.08259999999999997
2025-07-04,2025-10-09,203.51629638671875,193.8878643913673,187.23499267578126,284.9228149414062,-0.047310373499799024,trailing_stop,97,GSFC,-0.04991037349979902
2019-02-05,2019-03-22,728.3961791992188,670.1244848632813,670.1244848632813,1019.7546508789062,-0.07999999999999996,stop_loss,45,GULFOILLUB,-0.08259999999999997
2019-10-23,2019-11-13,733.6876220703125,674.9926123046876,674.9926123046876,1027.1626708984375,-0.07999999999999993,stop_loss,21,GULFOILLUB,-0.08259999999999994
2022-12-09,2022-12-22,401.3946533203125,370.0932035307923,369.2830810546875,561.9525146484375,-0.07798173077442976,trailing_stop,13,GULFOILLUB,-0.08058173077442976
2023-06-19,2023-08-23,402.3152770996094,563.241387939453,370.13005493164064,563.241387939453,0.3999999999999998,take_profit,65,GULFOILLUB,0.3973999999999998
2025-05-19,2025-06-04,1202.149658203125,1121.0714111328125,1105.9776855468751,1683.009521484375,-0.06744438724168639,death_cross,16,GULFOILLUB,-0.07004438724168639
2025-06-13,2025-07-28,1164.30029296875,1151.5334160998002,1071.15626953125,1630.02041015625,-0.010965278413180351,trailing_stop,45,GULFOILLUB,-0.013565278413180351
2017-02-09,2017-03-07,30.432886123657227,34.02836042840319,27.99825523376465,42.60604057312011,0.11814437481008397,trailing_stop,26,HEG,0.11554437481008396
2020-12-24,2021-01-18,164.235595703125,178.63336904960332,151.096748046875,229.929833984375,0.08766536441042885,trailing_stop,25,HEG,0.08506536441042885
2023-05-31,2023-06-15,221.38079833984375,290.7004848469335,203.67033447265626,309.9331176757812,0.31312420511139555,trailing_stop,15,HEG,0.31052420511139556
2025-05-15,2025-05-19,479.3233947753906,491.27303528163753,440.9775231933594,671.0527526855468,0.024930225890281175,trailing_stop,4,HEG,0.022330225890281177
2016-10-04,2016-11-11,305.8907165527344,285.58147518142755,281.4194592285156,428.2470031738281,-0.06639378141378015,trailing_stop,38,HCLTECH,-0.06899378141378015
2019-02-21,2019-05-14,408.5946960449219,414.58359301931426,375.90712036132817,572.0325744628906,0.0146573047383218,trailing_stop,82,HCLTECH,0.0120573047383218
2020-07-07,2020-09-14,463.36529541015625,648.7114135742187,426.29607177734374,648.7114135742187,0.39999999999999986,take_profit,69,HCLTECH,0.39739999999999986
2022-12-01,2022-12-09,975.2702026367188,897.2485864257812,897.2485864257812,1365.378283691406,-0.08000000000000002,stop_loss,8,HCLTECH,-0.08260000000000002
2024-07-22,2025-01-14,1444.494873046875,1682.378345271326,1328.935283203125,2022.2928222656249,0.1646828082696362,trailing_stop,176,HCLTECH,0.1620828082696362
2025-12-09,2026-02-04,1598.4449462890625,1556.1076507153464,1470.5693505859376,2237.8229248046873,-0.026486552240667444,trailing_stop,57,HCLTECH,-0.029086552240667446
2020-12-16,2021-01-25,1274.5361328125,1345.9097770996277,1172.5732421875,1784.3505859375,0.0559997025189302,trailing_stop,40,HDFCAMC,0.053399702518930205
2022-11-18,2022-12-23,945.2978515625,959.4065773272318,869.6740234375001,1323.4169921875,0.014925164318750196,trailing_stop,35,HDFCAMC,0.012325164318750196
2023-07-10,2023-12-20,1061.20751953125,1485.6905273437499,976.31091796875,1485.6905273437499,0.39999999999999986,take_profit,163,HDFCAMC,0.39739999999999986
2025-05-23,2025-06-16,2312.13916015625,2324.6596514666867,2127.16802734375,3236.9948242187497,0.005415111480396609,trailing_stop,24,HDFCAMC,0.002815111480396609
2026-06-17,2026-07-22,2711.10009765625,2554.559912109375,2494.21208984375,3795.5401367187496,-0.05774046693525043,trailing_stop,35,HDFCAMC,-0.06034046693525043
2017-02-02,2017-08-01,296.11297607421875,414.55816650390625,272.42393798828124,414.55816650390625,0.4,take_profit,180,HDFCBANK,0.39740000000000003
2018-12-20,2019-07-23,493.72576904296875,523.6441709824112,454.2277075195313,691.2160766601562,0.06059720560552443,trailing_stop,215,HDFCBANK,0.05799720560552443
2020-10-05,2021-01-28,519.1560668945312,633.8259834455732,477.6235815429688,726.8184936523437,0.22087754311910537,trailing_stop,115,HDFCBANK,0.21827754311910538
2022-09-09,2022-09-28,709.345703125,656.4525247309093,652.598046875,993.0839843749999,-0.07456615041307992,trailing_stop,19,HDFCBANK,-0.07716615041307992
2024-06-19,2024-07-11,804.5628051757812,783.5734125251807,740.1977807617188,1126.3879272460936,-0.02608794803286331,trailing_stop,22,HDFCBANK,-0.028687948032863307
2025-03-25,2026-01-21,883.9586791992188,903.5065113343702,813.2419848632812,1237.542150878906,0.022113965952412957,trailing_stop,302,HDFCBANK,0.019513965952412955
2019-05-31,2019-07-29,433.447265625,470.79062434366284,398.771484375,606.826171875,0.08615432990404585,trailing_stop,59,HDFCLIFE,0.08355432990404585
2020-07-31,2020-08-31,615.4529418945312,566.2167065429687,566.2167065429687,861.6341186523437,-0.08000000000000004,stop_loss,31,HDFCLIFE,-0.08260000000000005
2022-12-21,2023-02-01,567.9654541015625,551.323299300172,522.5282177734375,795.1516357421874,-0.029301350427581713,trailing_stop,42,HDFCLIFE,-0.031901350427581715
2023-06-09,2023-08-16,574.18408203125,615.7550023609945,528.24935546875,803.8577148437499,0.07239998744423913,trailing_stop,68,HDFCLIFE,0.06979998744423913
2024-08-07,2024-11-13,691.8649291992188,680.7652506173762,636.5157348632813,968.6109008789061,-0.01604312939331902,trailing_stop,98,HDFCLIFE,-0.018643129393319018
2025-05-13,2025-07-18,730.4204711914062,736.0516126402214,671.9868334960938,1022.5886596679687,0.007709451844401403,trailing_stop,66,HDFCLIFE,0.005109451844401403
2016-12-29,2017-01-06,34.150001525878906,36.0,31.418001403808596,47.810002136230466,0.05417272010132014,trailing_stop,8,HATHWAY,0.05157272010132014
2017-12-21,2018-01-15,41.400001525878906,43.83000068664551,38.0880014038086,57.960002136230464,0.05869562973923146,trailing_stop,25,HATHWAY,0.05609562973923146
2018-12-03,2019-02-12,30.549999237060547,28.935001373291016,28.105999298095703,42.769998931884764,-0.05286408851396498,trailing_stop,71,HATHWAY,-0.055464088513964976
2020-06-16,2020-06-22,32.0,33.164998626708986,29.44,44.8,0.036406207084655806,trailing_stop,6,HATHWAY,0.03380620708465581
2023-08-14,2023-09-12,16.399999618530273,17.234999656677246,15.087999649047852,22.95999946594238,0.050914637656668635,trailing_stop,29,HATHWAY,0.04831463765666864
2020-03-11,2020-03-12,463.2582092285156,426.1975524902344,426.1975524902344,648.5614929199219,-0.07999999999999997,stop_loss,1,HATSUN,-0.08259999999999998
2020-07-16,2020-08-31,447.9790344238281,522.7733465975987,412.14071166992187,627.1706481933593,0.1669594030666365,trailing_stop,46,HATSUN,0.16435940306663652
2023-07-12,2023-07-27,947.4384765625,959.9430880986595,871.6433984375001,1326.4138671874998,0.013198336193320703,trailing_stop,15,HATSUN,0.010598336193320703
2024-07-31,2024-09-09,1211.0054931640625,1190.998304669391,1114.1250537109374,1695.4076904296874,-0.016521137688977422,trailing_stop,40,HATSUN,-0.01912113768897742
2025-11-06,2025-12-03,1009.210205078125,993.4997922833667,928.473388671875,1412.894287109375,-0.015567037189781639,trailing_stop,27,HATSUN,-0.01816703718978164
2017-02-21,2017-05-23,392.47314453125,443.4174169370803,361.07529296875003,549.46240234375,0.1298032059408181,trailing_stop,91,HAVELLS,0.1272032059408181
2020-08-24,2020-12-16,613.378662109375,858.7301269531249,564.308369140625,858.7301269531249,0.39999999999999986,take_profit,114,HAVELLS,0.39739999999999986
2022-09-02,2022-09-26,1347.0172119140625,1239.2558349609376,1239.2558349609376,1885.8240966796873,-0.07999999999999993,stop_loss,24,HAVELLS,-0.08259999999999994
2023-06-02,2023-08-16,1305.14453125,1242.4287549064043,1200.73296875,1827.20234375,-0.048052744230196336,trailing_stop,75,HAVELLS,-0.050652744230196334
2017-05-15,2017-05-22,99.49723815917969,93.85070443470836,91.53745910644531,139.29613342285154,-0.05675065789703402,trailing_stop,7,HEIDELBERG,-0.05935065789703402
2017-10-31,2017-11-16,114.61104583740234,118.69877478156616,105.44216217041016,160.45546417236326,0.03566609932137813,trailing_stop,16,HEIDELBERG,0.033066099321378134
2018-09-11,2018-09-19,128.72531127929688,121.4059393790768,118.42728637695313,180.2154357910156,-0.056860393868764056,trailing_stop,8,HEIDELBERG,-0.059460393868764054
2018-12-26,2019-05-08,119.10785675048828,136.21333307652966,109.57922821044923,166.7509994506836,0.14361333326545025,trailing_stop,133,HEIDELBERG,0.14101333326545026
2020-02-12,2020-03-03,160.11317443847656,158.23587134873745,147.30412048339844,224.15844421386717,-0.011724850852048208,trailing_stop,20,HEIDELBERG,-0.014324850852048208
2020-08-05,2020-08-14,150.06068420410156,146.60891951689314,138.05582946777344,210.08495788574217,-0.023002458675408854,trailing_stop,9,HEIDELBERG,-0.025602458675408855
2022-10-10,2022-10-18,179.260498046875,174.26229600319675,164.919658203125,250.96469726562498,-0.027882339378368027,trailing_stop,8,HEIDELBERG,-0.03048233937836803
2023-08-29,2024-01-18,167.8681640625,203.29662239368753,154.43871093750002,235.0154296875,0.21104929888907908,trailing_stop,142,HEIDELBERG,0.2084492988890791
2024-06-14,2024-08-05,205.08311462402344,203.38080515592355,188.67646545410156,287.11636047363277,-0.008300583259722326,trailing_stop,52,HEIDELBERG,-0.010900583259722325
2025-08-13,2025-10-14,208.1250762939453,195.8687653967669,191.4750701904297,291.37510681152344,-0.058889159900502475,trailing_stop,62,HEIDELBERG,-0.06148915990050247
2020-09-03,2020-09-22,165.6384735107422,157.35412965898644,152.38739562988283,231.89386291503905,-0.05001461119610284,trailing_stop,19,HERITGFOOD,-0.05261461119610284
2022-10-19,2022-12-23,160.01239013671875,168.74571202163688,147.21139892578125,224.01734619140623,0.054579035270057204,trailing_stop,65,HERITGFOOD,0.051979035270057206
2023-05-22,2023-07-24,187.73583984375,262.83017578125,172.71697265625002,262.83017578125,0.39999999999999986,take_profit,63,HERITGFOOD,0.39739999999999986
2025-07-23,2025-09-26,469.7514953613281,482.3562562743112,432.1713757324219,657.6520935058593,0.02683282764919697,trailing_stop,65,HERITGFOOD,0.024232827649196972
2017-03-29,2017-09-28,2365.220703125,2723.4268216596975,2176.003046875,3311.308984375,0.15144722776247682,trailing_stop,183,HEROMOTOCO,0.14884722776247683
2019-10-22,2019-11-19,2096.41552734375,1946.2765481870113,1928.7022851562501,2934.98173828125,-0.07161699443572209,trailing_stop,28,HEROMOTOCO,-0.07421699443572209
2020-07-07,2020-09-07,2216.052490234375,2328.8160138453222,2038.768291015625,3102.4734863281246,0.050884861305348,trailing_stop,62,HEROMOTOCO,0.048284861305348
2022-06-30,2022-09-27,2335.716552734375,2300.083142602104,2148.859228515625,3270.003173828125,-0.015255879439033651,trailing_stop,89,HEROMOTOCO,-0.01785587943903365
2023-06-12,2023-08-21,2614.99853515625,2634.6751452873173,2405.7986523437503,3660.99794921875,0.007524520517519739,trailing_stop,70,HEROMOTOCO,0.004924520517519739
2025-07-16,2025-11-26,4213.28857421875,5898.60400390625,3876.2254882812504,5898.60400390625,0.4,take_profit,133,HEROMOTOCO,0.39740000000000003
2017-07-27,2017-07-28,16.799745559692383,16.755535388333957,15.455765914916993,23.519643783569336,-0.0026315976751754614,trailing_stop,1,HFCL,-0.005231597675175462
2018-07-10,2018-07-16,30.553924560546875,28.109610595703128,28.109610595703128,42.77549438476562,-0.07999999999999992,stop_loss,6,HFCL,-0.08259999999999992
2019-05-02,2019-05-16,22.16456413269043,20.391399002075197,20.391399002075197,31.030389785766598,-0.07999999999999993,stop_loss,14,HFCL,-0.08259999999999994
2020-08-25,2020-08-31,17.131309509277344,16.264842260056085,15.760804748535158,23.98383331298828,-0.05057799281205149,trailing_stop,6,HFCL,-0.05317799281205149
2023-09-12,2023-10-09,71.31504821777344,71.98755923164605,65.60984436035156,99.8410675048828,0.009430141753798913,trailing_stop,27,HFCL,0.0068301417537989136
2026-04-20,2026-04-30,93.30000305175781,107.55,85.83600280761719,130.62000427246093,0.1527330812662145,trailing_stop,10,HFCL,0.1501330812662145
2020-10-06,2020-10-14,52.46749496459961,48.466911663413626,48.270095367431644,73.45449295043944,-0.07624879563785579,trailing_stop,8,HSCL,-0.0788487956378558
2021-06-11,2021-06-17,54.297183990478516,55.320817022995776,49.95340927124024,76.01605758666992,0.01885241475316221,trailing_stop,6,HSCL,0.016252414753162213
2022-02-10,2022-02-14,64.38630676269531,59.554849418318,59.23540222167969,90.14082946777343,-0.0750385848684305,trailing_stop,4,HSCL,-0.0776385848684305
2023-05-16,2023-08-02,118.03927612304688,133.6853639307725,108.59613403320313,165.2549865722656,0.13254984545496346,trailing_stop,78,HSCL,0.12994984545496346
2025-12-31,2026-01-07,487.1891174316406,480.79779052734375,448.2139880371094,682.0647644042969,-0.013118780111490619,death_cross,7,HSCL,-0.015718780111490617
2026-04-27,2026-05-13,569.876953125,588.2071092118572,524.286796875,797.827734375,0.032165112111204375,trailing_stop,16,HSCL,0.029565112111204377
2017-10-31,2017-11-13,346.1256408691406,320.15793784137054,318.4355895996094,484.5758972167968,-0.07502392184110876,trailing_stop,13,HIMATSEIDE,-0.07762392184110876
2018-04-17,2018-05-11,369.1033630371094,339.5750939941406,339.5750939941406,516.744708251953,-0.08000000000000003,stop_loss,24,HIMATSEIDE,-0.08260000000000003
2020-10-06,2020-10-07,141.03334045410156,129.75067321777345,129.75067321777345,197.44667663574216,-0.07999999999999989,stop_loss,1,HIMATSEIDE,-0.0825999999999999
2023-06-15,2023-07-03,112.95550537109375,119.41793277310424,103.91906494140625,158.13770751953123,0.05721215075599387,trailing_stop,18,HIMATSEIDE,0.05461215075599387
2024-09-26,2024-10-04,153.19773864746094,142.81853927724575,140.94191955566407,214.4768341064453,-0.06775034319599085,trailing_stop,8,HIMATSEIDE,-0.07035034319599086
2019-12-20,2020-01-27,205.83853149414062,190.15468948863054,189.3714489746094,288.17394409179684,-0.07619487902320436,trailing_stop,38,HINDALCO,-0.07879487902320437
2020-08-24,2020-09-09,184.6338348388672,170.03887876983774,169.86312805175783,258.48736877441405,-0.07904811207418562,trailing_stop,16,HINDALCO,-0.08164811207418562
2022-12-27,2023-02-03,459.49298095703125,442.51810255726315,422.73354248046877,643.2901733398437,-0.03694262829524153,trailing_stop,38,HINDALCO,-0.03954262829524153
2023-08-16,2023-10-23,437.1592712402344,449.7378787239298,402.18652954101566,612.0229797363281,0.028773511878198325,trailing_stop,68,HINDALCO,0.026173511878198323
2025-07-07,2025-11-06,683.495849609375,773.5645391082057,628.816181640625,956.8941894531249,0.13177649805819,trailing_stop,122,HINDALCO,0.12917649805819
2019-10-23,2019-12-12,300.9122619628906,313.411981343659,276.8392810058594,421.27716674804685,0.04153941517447999,trailing_stop,50,HAL,0.03893941517447999
2020-07-15,2020-07-17,387.88214111328125,380.1276633241521,356.85156982421876,543.0349975585937,-0.019991840219486846,trailing_stop,2,HAL,-0.022591840219486847
2025-05-22,2025-07-21,4981.69140625,4583.15609375,4583.15609375,6974.36796875,-0.08000000000000003,stop_loss,60,HAL,-0.08260000000000003
2017-11-07,2017-11-08,94.78634643554688,94.83402422846981,87.20343872070313,132.7008850097656,0.0005030027500359458,trailing_stop,1,HINDCOPPER,-0.002096997249964054
2020-01-01,2020-01-02,39.31125259399414,42.421168899536134,36.166352386474614,55.035753631591795,0.07911007918422619,trailing_stop,1,HINDCOPPER,0.07651007918422618
2020-08-12,2020-08-31,36.68726348876953,36.42972764944277,33.75228240966797,51.36216888427734,-0.0070197614876781065,trailing_stop,19,HINDCOPPER,-0.009619761487678107
2022-10-07,2022-11-01,109.5766830444336,100.81054840087891,100.81054840087891,153.40735626220703,-0.07999999999999992,stop_loss,25,HINDCOPPER,-0.08259999999999992
2023-07-06,2023-08-16,120.11100769042969,142.3906020143908,110.50212707519532,168.15541076660156,0.1854916943281654,trailing_stop,41,HINDCOPPER,0.1828916943281654
2025-07-17,2025-07-28,265.8506164550781,251.91491285699357,244.5825671386719,372.19086303710935,-0.052419301425390266,trailing_stop,11,HINDCOPPER,-0.055019301425390264
2019-04-08,2019-05-13,124.86714172363281,131.0734580935216,114.8777703857422,174.81399841308593,0.04970335897994013,trailing_stop,35,HINDPETRO,0.047103358979940134
2020-12-17,2020-12-21,120.28038024902344,111.48625822271346,110.65794982910157,168.3925323486328,-0.07311352032728029,trailing_stop,4,HINDPETRO,-0.07571352032728029
2023-01-17,2023-02-02,147.78045654296875,138.1126201184323,135.95802001953126,206.89263916015625,-0.06542026361737104,trailing_stop,16,HINDPETRO,-0.06802026361737104
2025-05-30,2025-06-13,396.4206237792969,367.15076153439014,364.70697387695316,554.9888732910156,-0.07383536700452403,trailing_stop,14,HINDPETRO,-0.07643536700452404
2017-03-27,2017-09-12,771.6942138671875,1080.3718994140625,709.9586767578126,1080.3718994140625,0.39999999999999997,take_profit,169,HINDUNILVR,0.3974
2019-05-28,2019-07-22,1569.93359375,1482.9546286913064,1444.33890625,2197.90703125,-0.05540295806457169,trailing_stop,55,HINDUNILVR,-0.05800295806457169
2020-07-14,2020-08-31,2012.7047119140625,1904.8527762517526,1851.6883349609375,2817.786596679687,-0.05358557319605206,trailing_stop,48,HINDUNILVR,-0.05618557319605206
2020-12-08,2021-02-02,2057.381591796875,2013.0068423450984,1892.791064453125,2880.334228515625,-0.021568555696573795,trailing_stop,56,HINDUNILVR,-0.024168555696573793
2022-07-18,2022-11-15,2376.575439453125,2290.1124822747856,2186.449404296875,3327.205615234375,-0.03638132236115147,trailing_stop,120,HINDUNILVR,-0.03898132236115147
2023-06-08,2023-08-14,2510.952392578125,2354.615104530944,2310.0762011718753,3515.3333496093746,-0.06226214742632437,trailing_stop,67,HINDUNILVR,-0.06486214742632437
2024-01-15,2024-01-23,2448.49755859375,2252.61775390625,2252.61775390625,3427.8965820312496,-0.07999999999999997,stop_loss,8,HINDUNILVR,-0.08259999999999998
2024-07-12,2024-10-17,2519.47998046875,2624.4484717420264,2317.92158203125,3527.27197265625,0.04166276060417316,trailing_stop,97,HINDUNILVR,0.039062760604173165
2025-07-25,2025-09-29,2372.42919921875,2430.9691584097773,2182.63486328125,3321.40087890625,0.024675113259567324,trailing_stop,66,HINDUNILVR,0.022075113259567326
2017-08-04,2017-11-15,140.61997985839844,146.5221822262559,129.37038146972657,196.8679718017578,0.04197271521302206,trailing_stop,103,HINDZINC,0.03937271521302206
2019-04-11,2019-05-13,152.61956787109375,140.41000244140625,140.41000244140625,213.66739501953123,-0.08,stop_loss,32,HINDZINC,-0.0826
2020-07-13,2020-08-12,115.9704818725586,138.56704768169683,106.69284332275392,162.35867462158203,0.19484756331330838,trailing_stop,30,HINDZINC,0.1922475633133084
2022-11-03,2023-01-19,211.231201171875,295.723681640625,194.332705078125,295.723681640625,0.39999999999999997,take_profit,77,HINDZINC,0.3974
2025-09-30,2025-10-28,473.7933654785156,464.72897593485396,435.8898962402344,663.3107116699218,-0.019131524846294393,trailing_stop,28,HINDZINC,-0.02173152484629439
2017-02-22,2017-05-26,9750.9072265625,10383.88444423976,8970.8346484375,13651.2701171875,0.06491470003457356,trailing_stop,93,HONAUT,0.06231470003457356
2020-08-10,2020-08-24,31146.017578125,32837.91071105326,28654.336171875002,43604.424609375,0.054321331087815734,trailing_stop,14,HONAUT,0.051721331087815736
2022-02-09,2022-02-15,43808.59765625,40303.90984375,40303.90984375,61332.036718749994,-0.08,stop_loss,6,HONAUT,-0.0826
2022-09-08,2022-09-26,40857.96875,38950.51931666649,37589.33125,57201.15625,-0.04668488159567428,trailing_stop,18,HONAUT,-0.049284881595674276
2023-06-28,2023-08-31,41372.56640625,39352.683402251685,38062.76109375,57921.592968749996,-0.04882179616716208,trailing_stop,64,HONAUT,-0.05142179616716208
2024-04-18,2024-05-16,43459.703125,52700.38316271866,39982.926875000005,60843.584375,0.21262639579337114,trailing_stop,28,HONAUT,0.21002639579337115
2020-08-10,2020-08-31,25.32537269592285,25.609564639984583,23.299342880249025,35.45552177429199,0.011221629291460892,trailing_stop,21,HUDCO,0.008621629291460892
2022-09-02,2022-09-22,34.407867431640625,32.040175399674865,31.655238037109378,48.17101440429687,-0.06881251901675513,trailing_stop,20,HUDCO,-0.07141251901675513
2025-06-05,2025-06-13,233.88815307617188,218.82569719032378,215.17710083007813,327.4434143066406,-0.06440025152083102,trailing_stop,8,HUDCO,-0.06700025152083103
2026-06-19,2026-07-22,207.32681274414062,194.82162943785812,190.74066772460938,290.2575378417969,-0.060316285871403384,trailing_stop,33,HUDCO,-0.06291628587140338
2018-09-10,2018-09-24,318.5068664550781,293.0263171386719,293.0263171386719,445.90961303710935,-0.07999999999999988,stop_loss,14,ICICIBANK,-0.08259999999999988
2020-11-09,2021-02-12,443.77642822265625,621.2869995117187,408.27431396484377,621.2869995117187,0.3999999999999999,take_profit,95,ICICIBANK,0.3973999999999999
2022-08-10,2022-09-29,821.320556640625,815.7418500298029,755.614912109375,1149.848779296875,-0.006792362087758038,trailing_stop,50,ICICIBANK,-0.009392362087758038
2023-05-15,2023-10-26,915.185791015625,878.4912146420255,841.970927734375,1281.2601074218749,-0.04009522081071405,trailing_stop,164,ICICIBANK,-0.04269522081071405
2018-09-10,2018-09-21,869.072021484375,799.546259765625,799.546259765625,1216.700830078125,-0.08,stop_loss,11,ICICIGI,-0.0826
2020-07-09,2020-07-13,1219.0833740234375,1221.7210693359375,1121.5567041015624,1706.7167236328123,0.0021636709750167495,death_cross,4,ICICIGI,-0.00043632902498325033
2023-06-28,2023-09-28,1305.0394287109375,1254.3830326277684,1200.6362744140627,1827.0552001953124,-0.03881598897989258,trailing_stop,92,ICICIGI,-0.04141598897989258
2025-06-27,2025-08-01,2002.9620361328125,1848.7805252602523,1842.7250732421876,2804.1468505859375,-0.07697675147664994,trailing_stop,35,ICICIGI,-0.07957675147664994
2018-05-18,2018-06-19,409.62493896484375,377.4401115433378,376.8549438476563,573.4749145507812,-0.07857145490906794,trailing_stop,32,ICICIPRULI,-0.08117145490906795
2019-05-06,2019-05-13,362.5628356933594,333.55780883789066,333.55780883789066,507.5879699707031,-0.0799999999999999,stop_loss,7,ICICIPRULI,-0.08259999999999991
2020-08-24,2020-09-21,438.62066650390625,409.7978694462976,403.53101318359376,614.0689331054687,-0.06571235525071169,trailing_stop,28,ICICIPRULI,-0.06831235525071169
2022-09-01,2022-09-19,589.2617797851562,544.145936452615,542.1208374023438,824.9664916992188,-0.07656332869406592,trailing_stop,18,ICICIPRULI,-0.07916332869406592
2023-06-27,2023-07-19,576.1515502929688,550.8224914218276,530.0594262695313,806.6121704101562,-0.04396249364991117,trailing_stop,22,ICICIPRULI,-0.04656249364991117
2024-04-09,2024-04-23,621.6189575195312,573.4155497550051,571.8894409179687,870.2665405273438,-0.07754494482741311,trailing_stop,14,ICICIPRULI,-0.08014494482741312
2025-12-10,2026-01-23,640.6267700195312,633.9200664336206,589.3766284179687,896.8774780273437,-0.010468971794148055,trailing_stop,44,ICICIPRULI,-0.013068971794148055
2016-11-01,2016-11-09,3800.885498046875,3505.4588232248375,3496.814658203125,5321.239697265624,-0.07772574969013027,trailing_stop,8,ICRA,-0.08032574969013027
2017-02-08,2017-06-01,3829.0615234375,3546.192753553477,3522.7366015625003,5360.6861328125,-0.07387417730234865,trailing_stop,113,ICRA,-0.07647417730234865
2020-02-13,2020-03-02,2731.988525390625,2538.598348533402,2513.429443359375,3824.7839355468745,-0.07078733130095116,trailing_stop,18,ICRA,-0.07338733130095117
2020-09-18,2020-10-29,2566.198486328125,2392.1654068065736,2360.902607421875,3592.677880859375,-0.06781746636074462,trailing_stop,41,ICRA,-0.07041746636074463
2024-07-15,2024-10-22,5710.69677734375,6758.527518220159,5253.841035156251,7994.975488281249,0.18348562035958652,trailing_stop,99,ICRA,0.18088562035958652
2025-07-01,2025-08-04,6598.9677734375,6229.581188652829,6071.0503515625005,9238.5548828125,-0.05597641895927187,trailing_stop,34,ICRA,-0.05857641895927187
2016-08-25,2016-08-26,71.21533203125,66.3509239403364,65.51810546875001,99.70146484374999,-0.06830562959081689,trailing_stop,1,IDBI,-0.0709056295908169
2017-01-25,2017-03-02,75.71064758300781,73.59074555049297,69.65379577636719,105.99490661621093,-0.02800005151442696,trailing_stop,36,IDBI,-0.030600051514426962
2018-01-25,2018-01-29,61.60953903198242,59.62213594456301,56.68077590942383,86.25335464477538,-0.03225804183322519,trailing_stop,4,IDBI,-0.03485804183322519
2020-01-02,2020-01-29,35.48936462402344,32.65021545410156,32.65021545410156,49.68511047363281,-0.07999999999999999,stop_loss,27,IDBI,-0.08259999999999999
2020-07-13,2020-07-15,39.32221984863281,36.923137943770804,36.17644226074219,55.051107788085936,-0.061010846134756595,trailing_stop,2,IDBI,-0.0636108461347566
2021-05-07,2021-06-18,36.81430435180664,34.964124227405726,33.86916000366211,51.540026092529295,-0.05025709861906213,trailing_stop,42,IDBI,-0.052857098619062126
2022-10-11,2022-12-09,42.208683013916016,51.53056066198514,38.83198837280273,59.09215621948242,0.2208521323680188,trailing_stop,59,IDBI,0.2182521323680188
2025-05-30,2025-06-16,94.78225708007812,91.99195988142436,87.19967651367188,132.69515991210938,-0.029439024608754978,trailing_stop,17,IDBI,-0.032039024608754976
2016-09-07,2016-09-29,58.62197494506836,72.19302598256148,53.93221694946289,82.0707649230957,0.2315010889723496,trailing_stop,22,IDFCFIRSTB,0.22890108897234962
2019-01-22,2019-02-04,46.610069274902344,42.88821702509631,42.881263732910156,65.25409698486328,-0.0798508199559811,trailing_stop,13,IDFCFIRSTB,-0.08245081995598111
2020-01-24,2020-01-30,43.72799301147461,40.22975357055664,40.22975357055664,61.21919021606445,-0.08000000000000004,stop_loss,6,IDFCFIRSTB,-0.08260000000000005
2020-10-09,2020-11-23,31.75248908996582,34.43579426348183,29.212289962768555,44.453484725952144,0.08450692372220887,trailing_stop,45,IDFCFIRSTB,0.08190692372220887
2022-09-14,2022-09-23,50.5853385925293,48.07594676266349,46.538511505126955,70.81947402954101,-0.04960709762327073,trailing_stop,9,IDFCFIRSTB,-0.05220709762327073
2025-06-11,2025-07-28,70.8592300415039,70.16852516603302,65.1904916381836,99.20292205810546,-0.009747563938619194,trailing_stop,47,IDFCFIRSTB,-0.012347563938619193
2016-09-08,2016-09-15,395.04998779296875,419.40000000000003,363.44598876953125,553.0699829101562,0.06163780017578999,trailing_stop,7,IFBIND,0.059037800175789995
2020-09-28,2020-10-16,619.5,671.4,569.94,867.3,0.08377723970944306,trailing_stop,18,IFBIND,0.08117723970944306
2021-10-28,2021-11-29,1264.6500244140625,1196.7299560546876,1163.4780224609376,1770.5100341796874,-0.05370661214421249,trailing_stop,32,IFBIND,-0.05630661214421249
2022-09-13,2022-09-16,1052.1500244140625,987.975,967.9780224609375,1473.0100341796874,-0.06099417661450063,trailing_stop,3,IFBIND,-0.06359417661450063
2023-09-05,2023-09-12,989.0999755859375,909.9719775390626,909.9719775390626,1384.7399658203124,-0.07999999999999995,stop_loss,7,IFBIND,-0.08259999999999995
2025-09-25,2025-09-30,1762.4000244140625,1672.1100219726563,1621.4080224609377,2467.3600341796873,-0.05123127620894381,trailing_stop,5,IFBIND,-0.05383127620894381
2017-02-01,2017-02-13,30.549999237060547,29.339998626708987,28.105999298095703,42.769998931884764,-0.03960722227723316,trailing_stop,12,IFCI,-0.042207222277233156
2018-01-15,2018-01-16,32.650001525878906,31.139998626708984,30.038001403808597,45.710002136230464,-0.046248172392061616,trailing_stop,1,IFCI,-0.048848172392061615
2020-07-14,2020-07-16,6.849999904632568,6.389999914169311,6.301999912261963,9.589999866485595,-0.0671532842142326,trailing_stop,2,IFCI,-0.0697532842142326
2022-12-01,2022-12-21,13.100000381469727,14.984999656677246,12.052000350952149,18.340000534057616,0.14389307025318088,trailing_stop,20,IFCI,0.14129307025318089
2023-07-06,2023-07-13,12.449999809265137,12.284999656677247,11.453999824523926,17.42999973297119,-0.01325302450728544,trailing_stop,7,IFCI,-0.01585302450728544
2025-07-02,2025-07-25,63.97999954223633,59.69700164794922,58.86159957885742,89.57199935913086,-0.06694276219023243,trailing_stop,23,IFCI,-0.06954276219023243
2026-02-27,2026-03-04,59.97999954223633,55.18159957885742,55.18159957885742,83.97199935913085,-0.07999999999999999,stop_loss,5,IFCI,-0.08259999999999999
2016-09-21,2016-09-29,10.96026611328125,10.553547980011356,10.08344482421875,15.344372558593749,-0.03710841772145005,trailing_stop,8,IRB,-0.03970841772145005
2017-03-01,2017-04-18,10.536173820495605,10.852903233873624,9.693279914855957,14.750643348693847,0.030061141622578134,trailing_stop,48,IRB,0.027461141622578136
2017-08-07,2017-08-10,10.23084545135498,9.412377815246582,9.412377815246582,14.323183631896972,-0.07999999999999996,stop_loss,3,IRB,-0.08259999999999997
2017-12-21,2018-01-19,10.578693389892578,10.640079128771163,9.732397918701173,14.810170745849609,0.005802771345772779,trailing_stop,29,IRB,0.0032027713457727794
2020-02-19,2020-02-28,4.492260932922363,4.269276710054867,4.132880058288574,6.289165306091308,-0.04963741559029113,trailing_stop,9,IRB,-0.05223741559029113
2020-07-16,2020-08-19,5.5453596115112305,6.079968328376707,5.1017308425903325,7.763503456115722,0.09640650098791055,trailing_stop,34,IRB,0.09380650098791055
2021-06-16,2021-06-17,7.401912689208984,7.026957412433158,6.809759674072266,10.362677764892577,-0.0506565387244383,trailing_stop,1,IRB,-0.0532565387244383
2022-09-15,2022-09-22,11.363910675048828,10.59231721506318,10.454797821044922,15.909474945068359,-0.06789858544733181,trailing_stop,7,IRB,-0.07049858544733181
2022-11-22,2022-12-21,12.228290557861328,14.477632348904585,11.250027313232422,17.119606781005857,0.18394572654288127,trailing_stop,29,IRB,0.18134572654288128
2023-09-26,2023-10-18,15.669866561889648,16.10813289827146,14.416277236938477,21.937813186645506,0.02796873442736967,trailing_stop,22,IRB,0.02536873442736967
2026-05-25,2026-06-11,21.51642417907715,20.090288804451966,19.795110244750976,30.122993850708006,-0.06628124463227376,trailing_stop,17,IRB,-0.06888124463227377
2019-11-13,2019-11-18,34.592750549316406,31.88432306438706,31.825330505371095,48.429850769042964,-0.07829465543851837,trailing_stop,5,IRCON,-0.08089465543851837
2021-01-08,2021-01-27,37.44474792480469,35.098237978707964,34.449168090820315,52.42264709472656,-0.0626659298337088,trailing_stop,19,IRCON,-0.06526592983370881
2021-10-19,2021-10-22,41.130802154541016,41.97722302558611,37.840337982177736,57.58312301635742,0.020578759146608307,trailing_stop,3,IRCON,0.017978759146608306
2022-10-12,2022-11-16,39.78539276123047,55.69954986572265,36.60256134033203,55.69954986572265,0.3999999999999999,take_profit,35,IRCON,0.3973999999999999
2025-07-10,2025-07-28,190.950927734375,175.67485351562502,175.67485351562502,267.331298828125,-0.0799999999999999,stop_loss,18,IRCON,-0.08259999999999991
2017-02-01,2017-02-21,180.9778289794922,176.43824346652818,166.49960266113283,253.36896057128905,-0.025083655487316187,trailing_stop,20,ITC,-0.02768365548731619
2018-05-16,2018-09-26,194.82586669921875,202.03215708543038,179.23979736328127,272.75621337890624,0.03698836560207398,trailing_stop,133,ITC,0.034388365602073985
2019-04-15,2019-06-03,212.35081481933594,195.36274963378906,195.36274963378906,297.2911407470703,-0.07999999999999999,stop_loss,49,ITC,-0.08259999999999999
2020-12-11,2020-12-22,161.54641723632812,148.62270385742187,148.62270385742187,226.16498413085935,-0.08000000000000004,stop_loss,11,ITC,-0.08260000000000005
2019-01-25,2019-01-28,105.0,99.81000137329102,96.60000000000001,147.0,-0.049428558349609374,trailing_stop,3,ITI,-0.05202855834960937
2019-12-19,2020-01-23,94.5999984741211,96.66000137329102,87.03199859619141,132.43999786376952,0.021775929517942515,trailing_stop,35,ITI,0.019175929517942517
2020-06-17,2020-06-22,90.55000305175781,102.28500137329102,83.30600280761719,126.77000427246092,0.12959688488166654,trailing_stop,5,ITI,0.12699688488166655
2021-07-09,2021-07-20,129.10000610351562,129.42000274658204,118.77200561523438,180.74000854492186,0.0024786725634221604,trailing_stop,11,ITI,-0.00012132743657783948
2022-08-18,2022-09-16,113.75,109.71000137329102,104.65,159.25,-0.03551647144359542,trailing_stop,29,ITI,-0.038116471443595416
2023-06-26,2023-08-14,108.6500015258789,112.95,99.9580014038086,152.11000213623046,0.03957660758151851,trailing_stop,49,ITI,0.03697660758151851
2024-12-27,2024-12-30,328.20001220703125,350.1,301.9440112304688,459.4800170898437,0.06672756544309352,trailing_stop,3,ITI,0.06412756544309352
2025-06-27,2025-07-24,320.6499938964844,308.475,294.99799438476566,448.9099914550781,-0.037969730635375634,trailing_stop,27,ITI,-0.04056973063537563
2025-10-09,2025-10-15,337.70001220703125,322.65000000000003,310.68401123046874,472.78001708984374,-0.04456621753926564,trailing_stop,6,ITI,-0.047166217539265635
2017-01-25,2017-02-01,137.56846618652344,139.976051727871,126.56298889160156,192.5958526611328,0.017500998652432643,trailing_stop,7,INDIACEM,0.014900998652432643
2017-10-26,2017-10-27,189.77044677734375,189.38307189941406,174.58881103515625,265.6786254882812,-0.0020412813718259913,death_cross,1,INDIACEM,-0.004641281371825991
2019-05-02,2019-05-09,103.59073638916016,95.42535149445064,95.30347747802735,145.02703094482422,-0.07882350468129265,trailing_stop,7,INDIACEM,-0.08142350468129265
2020-03-19,2020-03-23,96.21233367919922,92.40228502745175,88.51534698486329,134.6972671508789,-0.039600418221340625,trailing_stop,4,INDIACEM,-0.04220041822134062
2022-09-14,2022-09-21,262.1922912597656,269.0550109863281,241.2169079589844,367.06920776367184,0.026174376422696904,trailing_stop,7,INDIACEM,0.023574376422696906
2023-07-28,2023-08-18,214.6999969482422,233.45999450683595,197.5239971923828,300.579995727539,0.08737772624708628,trailing_stop,21,INDIACEM,0.08477772624708628
2024-07-15,2024-12-09,307.3999938964844,346.5,282.80799438476566,430.3599914550781,0.12719585842504078,trailing_stop,147,INDIACEM,0.12459585842504077
2025-07-07,2025-11-06,346.6000061035156,387.40501098632814,318.8720056152344,485.24000854492186,0.11772938304745927,trailing_stop,122,INDIACEM,0.11512938304745926
2019-11-05,2019-11-15,351.676513671875,348.6210015370558,323.54239257812503,492.34711914062495,-0.008688416814976967,trailing_stop,10,ITDC,-0.011288416814976967
2020-09-16,2020-09-21,252.52108764648438,243.76857805216923,232.31940063476563,353.5295227050781,-0.034660509646498014,trailing_stop,5,ITDC,-0.03726050964649801
2023-08-08,2023-09-12,371.7342834472656,383.2169773267663,341.9955407714844,520.4279968261718,0.030889520796995917,trailing_stop,35,ITDC,0.02828952079699592
2025-07-17,2025-08-06,603.297119140625,555.033349609375,555.033349609375,844.615966796875,-0.07999999999999996,stop_loss,20,ITDC,-0.08259999999999997
2025-10-17,2025-11-24,610.7000122070312,574.2,561.8440112304688,854.9800170898437,-0.05976749873497213,trailing_stop,38,ITDC,-0.062367498734972125
2026-06-11,2026-07-07,578.9000244140625,632.5199890136719,532.5880224609375,810.4600341796875,0.09262387690151021,trailing_stop,26,ITDC,0.0900238769015102
2017-04-13,2017-04-17,105.8499984741211,135.9,97.38199859619141,148.18999786376952,0.2838923189330582,trailing_stop,4,IBREALEST,0.2812923189330582
2019-05-22,2019-05-24,116.6500015258789,120.05999450683593,107.3180014038086,163.31000213623045,0.02923268698115292,trailing_stop,2,IBREALEST,0.02663268698115292
2020-02-20,2020-02-25,89.0999984741211,82.48500137329101,81.97199859619141,124.73999786376952,-0.0742423929754768,trailing_stop,5,IBREALEST,-0.0768423929754768
2020-12-11,2020-12-16,68.0,72.04500274658203,62.56,95.19999999999999,0.059485334508559244,trailing_stop,5,IBREALEST,0.056885334508559246
2023-09-07,2023-09-12,84.0999984741211,77.3719985961914,77.3719985961914,117.73999786376952,-0.08000000000000003,stop_loss,5,IBREALEST,-0.08260000000000003
2025-01-28,2025-02-11,136.8000030517578,141.20999450683595,125.85600280761719,191.52000427246094,0.0322367789232405,trailing_stop,14,IBREALEST,0.0296367789232405
2017-11-13,2017-12-04,342.5673522949219,323.7640132223141,315.16196411132813,479.5942932128906,-0.054889466105397265,trailing_stop,21,INDIANB,-0.05748946610539726
2018-07-12,2018-07-16,297.6045227050781,273.79616088867186,273.79616088867186,416.6463317871094,-0.08000000000000004,stop_loss,4,INDIANB,-0.08260000000000005
2018-07-26,2018-08-13,303.29803466796875,292.57877951191585,279.03419189453126,424.61724853515625,-0.035342316569204446,trailing_stop,18,INDIANB,-0.037942316569204444
2019-05-27,2019-06-07,231.8506622314453,225.5407166636248,213.3026092529297,324.59092712402344,-0.02721555982238943,trailing_stop,11,INDIANB,-0.029815559822389433
2020-11-20,2020-12-08,53.93867874145508,68.19389520363589,49.62358444213867,75.5141502380371,0.2642856071894255,trailing_stop,18,INDIANB,0.2616856071894255
2024-11-25,2024-12-18,539.2796020507812,528.572365870769,496.1372338867188,754.9914428710937,-0.019854702716910897,trailing_stop,23,INDIANB,-0.0224547027169109
2025-05-13,2025-10-16,554.5552978515625,776.3774169921875,510.1908740234375,776.3774169921875,0.39999999999999997,take_profit,156,INDIANB,0.3974
2020-01-09,2020-01-10,50.57878112792969,50.8620903377475,46.53247863769531,70.81029357910155,0.005601345139204467,trailing_stop,1,IEX,0.0030013451392044673
2020-06-01,2020-06-09,52.56733322143555,49.74309130014951,48.36194656372071,73.59426651000976,-0.053726178373727895,trailing_stop,8,IEX,-0.05632617837372789
2023-05-08,2023-06-06,149.39932250976562,137.56780196560985,137.4473767089844,209.15905151367187,-0.07919393706341875,trailing_stop,29,IEX,-0.08179393706341875
2023-12-18,2023-12-21,144.11325073242188,133.04826595015865,132.58419067382812,201.7585510253906,-0.07677978760473467,trailing_stop,3,IEX,-0.07937978760473467
2025-05-23,2025-06-11,189.71217346191406,188.5740805974764,174.53519958496094,265.5970428466797,-0.005999050264774558,trailing_stop,19,IEX,-0.008599050264774557
2017-04-03,2017-05-29,111.72354888916016,114.92693144564551,102.78566497802734,156.4129684448242,0.028672402446357985,trailing_stop,56,INDHOTEL,0.026072402446357987
2018-01-04,2018-01-29,118.39781188964844,136.22330603420417,108.92598693847657,165.7569366455078,0.1505559423781397,trailing_stop,25,INDHOTEL,0.14795594237813972
2018-12-17,2019-01-02,138.72288513183594,128.88350247404782,127.62505432128907,194.2120391845703,-0.07092833059546894,trailing_stop,16,INDHOTEL,-0.07352833059546894
2019-11-06,2019-12-11,143.21038818359375,134.5117509838061,131.75355712890627,200.49454345703123,-0.06074026689066792,trailing_stop,35,INDHOTEL,-0.06334026689066792
2019-03-28,2019-04-23,67.51657104492188,62.11524536132813,62.11524536132813,94.52319946289062,-0.07999999999999996,stop_loss,26,IOC,-0.08259999999999997
2020-12-21,2021-01-25,38.56301498413086,41.401000582147276,35.477973785400394,53.9882209777832,0.07359345733688824,trailing_stop,35,IOC,0.07099345733688824
2023-01-03,2023-10-09,65.19227600097656,75.826497309795,59.97689392089844,91.26918640136718,0.16312087813377066,trailing_stop,279,IOC,0.16052087813377067
2025-06-24,2025-08-05,133.9689178466797,130.83636014106352,123.25140441894531,187.55648498535155,-0.023382720081393887,trailing_stop,42,IOC,-0.025982720081393886
2017-03-16,2017-05-18,27.0,28.980000686645507,24.84,37.8,0.07333335876464842,trailing_stop,63,IOB,0.07073335876464841
2020-07-16,2020-07-27,10.199999809265137,10.395000171661378,9.383999824523926,14.27999973297119,0.019117682945357838,trailing_stop,11,IOB,0.01651768294535784
2022-11-04,2022-11-14,21.700000762939453,20.340000343322753,19.964000701904297,30.38000106811523,-0.0626728281936003,trailing_stop,10,IOB,-0.06527282819360031
2020-03-18,2020-03-19,268.8500061035156,247.76998901367188,247.3420056152344,376.39000854492184,-0.07840809600624404,trailing_stop,1,INDOSTAR,-0.08100809600624405
2023-07-13,2023-08-04,150.8000030517578,161.90999450683594,138.73600280761718,211.12000427246093,0.07367368189816907,trailing_stop,22,INDOSTAR,0.07107368189816907
2025-04-29,2025-04-30,291.25,287.77500000000003,267.95,407.75,-0.011931330472102887,trailing_stop,1,INDOSTAR,-0.014531330472102887
2026-07-07,2026-07-29,257.1499938964844,262.8,236.57799438476565,360.0099914550781,0.021971636156406227,trailing_stop,22,INDOSTAR,0.019371636156406226
2016-08-16,2016-09-07,296.2870788574219,314.2263160980589,272.58411254882816,414.8019104003906,0.060546809229131617,trailing_stop,22,INDOCO,0.05794680922913162
2017-11-08,2017-11-14,248.65097045898438,252.3989926059714,228.75889282226564,348.1113586425781,0.015073426578905138,trailing_stop,6,INDOCO,0.012473426578905138
2019-01-02,2019-01-18,213.86622619628906,200.43551238576129,196.75692810058595,299.41271667480464,-0.06279960164538043,trailing_stop,16,INDOCO,-0.06539960164538043
2020-01-16,2020-01-20,195.2760772705078,215.83148270506487,179.6539910888672,273.3865081787109,0.10526330578672222,trailing_stop,4,INDOCO,0.10266330578672221
2022-12-20,2023-01-24,387.4626770019531,377.33473922249436,356.46566284179687,542.4477478027343,-0.026139131277946828,trailing_stop,35,INDOCO,-0.028739131277946826
2023-11-16,2023-12-20,333.00732421875,369.03502695059734,306.36673828125004,466.21025390625,0.10818891991751213,trailing_stop,34,INDOCO,0.10558891991751213
2024-09-26,2024-10-04,365.140625,335.929375,335.929375,511.196875,-0.08000000000000002,stop_loss,8,INDOCO,-0.08260000000000002
2025-07-18,2025-07-24,323.3203125,306.8170425520359,297.45468750000003,452.64843749999994,-0.05104309661325129,trailing_stop,6,INDOCO,-0.05364309661325129
2026-07-27,2026-07-28,248.13999938964844,241.20000000000002,228.28879943847656,347.3959991455078,-0.02796808014314009,trailing_stop,1,INDOCO,-0.030568080143140088
2019-02-04,2019-02-11,130.47422790527344,124.08112374006758,120.03628967285157,182.6639190673828,-0.04899898062510368,trailing_stop,7,IGL,-0.05159898062510368
2020-12-11,2020-12-21,216.50994873046875,203.64729857687593,199.18915283203125,303.1139282226562,-0.05940904900220276,trailing_stop,10,IGL,-0.062009049002202755
2022-09-22,2022-09-26,195.30055236816406,179.67650817871095,179.67650817871095,273.42077331542964,-0.07999999999999996,stop_loss,4,IGL,-0.08259999999999997
2024-04-16,2024-05-08,220.47157287597656,204.87844595855435,202.83384704589844,308.6602020263672,-0.0707262469896467,trailing_stop,22,IGL,-0.07332624698964671
2025-07-04,2025-07-24,220.28871154785156,202.66561462402345,202.66561462402345,308.40419616699216,-0.07999999999999996,stop_loss,20,IGL,-0.08259999999999997
2017-02-03,2017-10-25,1235.4598388671875,1545.0690693148115,1136.6230517578126,1729.6437744140624,0.2506024240589719,trailing_stop,264,INDUSINDBK,0.24800242405897188
2020-01-14,2020-01-15,1428.5216064453125,1375.3491296975526,1314.2398779296875,1999.9302490234375,-0.03722203185996787,trailing_stop,1,INDUSINDBK,-0.03982203185996787
2020-11-12,2020-12-21,741.618408203125,827.3788647852841,682.288935546875,1038.265771484375,0.1156396006808259,trailing_stop,39,INDUSINDBK,0.1130396006808259
2022-08-25,2022-09-26,1064.560546875,1121.4732044462307,979.3957031250001,1490.384765625,0.05346117488413121,trailing_stop,32,INDUSINDBK,0.050861174884131215
2023-06-06,2024-01-23,1289.571533203125,1505.8660881930464,1186.405810546875,1805.4001464843748,0.16772590695505998,trailing_stop,231,INDUSINDBK,0.16512590695506
2025-12-11,2026-01-27,834.1988525390625,864.3101122727561,767.4629443359376,1167.8783935546874,0.03609602152058055,trailing_stop,47,INDUSINDBK,0.03349602152058055
2017-06-09,2017-06-23,200.6014862060547,184.55336730957032,184.55336730957032,280.8420806884765,-0.07999999999999996,stop_loss,14,NAUKRI,-0.08259999999999997
2018-07-30,2018-09-18,262.1737060546875,296.79618399478863,241.1998095703125,367.0431884765625,0.13205930701868,trailing_stop,50,NAUKRI,0.12945930701868
2020-06-11,2020-06-24,535.2794189453125,524.8085848517671,492.45706542968753,749.3911865234375,-0.01956143599575819,trailing_stop,13,NAUKRI,-0.02216143599575819
2023-06-12,2023-08-11,839.4659423828125,883.9704674151508,772.3086669921876,1175.2523193359375,0.053015283629033,trailing_stop,60,NAUKRI,0.050415283629033004
2017-08-01,2017-08-18,389.9927673339844,359.2661078154657,358.79334594726566,545.9898742675781,-0.07878776760032777,trailing_stop,17,INFY,-0.08138776760032777
2017-12-08,2018-02-06,393.98272705078125,432.1658119023663,362.46410888671875,551.5758178710937,0.09691563165068282,trailing_stop,60,INFY,0.09431563165068281
2020-02-05,2020-02-28,659.8591918945312,614.3490801624898,607.0704565429688,923.8028686523437,-0.06896942907073354,trailing_stop,23,INFY,-0.07156942907073355
2020-07-14,2020-10-08,667.7330932617188,934.8263305664062,614.3144458007813,934.8263305664062,0.39999999999999997,take_profit,86,INFY,0.3974
2023-09-15,2023-10-25,1375.2047119140625,1265.1883349609375,1265.1883349609375,1925.2865966796874,-0.08000000000000002,stop_loss,40,INFY,-0.08260000000000002
2024-07-12,2024-10-31,1609.0130615234375,1684.7332884198743,1480.2920166015626,2252.6182861328125,0.04706004488536826,trailing_stop,111,INFY,0.04446004488536826
2025-12-15,2026-02-04,1572.766357421875,1522.2592433763587,1446.945048828125,2201.8729003906246,-0.03211355189992053,trailing_stop,51,INFY,-0.03471355189992053
2020-07-20,2020-07-31,9.162500381469727,8.572499656677246,8.429500350952148,12.827500534057616,-0.0643929822896051,trailing_stop,11,INOXWIND,-0.06699298228960511
2022-09-22,2022-09-26,35.837501525878906,32.9705014038086,32.9705014038086,50.17250213623046,-0.07999999999999989,stop_loss,4,INOXWIND,-0.0825999999999999
2023-06-19,2023-06-22,40.42499923706055,37.64250068664551,37.190999298095704,56.59499893188476,-0.06883113427158992,trailing_stop,3,INOXWIND,-0.07143113427158992
2017-10-23,2017-11-15,125.00914764404297,134.9923289404111,115.00841583251953,175.01280670166014,0.07985960615294116,trailing_stop,23,INTELLECT,0.07725960615294115
2019-05-29,2019-07-18,243.8335723876953,255.78416755286852,224.32688659667969,341.3670013427734,0.04901127866909061,trailing_stop,50,INTELLECT,0.04641127866909061
2020-08-11,2020-08-12,181.10984802246094,174.43815172447296,166.62106018066407,253.55378723144528,-0.03683784383254833,trailing_stop,1,INTELLECT,-0.03943784383254833
2022-02-07,2022-02-14,703.0121459960938,654.5376394946501,646.7711743164062,984.2170043945312,-0.0689525874873192,trailing_stop,7,INTELLECT,-0.0715525874873192
2023-06-06,2023-07-27,577.2854614257812,575.3352546369284,531.1026245117188,808.1996459960938,-0.0033782364517481495,trailing_stop,51,INTELLECT,-0.005978236451748149
2025-06-03,2025-06-20,1152.7537841796875,1112.1854174841387,1060.5334814453126,1613.8552978515625,-0.03519256865803106,trailing_stop,17,INTELLECT,-0.03779256865803106
2017-04-03,2017-05-22,1004.536865234375,1013.0413891288757,924.1739160156251,1406.3516113281248,0.008466114274976335,trailing_stop,49,INDIGO,0.0058661142749763355
2019-01-23,2019-02-19,1103.9698486328125,1090.0370337688505,1015.6522607421875,1545.5577880859373,-0.012620648001588798,trailing_stop,27,INDIGO,-0.015220648001588798
2020-09-30,2020-10-29,1246.99267578125,1254.2803414982654,1147.23326171875,1745.78974609375,0.00584419287984163,trailing_stop,29,INDIGO,0.00324419287984163
2022-09-13,2022-10-07,1926.9935302734375,1772.8340478515627,1772.8340478515627,2697.7909423828123,-0.0799999999999999,stop_loss,24,INDIGO,-0.08259999999999991
2022-12-15,2023-02-16,2011.6005859375,1958.6899467759192,1850.6725390625002,2816.2408203124996,-0.026302755890738588,trailing_stop,63,INDIGO,-0.02890275589073859
2023-05-10,2023-08-03,2219.8984375,2466.422074059259,2042.3065625000002,3107.8578125,0.11105176362792908,trailing_stop,85,INDIGO,0.10845176362792908
2025-03-25,2025-04-07,4998.25341796875,4651.259627492269,4598.39314453125,6997.55478515625,-0.06942300869120328,trailing_stop,13,INDIGO,-0.07202300869120329
2016-10-06,2016-11-03,295.69915771484375,280.66364346247076,272.04322509765626,413.97882080078125,-0.05084733540861969,trailing_stop,28,IPCALAB,-0.053447335408619685
2017-11-21,2018-01-12,263.2314453125,272.9358412661951,242.17292968750002,368.5240234375,0.03686640075304965,trailing_stop,52,IPCALAB,0.03426640075304965
2018-12-10,2019-02-04,387.59356689453125,361.3839852295696,356.58608154296877,542.6309936523437,-0.0676213020638023,trailing_stop,56,IPCALAB,-0.07022130206380231
2023-08-25,2023-12-21,875.5465698242188,1037.654790921285,805.5028442382813,1225.7651977539062,0.18515088366985696,trailing_stop,118,IPCALAB,0.18255088366985697
2026-01-01,2026-02-02,1393.3624267578125,1419.412016049794,1281.8934326171875,1950.7073974609373,0.018695487112133268,trailing_stop,32,IPCALAB,0.016095487112133267
2016-08-16,2016-08-24,124.51055145263672,131.23530522766723,114.54970733642578,174.31477203369138,0.05400950920684481,trailing_stop,8,JBCHEPHARM,0.05140950920684481
2018-01-22,2018-02-05,147.25184631347656,135.47169860839844,135.47169860839844,206.15258483886717,-0.07999999999999997,stop_loss,14,JBCHEPHARM,-0.08259999999999998
2018-09-25,2018-11-29,137.86280822753906,130.66102247085382,126.83378356933595,193.00793151855467,-0.052238786147449395,trailing_stop,65,JBCHEPHARM,-0.05483878614744939
2022-08-17,2022-09-26,872.9122924804688,890.4734262669789,803.0793090820313,1222.0772094726562,0.020117867439589376,trailing_stop,40,JBCHEPHARM,0.017517867439589378
2025-08-14,2026-04-02,1698.167724609375,1967.1649594746673,1562.314306640625,2377.434814453125,0.15840439726127112,trailing_stop,231,JBCHEPHARM,0.15580439726127113
2017-02-23,2017-05-23,825.21728515625,1010.3666747555865,759.1999023437501,1155.30419921875,0.22436441035560656,trailing_stop,89,JKCEMENT,0.22176441035560657
2019-04-05,2019-05-08,824.4485473632812,797.22253733402,758.4926635742188,1154.2279663085938,-0.033023297956354475,trailing_stop,33,JKCEMENT,-0.03562329795635447
2020-06-30,2020-08-17,1343.586669921875,1416.1732943524946,1236.0997363281251,1881.0213378906249,0.05402451963507519,trailing_stop,48,JKCEMENT,0.05142451963507519
2017-04-13,2017-05-18,427.5870361328125,452.3997974070269,393.3800732421875,598.6218505859374,0.05802973237595376,trailing_stop,35,JKLAKSHMI,0.055429732375953764
2019-03-11,2019-05-10,322.9760437011719,323.37555025834104,297.1379602050781,452.1664611816406,0.001236954148645148,trailing_stop,60,JKLAKSHMI,-0.0013630458513548519
2020-08-12,2020-08-31,271.1919250488281,249.4965710449219,249.4965710449219,379.66869506835934,-0.07999999999999993,stop_loss,19,JKLAKSHMI,-0.08259999999999994
2022-09-20,2022-09-21,642.7350463867188,596.3206706724972,591.3162426757813,899.8290649414062,-0.07221385542168668,trailing_stop,1,JKLAKSHMI,-0.07481385542168668
2023-12-01,2023-12-21,792.3402099609375,802.3594389397899,728.9529931640625,1109.2762939453123,0.012645109831478039,trailing_stop,20,JKLAKSHMI,0.01004510983147804
2024-07-10,2024-08-05,865.0614624023438,795.8565454101563,795.8565454101563,1211.086047363281,-0.07999999999999996,stop_loss,26,JKLAKSHMI,-0.08259999999999997
2025-01-24,2025-02-06,803.3786010742188,767.3229772838996,739.1083129882812,1124.7300415039062,-0.044879990258774906,trailing_stop,13,JKLAKSHMI,-0.047479990258774904
2025-05-23,2025-06-03,870.2410278320312,810.7663924922068,800.6217456054687,1218.3374389648436,-0.06834271591169323,trailing_stop,11,JKLAKSHMI,-0.07094271591169324
2018-09-05,2018-09-12,147.74740600585938,148.33200807991315,135.92761352539063,206.84636840820312,0.0039567670922804055,trailing_stop,7,JKPAPER,0.0013567670922804056
2020-01-21,2020-02-03,120.43450164794922,112.14519356579086,110.79974151611329,168.6083023071289,-0.06882835042062474,trailing_stop,13,JKPAPER,-0.07142835042062474
2020-12-18,2020-12-21,101.85735321044922,97.67269146832976,93.70876495361328,142.60029449462888,-0.04108355077196497,trailing_stop,3,JKPAPER,-0.043683550771964966
2023-10-06,2023-10-25,375.25897216796875,361.4962510195335,345.2382543945313,525.3625610351562,-0.036675262070149726,trailing_stop,19,JKPAPER,-0.039275262070149725
2024-06-19,2024-07-02,483.53448486328125,561.0493009849413,444.8517260742188,676.9482788085937,0.16030876503787986,trailing_stop,13,JKPAPER,0.15770876503787987
2016-08-16,2016-08-24,91.68280792236328,99.00188769557782,84.34818328857422,128.35593109130858,0.07983044955835465,trailing_stop,8,JKTYRE,0.07723044955835465
2018-02-09,2018-02-15,158.66323852539062,155.48546416345553,145.97017944335937,222.12853393554687,-0.020028422408802395,trailing_stop,6,JKTYRE,-0.022628422408802397
2020-01-22,2020-01-31,75.24117279052734,71.52561119907918,69.22187896728516,105.33764190673827,-0.04938202653741654,trailing_stop,9,JKTYRE,-0.051982026537416536
2020-08-07,2020-08-17,60.96488952636719,57.086568687550965,56.08769836425782,85.35084533691406,-0.0636156461357788,trailing_stop,10,JKTYRE,-0.06621564613577881
2020-10-28,2020-11-02,67.70140838623047,62.28529571533203,62.28529571533203,94.78197174072265,-0.07999999999999997,stop_loss,5,JKTYRE,-0.08259999999999998
2022-09-07,2022-09-15,153.4450225830078,164.6883570420195,141.1694207763672,214.82303161621093,0.07327272185013028,trailing_stop,8,JKTYRE,0.07067272185013028
2023-05-16,2023-05-18,191.56532287597656,176.24009704589844,176.24009704589844,268.1914520263672,-0.08,stop_loss,2,JKTYRE,-0.0826
2025-07-03,2025-07-28,361.5766296386719,337.20980450037524,332.65049926757814,506.2072814941406,-0.06739048694227476,trailing_stop,25,JKTYRE,-0.06999048694227476
2019-06-14,2019-06-19,77.68476867675781,72.95612927384005,71.46998718261719,108.75867614746093,-0.060869582074619816,trailing_stop,5,JMFINANCIL,-0.06346958207461982
2019-11-29,2019-12-03,79.70254516601562,73.32634155273438,73.32634155273438,111.58356323242187,-0.07999999999999997,stop_loss,4,JMFINANCIL,-0.08259999999999998
2020-11-27,2020-12-21,72.5151138305664,74.41159125111619,66.7139047241211,101.52115936279296,0.026152857250985755,trailing_stop,24,JMFINANCIL,0.023552857250985756
2021-06-16,2021-06-29,83.50875091552734,79.33995812627637,76.82805084228517,116.91225128173828,-0.049920430416542615,trailing_stop,13,JMFINANCIL,-0.05252043041654261
2022-10-04,2022-10-13,65.18570709228516,60.997457501022474,59.970850524902346,91.25998992919921,-0.06425104180174443,trailing_stop,9,JMFINANCIL,-0.06685104180174443
2023-07-03,2023-08-04,68.89186096191406,70.02062945972999,63.38051208496094,96.44860534667968,0.01638464227929553,trailing_stop,32,JMFINANCIL,0.01378464227929553
2024-08-01,2024-08-07,99.30224609375,91.35806640625,91.35806640625,139.02314453124998,-0.07999999999999996,stop_loss,6,JMFINANCIL,-0.08259999999999997
2025-06-25,2025-07-28,150.9451141357422,159.2252942687686,138.86950500488283,211.32315979003906,0.05485556906187904,trailing_stop,33,JMFINANCIL,0.052255569061879045
2017-06-30,2017-07-18,59.653621673583984,57.62791035360076,54.88133193969727,83.51507034301757,-0.03395789330390741,trailing_stop,18,JSWENERGY,-0.03655789330390741
2019-04-04,2019-05-08,68.08242797851562,63.285914406972886,62.635833740234375,95.31539916992188,-0.07045156458075125,trailing_stop,34,JSWENERGY,-0.07305156458075125
2019-12-02,2019-12-10,72.08734130859375,67.26103417120574,66.32035400390625,100.92227783203124,-0.06695082728502091,trailing_stop,8,JSWENERGY,-0.06955082728502092
2020-09-22,2020-10-27,55.14482879638672,58.06881174424115,50.733242492675785,77.2027603149414,0.053023701617621544,trailing_stop,35,JSWENERGY,0.050423701617621546
2022-09-20,2022-09-23,332.8182067871094,312.5673899549366,306.19275024414065,465.9454895019531,-0.06084648140997421,trailing_stop,3,JSWENERGY,-0.0634464814099742
2023-07-25,2023-09-11,290.941162109375,407.317626953125,267.66586914062503,407.317626953125,0.4,take_profit,48,JSWENERGY,0.39740000000000003
2026-05-04,2026-05-12,560.39404296875,519.2440465301403,515.56251953125,784.5516601562499,-0.07343046728443618,trailing_stop,8,JSWENERGY,-0.07603046728443619
2020-01-07,2020-01-28,247.04222106933594,238.0545887672061,227.27884338378908,345.8591094970703,-0.03638095651515103,trailing_stop,21,JSWSTEEL,-0.03898095651515103
2020-08-26,2020-09-22,269.3755798339844,250.61244241184264,247.82553344726563,377.1258117675781,-0.0696541885263149,trailing_stop,27,JSWSTEEL,-0.0722541885263149
2022-04-20,2022-05-06,702.2156372070312,648.3745327632038,646.0383862304687,983.1018920898437,-0.07667317785455942,trailing_stop,16,JSWSTEEL,-0.07927317785455942
2022-09-13,2022-09-27,677.0798950195312,622.9135034179687,622.9135034179687,947.9118530273437,-0.08000000000000002,stop_loss,14,JSWSTEEL,-0.08260000000000002
2023-05-26,2023-10-04,687.5146484375,743.8368912122762,632.5134765625,962.5205078124999,0.08192151673099414,trailing_stop,131,JSWSTEEL,0.07932151673099413
2025-03-11,2025-04-07,1010.1123657226562,959.3017464660603,929.3033764648438,1414.1573120117187,-0.050301947566244204,trailing_stop,27,JSWSTEEL,-0.0529019475662442
2017-03-03,2017-03-20,126.33150482177734,116.22498443603516,116.22498443603516,176.86410675048828,-0.07999999999999999,stop_loss,17,JAGRAN,-0.08259999999999999
2021-01-04,2021-01-21,32.305580139160156,30.5467636722262,29.721133728027343,45.22781219482422,-0.054443116618170764,trailing_stop,17,JAGRAN,-0.05704311661817076
2022-09-23,2022-11-07,50.09180450439453,51.98904966165962,46.08446014404297,70.12852630615234,0.037875360571181765,trailing_stop,45,JAGRAN,0.03527536057118177
2025-08-01,2026-01-05,63.69984817504883,62.679466247558594,58.60386032104493,89.17978744506836,-0.016018592770993715,death_cross,157,JAGRAN,-0.018618592770993717
2017-03-01,2017-04-17,69.78831481933594,74.4069909045152,64.20524963378907,97.70364074707031,0.06618122385009337,trailing_stop,47,JAICORPLTD,0.06358122385009336
2019-06-06,2019-06-17,108.91265869140625,102.2157186289525,100.19964599609375,152.47772216796875,-0.061489088072203775,trailing_stop,11,JAICORPLTD,-0.06408908807220377
2020-01-14,2020-01-22,108.4979476928711,102.96519951614161,99.81811187744141,151.89712677001953,-0.05099403531937052,trailing_stop,8,JAICORPLTD,-0.05359403531937052
2020-08-04,2020-08-31,83.17862701416016,88.06899938590053,76.52433685302735,116.45007781982422,0.058793617390532814,trailing_stop,27,JAICORPLTD,0.056193617390532816
2021-05-31,2021-06-09,106.37139892578125,108.16232510432143,97.86168701171876,148.91995849609373,0.01683653873716338,trailing_stop,9,JAICORPLTD,0.01423653873716338
2022-09-05,2022-09-14,153.3549346923828,150.2414761832242,141.0865399169922,214.69690856933593,-0.020302304033476045,trailing_stop,9,JAICORPLTD,-0.022902304033476047
2023-06-08,2023-06-26,165.0919952392578,153.49285936684444,151.8846356201172,231.12879333496093,-0.07025862068965516,trailing_stop,18,JAICORPLTD,-0.07285862068965517
2024-06-11,2024-06-21,365.1914978027344,354.25759495472147,335.97617797851564,511.26809692382807,-0.02994019004768582,trailing_stop,10,JAICORPLTD,-0.03254019004768582
2025-09-30,2025-10-08,139.47999572753906,152.82000274658205,128.32159606933595,195.27199401855466,0.09564100536037744,trailing_stop,8,JAICORPLTD,0.09304100536037743
2017-11-07,2017-11-09,98.16365051269531,93.94586386464611,90.3105584716797,137.42911071777343,-0.042966888721235164,trailing_stop,2,JISLJALEQS,-0.04556688872123516
2020-07-14,2020-07-17,10.350000381469727,9.720000171661377,9.52200035095215,14.490000534057616,-0.060869583245260483,trailing_stop,3,JISLJALEQS,-0.06346958324526049
2023-05-22,2023-06-12,38.70000076293945,39.060001373291016,35.6040007019043,54.18000106811523,0.009302341169365359,trailing_stop,21,JISLJALEQS,0.006702341169365359
2024-06-11,2024-06-26,76.1500015258789,75.77100219726563,70.0580014038086,106.61000213623046,-0.004977010125002768,trailing_stop,15,JISLJALEQS,-0.007577010125002768
2024-12-09,2024-12-11,74.41000366210938,72.77400054931641,68.45720336914063,104.17400512695312,-0.021986332915960315,trailing_stop,2,JISLJALEQS,-0.024586332915960317
2019-04-11,2019-04-22,59.989253997802734,55.88171070358472,55.190113677978516,83.98495559692383,-0.06847131811921617,trailing_stop,11,J&KBANK,-0.07107131811921617
2020-11-27,2020-12-08,22.830303192138672,22.352684218330705,21.003878936767578,31.96242446899414,-0.020920395571988257,trailing_stop,11,J&KBANK,-0.023520395571988255
2022-11-04,2022-11-14,39.59482192993164,37.39776009749883,36.42723617553711,55.4327507019043,-0.055488615059837994,trailing_stop,10,J&KBANK,-0.05808861505983799
2025-06-12,2025-07-28,105.07362365722656,103.38362260310076,96.66773376464845,147.1030731201172,-0.01608397041334521,trailing_stop,46,J&KBANK,-0.018683970413345206
2026-03-04,2026-03-09,116.23999786376953,110.51100082397461,106.94079803466798,162.73599700927733,-0.049285935522032316,trailing_stop,5,J&KBANK,-0.051885935522032314
2017-03-02,2017-05-23,36.00912857055664,39.153392825308586,33.12839828491211,50.41277999877929,0.08731853226025849,trailing_stop,82,JAMNAAUTO,0.08471853226025848
2020-09-03,2020-09-04,40.815887451171875,42.54095475569526,37.55061645507813,57.14224243164062,0.04226460362002631,trailing_stop,1,JAMNAAUTO,0.039664603620026315
2023-08-03,2023-09-13,105.0826416015625,108.92980679633358,96.6760302734375,147.11569824218748,0.03661085347814358,trailing_stop,41,JAMNAAUTO,0.03401085347814358
2025-07-23,2025-08-07,94.43722534179688,86.88224731445312,86.88224731445312,132.2121154785156,-0.08,stop_loss,15,JAMNAAUTO,-0.0826
2017-04-26,2017-05-22,515.0999755859375,497.25,473.8919775390625,721.1399658203125,-0.03465341959225054,trailing_stop,26,JETAIRWAYS,-0.037253419592250536
2020-07-10,2020-07-14,28.149999618530273,27.359999656677246,25.897999649047854,39.40999946594238,-0.02806394218680539,trailing_stop,4,JETAIRWAYS,-0.03066394218680539
2022-05-13,2022-05-27,99.05000305175781,122.85000000000001,91.1260028076172,138.67000427246091,0.2402826472989172,trailing_stop,14,JETAIRWAYS,0.23768264729891722
2023-10-09,2023-10-19,67.5,62.86499862670899,62.1,94.5,-0.06866668701171869,trailing_stop,10,JETAIRWAYS,-0.07126668701171869
2016-08-09,2016-08-12,21.571918487548828,19.846165008544922,19.846165008544922,30.200685882568358,-0.07999999999999999,stop_loss,3,JINDALSAW,-0.08259999999999999
2019-03-22,2019-04-08,39.398216247558594,36.42044285845606,36.246358947753905,55.157502746582026,-0.07558142659027249,trailing_stop,17,JINDALSAW,-0.0781814265902725
2019-11-01,2019-11-11,38.95744323730469,37.590673112661705,35.84084777832032,54.54042053222656,-0.035083671079682084,trailing_stop,10,JINDALSAW,-0.03768367107968208
2022-12-08,2022-12-22,44.7996940612793,46.51276421615115,41.215718536376954,62.71957168579101,0.03823843422967635,trailing_stop,14,JINDALSAW,0.03563843422967635
2026-04-21,2026-04-28,233.6770782470703,222.75867568720454,214.9829119873047,327.1479095458984,-0.04672431991092244,trailing_stop,7,JINDALSAW,-0.04932431991092244
2016-09-08,2016-09-22,23.402729034423828,21.530510711669923,21.530510711669923,32.76382064819336,-0.07999999999999997,stop_loss,14,JSL,-0.08259999999999998
2019-11-11,2019-11-18,36.775718688964844,34.91235296454806,33.83366119384766,51.48600616455078,-0.05066837007799698,trailing_stop,7,JSL,-0.05326837007799698
2020-07-29,2020-08-18,36.23489761352539,50.72885665893554,33.33610580444336,50.72885665893554,0.39999999999999986,take_profit,20,JSL,0.39739999999999986
2022-12-01,2022-12-06,173.45550537109375,179.65036853493893,159.57906494140624,242.83770751953122,0.03571442226980219,trailing_stop,5,JSL,0.03311442226980219
2025-07-10,2025-09-12,679.1983032226562,736.143961678942,624.8624389648438,950.8776245117186,0.0838424627772041,trailing_stop,64,JSL,0.0812424627772041
2016-08-11,2016-09-02,78.8358383178711,80.98052896161013,72.52897125244141,110.37017364501952,0.027204513702150424,trailing_stop,22,JINDALSTEL,0.024604513702150423
2017-02-01,2017-02-13,82.23775482177734,85.4178192213328,75.65873443603516,115.13285675048827,0.03866915392385385,trailing_stop,12,JINDALSTEL,0.036069153923853854
2019-12-31,2020-01-29,165.3629608154297,168.43949470004628,152.1339239501953,231.50814514160155,0.018604733910458197,trailing_stop,29,JINDALSTEL,0.016004733910458195
2020-07-20,2020-08-27,175.17430114746094,211.88056884062445,161.16035705566406,245.2440216064453,0.20954139649893247,trailing_stop,38,JINDALSTEL,0.20694139649893248
2022-02-25,2022-04-06,394.17919921875,551.8508789062499,362.64486328125,551.8508789062499,0.3999999999999998,take_profit,40,JINDALSTEL,0.3973999999999998
2022-10-19,2023-02-01,436.6051330566406,611.2471862792968,401.67672241210937,611.2471862792968,0.3999999999999998,take_profit,105,JINDALSTEL,0.3973999999999998
2025-06-24,2025-12-09,922.3701782226562,988.2,848.5805639648438,1291.3182495117187,0.07137028422167044,trailing_stop,168,JINDALSTEL,0.06877028422167043
2017-04-07,2017-05-09,101.52703857421875,96.67228782219225,93.40487548828125,142.13785400390623,-0.04781731861978386,trailing_stop,32,JUBLFOOD,-0.05041731861978386
2019-04-02,2019-04-22,282.4091796875,260.07629153366514,259.81644531250004,395.3728515625,-0.07907989456485559,trailing_stop,20,JUBLFOOD,-0.0816798945648556
2019-10-29,2020-02-28,310.78106689453125,349.5025188606622,285.91858154296875,435.09349365234374,0.12459398622011843,trailing_stop,122,JUBLFOOD,0.12199398622011842
2020-06-09,2020-07-10,329.103759765625,323.0522720753541,302.775458984375,460.74526367187497,-0.018387780481695315,trailing_stop,31,JUBLFOOD,-0.020987780481695313
2022-09-26,2022-10-17,597.16162109375,581.7680350756069,549.38869140625,836.0262695312499,-0.025777922549591315,trailing_stop,21,JUBLFOOD,-0.028377922549591317
2024-07-09,2024-10-03,569.6015625,640.9615040382714,524.0334375,797.4421874999999,0.1252804525764822,trailing_stop,86,JUBLFOOD,0.1226804525764822
2017-03-27,2017-04-03,567.8499755859375,522.4219775390625,522.4219775390625,794.9899658203125,-0.08000000000000003,stop_loss,7,JUSTDIAL,-0.08260000000000003
2017-12-01,2017-12-18,509.95001220703125,483.3,469.15401123046877,713.9300170898437,-0.05226004817941209,trailing_stop,17,JUSTDIAL,-0.05486004817941209
2018-06-04,2018-06-05,561.7999877929688,528.0300109863282,516.8559887695312,786.5199829101562,-0.060110319580649885,trailing_stop,1,JUSTDIAL,-0.06271031958064989
2019-04-01,2019-05-09,602.2999877929688,554.1159887695313,554.1159887695313,843.2199829101562,-0.07999999999999988,stop_loss,38,JUSTDIAL,-0.08259999999999988
2020-10-27,2020-10-30,681.9500122070312,645.8850219726563,627.3940112304688,954.7300170898437,-0.052885093612148895,trailing_stop,3,JUSTDIAL,-0.05548509361214889
2023-02-14,2023-02-22,636.75,585.8100000000001,585.8100000000001,891.4499999999999,-0.0799999999999999,stop_loss,8,JUSTDIAL,-0.08259999999999991
2018-05-21,2018-06-05,190.092529296875,177.37339244874263,174.885126953125,266.12954101562497,-0.06691024047698575,trailing_stop,15,JYOTHYLAB,-0.06951024047698576
2019-11-22,2019-12-03,159.7923583984375,147.2040001329361,147.0089697265625,223.70930175781248,-0.07877947601294363,trailing_stop,11,JYOTHYLAB,-0.08137947601294364
2020-08-28,2020-09-09,134.52064514160156,124.03150220295868,123.75899353027344,188.3289031982422,-0.07797422416166391,trailing_stop,12,JYOTHYLAB,-0.08057422416166392
2021-06-03,2021-08-11,143.6654815673828,154.15460975151942,132.1722430419922,201.13167419433591,0.07301077523773122,trailing_stop,69,JYOTHYLAB,0.07041077523773122
2022-06-09,2022-06-30,142.88255310058594,139.7984070069222,131.45194885253906,200.0355743408203,-0.02158518326231602,trailing_stop,21,JYOTHYLAB,-0.024185183262316022
2023-05-25,2023-07-25,199.56930541992188,252.73391418457032,183.60376098632813,279.3970275878906,0.26639672194470304,trailing_stop,61,JYOTHYLAB,0.26379672194470305
2024-07-02,2024-07-25,460.7052917480469,502.24416035954573,423.84886840820315,644.9874084472656,0.09016364551379163,trailing_stop,23,JYOTHYLAB,0.08756364551379163
2019-06-04,2019-07-12,117.78382873535156,112.22470362473042,108.36112243652344,164.89736022949216,-0.047197694032445954,trailing_stop,38,KPRMILL,-0.04979769403244595
2019-11-06,2020-02-03,126.79668426513672,124.3710815530506,116.65294952392578,177.5153579711914,-0.01912985916109675,trailing_stop,89,KPRMILL,-0.02172985916109675
2020-09-28,2020-09-29,116.91806030273438,118.23175886356785,107.56461547851563,163.6852844238281,0.011236061883270474,trailing_stop,1,KPRMILL,0.008636061883270475
2023-03-15,2023-03-27,585.383544921875,543.0028583731176,538.552861328125,819.536962890625,-0.07239815146224081,trailing_stop,12,KPRMILL,-0.07499815146224081
2025-05-07,2025-05-08,1093.4456787109375,1087.5872857942436,1005.9700244140626,1530.8239501953124,-0.005357735670600809,trailing_stop,1,KPRMILL,-0.007957735670600808
2026-06-18,2026-06-24,1183.7989501953125,1197.9678686319207,1089.0950341796874,1657.3185302734373,0.01196902432990884,trailing_stop,6,KPRMILL,0.00936902432990884
2019-04-10,2019-05-08,391.4115905761719,383.9738638789846,360.0986633300781,547.9762268066406,-0.019002315915680114,trailing_stop,28,KEI,-0.021602315915680112
2020-12-03,2021-01-29,419.4039611816406,471.60695565171176,385.85164428710937,587.1655456542968,0.12446948360476362,trailing_stop,57,KEI,0.12186948360476361
2025-07-29,2025-11-03,3917.36181640625,4002.0613537759177,3603.97287109375,5484.306542968749,0.021621576290180484,trailing_stop,97,KEI,0.019021576290180482
2020-08-05,2020-08-11,114.86288452148438,111.8037928953366,105.67385375976563,160.80803833007812,-0.02663255096624003,trailing_stop,6,KIOCL,-0.02923255096624003
2023-01-06,2023-01-27,213.9499969482422,202.5,196.8339971923828,299.529995727539,-0.053517163409972465,trailing_stop,21,KIOCL,-0.05611716340997246
2023-08-08,2023-09-05,219.1999969482422,236.70000000000002,201.66399719238282,306.87999572753904,0.07983578145710447,trailing_stop,28,KIOCL,0.07723578145710447
2025-08-06,2025-08-08,366.25,347.8050109863281,336.95,512.75,-0.050361744747226996,trailing_stop,2,KIOCL,-0.052961744747226994
2026-06-10,2026-07-08,398.20001220703125,381.6,366.34401123046877,557.4800170898437,-0.04168762355135385,trailing_stop,28,KIOCL,-0.04428762355135385
2019-03-18,2019-04-10,126.15706634521484,120.67813496072303,116.06450103759767,176.61989288330076,-0.04342944508157257,trailing_stop,23,KNRCON,-0.04602944508157257
2020-01-24,2020-02-03,145.0271759033203,139.32738035832273,133.4250018310547,203.03804626464841,-0.03930156889214507,trailing_stop,10,KNRCON,-0.041901568892145066
2020-09-21,2020-09-22,127.26214599609375,120.89531213538476,117.08117431640626,178.16700439453123,-0.05002928255590174,trailing_stop,1,KNRCON,-0.05262928255590174
2023-01-06,2023-01-27,257.5986633300781,246.24180711365372,236.9907702636719,360.63812866210935,-0.044087403519917016,trailing_stop,21,KNRCON,-0.046687403519917015
2023-09-07,2023-10-23,271.1092529296875,261.3766880273144,249.4205126953125,379.5529541015625,-0.03589905101799403,trailing_stop,46,KNRCON,-0.03849905101799403
2024-06-07,2024-06-19,372.6039733886719,361.0770466537621,342.79565551757815,521.6455627441406,-0.030936134765492007,trailing_stop,12,KNRCON,-0.033536134765492005
2025-01-03,2025-01-10,345.908203125,320.84520484639586,318.235546875,484.27148437499994,-0.07245563433356099,trailing_stop,7,KNRCON,-0.075055634333561
2020-02-07,2020-02-24,268.2978210449219,268.6511766904515,246.83399536132814,375.6169494628906,0.0013170276379936335,trailing_stop,17,KRBL,-0.0012829723620063664
2020-07-20,2020-08-11,242.70640563964844,290.7331198156031,223.28989318847658,339.78896789550777,0.19787987898127832,trailing_stop,22,KRBL,0.19527987898127833
2021-07-08,2021-07-28,262.8604736328125,259.85882436117936,241.8316357421875,368.00466308593747,-0.011419173183968765,trailing_stop,20,KRBL,-0.014019173183968765
2022-08-18,2022-08-26,278.52734375,267.61795382834424,256.24515625000004,389.93828125,-0.039168111018384556,trailing_stop,8,KRBL,-0.041768111018384554
2023-05-15,2023-05-31,390.843994140625,369.8109574465929,359.576474609375,547.181591796875,-0.05381440423634715,trailing_stop,16,KRBL,-0.05641440423634715
2023-09-06,2023-09-12,425.887451171875,414.64592552849615,391.816455078125,596.242431640625,-0.02639553152469411,trailing_stop,6,KRBL,-0.028995531524694113
2025-05-20,2025-06-19,344.4388122558594,342.6048262746711,316.88370727539063,482.2143371582031,-0.005324562493921092,trailing_stop,30,KRBL,-0.007924562493921091
2026-07-03,2026-07-17,375.5,358.5,345.46000000000004,525.6999999999999,-0.045272969374167776,death_cross,14,KRBL,-0.047872969374167774
2017-04-24,2017-05-10,615.851806640625,659.1277549268488,566.583662109375,862.1925292968749,0.07027006792800895,trailing_stop,16,KAJARIACER,0.06767006792800895
2019-01-18,2019-02-12,501.9914855957031,469.5262989896363,461.8321667480469,702.7880798339843,-0.06467278337906676,trailing_stop,25,KAJARIACER,-0.06727278337906677
2020-02-24,2020-02-28,519.2876586914062,491.3719318273359,477.74464599609377,727.0027221679687,-0.053757732148723446,trailing_stop,4,KAJARIACER,-0.056357732148723444
2020-09-25,2020-12-18,474.7555236816406,664.6577331542968,436.7750817871094,664.6577331542968,0.39999999999999986,take_profit,84,KAJARIACER,0.39739999999999986
2022-09-14,2022-10-07,1139.61181640625,1119.6175597862637,1048.44287109375,1595.45654296875,-0.017544795808662247,trailing_stop,23,KAJARIACER,-0.02014479580866225
2023-05-29,2023-07-27,1243.8203125,1307.7446542628438,1144.3146875,1741.3484374999998,0.051393550274444345,trailing_stop,59,KAJARIACER,0.04879355027444435
2024-07-09,2024-07-19,1415.953369140625,1321.721731050365,1302.677099609375,1982.3347167968748,-0.06654995859605986,trailing_stop,10,KAJARIACER,-0.06914995859605987
2025-07-18,2025-09-23,1214.2579345703125,1178.1233917230418,1117.1172998046875,1699.9611083984373,-0.029758539613791032,trailing_stop,67,KAJARIACER,-0.03235853961379103
2017-01-31,2017-05-23,210.4119873046875,240.23054024019208,193.57902832031252,294.5767822265625,0.14171508628130472,trailing_stop,112,KANSAINER,0.13911508628130473
2019-08-09,2019-08-14,296.3135986328125,290.2822265625,272.6085107421875,414.8390380859375,-0.02035469211720684,death_cross,5,KANSAINER,-0.02295469211720684
2019-09-17,2019-12-03,288.0437927246094,320.65664337923266,265.00028930664064,403.2613098144531,0.1132218484770596,trailing_stop,77,KANSAINER,0.1106218484770596
2020-08-28,2020-09-22,306.14678955078125,302.4167115588878,281.65504638671877,428.6055053710937,-0.012183952663252482,trailing_stop,25,KANSAINER,-0.014783952663252482
2022-09-28,2022-11-04,311.5674743652344,286.64715195636177,286.64207641601564,436.1944641113281,-0.07998370965917902,trailing_stop,37,KANSAINER,-0.08258370965917902
2023-07-07,2023-08-03,301.2122497558594,305.8197100706294,277.11526977539063,421.6971496582031,0.015296390895471574,trailing_stop,27,KANSAINER,0.012696390895471574
2024-09-18,2024-10-07,297.7181701660156,274.4688440018749,273.90071655273437,416.80543823242186,-0.07809172732445677,trailing_stop,19,KANSAINER,-0.08069172732445677
2025-10-17,2025-11-21,250.27919006347656,230.25685485839844,230.25685485839844,350.39086608886714,-0.07999999999999999,stop_loss,35,KANSAINER,-0.08259999999999999
2019-02-04,2019-02-14,87.62938690185547,82.5079915381572,80.61903594970704,122.68114166259765,-0.05844381142862736,trailing_stop,10,KTKBANK,-0.06104381142862736
2020-12-09,2020-12-21,51.64425277709961,47.512712554931646,47.512712554931646,72.30195388793945,-0.07999999999999989,stop_loss,12,KTKBANK,-0.0825999999999999
2021-09-29,2021-10-29,59.550819396972656,59.5949614159219,54.78675384521485,83.37114715576172,0.0007412495645943834,trailing_stop,30,KTKBANK,-0.0018587504354056165
2022-07-19,2022-09-26,62.19947814941406,76.38203968018787,57.22351989746094,87.07926940917969,0.22801737173268252,trailing_stop,69,KTKBANK,0.22541737173268253
2025-12-02,2025-12-17,211.92999267578125,197.45999450683595,194.97559326171876,296.7019897460937,-0.06827725507961518,trailing_stop,15,KTKBANK,-0.07087725507961519
2017-03-27,2017-06-23,68.29837036132812,86.04469682858158,62.83450073242188,95.61771850585937,0.2598352841124562,trailing_stop,88,KARURVYSYA,0.2572352841124562
2022-08-04,2022-09-15,48.42848587036133,67.79988021850585,44.554207000732426,67.79988021850585,0.39999999999999974,take_profit,42,KARURVYSYA,0.39739999999999975
2025-06-09,2025-09-04,194.13595581054688,205.35783348624074,178.60507934570313,271.7903381347656,0.05780422090715154,trailing_stop,87,KARURVYSYA,0.05520422090715154
2016-11-30,2016-12-14,390.35797119140625,376.27766372386105,359.12933349609375,546.5011596679688,-0.036070244510624135,trailing_stop,14,KSCL,-0.03867024451062413
2017-01-13,2017-01-31,431.0575256347656,422.5933143927694,396.5729235839844,603.4805358886719,-0.019635920355483918,trailing_stop,18,KSCL,-0.02223592035548392
2018-06-21,2018-06-28,547.7962646484375,503.9725634765625,503.9725634765625,766.9147705078125,-0.07999999999999995,stop_loss,7,KSCL,-0.08259999999999995
2019-01-25,2019-02-08,561.18798828125,533.7726556127035,516.29294921875,785.66318359375,-0.048852315518212404,trailing_stop,14,KSCL,-0.0514523155182124
2019-10-24,2019-11-21,471.4945068359375,473.7435803188842,433.77494628906254,660.0923095703124,0.004770094773827964,trailing_stop,28,KSCL,0.0021700947738279644
2020-07-03,2020-07-24,556.4334106445312,550.3178608003423,511.9187377929688,779.0067749023438,-0.010990623005734309,trailing_stop,21,KSCL,-0.013590623005734308
2021-05-11,2021-05-17,716.9122924804688,708.9401960669978,659.5593090820313,1003.6772094726562,-0.011120044246818533,trailing_stop,6,KSCL,-0.013720044246818533
2022-05-17,2022-06-13,553.33349609375,524.9935631756201,509.06681640625004,774.6668945312499,-0.05121673117242175,trailing_stop,27,KSCL,-0.05381673117242175
2022-12-30,2023-03-16,506.7825927734375,507.51814751886593,466.2399853515625,709.4956298828124,0.0014514206997580678,trailing_stop,76,KSCL,-0.001148579300241932
2025-03-18,2025-03-27,1116.0401611328125,1231.8623866391467,1026.7569482421875,1562.4562255859373,0.10377962150463418,trailing_stop,9,KSCL,0.10117962150463418
2016-12-01,2016-12-23,131.87997436523438,122.01901209246813,121.32957641601563,184.6319641113281,-0.07477224893490537,trailing_stop,22,KEC,-0.07737224893490538
2020-01-16,2020-02-27,312.21173095703125,304.9055235235513,287.23479248046874,437.09642333984374,-0.023401450711297768,trailing_stop,42,KEC,-0.026001450711297766
2020-08-13,2020-09-21,290.8638000488281,308.4529024793149,267.5946960449219,407.2093200683594,0.06047195432203679,trailing_stop,39,KEC,0.05787195432203679
2022-09-13,2022-09-19,417.6946105957031,404.82563905128825,384.2790417480469,584.7724548339843,-0.030809522598487796,trailing_stop,6,KEC,-0.0334095225984878
2022-10-28,2022-12-08,421.7328796386719,424.48670922564366,387.99424926757814,590.4260314941406,0.0065297958018620435,trailing_stop,41,KEC,0.003929795801862044
2025-10-06,2025-11-04,847.6765747070312,794.4465638165746,779.8624487304688,1186.7472045898437,-0.06279518920155806,trailing_stop,29,KEC,-0.06539518920155807
2018-02-02,2018-02-06,326.01885986328125,304.92426203635864,299.9373510742188,456.4264038085937,-0.06470361204185797,trailing_stop,4,KIRLOSENG,-0.06730361204185797
2020-12-14,2020-12-21,112.92552185058594,106.38724379752041,103.89148010253906,158.0957305908203,-0.057899028899033596,trailing_stop,7,KIRLOSENG,-0.060499028899033594
2022-08-30,2022-09-08,219.9228057861328,237.4817054442654,202.3289813232422,307.8919281005859,0.07984119516558005,trailing_stop,9,KIRLOSENG,0.07724119516558005
2025-08-07,2025-09-03,907.28076171875,885.76422597493,834.69830078125,1270.19306640625,-0.023715410545087634,trailing_stop,27,KIRLOSENG,-0.026315410545087632
2017-03-30,2017-04-03,181.90362548828125,170.12500952977115,167.35133544921877,254.66507568359373,-0.064751958224543,trailing_stop,4,KOLTEPATIL,-0.067351958224543
2019-10-23,2019-11-13,239.2682342529297,240.87925703176168,220.12677551269533,334.97552795410155,0.006733124369234018,trailing_stop,21,KOLTEPATIL,0.0041331243692340185
2020-11-17,2020-12-21,178.91580200195312,204.82840857928804,164.60253784179687,250.48212280273435,0.14483129096138775,trailing_stop,34,KOLTEPATIL,0.14223129096138776
2022-09-14,2022-09-26,343.6893310546875,323.133654953085,316.19418457031253,481.16506347656247,-0.059808886236074936,trailing_stop,12,KOLTEPATIL,-0.062408886236074934
2023-06-30,2023-07-18,332.1169738769531,355.52646873431013,305.5476159667969,464.96376342773436,0.07048569238749612,trailing_stop,18,KOLTEPATIL,0.06788569238749612
2025-06-04,2025-07-14,435.54998779296875,447.7949890136719,400.70598876953125,609.7699829101562,0.02811388259416876,trailing_stop,40,KOLTEPATIL,0.025513882594168757
2017-03-10,2017-10-25,164.5299072265625,199.32027221282638,151.36751464843752,230.34187011718748,0.21145313683521702,trailing_stop,229,KOTAKBANK,0.20885313683521703
2019-02-18,2019-09-04,253.77223205566406,278.2661795434907,233.47045349121095,355.28112487792964,0.09651941541994227,trailing_stop,198,KOTAKBANK,0.09391941541994227
2020-11-05,2021-01-25,333.12078857421875,362.71583280162304,306.47112548828125,466.3691040039062,0.08884178124719636,trailing_stop,81,KOTAKBANK,0.08624178124719635
2021-10-06,2021-10-29,389.04443359375,403.3569594780346,357.92087890625004,544.66220703125,0.03678892344525891,trailing_stop,23,KOTAKBANK,0.03418892344525891
2022-09-12,2022-09-28,382.9590148925781,355.9846797077788,352.3222937011719,536.1426208496093,-0.07043661106232411,trailing_stop,16,KOTAKBANK,-0.07303661106232412
2023-05-26,2023-06-13,387.14886474609375,369.8142168001538,356.17695556640626,542.0084106445312,-0.044775148591249585,trailing_stop,18,KOTAKBANK,-0.04737514859124958
2024-07-30,2024-10-21,356.19366455078125,348.55566688178794,327.69817138671874,498.67113037109374,-0.021443384397715433,trailing_stop,83,KOTAKBANK,-0.02404338439771543
2025-01-22,2025-05-05,382.3981628417969,413.1515743287365,351.80630981445313,535.3574279785156,0.08042248754124563,trailing_stop,103,KOTAKBANK,0.07782248754124563
2025-10-27,2026-01-27,428.9794006347656,400.3488377363297,394.6610485839844,600.5711608886718,-0.06674111357345122,trailing_stop,92,KOTAKBANK,-0.06934111357345123
2017-10-16,2017-12-01,710.6226806640625,994.8717529296874,653.7728662109375,994.8717529296874,0.3999999999999999,take_profit,46,LTTS,0.3973999999999999
2019-05-07,2019-07-08,1534.5947265625,1493.8292715561995,1411.8271484375,2148.4326171875,-0.026564313235726625,trailing_stop,62,LTTS,-0.029164313235726623
2020-02-17,2020-02-28,1582.0836181640625,1478.7676264030972,1455.5169287109375,2214.917065429687,-0.06530374916646876,trailing_stop,11,LTTS,-0.06790374916646877
2020-08-17,2020-09-09,1442.36669921875,1370.9676316039825,1326.97736328125,2019.31337890625,-0.04950132837470558,trailing_stop,23,LTTS,-0.05210132837470558
2022-12-20,2022-12-29,3773.51025390625,3494.965572563459,3471.62943359375,5282.91435546875,-0.07381580083277849,trailing_stop,9,LTTS,-0.07641580083277849
2023-06-06,2023-10-18,3669.4560546875,4207.805533762704,3375.8995703125,5137.238476562499,0.14671097597353594,trailing_stop,134,LTTS,0.14411097597353595
2024-08-21,2024-09-25,5276.8740234375,5253.0888973150895,4854.7241015625,7387.6236328125,-0.004507427317151717,trailing_stop,35,LTTS,-0.007107427317151717
2025-01-16,2025-02-12,5118.18701171875,4958.231563698509,4708.73205078125,7165.461816406249,-0.03125236488115865,trailing_stop,27,LTTS,-0.03385236488115865
2025-12-22,2026-01-12,4578.5712890625,4212.2855859375,4212.2855859375,6409.9998046875,-0.07999999999999992,stop_loss,21,LTTS,-0.08259999999999992
2019-03-25,2019-04-23,457.1329650878906,435.8803427180141,420.5623278808594,639.9861511230469,-0.04649111744936265,trailing_stop,29,LICHSGFIN,-0.04909111744936265
2022-09-02,2022-09-26,389.4342956542969,371.91187983894673,358.27955200195316,545.2080139160156,-0.044994536975513054,trailing_stop,24,LICHSGFIN,-0.04759453697551305
2023-07-12,2023-08-04,373.23370361328125,370.97674703033886,343.37500732421876,522.5271850585938,-0.006047033162045019,trailing_stop,23,LICHSGFIN,-0.008647033162045018
2025-11-12,2025-11-27,572.7999877929688,550.25,526.9759887695312,801.9199829101562,-0.03936799628759621,death_cross,15,LICHSGFIN,-0.04196799628759621
2026-06-09,2026-08-04,552.75,513.6750000000001,508.53000000000003,773.8499999999999,-0.07069199457259147,trailing_stop,56,LICHSGFIN,-0.07329199457259147
2017-03-14,2017-10-23,890.6943359375,988.8022628959767,819.4387890625001,1246.9720703125,0.11014769377107718,trailing_stop,223,LT,0.10754769377107717
2018-09-19,2018-10-01,1186.0179443359375,1091.1365087890626,1091.1365087890626,1660.4251220703125,-0.07999999999999988,stop_loss,12,LT,-0.08259999999999988
2018-11-28,2019-01-18,1248.7489013671875,1168.960407745179,1148.8489892578125,1748.2484619140623,-0.06389474580089909,trailing_stop,51,LT,-0.06649474580089909
2019-04-08,2019-07-15,1222.277099609375,1286.9215637575298,1124.494931640625,1711.187939453125,0.05288855053311105,trailing_stop,98,LT,0.05028855053311105
2019-10-23,2019-11-27,1290.4996337890625,1210.2421002822466,1187.2596630859375,1806.6994873046874,-0.062191054848400144,trailing_stop,35,LT,-0.06479105484840014
2020-11-20,2020-12-21,1064.0941162109375,1132.0858464123428,978.9665869140625,1489.7317626953125,0.06389635011187972,trailing_stop,31,LT,0.06129635011187972
2022-09-06,2022-09-29,1888.8538818359375,1737.7455712890626,1737.7455712890626,2644.3954345703123,-0.07999999999999996,stop_loss,23,LT,-0.08259999999999997
2025-06-24,2026-01-21,3569.93115234375,3738.9798922214172,3284.33666015625,4997.90361328125,0.0473535014160378,trailing_stop,211,LT,0.0447535014160378
2026-06-01,2026-07-14,4010.800048828125,3845.06982421875,3689.9360449218752,5615.120068359374,-0.041320988977697364,trailing_stop,43,LT,-0.04392098897769736
2020-01-07,2020-02-19,75.07986450195312,80.57992434592533,69.07347534179688,105.11181030273437,0.07325612373513449,trailing_stop,43,LAURUSLABS,0.07065612373513448
2022-05-02,2022-05-09,585.3713989257812,538.5416870117188,538.5416870117188,819.5199584960938,-0.08,stop_loss,7,LAURUSLABS,-0.0826
2023-08-10,2023-10-23,396.196044921875,371.69470581810816,364.500361328125,554.6744628906249,-0.06184145303267276,trailing_stop,74,LAURUSLABS,-0.06444145303267276
2019-03-19,2019-04-11,83.05000305175781,77.76000137329102,76.40600280761718,116.27000427246092,-0.06369658620204985,trailing_stop,23,LEMONTREE,-0.06629658620204985
2020-11-24,2020-12-07,32.70000076293945,40.814998626708984,30.084000701904298,45.78000106811523,0.2481650664964713,trailing_stop,13,LEMONTREE,0.2455650664964713
2021-09-30,2021-10-07,45.400001525878906,46.800000000000004,41.7680014038086,63.560002136230466,0.0308369697591986,trailing_stop,7,LEMONTREE,0.0282369697591986
2023-05-16,2023-07-10,94.25,89.91000137329102,86.71000000000001,131.95,-0.04604773078736314,trailing_stop,55,LEMONTREE,-0.04864773078736314
2025-01-10,2025-01-27,140.35000610351562,133.55999450683595,129.12200561523437,196.49000854492186,-0.04837913289203336,trailing_stop,17,LEMONTREE,-0.05097913289203336
2025-04-22,2025-04-24,147.27000427246094,145.6199951171875,135.48840393066408,206.1780059814453,-0.011203973025089294,death_cross,2,LEMONTREE,-0.013803973025089294
2025-04-29,2025-05-09,139.08999633789062,129.15,127.96279663085939,194.72599487304686,-0.07146449492847376,trailing_stop,10,LEMONTREE,-0.07406449492847376
2017-11-27,2017-12-05,501.05914306640625,474.0098189589706,460.9744116210938,701.4828002929687,-0.05398429403343064,trailing_stop,8,LINDEINDIA,-0.05658429403343064
2018-11-20,2019-01-10,602.5635375976562,675.671463792389,554.3584545898437,843.5889526367187,0.12132816148518491,trailing_stop,51,LINDEINDIA,0.1187281614851849
2019-11-08,2019-11-18,530.0645141601562,608.7310642239544,487.6593530273438,742.0903198242187,0.14840938784298516,trailing_stop,10,LINDEINDIA,0.14580938784298517
2020-08-04,2020-08-31,627.6324462890625,699.6908851275068,577.4218505859375,878.6854248046875,0.11480993257199625,trailing_stop,27,LINDEINDIA,0.11220993257199624
2023-01-25,2023-03-14,3343.826904296875,3688.4428142379106,3076.320751953125,4681.357666015625,0.10306033171101,trailing_stop,48,LINDEINDIA,0.10046033171101
2025-06-23,2025-08-11,6842.6474609375,6295.2356640625,6295.2356640625,9579.706445312499,-0.07999999999999996,stop_loss,49,LINDEINDIA,-0.08259999999999997
2026-03-17,2026-03-23,7314.59521484375,6729.42759765625,6729.42759765625,10240.43330078125,-0.07999999999999996,stop_loss,6,LINDEINDIA,-0.08259999999999997
2018-08-01,2018-08-09,805.5850830078125,770.6734416539227,741.1382763671876,1127.8191162109374,-0.04333700075917517,trailing_stop,8,LUPIN,-0.045937000759175166
2019-12-31,2020-02-03,733.2452392578125,679.8449826062773,674.5856201171875,1026.5433349609375,-0.07282728041383082,trailing_stop,34,LUPIN,-0.07542728041383083
2020-05-21,2020-07-10,850.7066650390625,826.3596375897415,782.6501318359375,1190.9893310546875,-0.028619768070352464,trailing_stop,50,LUPIN,-0.031219768070352462
2022-11-22,2023-02-13,704.0135498046875,694.4864668168475,647.6924658203126,985.6189697265625,-0.013532527876037436,trailing_stop,83,LUPIN,-0.016132527876037438
2023-05-30,2023-08-17,786.0302124023438,1100.442297363281,723.1477954101563,1100.442297363281,0.3999999999999998,take_profit,79,LUPIN,0.3973999999999998
2025-11-20,2026-05-11,2016.18115234375,2228.442066278506,1854.8866601562502,2822.65361328125,0.10527869169296075,trailing_stop,172,LUPIN,0.10267869169296075
2016-10-25,2016-11-09,729.7442626953125,727.710158009389,671.3647216796875,1021.6419677734374,-0.002787421278805941,trailing_stop,15,LUXIND,-0.005387421278805941
2019-11-19,2019-12-23,1317.9400634765625,1303.8136258227862,1212.5048583984376,1845.1160888671873,-0.010718573662987755,trailing_stop,34,LUXIND,-0.013318573662987755
2020-08-28,2020-08-31,1350.1944580078125,1242.1789013671876,1242.1789013671876,1890.2722412109374,-0.07999999999999995,stop_loss,3,LUXIND,-0.08259999999999995
2023-08-01,2023-08-14,1602.587646484375,1474.380634765625,1474.380634765625,2243.622705078125,-0.07999999999999999,stop_loss,13,LUXIND,-0.08259999999999999
2024-06-06,2024-07-16,1413.80224609375,1979.32314453125,1300.69806640625,1979.32314453125,0.3999999999999999,take_profit,40,LUXIND,0.3973999999999999
2026-05-13,2026-05-18,1406.5999755859375,1308.6000000000001,1294.0719775390626,1969.2399658203124,-0.06967153226709975,trailing_stop,5,LUXIND,-0.07227153226709976
2019-04-05,2019-05-07,187.70997619628906,178.49725174138194,172.69317810058595,262.79396667480466,-0.04907956754132948,trailing_stop,32,MASFIN,-0.05167956754132948
2020-10-05,2020-11-13,269.84002685546875,276.0888947834754,248.25282470703127,377.7760375976562,0.02315767605283274,trailing_stop,39,MASFIN,0.020557676052832742
2022-09-09,2022-09-16,246.57461547851562,237.9049517486822,226.8486462402344,345.20446166992184,-0.03516040656905664,trailing_stop,7,MASFIN,-0.03776040656905664
2023-08-31,2023-10-25,268.1419372558594,284.8885025246387,246.69058227539062,375.3987121582031,0.062454107105222555,trailing_stop,55,MASFIN,0.059854107105222557
2025-06-04,2025-07-28,285.33367919921875,313.464500979455,262.5069848632813,399.46715087890624,0.09858920916445843,trailing_stop,54,MASFIN,0.09598920916445842
2017-11-07,2017-11-08,62.8026237487793,59.69184510604556,57.77841384887696,87.92367324829101,-0.049532622318095416,trailing_stop,1,MMTC,-0.052132622318095415
2020-07-30,2020-08-25,18.5,19.709999656677248,17.02,25.9,0.06540538684741878,trailing_stop,26,MMTC,0.06280538684741878
2023-08-14,2023-08-23,38.54999923706055,39.825,35.4659992980957,53.96999893188476,0.03307395040655973,trailing_stop,9,MMTC,0.03047395040655973
2025-07-16,2025-07-28,68.66000366210938,65.52000274658204,63.16720336914063,96.12400512695312,-0.0457326062925944,trailing_stop,12,MMTC,-0.0483326062925944
2026-06-09,2026-06-12,66.87999725341797,64.21499862670899,61.529597473144534,93.63199615478516,-0.03984746914104847,trailing_stop,3,MMTC,-0.042447469141048466
2017-09-07,2017-09-25,147.3040771484375,146.87237677397323,135.5197509765625,206.2257080078125,-0.0029306749875582087,trailing_stop,18,MOIL,-0.005530674987558208
2020-01-07,2020-01-27,126.99567413330078,125.9703363434949,116.83602020263672,177.79394378662107,-0.00807380091332584,trailing_stop,20,MOIL,-0.01067380091332584
2020-06-23,2020-06-30,127.26829528808594,117.90588760758818,117.08683166503907,178.1756134033203,-0.07356433634398027,trailing_stop,7,MOIL,-0.07616433634398027
2021-01-13,2021-01-18,131.0243682861328,123.09258960618845,120.54241882324219,183.43411560058593,-0.06053666797784387,trailing_stop,5,MOIL,-0.06313666797784387
2023-01-03,2023-02-03,158.81771850585938,147.83588796864385,146.11230102539062,222.3448059082031,-0.0691473888463545,trailing_stop,31,MOIL,-0.07174738884635451
2023-06-16,2023-08-18,154.24383544921875,191.18081064615066,141.90432861328125,215.94136962890624,0.23947132207492702,trailing_stop,63,MOIL,0.23687132207492703
2025-06-09,2025-06-18,383.0043029785156,357.7582215306132,352.3639587402344,536.2060241699219,-0.06591592118305419,trailing_stop,9,MOIL,-0.06851592118305419
2016-09-07,2016-10-18,39311.0390625,48466.7590095123,36166.1559375,55035.454687499994,0.23290455214006853,trailing_stop,41,MRF,0.23030455214006854
2019-10-10,2020-02-28,60447.515625,65425.96480341109,55611.714375,84626.52187499999,0.08235986420510706,trailing_stop,141,MRF,0.07975986420510706
2020-11-17,2021-01-29,73338.4765625,85948.11548175939,67471.3984375,102673.8671875,0.171937562795067,trailing_stop,73,MRF,0.169337562795067
2022-07-18,2022-09-21,80072.515625,83947.97740090528,73666.714375,112101.52187499999,0.04839940078884312,trailing_stop,65,MRF,0.04579940078884312
2023-05-17,2024-01-15,97025.6796875,135835.9515625,89263.62531250001,135835.9515625,0.4000000000000001,take_profit,243,MRF,0.3974000000000001
2025-05-27,2025-08-12,143509.796875,137245.52881304518,132029.013125,200913.71562499998,-0.043650455915641255,trailing_stop,77,MRF,-0.04625045591564125
2019-01-04,2019-02-12,744.07177734375,727.1294537807659,684.54603515625,1041.70048828125,-0.02276974356353936,trailing_stop,39,MGL,-0.02536974356353936
2019-10-29,2020-02-18,834.60302734375,949.7986631258873,767.8347851562501,1168.44423828125,0.13802446433577503,trailing_stop,112,MGL,0.13542446433577504
2020-07-21,2020-08-31,856.1799926757812,826.9125803159078,787.6855932617187,1198.6519897460937,-0.0341837144178122,trailing_stop,41,MGL,-0.0367837144178122
2020-12-22,2021-01-22,919.6853637695312,907.3528151961236,846.1105346679688,1287.5595092773438,-0.013409530105883145,trailing_stop,31,MGL,-0.016009530105883144
2022-09-05,2022-09-26,808.0150146484375,754.0549503434964,743.3738134765625,1131.2210205078125,-0.06678101684585497,trailing_stop,21,MGL,-0.06938101684585497
2025-07-07,2025-07-24,1506.1900634765625,1385.6948583984376,1385.6948583984376,2108.666088867187,-0.0799999999999999,stop_loss,17,MGL,-0.08259999999999991
2018-07-04,2018-09-05,2548.13818359375,2560.7889523936547,2344.28712890625,3567.39345703125,0.004964710658690702,trailing_stop,63,MAHSCOOTER,0.0023647106586907017
2018-12-31,2019-01-21,2780.141357421875,2875.1746650339514,2557.7300488281253,3892.197900390625,0.0341829048938016,trailing_stop,21,MAHSCOOTER,0.031582904893801604
2020-11-12,2020-12-08,2911.861572265625,3222.0686354868303,2678.9126464843753,4076.6062011718745,0.10653221505301272,trailing_stop,26,MAHSCOOTER,0.10393221505301271
2022-08-19,2022-09-13,3925.65087890625,4370.862285209256,3611.59880859375,5495.91123046875,0.11341085084648406,trailing_stop,25,MAHSCOOTER,0.11081085084648405
2023-06-05,2023-09-04,5006.0400390625,7008.4560546875,4605.5568359375,7008.4560546875,0.4,take_profit,91,MAHSCOOTER,0.39740000000000003
2025-04-23,2025-04-25,11450.4765625,11290.012765732205,10534.4384375,16030.6671875,-0.014013722126929634,trailing_stop,2,MAHSCOOTER,-0.016613722126929634
2018-09-11,2018-09-24,214.09457397460938,201.84053393335114,196.96700805664062,299.7324035644531,-0.057236574536968454,trailing_stop,13,MAHSEAMLES,-0.05983657453696845
2020-11-27,2020-12-02,122.15449523925781,130.7990697191083,112.3821356201172,171.01629333496092,0.07076755106653096,trailing_stop,5,MAHSEAMLES,0.06816755106653095
2023-05-11,2023-07-05,409.7773742675781,429.6694758708317,376.9951843261719,573.6883239746094,0.048543679696342545,trailing_stop,55,MAHSEAMLES,0.04594367969634255
2025-04-11,2025-05-06,654.210205078125,634.0635630073426,601.873388671875,915.8942871093749,-0.030795365028548415,trailing_stop,25,MAHSEAMLES,-0.03339536502854842
2026-05-07,2026-05-25,652.5,607.319989013672,600.3000000000001,913.4999999999999,-0.06924139614762921,trailing_stop,18,MAHSEAMLES,-0.07184139614762922
2017-05-08,2017-05-23,172.9605712890625,162.80640178111884,159.1237255859375,242.1447998046875,-0.058708001669197665,trailing_stop,15,M&MFIN,-0.06130800166919766
2020-02-20,2020-02-27,208.799072265625,192.09514648437502,192.09514648437502,292.318701171875,-0.07999999999999989,stop_loss,7,M&MFIN,-0.0825999999999999
2020-11-23,2020-12-21,142.49102783203125,148.69272663912795,131.09174560546876,199.48743896484373,0.043523433730910284,trailing_stop,28,M&MFIN,0.040923433730910286
2021-10-29,2021-11-15,161.99818420410156,167.6072103069557,149.03832946777345,226.79745788574218,0.03462400600606311,trailing_stop,17,M&MFIN,0.03202400600606311
2022-05-17,2022-05-26,158.07232666015625,145.42654052734375,145.42654052734375,221.30125732421874,-0.08000000000000002,stop_loss,9,M&MFIN,-0.08260000000000002
2024-07-10,2024-10-04,279.6545715332031,294.5891459086131,257.2822058105469,391.51640014648433,0.05340364827054793,trailing_stop,86,M&MFIN,0.05080364827054793
2025-09-24,2025-12-04,275.9416198730469,340.63606040539526,253.86629028320314,386.3182678222656,0.23444973818053438,trailing_stop,71,M&MFIN,0.2318497381805344
2017-05-25,2017-09-08,604.6539306640625,598.0744220334607,556.2816162109375,846.5155029296875,-0.010881445231615152,trailing_stop,106,M&M,-0.013481445231615152
2017-11-21,2018-02-19,651.112548828125,664.2589703479745,599.023544921875,911.557568359375,0.020190705191461062,trailing_stop,90,M&M,0.01759070519146106
2020-07-22,2020-09-24,558.8968505859375,566.3927179895538,514.1851025390625,782.4555908203124,0.013411897733468701,trailing_stop,64,M&M,0.010811897733468702
2021-10-18,2021-10-29,869.6917724609375,823.1497186098095,800.1164306640626,1217.5684814453125,-0.05351557336161698,trailing_stop,11,M&M,-0.05611557336161698
2022-05-17,2022-08-04,869.5485229492188,1217.3679321289062,799.9846411132813,1217.3679321289062,0.39999999999999997,take_profit,79,M&M,0.3974
2023-06-19,2023-08-04,1352.7275390625,1384.3334860859538,1244.5093359375,1893.8185546875,0.023364606774663697,trailing_stop,46,M&M,0.0207646067746637
2025-06-13,2026-01-27,2951.051513671875,3419.994875787182,2714.9673925781253,4131.472119140625,0.15890720983444293,trailing_stop,228,M&M,0.15630720983444293
2017-04-03,2017-06-15,188.7887725830078,264.3042816162109,173.6856707763672,264.3042816162109,0.39999999999999986,take_profit,73,MHRIL,0.39739999999999986
2019-05-08,2019-05-14,155.5,143.06,143.06,217.7,-0.07999999999999999,stop_loss,6,MHRIL,-0.08259999999999999
2020-01-27,2020-02-03,157.63333129882812,146.75999908447267,145.0226647949219,220.68666381835936,-0.06897863621078147,trailing_stop,7,MHRIL,-0.07157863621078148
2020-11-13,2020-12-21,121.56666564941406,130.5,111.84133239746095,170.19333190917968,0.07348506519335463,trailing_stop,38,MHRIL,0.07088506519335462
2022-04-04,2022-04-19,233.39999389648438,247.40999450683594,214.72799438476562,326.7599914550781,0.06002571112561882,trailing_stop,15,MHRIL,0.057425711125618825
2025-07-11,2025-09-26,357.20001220703125,343.8,328.62401123046874,500.0800170898437,-0.037514030652565214,trailing_stop,77,MHRIL,-0.04011403065256521
2020-09-28,2020-10-12,331.2822265625,318.6245769852185,304.7796484375,463.79511718749995,-0.03820805513359925,trailing_stop,14,MAHLOG,-0.040808055133599246
2022-10-17,2022-11-14,511.94647216796875,491.7619060918065,470.9907543945313,716.7250610351562,-0.03942710258493533,trailing_stop,28,MAHLOG,-0.042027102584935326
2024-01-05,2024-01-23,440.4761657714844,407.1380281759135,405.23807250976563,616.6666320800781,-0.07568658689438926,trailing_stop,18,MAHLOG,-0.07828658689438926
2026-02-20,2026-03-04,412.28289794921875,379.3002661132813,379.3002661132813,577.1960571289062,-0.07999999999999992,stop_loss,12,MAHLOG,-0.08259999999999992
2017-02-15,2017-02-27,82.85970306396484,80.22268889360151,76.23092681884766,116.00358428955077,-0.03182504972685752,trailing_stop,12,MANAPPURAM,-0.03442504972685752
2019-02-19,2019-04-30,94.04402160644531,102.75409135080582,86.5204998779297,131.66163024902343,0.09261694252942884,trailing_stop,70,MANAPPURAM,0.09001694252942884
2020-07-29,2020-07-30,163.00137329101562,150.08757700988158,149.9612634277344,228.20192260742186,-0.0792250765769826,trailing_stop,1,MANAPPURAM,-0.08182507657698261
2021-07-13,2021-08-10,167.78179931640625,177.89131213807752,154.35925537109375,234.89451904296874,0.060253930181107154,trailing_stop,28,MANAPPURAM,0.057653930181107156
2022-11-30,2022-12-23,108.35395050048828,106.70723709457354,99.68563446044922,151.69553070068358,-0.015197539160395611,trailing_stop,23,MANAPPURAM,-0.01779753916039561
2025-02-11,2025-02-12,194.73623657226562,182.6724553836906,179.1573376464844,272.63073120117184,-0.061949339275118566,trailing_stop,1,MANAPPURAM,-0.06454933927511856
2026-05-27,2026-06-03,328.75,302.45,302.45,460.24999999999994,-0.08000000000000003,stop_loss,7,MANAPPURAM,-0.08260000000000003
2021-01-01,2021-01-05,34.663692474365234,35.14580399235593,31.890597076416018,48.52916946411133,0.013908256264021217,trailing_stop,4,MRPL,0.011308256264021217
2022-04-25,2022-04-27,63.92776107788086,60.22515627335245,58.8135401916504,89.4988655090332,-0.057918574686475634,trailing_stop,2,MRPL,-0.06051857468647563
2023-06-06,2023-07-05,62.77069091796875,78.9695853596048,57.749035644531254,87.87896728515625,0.25806461908799794,trailing_stop,29,MRPL,0.25546461908799795
2025-07-17,2025-07-25,144.45248413085938,139.5264014180502,132.89628540039064,202.2334777832031,-0.03410175146830042,trailing_stop,8,MRPL,-0.03670175146830042
2025-10-28,2025-11-24,149.74090576171875,163.05991992960605,137.76163330078126,209.63726806640625,0.08894706560064303,trailing_stop,27,MRPL,0.08634706560064302
2017-03-21,2017-09-25,255.7405242919922,274.90688354489123,235.28128234863283,358.03673400878904,0.07494455290556853,trailing_stop,188,MARICO,0.07234455290556853
2018-04-23,2018-05-02,281.4737243652344,277.98357387409766,258.9558264160156,394.0632141113281,-0.012399560559364935,trailing_stop,9,MARICO,-0.014999560559364935
2018-12-13,2019-02-14,334.41339111328125,318.86076214249255,307.6603198242188,468.1787475585937,-0.04650719553727533,trailing_stop,63,MARICO,-0.04910719553727533
2019-05-15,2019-10-29,319.5978698730469,327.29422414351484,294.03004028320316,447.4370178222656,0.02408136910776398,trailing_stop,167,MARICO,0.02148136910776398
2020-07-10,2020-09-22,315.7977294921875,316.6432434858789,290.53391113281253,442.1168212890625,0.00267739098394088,trailing_stop,74,MARICO,7.739098394088026e-05
2022-09-01,2022-11-09,502.3967590332031,475.9842315221164,462.2050183105469,703.3554626464843,-0.05257304518029576,trailing_stop,69,MARICO,-0.05517304518029576
2023-06-05,2023-10-09,526.7339477539062,515.5186757820414,484.59523193359377,737.4275268554687,-0.021292100157373303,trailing_stop,126,MARICO,-0.0238921001573733
2024-05-30,2024-10-24,585.5535278320312,635.1772555885259,538.7092456054688,819.7749389648437,0.08474669760802712,trailing_stop,147,MARICO,0.08214669760802712
2025-05-06,2026-03-23,709.752685546875,728.8171360301832,652.972470703125,993.653759765625,0.02686069510060217,trailing_stop,321,MARICO,0.02426069510060217
2019-10-31,2019-12-06,7109.22509765625,6540.48708984375,6540.48708984375,9952.91513671875,-0.07999999999999996,stop_loss,36,MARUTI,-0.08259999999999997
2020-08-26,2020-09-21,6650.56298828125,6276.93937790289,6118.51794921875,9310.78818359375,-0.05617924543180944,trailing_stop,26,MARUTI,-0.058779245431809436
2021-07-23,2021-08-25,6921.1904296875,6409.15185546875,6367.4951953125,9689.6666015625,-0.07398128680615845,death_cross,33,MARUTI,-0.07658128680615846
2021-11-01,2021-11-25,7272.529296875,7191.978212603608,6690.726953125,10181.541015625,-0.011076075596698492,trailing_stop,24,MARUTI,-0.013676075596698492
2022-05-23,2022-11-21,7541.73193359375,8451.364808376406,6938.39337890625,10558.424707031249,0.12061326002994138,trailing_stop,182,MARUTI,0.11801326002994138
2023-06-01,2023-12-15,8966.7841796875,9547.24162356552,8249.441445312501,12553.497851562499,0.06473418253925785,trailing_stop,197,MARUTI,0.06213418253925785
2025-05-23,2026-01-05,12197.1630859375,17076.0283203125,11221.3900390625,17076.0283203125,0.4,take_profit,227,MARUTI,0.39740000000000003
2019-05-28,2019-06-17,428.8999938964844,417.9599945068359,394.58799438476564,600.4599914550781,-0.025507110154654917,trailing_stop,20,MFSL,-0.02810711015465492
2019-11-15,2020-01-09,476.45001220703125,511.38001098632816,438.3340112304688,667.0300170898437,0.07331303995038795,trailing_stop,55,MFSL,0.07071303995038794
2020-07-02,2020-08-04,545.4500122070312,534.6,501.8140112304688,763.6300170898437,-0.019891854366506076,trailing_stop,33,MFSL,-0.022491854366506074
2023-07-11,2023-10-26,819.2000122070312,864.9,753.6640112304688,1146.8800170898437,0.05578611708006086,trailing_stop,107,MFSL,0.05318611708006086
2025-05-06,2025-07-29,1269.199951171875,1500.2100219726562,1167.6639550781251,1776.8799316406248,0.18201235399314783,trailing_stop,84,MFSL,0.17941235399314784
2017-05-11,2017-05-23,109.76297760009766,102.59782127833779,100.98193939208984,153.6681686401367,-0.0652784434098068,trailing_stop,12,MINDACORP,-0.06787844340980681
2020-02-11,2020-02-18,106.9381332397461,107.08441897911995,98.38308258056641,149.71338653564453,0.0013679473817435326,trailing_stop,7,MINDACORP,-0.0012320526182564673
2020-12-07,2020-12-21,83.20830535888672,84.52907485757373,76.55164093017578,116.4916275024414,0.015873048886050345,trailing_stop,14,MINDACORP,0.013273048886050345
2023-01-24,2023-01-27,216.93594360351562,201.6495841428309,199.5810681152344,303.71032104492184,-0.07046485338834836,trailing_stop,3,MINDACORP,-0.07306485338834837
2023-04-20,2023-06-08,260.8806457519531,269.02849183709276,240.01019409179688,365.23290405273434,0.03123208339834705,trailing_stop,49,MINDACORP,0.028632083398347052
2025-10-13,2025-12-09,569.07275390625,557.3896331551113,523.54693359375,796.70185546875,-0.020530100362287668,trailing_stop,57,MINDACORP,-0.023130100362287666
2019-05-30,2019-06-06,770.7794799804688,714.6492142999563,709.1171215820312,1079.0912719726562,-0.07282272963719116,trailing_stop,7,MOTILALOFS,-0.07542272963719117
2019-11-21,2019-12-06,719.9219360351562,703.6441807073899,662.3281811523437,1007.8907104492187,-0.02261044498437326,trailing_stop,15,MOTILALOFS,-0.025210444984373262
2020-09-01,2020-09-21,650.1901245117188,606.579835160019,598.1749145507813,910.2661743164061,-0.06707313400745712,trailing_stop,20,MOTILALOFS,-0.06967313400745713
2020-12-28,2021-01-18,583.1790771484375,591.7851796162885,536.5247509765625,816.4507080078124,0.014757220903623827,trailing_stop,21,MOTILALOFS,0.012157220903623827
2021-03-15,2021-03-30,641.9533081054688,614.58154296875,590.5970434570313,898.7346313476562,-0.0426382492170626,death_cross,15,MOTILALOFS,-0.0452382492170626
2021-05-03,2021-05-21,626.9835815429688,730.7542449028583,576.8248950195313,877.7770141601562,0.16550778427804477,trailing_stop,18,MOTILALOFS,0.16290778427804478
2023-07-13,2023-08-02,737.515380859375,782.0952830011859,678.514150390625,1032.521533203125,0.060446064311045315,trailing_stop,20,MOTILALOFS,0.05784606431104532
2024-09-11,2024-09-19,739.9570922851562,734.2628141171739,680.7605249023438,1035.9399291992188,-0.007695416703686333,trailing_stop,8,MOTILALOFS,-0.010295416703686333
2025-07-01,2025-08-29,861.6451416015625,873.15229354006,792.7135302734375,1206.3031982421874,0.013354861976136534,trailing_stop,59,MOTILALOFS,0.010754861976136534
2026-06-22,2026-07-24,948.7999877929688,890.775,872.8959887695313,1328.319982910156,-0.06115618522291762,trailing_stop,32,MOTILALOFS,-0.06375618522291762
2019-08-20,2019-10-11,816.6619873046875,753.3489732929609,751.3290283203125,1143.3267822265625,-0.07752658382041878,trailing_stop,52,MPHASIS,-0.08012658382041879
2020-07-13,2020-07-21,805.4962768554688,862.573761328125,741.0565747070312,1127.6947875976562,0.07086002271230575,trailing_stop,8,MPHASIS,0.06826002271230575
2023-07-27,2023-10-17,2131.815673828125,2146.6296387640223,1961.2704199218751,2984.5419433593747,0.006948989595003621,trailing_stop,82,MPHASIS,0.004348989595003621
2024-07-19,2024-08-02,2743.69873046875,2647.5540325813167,2524.20283203125,3841.1782226562495,-0.035042002541950855,trailing_stop,14,MPHASIS,-0.03764200254195085
2025-07-28,2025-09-24,2633.204833984375,2662.1098749382645,2422.5484472656253,3686.4867675781247,0.010977133484200883,trailing_stop,58,MPHASIS,0.008377133484200883
2017-02-28,2017-03-10,299.5455627441406,275.5819177246094,275.5819177246094,419.36378784179686,-0.07999999999999988,stop_loss,10,MUTHOOTFIN,-0.08259999999999988
2018-09-17,2018-09-21,393.34625244140625,377.5205619764271,361.87855224609376,550.6847534179688,-0.040233484790443266,trailing_stop,4,MUTHOOTFIN,-0.042833484790443264
2023-05-31,2023-08-14,1077.1064453125,1199.2089749679146,990.9379296875001,1507.9490234374998,0.11336161823819477,trailing_stop,75,MUTHOOTFIN,0.11076161823819476
2017-11-08,2018-01-31,866.783203125,879.251053663594,797.440546875,1213.496484375,0.014384047237698953,trailing_stop,84,NATCOPHARM,0.011784047237698953
2019-11-05,2020-02-07,557.4169311523438,616.3856007885236,512.8235766601563,780.3837036132812,0.10578916129130547,trailing_stop,94,NATCOPHARM,0.10318916129130547
2020-06-10,2020-08-11,602.9964599609375,844.1950439453125,554.7567431640625,844.1950439453125,0.39999999999999997,take_profit,62,NATCOPHARM,0.3974
2021-05-21,2021-05-25,955.2864990234375,1031.7006960574133,878.8635791015626,1337.4010986328124,0.07999086882531252,trailing_stop,4,NATCOPHARM,0.07739086882531251
2023-05-29,2023-08-09,619.6189575195312,867.4665405273437,570.0494409179688,867.4665405273437,0.3999999999999999,take_profit,72,NATCOPHARM,0.3973999999999999
2026-01-05,2026-01-12,904.5636596679688,862.8944872510327,832.1985668945313,1266.3891235351562,-0.046065494641063964,trailing_stop,7,NATCOPHARM,-0.04866549464106396
2026-03-05,2026-03-16,1000.7999877929688,947.7,920.7359887695313,1401.119982910156,-0.05305754240671841,trailing_stop,11,NATCOPHARM,-0.055657542406718406
2019-05-27,2019-06-10,39.236942291259766,36.39851692030721,36.09798690795898,54.93171920776367,-0.07234063627799128,trailing_stop,14,NBCC,-0.07494063627799129
2019-06-25,2019-07-08,37.814640045166016,35.06280069680968,34.78946884155273,52.940496063232416,-0.07277179804090485,trailing_stop,13,NBCC,-0.07537179804090485
2022-12-05,2022-12-21,27.449426651000977,25.551328560961426,25.2534725189209,38.42919731140137,-0.0691489157195323,trailing_stop,16,NBCC,-0.0717489157195323
2025-06-04,2025-06-13,124.07303619384766,116.8698809854377,114.14719329833984,173.7022506713867,-0.05805576642096498,trailing_stop,9,NBCC,-0.06065576642096498
2017-10-25,2017-11-07,96.82012176513672,92.0643515625,89.07451202392579,135.54817047119138,-0.04911964699004538,trailing_stop,13,NCC,-0.05171964699004538
2019-03-22,2019-04-04,99.81230926513672,94.60627193137961,91.82732452392578,139.7372329711914,-0.05215826957703219,trailing_stop,13,NCC,-0.05475826957703219
2020-10-21,2020-12-03,31.436887741088867,44.01164283752441,28.92193672180176,44.01164283752441,0.39999999999999997,take_profit,43,NCC,0.3974
2022-09-20,2022-12-16,69.69658660888672,84.53740065486798,64.12085968017578,97.5752212524414,0.21293458931156567,trailing_stop,87,NCC,0.21033458931156568
2019-05-06,2019-08-08,471.9676818847656,503.12006252623826,434.2102673339844,660.7547546386718,0.06600532586694932,trailing_stop,94,NESCO,0.06340532586694932
2021-07-06,2021-07-19,619.71630859375,605.447063180376,570.13900390625,867.6028320312499,-0.023025447637086697,trailing_stop,13,NESCO,-0.0256254476370867
2022-08-30,2022-09-09,559.8311157226562,602.5548683979902,515.0446264648438,783.7635620117187,0.07631543062801018,trailing_stop,10,NESCO,0.07371543062801017
2023-06-15,2023-09-13,613.4735107421875,661.0323084702032,564.3956298828125,858.8629150390625,0.0775237999607816,trailing_stop,90,NESCO,0.07492379996078159
2025-06-26,2025-09-08,1106.94921875,1549.72890625,1018.3932812500001,1549.72890625,0.3999999999999999,take_profit,74,NESCO,0.3973999999999999
2018-12-24,2019-02-05,18.160350799560547,16.707522735595703,16.707522735595703,25.424491119384765,-0.08000000000000003,stop_loss,43,NHPC,-0.08260000000000003
2019-11-04,2020-01-20,17.64020347595215,19.49353459945012,16.228987197875977,24.696284866333006,0.10506291075522498,trailing_stop,77,NHPC,0.10246291075522497
2020-11-24,2020-12-22,16.436100006103516,17.01315213120772,15.121212005615234,23.010540008544922,0.035108822950086424,trailing_stop,28,NHPC,0.032508822950086426
2025-05-23,2025-06-18,83.93853759765625,81.14221070775524,77.22345458984375,117.51395263671874,-0.03331398151472072,trailing_stop,26,NHPC,-0.035913981514720715
2026-05-28,2026-06-02,80.68000030517578,74.22560028076173,74.22560028076173,112.95200042724609,-0.07999999999999992,stop_loss,5,NHPC,-0.08259999999999992
2016-08-09,2016-09-29,46.96242141723633,44.946195563977085,43.205427703857424,65.74738998413086,-0.04293274904515976,trailing_stop,51,NLCINDIA,-0.045532749045159755
2017-12-13,2018-01-16,71.6383056640625,72.11477031814641,65.9072412109375,100.29362792968749,0.006650976033942296,trailing_stop,34,NLCINDIA,0.004050976033942296
2020-08-18,2020-08-31,45.32372283935547,43.81151932856123,41.69782501220703,63.45321197509765,-0.033364503532820146,trailing_stop,13,NLCINDIA,-0.035964503532820144
2021-05-18,2021-06-18,53.02638244628906,52.16859878601792,48.78427185058594,74.23693542480468,-0.016176544970609736,trailing_stop,31,NLCINDIA,-0.018776544970609738
2025-09-10,2025-10-16,243.69314575195312,259.28691561622935,224.19769409179688,341.17040405273434,0.06398936587304999,trailing_stop,36,NLCINDIA,0.06138936587304999
2017-11-06,2017-11-24,19.19594383239746,18.64496612548828,17.660268325805664,26.874321365356444,-0.0287028192893168,death_cross,18,NMDC,-0.0313028192893168
2017-12-05,2018-01-17,19.3942928314209,21.514443504774647,17.842749404907227,27.152009963989258,0.10931827686539156,trailing_stop,43,NMDC,0.10671827686539155
2019-04-12,2019-05-08,17.11034393310547,15.741516418457032,15.741516418457032,23.954481506347655,-0.07999999999999999,stop_loss,26,NMDC,-0.08259999999999999
2019-11-29,2020-01-08,16.8555850982666,19.47473331195065,15.507138290405274,23.59781913757324,0.15538755839175217,trailing_stop,40,NMDC,0.15278755839175218
2020-11-18,2020-12-21,17.153053283691406,19.107377002446285,15.780809020996095,24.01427459716797,0.11393445157737538,trailing_stop,33,NMDC,0.11133445157737537
2022-03-10,2022-04-25,33.27994918823242,34.27128979392586,30.617553253173828,46.59192886352539,0.029787924256926734,trailing_stop,46,NMDC,0.027187924256926732
2022-11-22,2022-12-23,33.02724075317383,32.229107448339576,30.385061492919924,46.23813705444336,-0.024165909311014835,trailing_stop,31,NMDC,-0.026765909311014836
2023-09-01,2023-10-23,38.98928451538086,45.05279183831474,35.87014175415039,54.5849983215332,0.1555172760490614,trailing_stop,52,NMDC,0.1529172760490614
2017-07-28,2018-01-31,97.23764038085938,101.68029375598887,89.45862915039064,136.1326965332031,0.045688617676535107,trailing_stop,187,NTPC,0.04308861767653511
2018-10-12,2018-11-20,101.78096008300781,93.66702077712999,93.6384832763672,142.49334411621092,-0.07971961847540512,trailing_stop,39,NTPC,-0.08231961847540513
2019-04-22,2019-05-13,103.85433197021484,95.54598541259766,95.54598541259766,145.39606475830078,-0.07999999999999997,stop_loss,21,NTPC,-0.08259999999999998
2020-12-16,2020-12-21,84.80465698242188,78.03402665546041,78.02028442382813,118.72651977539061,-0.07983795428079932,trailing_stop,5,NTPC,-0.08243795428079932
2025-09-16,2025-12-08,329.73980712890625,317.1059265136719,303.3606225585938,461.63572998046874,-0.03831469644274818,death_cross,83,NTPC,-0.04091469644274818
2026-02-03,2026-04-02,355.8633117675781,355.05,327.39424682617187,498.20863647460936,-0.002285461132642144,trailing_stop,58,NTPC,-0.0048854611326421445
2019-07-05,2019-07-19,226.6297607421875,214.47190235424267,208.49937988281252,317.2816650390625,-0.053646345246666546,trailing_stop,14,NH,-0.056246345246666545
2020-09-02,2020-09-09,319.6120910644531,297.0361195670282,294.0431237792969,447.45692749023436,-0.07063553641614966,trailing_stop,7,NH,-0.07323553641614966
2024-09-12,2024-09-19,1364.206298828125,1255.069794921875,1255.069794921875,1909.888818359375,-0.08000000000000002,stop_loss,7,NH,-0.08260000000000002
2024-10-18,2024-11-19,1271.08251953125,1256.2503662109375,1169.3959179687502,1779.51552734375,-0.011668914560938423,death_cross,32,NH,-0.014268914560938423
2024-12-09,2025-01-13,1320.6556396484375,1252.4678080100618,1215.0031884765626,1848.9178955078123,-0.051631802864619165,trailing_stop,35,NH,-0.054231802864619164
2026-06-08,2026-08-06,1917.15087890625,1883.609912109375,1763.77880859375,2684.01123046875,-0.017495214991117624,trailing_stop,59,NH,-0.020095214991117626
2020-12-02,2020-12-21,31.329448699951172,30.57453051942715,28.82309280395508,43.861228179931636,-0.024096120801678802,trailing_stop,19,NATIONALUM,-0.026696120801678803
2023-02-02,2023-08-17,69.43773651123047,77.45458449339263,63.882717590332035,97.21283111572265,0.11545376311143958,trailing_stop,196,NATIONALUM,0.11285376311143958
2025-09-08,2025-12-22,201.46075439453125,282.0450561523437,185.34389404296877,282.0450561523437,0.3999999999999998,take_profit,105,NATIONALUM,0.3973999999999998
2019-06-10,2019-06-18,33.7710075378418,31.294758327005624,31.069326934814455,47.27941055297851,-0.07332470634941626,trailing_stop,8,NFL,-0.07592470634941627
2020-06-12,2020-06-29,26.121761322021484,28.951223759286634,24.032020416259765,36.570465850830075,0.1083182103375174,trailing_stop,17,NFL,0.1057182103375174
2022-11-24,2022-12-15,54.180213928222656,59.85804504738816,49.845796813964846,75.85229949951172,0.10479528793827635,trailing_stop,21,NFL,0.10219528793827634
2019-04-26,2019-07-08,657.065673828125,668.868320593248,604.500419921875,919.891943359375,0.01796265919106635,trailing_stop,73,NAVINFLUOR,0.01536265919106635
2019-09-27,2019-10-03,733.5079956054688,685.852624986321,674.8273559570313,1026.9111938476562,-0.06496912222451101,trailing_stop,6,NAVINFLUOR,-0.06756912222451102
2022-08-12,2022-09-26,4346.37548828125,4311.903342701276,3998.6654492187504,6084.925683593749,-0.007931239643909689,trailing_stop,45,NAVINFLUOR,-0.010531239643909689
2023-04-20,2023-06-09,4637.35205078125,4407.150873543431,4266.36388671875,6492.292871093749,-0.04964065154359747,trailing_stop,50,NAVINFLUOR,-0.052240651543597465
2024-07-19,2024-08-13,3526.92529296875,3421.2249801516095,3244.7712695312503,4937.69541015625,-0.029969535512380643,trailing_stop,25,NAVINFLUOR,-0.03256953551238064
2017-05-10,2017-05-18,50.75,49.319999313354494,46.690000000000005,71.05,-0.02817735343143855,trailing_stop,8,NETWORK18,-0.030777353431438552
2020-01-22,2020-02-03,27.899999618530273,25.667999649047854,25.667999649047854,39.05999946594238,-0.07999999999999992,stop_loss,12,NETWORK18,-0.08259999999999992
2020-06-17,2020-06-25,40.04999923706055,44.685001373291016,36.845999298095705,56.06999893188476,0.11573039262236583,trailing_stop,8,NETWORK18,0.11313039262236582
2023-07-17,2023-07-19,65.0,61.65,59.800000000000004,91.0,-0.05153846153846156,trailing_stop,2,NETWORK18,-0.05413846153846156
2018-01-22,2018-01-31,1770.9412841796875,1649.098717562381,1629.2659814453125,2479.3177978515623,-0.06880101994671435,trailing_stop,9,NILKAMAL,-0.07140101994671436
2018-08-27,2018-09-03,1742.3382568359375,1769.330403263028,1602.9511962890626,2439.2735595703125,0.015491909404611218,trailing_stop,7,NILKAMAL,0.012891909404611218
2019-11-25,2019-12-26,1235.9013671875,1153.6324098162877,1137.0292578125,1730.2619140625,-0.06656595708638875,trailing_stop,31,NILKAMAL,-0.06916595708638876
2020-08-28,2020-08-31,1297.267578125,1199.9347778556235,1193.486171875,1816.1746093749998,-0.07502908568026967,trailing_stop,3,NILKAMAL,-0.07762908568026967
2023-06-01,2023-08-04,2169.7578125,2432.3913545096607,1996.1771875000002,3037.6609375,0.12104279127219904,trailing_stop,64,NILKAMAL,0.11844279127219903
2025-07-29,2025-07-30,1780.4033203125,1665.385986328125,1637.9710546875,2492.5646484374997,-0.0646018419939741,death_cross,1,NILKAMAL,-0.06720184199397411
2019-03-01,2019-04-18,473.23834228515625,532.6666908846984,435.37927490234375,662.5336791992187,0.12557805082440415,trailing_stop,48,OBEROIRLTY,0.12297805082440415
2020-02-06,2020-02-17,525.3580932617188,483.3294458007813,483.3294458007813,735.5013305664062,-0.07999999999999993,stop_loss,11,OBEROIRLTY,-0.08259999999999994
2020-11-02,2020-12-22,430.66851806640625,495.72047211071236,396.21503662109376,602.9359252929687,0.15104877954946205,trailing_stop,50,OBEROIRLTY,0.14844877954946206
2022-09-05,2022-09-23,1019.9464111328125,960.8800339688922,938.3506982421875,1427.9249755859373,-0.057911255453428845,trailing_stop,18,OBEROIRLTY,-0.06051125545342884
2023-06-01,2023-10-05,922.148193359375,1069.1501450576602,848.376337890625,1291.007470703125,0.15941250306283075,trailing_stop,126,OBEROIRLTY,0.15681250306283076
2026-01-05,2026-01-06,1733.6273193359375,1719.9775390625,1594.9371337890625,2427.0782470703125,-0.007873537825111122,death_cross,1,OBEROIRLTY,-0.010473537825111122
2026-06-01,2026-08-04,1647.6182861328125,1785.5590904354417,1515.8088232421876,2306.665600585937,0.0837213361029121,trailing_stop,64,OBEROIRLTY,0.0811213361029121
2016-08-10,2016-11-09,89.73548889160156,106.29109441129539,82.55664978027345,125.62968444824217,0.1844934008181827,trailing_stop,91,ONGC,0.1818934008181827
2017-11-21,2018-02-02,113.12303161621094,119.79223926151707,104.07318908691407,158.3722442626953,0.05895534755409091,trailing_stop,73,ONGC,0.05635534755409091
2019-04-25,2019-07-01,112.40296173095703,107.1838923700081,103.41072479248048,157.36414642333983,-0.04643177795831643,trailing_stop,67,ONGC,-0.049031777958316425
2020-12-18,2020-12-21,71.23748779296875,66.25086562382057,65.53848876953126,99.73248291015625,-0.06999997225674716,trailing_stop,3,ONGC,-0.07259997225674716
2022-12-29,2023-05-31,121.13212585449219,130.75276910603228,111.44155578613282,169.58497619628906,0.0794227227803854,trailing_stop,153,ONGC,0.07682272278038539
2025-10-31,2025-12-17,243.53118896484375,224.04869384765627,224.04869384765627,340.94366455078125,-0.07999999999999993,stop_loss,47,ONGC,-0.08259999999999994
2017-10-13,2018-02-02,98.40277099609375,98.50268322499947,90.53054931640625,137.76387939453124,0.001015339587435894,trailing_stop,112,OIL,-0.0015846604125641058
2020-12-09,2020-12-21,53.47150421142578,54.61277589245568,49.19378387451172,74.86010589599609,0.021343549201782733,trailing_stop,12,OIL,0.018743549201782735
2023-01-10,2023-02-03,123.93209075927734,126.52717155743176,114.01752349853516,173.50492706298826,0.020939538599369187,trailing_stop,24,OIL,0.01833953859936919
2025-07-17,2025-08-13,434.57208251953125,399.8063159179688,399.8063159179688,608.4009155273437,-0.0799999999999999,stop_loss,27,OIL,-0.08259999999999991
2025-11-11,2025-12-09,425.93780517578125,395.25891939270883,391.86278076171874,596.3129272460938,-0.07202667950643986,trailing_stop,28,OIL,-0.07462667950643986
2020-06-19,2020-06-29,210.39999389648438,199.89000549316407,193.56799438476563,294.5599914550781,-0.04995241781466573,trailing_stop,10,OMAXE,-0.05255241781466573
2021-06-04,2021-07-02,81.8499984741211,86.22000274658204,75.30199859619141,114.58999786376953,0.053390401391914886,trailing_stop,28,OMAXE,0.05079040139191489
2022-02-04,2022-02-14,90.75,98.23500137329101,83.49000000000001,127.05,0.08247935397565855,trailing_stop,10,OMAXE,0.07987935397565854
2023-10-18,2023-10-23,88.0,82.664998626709,80.96000000000001,123.19999999999999,-0.060625015605579625,trailing_stop,5,OMAXE,-0.06322501560557962
2025-07-21,2025-07-25,104.26000213623047,95.91920196533204,95.91920196533204,145.96400299072263,-0.07999999999999996,stop_loss,4,OMAXE,-0.08259999999999997
2017-02-22,2017-04-20,2364.313720703125,2388.8238658364194,2175.168623046875,3310.039208984375,0.010366705957281034,trailing_stop,57,OFSS,0.0077667059572810344
2017-12-05,2018-02-27,2552.25146484375,2679.899906879737,2348.07134765625,3573.1520507812497,0.05001405378517502,trailing_stop,84,OFSS,0.04741405378517502
2018-08-06,2018-09-19,2748.151611328125,2947.2392494690503,2528.299482421875,3847.412255859375,0.07244419751816761,trailing_stop,44,OFSS,0.0698441975181676
2020-07-10,2020-08-03,2083.627685546875,2189.6732761599837,1916.937470703125,2917.078759765625,0.050894692630884156,trailing_stop,24,OFSS,0.04829469263088416
2023-03-09,2023-09-07,2725.863037109375,3816.2082519531245,2507.7939941406253,3816.2082519531245,0.39999999999999986,take_profit,182,OFSS,0.39739999999999986
2025-10-16,2025-12-08,8420.9521484375,7747.275976562501,7747.275976562501,11789.3330078125,-0.07999999999999993,stop_loss,53,OFSS,-0.08259999999999994
2026-05-21,2026-06-09,9730.5,9526.050000000001,8952.06,13622.699999999999,-0.02101125327578222,trailing_stop,19,OFSS,-0.023611253275782222
2017-06-12,2017-06-23,141.63768005371094,131.14430032653118,130.30666564941407,198.2927520751953,-0.07408607457563923,trailing_stop,11,ORIENTCEM,-0.07668607457563924
2019-05-15,2019-06-10,93.5206069946289,103.23341183331924,86.0389584350586,130.92884979248046,0.10385737593906078,trailing_stop,26,ORIENTCEM,0.10125737593906077
2020-08-07,2020-08-31,66.75694274902344,62.66764836947424,61.41638732910157,93.4597198486328,-0.06125646578698386,trailing_stop,24,ORIENTCEM,-0.06385646578698387
2023-06-08,2023-06-26,132.35704040527344,125.73673808667866,121.76847717285156,185.2998565673828,-0.050018512791791106,trailing_stop,18,ORIENTCEM,-0.052618512791791104
2024-07-03,2024-07-08,303.11517333984375,287.27895681829784,278.86595947265624,424.3612426757812,-0.052244882191333955,trailing_stop,5,ORIENTCEM,-0.05484488219133395
2020-11-02,2020-12-09,204.0727996826172,211.23049084645606,187.74697570800782,285.70191955566406,0.03507420476893945,trailing_stop,37,ORIENTELEC,0.03247420476893945
2024-06-12,2024-07-10,237.91961669921875,253.77925125114535,218.88604736328125,333.08746337890625,0.066659633921555,trailing_stop,28,ORIENTELEC,0.06405963392155499
2017-05-18,2017-05-29,22.121797561645508,25.154276340713277,20.352053756713868,30.97051658630371,0.13708102927067026,trailing_stop,11,PCJEWELLER,0.13448102927067027
2019-04-22,2019-04-23,12.920000076293945,13.220999622344971,11.88640007019043,18.08800010681152,0.023297178349349232,trailing_stop,1,PCJEWELLER,0.020697178349349234
2020-11-06,2020-12-07,1.6349999904632568,1.6875,1.5041999912261963,2.2889999866485593,0.032110097763283746,trailing_stop,31,PCJEWELLER,0.029510097763283748
2021-11-08,2021-11-15,2.7200000286102295,2.533500051498413,2.5024000263214115,3.808000040054321,-0.06856616733460387,trailing_stop,7,PCJEWELLER,-0.07116616733460387
2022-07-15,2022-07-26,4.744999885559082,5.179500102996826,4.365399894714356,6.642999839782714,0.09157012179496585,trailing_stop,11,PCJEWELLER,0.08897012179496584
2023-11-21,2023-12-07,2.890000104904175,2.8350000858306887,2.658800096511841,4.046000146865844,-0.01903114777752222,trailing_stop,16,PCJEWELLER,-0.021631147777522217
2017-12-04,2018-01-24,915.3043212890625,903.0770875842438,842.0799755859375,1281.4260498046874,-0.01335865396942356,trailing_stop,51,PIIND,-0.01595865396942356
2018-12-26,2019-05-29,829.5737915039062,1014.1189990266522,763.2078881835938,1161.4033081054686,0.22245785656775655,trailing_stop,154,PIIND,0.21985785656775655
2022-08-05,2022-09-16,3190.65380859375,3104.0013589430014,2935.40150390625,4466.91533203125,-0.02715821109057891,trailing_stop,42,PIIND,-0.029758211090578912
2023-06-06,2023-07-11,3534.76123046875,3557.460826689916,3251.9803320312503,4948.665722656249,0.006421818827676691,trailing_stop,35,PIIND,0.0038218188276766913
2024-04-08,2024-04-30,3913.951904296875,3600.835751953125,3600.835751953125,5479.532666015624,-0.07999999999999999,stop_loss,22,PIIND,-0.08259999999999999
2025-07-03,2025-08-11,4206.1904296875,3869.6951953125003,3869.6951953125003,5888.6666015625,-0.07999999999999992,stop_loss,39,PIIND,-0.08259999999999992
2018-09-03,2018-09-19,1089.07763671875,1001.95142578125,1001.95142578125,1524.70869140625,-0.07999999999999999,stop_loss,16,PNBHOUSING,-0.08259999999999999
2020-10-07,2020-10-27,285.0362854003906,280.0076940091261,262.2333825683594,399.05079956054686,-0.017641934198661224,trailing_stop,20,PNBHOUSING,-0.020241934198661223
2022-10-21,2022-12-16,349.67230224609375,381.78185394261084,321.6985180664063,489.5412231445312,0.09182755251206286,trailing_stop,56,PNBHOUSING,0.08922755251206285
2025-05-12,2025-06-19,1057.1212158203125,1014.581640897626,972.5515185546875,1479.9697021484374,-0.04024096223409566,trailing_stop,38,PNBHOUSING,-0.042840962234095656
2026-05-12,2026-06-02,1049.509521484375,986.7989001214816,965.548759765625,1469.3133300781249,-0.05975231294157161,trailing_stop,21,PNBHOUSING,-0.062352312941571605
2017-04-21,2017-05-17,147.86570739746094,148.4039770344944,136.03645080566406,207.0119903564453,0.003640260115123275,trailing_stop,26,PNCINFRA,0.001040260115123275
2019-04-25,2019-06-13,147.7720947265625,206.88093261718748,135.9503271484375,206.88093261718748,0.3999999999999999,take_profit,49,PNCINFRA,0.3973999999999999
2020-09-24,2020-12-18,154.67247009277344,169.38570507798917,142.29867248535157,216.5414581298828,0.09512510517476479,trailing_stop,85,PNCINFRA,0.09252510517476478
2022-09-20,2022-09-26,276.1993408203125,254.1033935546875,254.1033935546875,386.6790771484375,-0.08,stop_loss,6,PNCINFRA,-0.0826
2025-07-24,2025-09-26,311.6390380859375,291.92767772765296,286.7079150390625,436.2946533203125,-0.063250613528235,trailing_stop,64,PNCINFRA,-0.065850613528235
2018-12-24,2019-01-22,53.0054817199707,51.040758256853884,48.76504318237305,74.20767440795898,-0.03706642029019758,trailing_stop,29,PTC,-0.039666420290197575
2020-08-18,2020-09-17,36.357887268066406,36.081179819312496,33.44925628662109,50.901042175292964,-0.007610658086751542,trailing_stop,30,PTC,-0.010210658086751541
2023-01-04,2023-01-16,71.9530029296875,76.35552489502989,66.1967626953125,100.7342041015625,0.06118607682912878,trailing_stop,12,PTC,0.05858607682912878
2025-05-26,2025-06-19,176.3267364501953,162.2205975341797,162.2205975341797,246.85743103027343,-0.07999999999999999,stop_loss,24,PTC,-0.08259999999999999
2017-03-10,2017-05-23,12941.892578125,12752.960165816829,11906.541171875,18118.649609375,-0.014598514951940955,trailing_stop,74,PAGEIND,-0.017198514951940955
2019-11-13,2019-11-21,22014.201171875,20638.470798827933,20253.065078125,30819.881640624997,-0.062492859146062424,trailing_stop,8,PAGEIND,-0.06509285914606243
2020-11-05,2021-01-06,19597.8125,27436.9375,18029.9875,27436.9375,0.4,take_profit,62,PAGEIND,0.39740000000000003
2024-07-05,2025-01-27,38063.63671875,43893.49737287366,35018.54578125,53289.091406249994,0.15316089466700622,trailing_stop,206,PAGEIND,0.15056089466700623
2025-05-21,2025-08-05,46951.34765625,44891.677220968595,43195.23984375,65731.88671875,-0.04386818564530019,trailing_stop,76,PAGEIND,-0.04646818564530019
2026-06-16,2026-07-10,39065.0,39469.5,35939.8,54691.0,0.010354537309612185,trailing_stop,24,PAGEIND,0.007754537309612185
2017-09-18,2017-09-25,242.47274780273438,223.07492797851563,223.07492797851563,339.4618469238281,-0.07999999999999997,stop_loss,7,PARAGMILK,-0.08259999999999998
2019-07-04,2019-07-26,268.060546875,246.615703125,246.615703125,375.284765625,-0.07999999999999996,stop_loss,22,PARAGMILK,-0.08259999999999997
2020-10-01,2020-10-09,104.42252349853516,107.6161039872603,96.06872161865235,146.1915328979492,0.030583253322449596,trailing_stop,8,PARAGMILK,0.027983253322449594
2022-09-21,2022-09-26,119.82603454589844,111.3770786476321,110.23995178222657,167.7564483642578,-0.07051018528890754,trailing_stop,5,PARAGMILK,-0.07311018528890754
2023-06-23,2023-06-26,119.67694091796875,125.15383471946474,110.10278564453125,167.54771728515624,0.045763985605631975,trailing_stop,3,PARAGMILK,0.04316398560563198
2024-11-28,2024-12-18,204.1635284423828,197.23715742019996,187.8304461669922,285.8289398193359,-0.03392560402450895,trailing_stop,20,PARAGMILK,-0.03652560402450895
2025-06-02,2025-08-05,205.0704345703125,234.28079786050367,188.6647998046875,287.0986083984375,0.14244063680557428,trailing_stop,64,PARAGMILK,0.1398406368055743
2017-07-05,2017-08-07,309.6061096191406,284.8376208496094,284.8376208496094,433.44855346679685,-0.07999999999999999,stop_loss,33,PERSISTENT,-0.08259999999999999
2019-11-25,2020-03-12,314.9437561035156,313.2725380887033,289.74825561523437,440.92125854492184,-0.005306401484152712,trailing_stop,108,PERSISTENT,-0.007906401484152711
2020-07-24,2020-08-24,367.598876953125,514.638427734375,338.190966796875,514.638427734375,0.4,take_profit,31,PERSISTENT,0.39740000000000003
2022-12-12,2022-12-23,1967.037353515625,1845.5989744219637,1809.674365234375,2753.852294921875,-0.06173669192230551,trailing_stop,11,PERSISTENT,-0.06433669192230551
2025-07-01,2025-07-14,5979.96826171875,5501.57080078125,5501.57080078125,8371.95556640625,-0.08,stop_loss,13,PERSISTENT,-0.0826
2025-11-14,2026-02-04,6058.15234375,5897.388789848084,5573.50015625,8481.41328125,-0.026536730141454797,trailing_stop,82,PERSISTENT,-0.0291367301414548
2019-01-01,2019-02-04,166.1134796142578,152.8244012451172,152.8244012451172,232.55887145996093,-0.07999999999999992,stop_loss,34,PETRONET,-0.08259999999999992
2020-07-21,2020-07-24,202.88197326660156,187.7828886286781,186.65141540527344,284.0347625732422,-0.07442299774008096,trailing_stop,3,PETRONET,-0.07702299774008096
2020-12-04,2020-12-21,209.26974487304688,195.4222677787942,192.52816528320312,292.9776428222656,-0.06617046865830135,trailing_stop,17,PETRONET,-0.06877046865830136
2022-07-07,2022-09-21,188.2552947998047,176.60933573790444,173.1948712158203,263.5574127197265,-0.06186258439256565,trailing_stop,76,PETRONET,-0.06446258439256565
2022-12-13,2023-02-03,189.2496795654297,183.386890014116,174.10970520019532,264.9495513916016,-0.030979125379637578,trailing_stop,52,PETRONET,-0.03357912537963758
2024-01-25,2024-02-09,237.79110717773438,247.24806683022604,218.76781860351562,332.9075500488281,0.039770030783460544,trailing_stop,15,PETRONET,0.037170030783460546
2026-02-12,2026-03-04,293.7610778808594,290.409765313015,270.26019165039065,411.2655090332031,-0.011408293406397357,trailing_stop,20,PETRONET,-0.014008293406397357
2017-08-18,2017-11-10,1505.566162109375,1527.6877285302178,1385.120869140625,2107.792626953125,0.01469318783695918,trailing_stop,84,PFIZER,0.01209318783695918
2021-05-18,2021-09-29,4836.76025390625,5150.334929613571,4449.819433593751,6771.46435546875,0.0648315523710469,trailing_stop,134,PFIZER,0.062231552371046904
2022-10-31,2023-01-13,4120.62451171875,3947.3964277911687,3790.97455078125,5768.87431640625,-0.04203927910318776,trailing_stop,74,PFIZER,-0.04463927910318776
2025-06-25,2025-08-01,5328.89794921875,5074.430812708298,4902.586113281251,7460.45712890625,-0.04775230055733358,trailing_stop,37,PFIZER,-0.05035230055733358
2017-04-07,2017-05-23,204.7530975341797,190.7931441116594,188.3728497314453,286.6543365478515,-0.06817944925199458,trailing_stop,46,PHOENIXLTD,-0.07077944925199459
2019-03-25,2019-04-12,326.3321838378906,306.9822910656013,300.22560913085937,456.86505737304685,-0.05929507946388027,trailing_stop,18,PHOENIXLTD,-0.061895079463880266
2020-12-09,2020-12-21,376.39434814453125,350.91142337371105,346.2828002929688,526.9520874023438,-0.0677027295878392,trailing_stop,12,PHOENIXLTD,-0.0703027295878392
2023-06-06,2023-10-19,760.7083129882812,924.1888823913179,699.8516479492188,1064.9916381835938,0.2149057222220142,trailing_stop,135,PHOENIXLTD,0.21230572222201421
2025-10-24,2026-01-20,1680.699951171875,1793.7,1546.243955078125,2352.9799316406247,0.0672339216463565,trailing_stop,88,PHOENIXLTD,0.0646339216463565
2017-04-03,2017-09-27,333.68145751953125,373.18113537717267,306.98694091796875,467.15404052734374,0.11837540554775776,trailing_stop,177,PIDILITIND,0.11577540554775775
2018-12-17,2018-12-26,568.9090576171875,523.3963330078125,523.3963330078125,796.4726806640624,-0.08000000000000004,stop_loss,9,PIDILITIND,-0.08260000000000005
2020-06-09,2020-07-10,711.0865478515625,670.1602783203125,654.1996240234375,995.5211669921874,-0.05755455458256434,death_cross,31,PIDILITIND,-0.060154554582564336
2020-10-15,2021-05-24,715.5208740234375,1001.7292236328125,658.2792041015625,1001.7292236328125,0.39999999999999997,take_profit,221,PIDILITIND,0.3974
2022-08-26,2022-10-10,1302.77294921875,1283.3089964096168,1198.55111328125,1823.8821289062498,-0.014940402946503726,trailing_stop,45,PIDILITIND,-0.017540402946503726
2023-06-23,2023-09-28,1298.5718994140625,1194.6861474609375,1194.6861474609375,1818.0006591796873,-0.08,stop_loss,97,PIDILITIND,-0.0826
2023-12-29,2024-01-23,1331.9149169921875,1238.4146212813978,1225.3617236328125,1864.6808837890624,-0.0701999012984537,trailing_stop,25,PIDILITIND,-0.0727999012984537
2025-06-12,2025-12-16,1502.249267578125,1462.568603515625,1382.069326171875,2103.148974609375,-0.026414167687677965,death_cross,187,PIDILITIND,-0.029014167687677964
2018-11-20,2018-11-28,51.421875,47.81182537484066,47.308125000000004,71.990625,-0.07020455059562378,trailing_stop,8,PFC,-0.07280455059562378
2020-01-08,2020-01-20,58.10622024536133,56.554064563268874,53.45772262573242,81.34870834350585,-0.026712384242827503,trailing_stop,12,PFC,-0.029312384242827505
2020-11-24,2020-12-10,56.75849914550781,59.90936300691878,52.21781921386719,79.46189880371094,0.05551351619311353,trailing_stop,16,PFC,0.05291351619311353
2022-09-01,2022-09-26,77.82711791992188,71.60094848632812,71.60094848632812,108.95796508789061,-0.08000000000000004,stop_loss,25,PFC,-0.08260000000000005
2026-03-11,2026-03-23,399.9558410644531,384.7744474489326,367.95937377929687,559.9381774902344,-0.03795767446505179,trailing_stop,12,PFC,-0.04055767446505179
2018-05-25,2018-06-11,78.58988952636719,72.30269836425782,72.30269836425782,110.02584533691406,-0.07999999999999989,stop_loss,17,POWERGRID,-0.0825999999999999
2019-03-25,2019-04-30,78.29570007324219,72.03204406738281,72.03204406738281,109.61398010253906,-0.07999999999999999,stop_loss,36,POWERGRID,-0.08259999999999999
2020-08-21,2020-09-17,76.90370178222656,70.75140563964844,70.75140563964844,107.66518249511718,-0.07999999999999997,stop_loss,27,POWERGRID,-0.08259999999999998
2022-12-07,2023-07-14,143.44021606445312,157.57932693746463,131.96499877929688,200.81630249023436,0.0985714554881754,trailing_stop,219,POWERGRID,0.0959714554881754
2026-03-11,2026-05-18,298.79998779296875,292.45501098632815,274.89598876953124,418.3199829101562,-0.021234863004870277,trailing_stop,68,POWERGRID,-0.023834863004870276
2017-11-28,2017-11-30,103.12482452392578,96.26728671856192,94.87483856201172,144.37475433349607,-0.06649744944557805,trailing_stop,2,PRAJIND,-0.06909744944557805
2018-10-15,2018-10-17,105.57205200195312,99.70347349514103,97.12628784179688,147.80087280273438,-0.05558837206937617,trailing_stop,2,PRAJIND,-0.05818837206937617
2020-10-30,2020-12-09,72.33053588867188,94.89143892627169,66.54409301757813,101.26275024414062,0.31191394838169884,trailing_stop,40,PRAJIND,0.30931394838169884
2022-08-11,2022-09-19,362.76092529296875,375.5630896278623,333.74005126953125,507.8652954101562,0.03529091322212954,trailing_stop,39,PRAJIND,0.03269091322212954
2023-07-10,2023-09-11,391.869873046875,548.6178222656249,360.520283203125,548.6178222656249,0.39999999999999974,take_profit,63,PRAJIND,0.39739999999999975
2024-06-19,2024-07-23,662.3065185546875,660.2304962125136,609.3219970703125,927.2291259765624,-0.0031345340624221994,trailing_stop,34,PRAJIND,-0.005734534062422199
2026-05-15,2026-05-29,366.3023681640625,356.09929203865977,336.9981787109375,512.8233154296875,-0.027854245596449143,trailing_stop,14,PRAJIND,-0.030454245596449145
2017-04-07,2017-04-10,211.86602783203125,204.1503966553784,194.91674560546875,296.6124389648437,-0.03641750051013306,trailing_stop,3,PRESTIGE,-0.03901750051013306
2019-04-12,2019-04-22,266.5454406738281,249.67612654900492,245.22180541992188,373.16361694335933,-0.06328869885066314,trailing_stop,10,PRESTIGE,-0.06588869885066315
2020-10-09,2020-10-28,255.33714294433594,241.14901628258627,234.91017150878906,357.4720001220703,-0.055566246642160894,trailing_stop,19,PRESTIGE,-0.05816624664216089
2023-05-24,2023-07-13,492.56207275390625,552.071716956132,453.15710693359375,689.5869018554687,0.12081653763861348,trailing_stop,50,PRESTIGE,0.11821653763861348
2025-07-02,2025-07-28,1599.758544921875,1630.7230030617993,1471.777861328125,2239.6619628906246,0.01935570729608854,trailing_stop,26,PRESTIGE,0.016755707296088537
2017-04-27,2017-05-05,116.96173095703125,114.91601215312882,107.60479248046876,163.74642333984374,-0.017490496995585473,trailing_stop,8,PRSMJOHNSN,-0.020090496995585475
2017-11-27,2018-01-05,111.5756607055664,128.96921513717186,102.6496078491211,156.20592498779297,0.15589022123296917,trailing_stop,39,PRSMJOHNSN,0.15329022123296918
2020-09-17,2020-09-22,60.0,55.26000137329102,55.2,84.0,-0.07899997711181636,trailing_stop,5,PRSMJOHNSN,-0.08159997711181637
2022-01-13,2022-01-24,152.39999389648438,144.0,140.20799438476564,213.3599914550781,-0.0551180723943464,trailing_stop,11,PRSMJOHNSN,-0.0577180723943464
2022-09-19,2022-09-22,136.85000610351562,129.329997253418,125.90200561523439,191.59000854492186,-0.054950738141797226,trailing_stop,3,PRSMJOHNSN,-0.057550738141797224
2023-06-05,2023-07-10,122.55000305175781,125.55,112.74600280761719,171.57000427246092,0.024479778649823165,trailing_stop,35,PRSMJOHNSN,0.021879778649823163
2024-09-17,2024-09-19,211.0399932861328,194.30999450683595,194.1567938232422,295.4559906005859,-0.07927406800384963,trailing_stop,2,PRSMJOHNSN,-0.08187406800384964
2020-08-12,2020-09-14,3855.65234375,4050.3103765198657,3547.20015625,5397.913281249999,0.050486406816580794,trailing_stop,33,PGHL,0.047886406816580795
2023-02-20,2023-03-29,4107.36181640625,4231.3708823590505,3778.7728710937504,5750.306542968749,0.03019190212497584,trailing_stop,37,PGHL,0.027591902124975837
2024-07-10,2024-10-24,4858.6396484375,4701.617861163234,4469.9484765625,6802.0955078125,-0.0323180558008172,trailing_stop,106,PGHL,-0.0349180558008172
2026-06-19,2026-08-06,6244.0,6277.5,5744.4800000000005,8741.599999999999,0.005365150544522742,trailing_stop,48,PGHL,0.002765150544522742
2019-01-25,2019-04-26,8903.1142578125,9111.205484823899,8190.865117187501,12464.3599609375,0.023372858191592693,trailing_stop,91,PGHH,0.02077285819159269
2020-12-01,2021-03-19,9733.26171875,11416.337337959683,8954.600781250001,13626.56640625,0.1729200002880261,trailing_stop,108,PGHH,0.1703200002880261
2022-12-29,2023-02-17,13609.4482421875,13014.9130859375,12520.6923828125,19053.2275390625,-0.043685470980889526,death_cross,50,PGHH,-0.046285470980889525
2023-07-05,2023-10-30,13931.8837890625,15909.208563198834,12817.3330859375,19504.637304687498,0.1419280266814077,trailing_stop,117,PGHH,0.1393280266814077
2024-08-07,2024-10-18,16635.341796875,15304.514453125,15304.514453125,23289.478515625,-0.07999999999999996,stop_loss,72,PGHH,-0.08259999999999997
2017-11-06,2017-11-08,181.40895080566406,168.46148051263938,166.89623474121095,253.97253112792967,-0.07137172799645797,trailing_stop,2,PNB,-0.07397172799645797
2019-03-06,2019-04-18,74.29472351074219,81.06599342805458,68.35114562988282,104.01261291503906,0.09114065706608822,trailing_stop,43,PNB,0.08854065706608821
2021-01-04,2021-01-25,32.053123474121094,30.673619971931185,29.488873596191407,44.87437286376953,-0.04303803663014889,trailing_stop,21,PNB,-0.04563803663014889
2021-10-19,2021-10-20,39.80718231201172,38.54489207301616,36.622607727050784,55.730055236816405,-0.03171011274050081,trailing_stop,1,PNB,-0.03431011274050081
2022-09-22,2022-09-26,37.31904602050781,34.33352233886719,34.33352233886719,52.246664428710936,-0.07999999999999992,stop_loss,4,PNB,-0.08259999999999992
2025-06-17,2025-07-31,99.99077606201172,101.19638885465349,91.99151397705079,139.9870864868164,0.012057240078765694,trailing_stop,44,PNB,0.009457240078765694
2020-02-06,2020-02-11,542.9999389648438,499.55994384765626,499.55994384765626,760.1999145507812,-0.07999999999999999,stop_loss,5,QUESS,-0.08259999999999999
2020-09-30,2020-10-29,363.23248291015625,344.3797914748994,334.17388427734375,508.5254760742187,-0.05190254815376738,trailing_stop,29,QUESS,-0.05450254815376738
2023-07-24,2023-10-03,392.82830810546875,378.39896621737444,361.40204345703125,549.9596313476562,-0.03673192993062059,trailing_stop,71,QUESS,-0.03933192993062059
2026-06-19,2026-06-30,247.49217224121094,240.6875627491435,227.69279846191407,346.48904113769527,-0.027494241253963905,trailing_stop,11,QUESS,-0.030094241253963906
2018-06-07,2018-09-05,508.8422546386719,569.3899175570618,468.13487426757814,712.3791564941406,0.11899102789996237,trailing_stop,90,RBLBANK,0.11639102789996236
2018-12-14,2019-02-14,560.6998901367188,530.5251815773489,515.8438989257812,784.9798461914062,-0.05381614851397983,trailing_stop,62,RBLBANK,-0.05641614851397983
2020-11-19,2020-12-21,208.41844177246094,216.95179108844403,191.74496643066408,291.7858184814453,0.040943350518373514,trailing_stop,32,RBLBANK,0.038343350518373516
2022-10-21,2022-10-25,130.9988555908203,120.5189471435547,120.5189471435547,183.39839782714841,-0.07999999999999992,stop_loss,4,RBLBANK,-0.08259999999999992
2025-05-20,2025-08-28,207.4755401611328,244.702184070701,190.8774969482422,290.4657562255859,0.17942666340647515,trailing_stop,100,RBLBANK,0.17682666340647515
2016-08-09,2016-11-03,40.23442077636719,45.71331621438434,37.015667114257816,56.32818908691406,0.13617433362518636,trailing_stop,86,RECLTD,0.13357433362518636
2018-12-31,2019-02-05,49.921302795410156,47.68781086584581,45.927598571777345,69.88982391357422,-0.04474025725485865,trailing_stop,36,RECLTD,-0.047340257254858645
2020-02-17,2020-02-27,65.85531616210938,60.68607167000631,60.586890869140625,92.19744262695312,-0.07849395908112357,trailing_stop,10,RECLTD,-0.08109395908112357
2020-11-23,2020-12-21,58.03813171386719,64.8690858912781,53.39508117675781,81.25338439941406,0.11769769245998628,trailing_stop,28,RECLTD,0.11509769245998627
2022-08-18,2022-09-26,82.65630340576172,77.38887485993294,76.04379913330078,115.7188247680664,-0.0637268826307275,trailing_stop,39,RECLTD,-0.0663268826307275
2026-06-22,2026-06-29,365.6572570800781,360.81280517578125,336.4046765136719,511.92015991210934,-0.01324861413385254,death_cross,7,RECLTD,-0.01584861413385254
2019-06-04,2019-06-25,80.20354461669922,79.02655264385662,73.78726104736329,112.2849624633789,-0.01467506178769982,trailing_stop,21,RITES,-0.01727506178769982
2020-12-04,2020-12-22,106.18453979492188,98.95595839987419,97.68977661132813,148.65835571289062,-0.0680756483854289,trailing_stop,18,RITES,-0.0706756483854289
2021-06-15,2021-06-18,114.01390838623047,105.43002269668995,104.89279571533204,159.61947174072264,-0.07528805749261731,trailing_stop,3,RITES,-0.07788805749261732
2022-09-01,2022-10-12,131.23394775390625,151.33253696148464,120.73523193359375,183.72752685546874,0.15315083902884527,trailing_stop,41,RITES,0.15055083902884528
2025-07-03,2025-07-25,277.0078125,259.9037737490756,254.84718750000002,387.81093749999997,-0.06174569084012537,trailing_stop,22,RITES,-0.06434569084012537
2016-09-27,2016-09-29,117.02041625976562,114.58291980132182,107.65878295898438,163.82858276367188,-0.020829668329268042,trailing_stop,2,RADICO,-0.023429668329268044
2018-12-27,2019-02-14,391.63970947265625,395.2093367208936,360.30853271484375,548.2955932617188,0.009114569237741111,trailing_stop,49,RADICO,0.006514569237741111
2020-01-24,2020-02-28,373.225830078125,388.08706216130304,343.367763671875,522.5161621093749,0.03981833754664631,trailing_stop,35,RADICO,0.03721833754664631
2020-07-02,2020-07-30,365.9596862792969,365.86144293812794,336.68291137695314,512.3435607910156,-0.0002684539987663017,trailing_stop,28,RADICO,-0.0028684539987663014
2022-09-12,2022-09-19,1123.1973876953125,1033.3415966796877,1033.3415966796877,1572.4763427734374,-0.07999999999999986,stop_loss,7,RADICO,-0.08259999999999987
2016-08-09,2016-08-11,36.30551528930664,33.40107406616211,33.40107406616211,50.827721405029294,-0.07999999999999999,stop_loss,2,RAIN,-0.08259999999999999
2020-01-03,2020-01-10,102.89935302734375,108.18858353380396,94.66740478515625,144.05909423828123,0.05140198019568394,trailing_stop,7,RAIN,0.04880198019568394
2020-08-14,2020-08-31,104.58229064941406,111.21786545181133,96.21570739746095,146.4152069091797,0.06344835976715575,trailing_stop,17,RAIN,0.06084835976715575
2022-12-15,2022-12-23,176.51144409179688,162.65529842394173,162.39052856445312,247.11602172851562,-0.07849998474121084,trailing_stop,8,RAIN,-0.08109998474121084
2023-09-11,2023-09-13,179.04298400878906,164.71954528808595,164.71954528808595,250.66017761230466,-0.0799999999999999,stop_loss,2,RAIN,-0.08259999999999991
2024-02-16,2024-02-26,198.541748046875,195.1257620425493,182.65840820312502,277.95844726562495,-0.017205378908617248,trailing_stop,10,RAIN,-0.01980537890861725
2025-08-08,2025-08-25,159.28924560546875,147.55444658881203,146.54610595703124,223.00494384765625,-0.07366975072329579,trailing_stop,17,RAIN,-0.0762697507232958
2026-02-16,2026-03-02,150.11000061035156,141.3269989013672,138.10120056152346,210.15400085449218,-0.058510436834803954,trailing_stop,14,RAIN,-0.06111043683480395
2026-06-01,2026-06-16,190.6999969482422,192.75299835205078,175.44399719238282,266.97999572753906,0.010765607953133832,trailing_stop,15,RAIN,0.008165607953133832
2017-02-13,2017-06-23,495.9004821777344,694.260675048828,456.22844360351564,694.260675048828,0.3999999999999998,take_profit,130,RAJESHEXPO,0.3973999999999998
2019-04-09,2019-05-03,665.100830078125,663.4120383549605,611.8927636718751,931.1411621093749,-0.0025391514290639843,trailing_stop,24,RAJESHEXPO,-0.005139151429063984
2021-02-01,2021-03-19,475.3175354003906,481.8478412609946,437.2921325683594,665.4445495605469,0.01373882799232951,trailing_stop,46,RAJESHEXPO,0.01113882799232951
2022-11-16,2022-11-23,746.0499877929688,710.7300109863281,686.3659887695313,1044.4699829101562,-0.04734264108914111,trailing_stop,7,RAJESHEXPO,-0.04994264108914111
2017-02-16,2017-04-25,218.05690002441406,211.39343816850823,200.61234802246094,305.27966003417964,-0.03055836277210115,trailing_stop,68,RALLIS,-0.03315836277210115
2017-12-20,2017-12-27,225.6661376953125,234.61010397548242,207.61284667968752,315.9325927734375,0.03963362147069573,trailing_stop,7,RALLIS,0.037033621470695735
2019-09-12,2019-10-07,153.73519897460938,149.0689928580874,141.43638305664064,215.22927856445312,-0.030352229987958963,trailing_stop,25,RALLIS,-0.032952229987958964
2021-05-25,2021-06-25,283.0926513671875,307.8001739048263,260.4452392578125,396.3297119140625,0.08727715968010669,trailing_stop,31,RALLIS,0.08467715968010668
2022-11-17,2022-12-21,217.3453369140625,233.44037349183768,199.9577099609375,304.28347167968747,0.07405282674244394,trailing_stop,34,RALLIS,0.07145282674244394
2023-08-25,2023-09-22,219.64122009277344,210.94870799947594,202.06992248535158,307.49770812988277,-0.03957595978398726,trailing_stop,28,RALLIS,-0.042175959783987256
2025-06-27,2025-07-15,321.5302734375,342.78298948569244,295.8078515625,450.1423828125,0.06609864701378922,trailing_stop,18,RALLIS,0.06349864701378921
2017-03-07,2017-03-20,77.23662567138672,82.91421450599468,71.05769561767579,108.1312759399414,0.07350902224501625,trailing_stop,13,RKFORGE,0.07090902224501625
2020-10-06,2020-10-13,69.7879867553711,64.2049478149414,64.2049478149414,97.70318145751952,-0.08,stop_loss,7,RKFORGE,-0.0826
2022-09-06,2022-09-21,194.70135498046875,188.46642037775297,179.12524658203125,272.58189697265624,-0.03202306734506923,trailing_stop,15,RKFORGE,-0.03462306734506923
2026-05-12,2026-05-18,582.0,558.9,535.44,814.8,-0.039690721649484575,trailing_stop,6,RKFORGE,-0.042290721649484574
2020-07-20,2020-08-31,39.101993560791016,39.59540126493192,35.97383407592773,54.74279098510742,0.012618479499614685,trailing_stop,42,RCF,0.010018479499614685
2022-01-21,2022-01-24,75.1016845703125,70.54838078710657,69.0935498046875,105.1423583984375,-0.060628517312990376,trailing_stop,3,RCF,-0.06322851731299038
2022-01-31,2022-02-14,73.71348571777344,69.09075921123127,67.81640686035156,103.19888000488281,-0.06271208668982473,trailing_stop,14,RCF,-0.06531208668982473
2023-07-25,2023-08-14,107.06146240234375,102.45267780747761,98.49654541015626,149.88604736328125,-0.04304802579238114,trailing_stop,20,RCF,-0.045648025792381135
2025-07-16,2025-08-07,154.2083282470703,141.8716619873047,141.8716619873047,215.89165954589842,-0.07999999999999997,stop_loss,22,RCF,-0.08259999999999998
2019-05-06,2019-06-17,795.8128051757812,774.7951945141019,732.1477807617188,1114.1379272460936,-0.02641024437529238,trailing_stop,42,RAYMOND,-0.029010244375292378
2020-12-07,2020-12-21,337.8326110839844,331.56455216434415,310.8060021972656,472.9656555175781,-0.018553741450620352,trailing_stop,14,RAYMOND,-0.02115374145062035
2024-04-23,2024-05-09,2077.013916015625,2091.456895196956,1910.852802734375,2907.819482421875,0.006953722875885744,trailing_stop,16,RAYMOND,0.004353722875885744
2026-06-15,2026-07-28,591.9000244140625,581.4,544.5480224609375,828.6600341796875,-0.01773952353601738,trailing_stop,43,RAYMOND,-0.02033952353601738
2016-10-04,2016-10-06,38.235530853271484,38.026742374461165,35.17668838500977,53.52974319458008,-0.005460587944013215,trailing_stop,2,REDINGTON,-0.008060587944013216
2017-03-03,2017-04-19,38.046146392822266,42.019938658099356,35.002454681396486,53.26460494995117,0.10444664288067768,trailing_stop,47,REDINGTON,0.10184664288067767
2019-05-02,2019-05-08,37.25276184082031,35.40062444500165,34.27254089355469,52.153866577148435,-0.04971812301414808,trailing_stop,6,REDINGTON,-0.05231812301414808
2020-09-01,2020-09-22,47.22358703613281,44.737164351458226,43.445700073242186,66.11302185058594,-0.05265213510299666,trailing_stop,21,REDINGTON,-0.05525213510299666
2022-09-21,2022-09-26,132.8802032470703,123.50199733699566,122.24978698730469,186.03228454589842,-0.07057639649028323,trailing_stop,5,REDINGTON,-0.07317639649028324
2024-01-12,2024-02-07,165.54209899902344,177.78916810546187,152.29873107910157,231.7589385986328,0.073981598520813,trailing_stop,26,REDINGTON,0.071381598520813
2025-01-13,2025-01-28,196.0073699951172,198.91727366071623,180.32678039550783,274.410317993164,0.0148458890381088,trailing_stop,15,REDINGTON,0.0122458890381088
2026-07-23,2026-08-03,262.04998779296875,322.0199890136719,241.08598876953127,366.86998291015624,0.22884947152938667,trailing_stop,11,REDINGTON,0.22624947152938668
2017-03-30,2017-05-12,238.9564666748047,231.78631878960334,219.8399493408203,334.53905334472654,-0.030006084308901265,trailing_stop,43,RELAXO,-0.032606084308901266
2019-04-15,2019-05-13,428.623291015625,407.1309600674278,394.333427734375,600.072607421875,-0.050142704324982024,trailing_stop,28,RELAXO,-0.05274270432498202
2020-10-23,2021-01-06,646.9548950195312,905.7368530273437,595.1985034179688,905.7368530273437,0.39999999999999997,take_profit,75,RELAXO,0.3974
2023-07-07,2023-08-31,905.3878173828125,865.499431254758,832.9567919921875,1267.5429443359374,-0.044056685281406986,trailing_stop,55,RELAXO,-0.046656685281406984
2017-02-16,2017-04-28,412.7855224609375,577.8997314453125,379.76268066406254,577.8997314453125,0.3999999999999999,take_profit,71,RELCAPITAL,0.3973999999999999
2020-08-12,2020-08-19,11.0,10.395000171661378,10.120000000000001,15.399999999999999,-0.05499998439442018,trailing_stop,7,RELCAPITAL,-0.05759998439442018
2023-08-04,2023-08-14,10.149999618530273,9.337999649047852,9.337999649047852,14.209999465942381,-0.07999999999999997,stop_loss,10,RELCAPITAL,-0.08259999999999998
2018-02-01,2018-02-02,28.600000381469727,26.909999656677247,26.31200035095215,40.04000053405761,-0.05909093364514257,trailing_stop,1,RCOM,-0.06169093364514257
2020-06-10,2020-06-12,1.0499999523162842,0.9659999561309814,0.9659999561309814,1.4699999332427978,-0.08,stop_loss,2,RCOM,-0.0826
2021-06-10,2021-06-22,3.299999952316284,4.619999933242798,3.0359999561309814,4.619999933242798,0.39999999999999997,take_profit,12,RCOM,0.3974
2023-10-13,2023-10-25,1.7000000476837158,1.6199999570846557,1.5640000438690187,2.380000066757202,-0.04705887550301062,trailing_stop,12,RCOM,-0.04965887550301062
2024-08-14,2024-09-02,1.940000057220459,2.2050000429153442,1.7848000526428223,2.7160000801086426,0.13659792674159238,trailing_stop,19,RCOM,0.1339979267415924
2020-08-12,2020-08-17,2.299999952316284,2.1600000858306885,2.1159999561309815,3.2199999332427978,-0.06086950842960002,trailing_stop,5,RHFL,-0.06346950842960002
2024-01-08,2024-01-17,5.550000190734863,5.220000171661377,5.106000175476074,7.770000267028808,-0.059459460852701596,trailing_stop,9,RHFL,-0.062059460852701594
2025-06-09,2025-06-20,6.730000019073486,7.002000188827515,6.191600017547608,9.42200002670288,0.04041607265722934,trailing_stop,11,RHFL,0.03781607265722934
2019-10-22,2020-01-30,629.7129516601562,648.257204596384,579.3359155273438,881.5981323242187,0.029448739917669196,trailing_stop,100,RELIANCE,0.026848739917669194
2020-06-12,2020-09-10,714.189697265625,999.865576171875,657.0545214843751,999.865576171875,0.39999999999999997,take_profit,90,RELIANCE,0.3974
2021-06-25,2021-11-03,953.14306640625,1121.5220672182265,876.89162109375,1334.40029296875,0.1766565867670172,trailing_stop,131,RELIANCE,0.1740565867670172
2022-12-12,2023-01-24,1187.38134765625,1092.39083984375,1092.39083984375,1662.33388671875,-0.08000000000000003,stop_loss,43,RELIANCE,-0.08260000000000003
2023-06-26,2023-09-20,1133.967041015625,1167.9786806162692,1043.2496777343752,1587.553857421875,0.029993499255659216,trailing_stop,86,RELIANCE,0.027393499255659218
2025-05-29,2025-07-25,1405.660888671875,1383.9482497013737,1293.208017578125,1967.925244140625,-0.01544656975624916,trailing_stop,57,RELIANCE,-0.01804656975624916
2017-03-17,2017-05-22,559.382568359375,536.9120285667241,514.631962890625,783.135595703125,-0.040170253890026014,trailing_stop,66,RELINFRA,-0.04277025389002601
2020-07-08,2020-07-14,34.79999923706055,34.46999931335449,32.01599929809571,48.71999893188476,-0.00948275663623057,trailing_stop,6,RELINFRA,-0.01208275663623057
2021-01-13,2021-01-19,31.5,29.7,28.98,44.099999999999994,-0.05714285714285717,trailing_stop,6,RELINFRA,-0.05974285714285717
2022-08-22,2022-08-26,140.6999969482422,147.95999450683595,129.44399719238282,196.97999572753906,0.05159913088885443,trailing_stop,4,RELINFRA,0.04899913088885443
2023-04-13,2023-05-03,165.5500030517578,152.3060028076172,152.3060028076172,231.7700042724609,-0.07999999999999989,stop_loss,20,RELINFRA,-0.0825999999999999
2023-07-27,2023-08-08,178.60000610351562,193.95000000000002,164.31200561523437,250.04000854492185,0.08594621148885973,trailing_stop,12,RELINFRA,0.08334621148885972
2024-09-19,2024-09-20,284.8900146484375,294.9300109863281,262.0988134765625,398.84602050781245,0.03524165755784828,trailing_stop,1,RELINFRA,0.03264165755784828
2025-06-03,2025-06-04,342.04998779296875,347.13001098632816,314.68598876953126,478.86998291015624,0.014851698215625065,trailing_stop,1,RELINFRA,0.012251698215625065
2017-04-27,2017-05-23,48.79999923706055,44.8959992980957,44.8959992980957,68.31999893188475,-0.08000000000000002,stop_loss,26,RPOWER,-0.08260000000000002
2018-01-16,2018-01-17,51.20000076293945,49.00500068664551,47.1040007019043,71.68000106811523,-0.042871094601287,trailing_stop,1,RPOWER,-0.045471094601286996
2020-07-06,2020-07-08,4.25,3.91,3.91,5.949999999999999,-0.07999999999999996,stop_loss,2,RPOWER,-0.08259999999999997
2022-09-08,2022-09-09,21.299999237060547,20.115000343322755,19.595999298095705,29.819998931884765,-0.05563375287244021,trailing_stop,1,RPOWER,-0.05823375287244021
2023-07-13,2023-08-10,15.199999809265137,17.55,13.983999824523927,21.27999973297119,0.15460527764628162,trailing_stop,28,RPOWER,0.15200527764628163
2017-05-16,2017-05-26,699.9549560546875,653.9798327599894,643.9585595703126,979.9369384765624,-0.06568297416427753,trailing_stop,10,REPCOHOME,-0.06828297416427753
2019-05-20,2019-05-29,402.5534362792969,370.34916137695313,370.34916137695313,563.5748107910156,-0.07999999999999997,stop_loss,9,REPCOHOME,-0.08259999999999998
2020-10-28,2020-11-09,189.5206298828125,177.2283874376892,174.3589794921875,265.32888183593747,-0.06485965381565074,trailing_stop,12,REPCOHOME,-0.06745965381565075
2022-09-23,2022-10-11,227.9023895263672,210.15304506220608,209.67019836425783,319.06334533691404,-0.07788134429414396,trailing_stop,18,REPCOHOME,-0.08048134429414397
2023-06-19,2023-07-19,276.57305908203125,294.37069444763847,254.44721435546876,387.2022827148437,0.0643505749427621,trailing_stop,30,REPCOHOME,0.0617505749427621
2025-07-16,2025-07-28,444.3071594238281,408.76552561099317,408.7625866699219,622.0300231933593,-0.0799933853393785,trailing_stop,12,REPCOHOME,-0.0825933853393785
2025-11-06,2025-11-13,433.25848388671875,408.33877030273936,398.5978051757813,606.5618774414062,-0.057516966224012776,trailing_stop,7,REPCOHOME,-0.060116966224012774
2017-03-31,2017-04-21,294.70208740234375,320.27541928128244,271.12592041015625,412.5829223632812,0.08677689426754738,trailing_stop,21,RUPA,0.08417689426754738
2020-02-24,2020-02-27,199.6515350341797,188.4822183889109,183.67941223144533,279.51214904785155,-0.055944055944055944,trailing_stop,3,RUPA,-0.05854405594405594
2020-08-31,2020-09-01,186.34140014648438,179.51881571379786,171.43408813476563,260.8779602050781,-0.03661335820876749,trailing_stop,1,RUPA,-0.039213358208767486
2022-04-29,2022-05-02,505.62042236328125,499.56041305862993,465.17078857421876,707.8685913085938,-0.011985293782886966,trailing_stop,3,RUPA,-0.014585293782886966
2023-07-27,2023-08-14,285.681884765625,270.8190732597754,262.827333984375,399.954638671875,-0.052025740162149725,trailing_stop,18,RUPA,-0.05462574016214972
2024-07-09,2024-07-23,279.55926513671875,261.8254162725039,257.19452392578125,391.3829711914062,-0.0634350246111217,trailing_stop,14,RUPA,-0.0660350246111217
2018-01-29,2018-02-06,283.2103576660156,260.5535290527344,260.5535290527344,396.49450073242184,-0.07999999999999989,stop_loss,8,SHK,-0.0825999999999999
2020-10-15,2020-11-12,81.77473449707031,93.33763582730411,75.23275573730469,114.48462829589843,0.141399435918047,trailing_stop,28,SHK,0.138799435918047
2023-01-23,2023-02-03,138.3295135498047,127.26315246582031,127.26315246582031,193.66131896972655,-0.08,stop_loss,11,SHK,-0.0826
2023-08-21,2023-09-12,142.0183868408203,153.57527196437502,130.6569158935547,198.82574157714842,0.08137597800282093,trailing_stop,22,SHK,0.07877597800282092
2025-07-21,2025-08-06,252.8735809326172,239.815930598698,232.64369445800781,354.02301330566405,-0.051637068157778944,trailing_stop,16,SHK,-0.05423706815777894
2019-05-07,2019-05-13,654.1215209960938,601.7917993164062,601.7917993164062,915.7701293945312,-0.08000000000000002,stop_loss,6,SBILIFE,-0.08260000000000002
2020-08-28,2020-09-24,841.2886352539062,778.8996591972243,773.9855444335938,1177.8040893554687,-0.07415882426350921,trailing_stop,27,SBILIFE,-0.07675882426350922
2022-08-03,2022-10-11,1274.0474853515625,1197.3842269438821,1172.1236865234375,1783.6664794921874,-0.060172999271315065,trailing_stop,69,SBILIFE,-0.06277299927131506
2023-07-04,2024-05-27,1282.71044921875,1405.2507689971255,1180.09361328125,1795.79462890625,0.0955323314416049,trailing_stop,328,SBILIFE,0.0929323314416049
2025-05-22,2026-03-05,1756.8577880859375,1916.136394657885,1616.3091650390625,2459.600903320312,0.09066106981002621,trailing_stop,287,SBILIFE,0.0880610698100262
2016-10-18,2016-11-04,16.933134078979492,18.25630433393098,15.578483352661134,23.70638771057129,0.0781408951691967,trailing_stop,17,SJVN,0.0755408951691967
2019-07-11,2019-07-19,18.95384979248047,17.634547418609568,17.43754180908203,26.535389709472653,-0.06960603720697975,trailing_stop,8,SJVN,-0.07220603720697975
2020-08-26,2020-08-31,19.134794235229492,18.55684775091651,17.604010696411134,26.788711929321288,-0.030203956060782276,trailing_stop,5,SJVN,-0.03280395606078228
2022-09-05,2022-10-27,28.07430076599121,30.109026130689028,25.828356704711915,39.30402107238769,0.07247643963274243,trailing_stop,52,SJVN,0.06987643963274243
2017-03-06,2017-05-19,1258.9453125,1339.0145507501911,1158.2296875,1762.5234375,0.06360025130177457,trailing_stop,74,SKFINDIA,0.061000251301774576
2018-11-30,2019-05-03,1644.0943603515625,1679.9611426820147,1512.5668115234375,2301.7321044921873,0.021815525431753628,trailing_stop,154,SKFINDIA,0.01921552543175363
2019-10-11,2020-01-30,1822.063720703125,1809.9646074204613,1676.298623046875,2550.889208984375,-0.006640334882467601,trailing_stop,111,SKFINDIA,-0.009240334882467602
2020-12-02,2020-12-22,1476.97265625,1454.7185497863406,1358.8148437500001,2067.76171875,-0.015067378782869295,trailing_stop,20,SKFINDIA,-0.017667378782869295
2022-07-28,2022-09-16,3873.765869140625,4301.682077295298,3563.864599609375,5423.272216796875,0.1104651707434254,trailing_stop,50,SKFINDIA,0.1078651707434254
2023-07-05,2023-08-14,4819.66748046875,4750.909941941844,4434.09408203125,6747.53447265625,-0.014266033664259839,trailing_stop,40,SKFINDIA,-0.016866033664259837
2024-05-30,2024-06-04,5712.34912109375,5407.5455620499415,5255.36119140625,7997.288769531249,-0.05335870630145369,trailing_stop,5,SKFINDIA,-0.055958706301453685
2025-07-04,2025-08-07,4837.6572265625,4450.6446484375,4450.6446484375,6772.720117187499,-0.07999999999999997,stop_loss,34,SKFINDIA,-0.08259999999999998
2017-11-08,2017-11-10,320.1998291015625,302.948594408936,294.58384277343754,448.2797607421875,-0.05387646439734566,trailing_stop,2,SRF,-0.05647646439734566
2018-12-06,2018-12-24,408.0340576171875,398.1362822114821,375.39133300781253,571.2476806640625,-0.024257228584069188,trailing_stop,18,SRF,-0.026857228584069186
2022-09-08,2022-09-22,2615.42333984375,2546.3456719619744,2406.18947265625,3661.59267578125,-0.026411658422342603,trailing_stop,14,SRF,-0.0290116584223426
2023-05-12,2023-06-12,2525.01318359375,2323.01212890625,2323.01212890625,3535.01845703125,-0.08000000000000003,stop_loss,31,SRF,-0.08260000000000003
2024-01-03,2024-01-09,2483.23583984375,2284.5769726562503,2284.5769726562503,3476.53017578125,-0.07999999999999988,stop_loss,6,SRF,-0.08259999999999988
2024-08-06,2024-09-18,2473.378173828125,2369.184170643528,2275.507919921875,3462.7294433593747,-0.04212619173530294,trailing_stop,43,SRF,-0.044726191735302935
2025-02-01,2025-04-07,2808.369140625,2735.5551195064054,2583.699609375,3931.7167968749995,-0.025927510762488264,trailing_stop,65,SRF,-0.028527510762488266
2016-09-06,2016-09-29,290.4803466796875,269.06271262097715,267.24191894531253,406.6724853515625,-0.07373178359060402,trailing_stop,23,SADBHAV,-0.07633178359060402
2017-03-24,2017-05-23,304.5331726074219,310.79849506596094,280.17051879882814,426.3464416503906,0.02057353031492493,trailing_stop,60,SADBHAV,0.017973530314924928
2017-11-21,2017-12-13,335.52215576171875,353.42588923766374,308.6803833007813,469.7310180664062,0.053360808425002695,trailing_stop,22,SADBHAV,0.0507608084250027
2020-12-01,2020-12-03,52.599998474121094,55.575,48.39199859619141,73.63999786376952,0.05655896601104643,trailing_stop,2,SADBHAV,0.05395896601104643
2023-10-05,2023-11-01,15.5,17.1,14.26,21.7,0.103225806451613,trailing_stop,27,SADBHAV,0.100625806451613
2017-04-05,2017-04-24,3315.34130859375,3050.2730160475035,3050.11400390625,4641.47783203125,-0.07995203747474165,trailing_stop,19,SANOFI,-0.08255203747474166
2017-11-17,2018-05-17,3198.9921875,3421.413521698045,2943.0728125,4478.589062499999,0.06952856436072333,trailing_stop,181,SANOFI,0.06692856436072332
2019-08-27,2019-09-19,4370.541015625,4133.605430353636,4020.8977343750003,6118.757421875,-0.05421195783869833,trailing_stop,23,SANOFI,-0.05681195783869833
2021-07-22,2021-08-24,6387.54052734375,6665.895863315075,5876.537285156251,8942.55673828125,0.043577858297687976,trailing_stop,33,SANOFI,0.04097785829768798
2023-05-11,2024-01-31,5804.31396484375,8126.039550781249,5339.968847656251,8126.039550781249,0.39999999999999986,take_profit,265,SANOFI,0.39739999999999986
2025-06-11,2025-07-29,5985.83642578125,5601.79897311882,5506.96951171875,8380.17099609375,-0.06415769248360421,trailing_stop,48,SANOFI,-0.06675769248360422
2017-03-27,2017-05-19,807.2195434570312,839.7763021733406,742.6419799804688,1130.1073608398438,0.040331975334591666,trailing_stop,53,SCHAEFFLER,0.03773197533459167
2019-01-02,2019-01-28,1068.925537109375,983.411494140625,983.411494140625,1496.495751953125,-0.08,stop_loss,26,SCHAEFFLER,-0.0826
2020-02-04,2020-02-17,875.6346435546875,842.976863817627,805.5838720703125,1225.8885009765625,-0.037296125704305697,trailing_stop,13,SCHAEFFLER,-0.039896125704305695
2020-11-18,2020-12-07,724.6126708984375,741.4321608051785,666.6436572265625,1014.4577392578125,0.023211697203537298,trailing_stop,19,SCHAEFFLER,0.020611697203537296
2023-06-16,2023-08-16,3107.054443359375,2892.5006675476584,2858.490087890625,4349.876220703125,-0.06905375484175268,trailing_stop,61,SCHAEFFLER,-0.07165375484175268
2024-01-19,2024-02-09,3171.789794921875,2918.046611328125,2918.046611328125,4440.505712890625,-0.08,stop_loss,21,SCHAEFFLER,-0.0826
2024-05-03,2024-05-31,3713.850830078125,4200.100331153735,3416.7427636718753,5199.391162109375,0.1309286568909881,trailing_stop,28,SCHAEFFLER,0.1283286568909881
2025-05-29,2025-06-19,4087.568115234375,3896.2617412572386,3760.5626660156254,5722.595361328124,-0.04680200270281422,trailing_stop,21,SCHAEFFLER,-0.04940200270281422
2026-04-20,2026-05-18,4053.349365234375,4000.5,3729.081416015625,5674.689111328124,-0.013038443142272567,trailing_stop,28,SCHAEFFLER,-0.015638443142272567
2019-06-03,2019-07-08,444.4963684082031,421.8331917882361,408.9366589355469,622.2949157714843,-0.0509861907334062,trailing_stop,35,SIS,-0.053586190733406196
2019-10-30,2019-11-11,450.4436340332031,426.22728681996347,414.4081433105469,630.6210876464843,-0.05376110435041606,trailing_stop,12,SIS,-0.05636110435041606
2020-12-16,2020-12-21,461.40277099609375,424.49054931640626,424.49054931640626,645.9638793945312,-0.07999999999999997,stop_loss,5,SIS,-0.08259999999999998
2021-06-30,2021-07-29,421.4171447753906,471.71279355531885,387.7037731933594,589.9840026855468,0.11934884330995858,trailing_stop,29,SIS,0.11674884330995858
2023-06-21,2023-09-12,407.5495910644531,425.45001769852814,374.9456237792969,570.5694274902344,0.04392208218715671,trailing_stop,83,SIS,0.04132208218715671
2025-07-11,2025-08-13,362.7617492675781,354.44613307360225,333.74080932617187,507.86644897460934,-0.022923078882393845,trailing_stop,33,SIS,-0.025523078882393843
2026-05-25,2026-06-24,389.6499938964844,432.8550109863281,358.4779943847656,545.5099914550781,0.11088160597102878,trailing_stop,30,SIS,0.10828160597102877
2020-02-17,2020-02-19,502.7994384765625,471.59901422415805,462.57548339843754,703.9192138671874,-0.06205341904704379,trailing_stop,2,SHANKARA,-0.06465341904704379
2020-08-04,2020-08-14,352.81024169921875,343.370967839537,324.5854223632813,493.9343383789062,-0.02675453471594232,trailing_stop,10,SHANKARA,-0.02935453471594232
2020-12-10,2020-12-15,343.42034912109375,348.2635501533751,315.94672119140625,480.7884887695312,0.014102836493750047,trailing_stop,5,SHANKARA,0.011502836493750047
2022-02-08,2022-02-11,591.361083984375,606.1476184128287,544.0521972656251,827.905517578125,0.02500423992872077,trailing_stop,3,SHANKARA,0.022404239928720773
2023-06-22,2023-09-11,709.426513671875,822.2356939204562,652.672392578125,993.197119140625,0.1590146097933378,trailing_stop,81,SHANKARA,0.15641460979333782
2024-02-26,2024-02-29,779.4854125976562,717.1265795898438,717.1265795898438,1091.2795776367186,-0.07999999999999993,stop_loss,3,SHANKARA,-0.08259999999999994
2025-05-16,2025-06-09,739.704833984375,1035.5867675781249,680.528447265625,1035.5867675781249,0.3999999999999998,take_profit,24,SHANKARA,0.3973999999999998
2019-03-28,2019-04-03,331.50103759765625,326.7885812204413,304.98095458984375,464.1014526367187,-0.014215510187737241,trailing_stop,6,SHARDACROP,-0.01681551018773724
2020-07-24,2020-08-14,272.8395080566406,275.7261572126935,251.0123474121094,381.9753112792969,0.010580026245515873,trailing_stop,21,SHARDACROP,0.007980026245515873
2021-11-17,2021-11-22,315.0789489746094,295.7294616699219,289.87263305664067,441.1105285644531,-0.06141155214481427,death_cross,5,SHARDACROP,-0.06401155214481427
2022-01-11,2022-01-21,330.5016784667969,348.971180487272,304.0615441894531,462.7023498535156,0.055883232140167924,trailing_stop,10,SHARDACROP,0.053283232140167926
2023-05-17,2023-06-06,474.3628234863281,488.78116961385456,436.4137976074219,664.1079528808593,0.0303951857389642,trailing_stop,20,SHARDACROP,0.027795185738964202
2024-07-03,2024-08-29,477.3953552246094,557.7543766089473,439.20372680664065,668.3534973144531,0.1683280335782275,trailing_stop,57,SHARDACROP,0.16572803357822752
2025-06-23,2025-07-08,789.3873291015625,815.3627597699113,726.2363427734375,1105.1422607421873,0.032905811520831815,trailing_stop,15,SHARDACROP,0.030305811520831817
2018-09-14,2018-10-08,852.796630859375,795.4242232106454,784.572900390625,1193.915283203125,-0.0672756030836034,trailing_stop,24,SFL,-0.06987560308360341
2019-12-26,2020-02-28,644.053955078125,799.8956525643255,592.529638671875,901.6755371093749,0.2419699409613851,trailing_stop,64,SFL,0.2393699409613851
2020-06-22,2020-06-26,721.4492797851562,705.9726837482891,663.7333374023438,1010.0289916992186,-0.021452091602996656,trailing_stop,4,SFL,-0.024052091602996657
2020-12-16,2021-01-05,819.0422973632812,945.2515062040293,753.5189135742188,1146.6592163085936,0.15409363990974534,trailing_stop,20,SFL,0.15149363990974535
2023-12-06,2024-01-17,1158.4332275390625,1165.723381535191,1065.7585693359376,1621.8065185546875,0.006293115410385372,trailing_stop,42,SFL,0.003693115410385372
2026-06-23,2026-07-17,735.3054809570312,746.0550109863282,676.4810424804688,1029.4276733398438,0.014619134914248091,trailing_stop,24,SFL,0.012019134914248091
2020-02-19,2020-02-27,228.4443817138672,239.94091400492508,210.16883117675783,319.82213439941404,0.05032530108557281,trailing_stop,8,SHILPAMED,0.04772530108557281
2021-06-11,2021-06-17,285.95196533203125,263.07580810546875,263.07580810546875,400.33275146484374,-0.07999999999999999,stop_loss,6,SHILPAMED,-0.08259999999999999
2023-08-01,2023-08-14,172.36614990234375,169.13006922190218,158.57685791015626,241.31260986328124,-0.018774455902594665,trailing_stop,13,SHILPAMED,-0.021374455902594666
2025-06-24,2025-08-04,431.5021667480469,424.7353528066089,396.98199340820315,604.1030334472656,-0.01568199296062658,trailing_stop,41,SHILPAMED,-0.018281992960626582
2026-05-07,2026-05-11,441.70001220703125,430.2,406.36401123046875,618.3800170898437,-0.026035797802154096,trailing_stop,4,SHILPAMED,-0.028635797802154098
2017-04-05,2017-04-18,72.87637329101562,67.21078209814976,67.04626342773437,102.02692260742187,-0.07774249646372466,trailing_stop,13,SCI,-0.08034249646372467
2019-10-24,2019-10-29,48.93854522705078,49.867400166728146,45.02346160888672,68.51396331787109,0.018980027611526548,trailing_stop,5,SCI,0.01638002761152655
2020-07-23,2020-07-29,57.53397750854492,52.93125930786133,52.93125930786133,80.54756851196288,-0.07999999999999993,stop_loss,6,SCI,-0.08259999999999994
2022-10-18,2022-12-21,111.2850112915039,128.28846334918214,102.3822103881836,155.79901580810545,0.152791933615739,trailing_stop,64,SCI,0.15019193361573902
2023-09-18,2023-10-09,130.98092651367188,132.37909554125508,120.50245239257814,183.3732971191406,0.010674600224615652,trailing_stop,21,SCI,0.008074600224615652
2025-07-08,2025-08-06,213.75997924804688,196.65918090820313,196.65918090820313,299.2639709472656,-0.07999999999999999,stop_loss,29,SCI,-0.08259999999999999
2016-08-24,2016-09-29,355.2770690917969,344.1628579778652,326.85490356445314,497.3878967285156,-0.03128322112750816,trailing_stop,36,SHOPERSTOP,-0.033883221127508155
2017-04-25,2017-05-09,351.3211669921875,325.42889447519667,323.2154736328125,491.84963378906247,-0.07369972250367314,trailing_stop,14,SHOPERSTOP,-0.07629972250367315
2020-12-17,2020-12-21,216.10000610351562,202.32000274658205,198.8120056152344,302.5400085449219,-0.06376678837451175,trailing_stop,4,SHOPERSTOP,-0.06636678837451175
2023-06-12,2023-07-25,777.6500244140625,748.7550109863281,715.4380224609375,1088.7100341796875,-0.037156834720742125,trailing_stop,43,SHOPERSTOP,-0.039756834720742124
2024-03-18,2024-04-12,767.75,726.3000000000001,706.33,1074.85,-0.05398892868772378,trailing_stop,25,SHOPERSTOP,-0.05658892868772378
2017-03-21,2017-05-22,15738.2939453125,17844.980966172345,14479.2304296875,22033.6115234375,0.13385739446601844,trailing_stop,62,SHREECEM,0.13125739446601845
2018-09-03,2018-09-10,18466.18359375,16988.888906250002,16988.888906250002,25852.657031249997,-0.07999999999999989,stop_loss,7,SHREECEM,-0.0825999999999999
2019-03-26,2019-06-17,17603.068359375,19298.487438385888,16194.822890625,24644.295703124997,0.09631383826944838,trailing_stop,83,SHREECEM,0.09371383826944837
2019-11-06,2020-02-28,19261.990234375,22198.330479131953,17721.031015625,26966.786328125,0.1524422040001221,trailing_stop,114,SHREECEM,0.1498422040001221
2020-07-03,2020-07-27,22350.76171875,20562.70078125,20562.70078125,31291.066406249996,-0.07999999999999993,stop_loss,24,SHREECEM,-0.08259999999999994
2020-11-19,2021-01-25,23121.755859375,22848.049618838962,21272.015390625,32370.458203125,-0.011837606200874227,trailing_stop,67,SHREECEM,-0.014437606200874227
2022-12-06,2023-01-25,23606.9375,21921.690789142198,21718.3825,33049.7125,-0.07138777365161415,trailing_stop,50,SHREECEM,-0.07398777365161416
2023-09-27,2024-01-17,26089.296875,25987.07471313782,24002.153125,36525.015625,-0.003918164692285547,trailing_stop,112,SHREECEM,-0.0065181646922855465
2024-07-11,2024-08-07,27464.93359375,25528.899512932854,25267.73890625,38450.90703125,-0.07049112550039864,trailing_stop,27,SHREECEM,-0.07309112550039865
2025-01-03,2025-06-20,25858.09375,28516.870344468676,23789.44625,36201.331249999996,0.10282183289201959,trailing_stop,168,SHREECEM,0.10022183289201958
2017-08-07,2017-08-09,19.299999237060547,17.755999298095706,17.755999298095706,27.019998931884764,-0.07999999999999988,stop_loss,2,RENUKA,-0.08259999999999988
2017-12-01,2017-12-12,17.75,16.875,16.330000000000002,24.849999999999998,-0.04929577464788732,trailing_stop,11,RENUKA,-0.05189577464788732
2020-07-14,2020-07-16,9.100000381469727,8.595000171661377,8.372000350952149,12.740000534057616,-0.05549452622405138,trailing_stop,2,RENUKA,-0.058094526224051375
2021-05-05,2021-05-06,12.0,11.475,11.040000000000001,16.799999999999997,-0.04375000000000003,trailing_stop,1,RENUKA,-0.04635000000000003
2023-09-25,2023-10-23,55.45000076293945,51.525,51.0140007019043,77.63000106811523,-0.07078450331713551,trailing_stop,28,RENUKA,-0.07338450331713552
2024-08-01,2024-08-05,48.810001373291016,46.07099876403809,44.905201263427735,68.33400192260741,-0.05611560197070019,trailing_stop,4,RENUKA,-0.058715601970700186
2017-03-20,2017-05-23,689.3350219726562,732.0778017074715,634.1882202148438,965.0690307617186,0.0620058148394943,trailing_stop,64,SIEMENS,0.0594058148394943
2019-01-25,2019-02-14,574.5399780273438,558.0713851697303,528.5767797851563,804.3559692382812,-0.028663963322722252,trailing_stop,20,SIEMENS,-0.03126396332272225
2020-10-16,2021-02-02,720.0422973632812,1008.0592163085937,662.4389135742188,1008.0592163085937,0.3999999999999999,take_profit,109,SIEMENS,0.3973999999999999
2023-12-20,2024-04-01,2266.430419921875,3173.002587890625,2085.115986328125,3173.002587890625,0.39999999999999997,take_profit,103,SIEMENS,0.3974
2026-04-08,2026-05-13,3210.324462890625,3519.704267713774,2953.498505859375,4494.454248046874,0.09637026051397263,trailing_stop,35,SIEMENS,0.09377026051397262
2020-07-01,2020-07-07,3.1500000953674316,3.2399999141693114,2.8980000877380374,4.410000133514404,0.028571370183206858,trailing_stop,6,SPTL,0.02597137018320686
2017-03-23,2017-03-31,333.72314453125,316.0238357012363,307.02529296875,467.21240234374994,-0.05303590452161862,trailing_stop,8,SOBHA,-0.055635904521618616
2020-10-26,2020-12-21,282.15924072265625,306.21025614206246,259.58650146484376,395.02293701171874,0.08523915558394474,trailing_stop,56,SOBHA,0.08263915558394473
2023-08-07,2023-09-08,597.6453857421875,636.793696240256,549.8337548828125,836.7035400390624,0.06550424621693034,trailing_stop,32,SOBHA,0.06290424621693033
2025-07-10,2025-07-29,1513.197509765625,1552.8848007615238,1392.141708984375,2118.4765136718747,0.026227436101217135,trailing_stop,19,SOBHA,0.023627436101217134
2016-11-02,2016-11-24,668.1351928710938,616.1599906080484,614.6843774414062,935.3892700195312,-0.07779144523086541,trailing_stop,22,SOLARINDS,-0.08039144523086542
2019-05-21,2019-05-23,1079.21923828125,1055.595110970413,992.88169921875,1510.90693359375,-0.021890016850014998,trailing_stop,2,SOLARINDS,-0.024490016850015
2020-02-05,2020-02-14,1245.8017578125,1153.1513988666784,1146.1376171875002,1744.1224609375,-0.07437006599549685,trailing_stop,9,SOLARINDS,-0.07697006599549686
2020-09-02,2020-09-08,1066.740478515625,994.786368017913,981.401240234375,1493.436669921875,-0.06745231098555154,trailing_stop,6,SOLARINDS,-0.07005231098555155
2023-08-29,2023-09-12,4884.41455078125,4493.66138671875,4493.66138671875,6838.180371093749,-0.08000000000000004,stop_loss,14,SOLARINDS,-0.08260000000000005
2025-04-30,2025-07-10,13156.3466796875,16018.93989462581,12103.8389453125,18418.885351562498,0.2175826834479786,trailing_stop,71,SOLARINDS,0.2149826834479786
2026-04-27,2026-06-16,15249.9892578125,16976.568912676572,14029.9901171875,21349.984960937498,0.11321841777557666,trailing_stop,50,SOLARINDS,0.11061841777557666
2016-10-21,2016-11-03,42.709774017333984,43.032741611793455,39.29299209594727,59.79368362426757,0.007561912978710499,trailing_stop,13,SONATSOFTW,0.0049619129787104995
2017-11-15,2017-12-05,55.63127899169922,65.6778245925441,51.18077667236329,77.8837905883789,0.1805916704223883,trailing_stop,20,SONATSOFTW,0.1779916704223883
2020-02-07,2020-03-09,109.5931167602539,101.53731949369059,100.8256674194336,153.43036346435545,-0.07350641632162166,trailing_stop,31,SONATSOFTW,-0.07610641632162167
2020-08-27,2020-08-31,106.9428482055664,98.3874203491211,98.3874203491211,149.71998748779296,-0.07999999999999993,stop_loss,4,SONATSOFTW,-0.08259999999999994
2022-12-06,2022-12-15,280.6763000488281,259.399730603061,258.2221960449219,392.94682006835933,-0.07580465269802156,trailing_stop,9,SONATSOFTW,-0.07840465269802156
2017-03-08,2017-05-15,18.75081443786621,22.363439272172027,17.250749282836914,26.251140213012693,0.1926649557690851,trailing_stop,68,SOUTHBANK,0.1900649557690851
2020-12-07,2020-12-08,8.613041877746582,8.487937181951533,7.923998527526856,12.058258628845214,-0.014525030479450024,trailing_stop,1,SOUTHBANK,-0.017125030479450024
2022-09-22,2022-09-26,9.719746589660645,8.942166862487793,8.942166862487793,13.607645225524902,-0.07999999999999995,stop_loss,4,SOUTHBANK,-0.08259999999999995
2025-05-21,2025-07-21,28.2563419342041,28.636184960273813,25.995834579467775,39.55887870788574,0.013442753027061641,trailing_stop,61,SOUTHBANK,0.010842753027061641
2019-05-20,2019-06-04,109.83820343017578,123.56798395335511,101.05114715576173,153.7734848022461,0.12500004638101497,trailing_stop,15,STARCEMENT,0.12240004638101497
2020-07-30,2020-07-31,95.13060760498047,89.59041249736894,87.52015899658204,133.18285064697264,-0.058237776958353756,trailing_stop,1,STARCEMENT,-0.060837776958353754
2022-09-15,2022-09-26,106.191162109375,99.09852134090195,97.695869140625,148.667626953125,-0.06679125294031299,trailing_stop,11,STARCEMENT,-0.069391252940313
2017-11-21,2017-12-18,299.6942443847656,277.06649372686695,275.71870483398436,419.57194213867183,-0.07550278686315977,trailing_stop,27,SBIN,-0.07810278686315977
2018-08-31,2018-09-10,280.614990234375,258.165791015625,258.165791015625,392.86098632812497,-0.07999999999999993,stop_loss,10,SBIN,-0.08259999999999994
2019-12-24,2020-01-30,300.4193420410156,277.22962653527264,276.3857946777344,420.58707885742183,-0.07719115336647311,trailing_stop,37,SBIN,-0.07979115336647312
2020-11-25,2020-12-22,220.2501220703125,225.34851428994352,202.63011230468751,308.35017089843745,0.02314819248092592,trailing_stop,27,SBIN,0.020548192480925917
2022-08-12,2022-09-28,493.0324401855469,483.69576505215537,453.58984497070315,690.2454162597655,-0.018937243013619473,trailing_stop,47,SBIN,-0.02153724301361947
2023-06-12,2023-08-14,548.0256958007812,530.0880142824315,504.1836401367188,767.2359741210937,-0.032731460688424564,trailing_stop,63,SBIN,-0.03533146068842456
2025-06-03,2026-02-09,795.4617309570312,1113.6464233398438,731.8247924804688,1113.6464233398438,0.4,take_profit,251,SBIN,0.39740000000000003
2017-10-31,2017-11-07,65.17481994628906,66.02710138051779,59.96083435058594,91.24474792480468,0.013076851381117723,trailing_stop,7,SAIL,0.010476851381117723
2018-06-18,2018-06-27,72.65320587158203,66.84094940185547,66.84094940185547,101.71448822021483,-0.08,stop_loss,9,SAIL,-0.0826
2020-01-27,2020-02-03,41.38393020629883,38.73535925598985,38.07321578979492,57.93750228881836,-0.06399998591496403,trailing_stop,7,SAIL,-0.06659998591496404
2020-08-31,2020-09-09,32.68268966674805,32.279461679774116,30.068074493408204,45.75576553344726,-0.012337662263586055,trailing_stop,9,SAIL,-0.014937662263586055
2022-12-13,2022-12-23,80.45417785644531,74.0178436279297,74.0178436279297,112.63584899902342,-0.07999999999999993,stop_loss,10,SAIL,-0.08259999999999994
2025-06-06,2025-06-19,133.3684539794922,122.69897766113282,122.69897766113282,186.71583557128906,-0.07999999999999997,stop_loss,13,SAIL,-0.08259999999999998
2017-01-09,2017-02-02,1004.5436401367188,924.1801489257813,924.1801489257813,1406.3610961914062,-0.07999999999999997,stop_loss,24,STAR,-0.08259999999999998
2019-01-16,2019-01-28,493.51922607421875,466.28067740717097,454.0376879882813,690.9269165039062,-0.055192477269267445,trailing_stop,12,STAR,-0.057792477269267443
2020-01-31,2020-02-18,454.0154113769531,481.96730970679636,417.69417846679687,635.6215759277343,0.06156596809141297,trailing_stop,18,STAR,0.058965968091412975
2020-06-18,2020-06-22,394.2688293457031,421.5507984779864,362.7273229980469,551.9763610839843,0.06919636324676806,trailing_stop,4,STAR,0.06659636324676806
2022-12-22,2022-12-23,359.18768310546875,347.7536133977195,330.4526684570313,502.8627563476562,-0.03183313416788806,trailing_stop,1,STAR,-0.034433134167888055
2023-05-30,2023-06-07,352.0906982421875,362.3912046579582,323.92344238281254,492.9269775390625,0.029255264246388732,trailing_stop,8,STAR,0.026655264246388734
2026-04-08,2026-05-18,959.9052124023438,1102.7364397354431,883.1127954101563,1343.867297363281,0.14879722027515332,trailing_stop,40,STAR,0.14619722027515333
2018-01-04,2018-01-16,409.1864013671875,394.28910746119294,376.4514892578125,572.8609619140625,-0.03640710897580959,trailing_stop,12,SUDARSCHEM,-0.03900710897580959
2019-09-26,2019-10-15,360.93768310546875,338.191302557951,332.06266845703124,505.3127563476562,-0.06302024313950912,trailing_stop,19,SUDARSCHEM,-0.06562024313950912
2020-08-24,2020-08-31,464.5806884765625,433.1146922635698,427.41423339843755,650.4129638671875,-0.06772988415892824,trailing_stop,7,SUDARSCHEM,-0.07032988415892824
2023-05-26,2023-07-24,456.03558349609375,461.09775894531606,419.55273681640625,638.4498168945312,0.011100395741960057,trailing_stop,59,SUDARSCHEM,0.008500395741960057
2025-05-26,2025-06-09,1101.5277099609375,1166.4290543117438,1013.4054931640626,1542.1387939453125,0.05891939327891066,trailing_stop,14,SUDARSCHEM,0.05631939327891066
2017-08-08,2017-08-10,368.1000061035156,343.8900054931641,338.6520056152344,515.3400085449218,-0.06577017171671355,trailing_stop,2,SPARC,-0.06837017171671356
2019-12-31,2020-02-03,156.1999969482422,189.80999450683595,143.70399719238281,218.67999572753905,0.21517284388763872,trailing_stop,34,SPARC,0.21257284388763872
2020-07-21,2020-08-14,165.8000030517578,180.0,152.5360028076172,232.12000427246093,0.0856453358677525,trailing_stop,24,SPARC,0.08304533586775249
2021-05-27,2021-06-08,231.4499969482422,233.1,212.93399719238283,324.029995727539,0.007128982819242756,trailing_stop,12,SPARC,0.004528982819242756
2022-12-08,2022-12-12,240.8000030517578,224.19000549316408,221.5360028076172,337.1200042724609,-0.0689783943026926,trailing_stop,4,SPARC,-0.07157839430269261
2023-08-03,2023-08-08,238.10000610351562,223.55999450683595,219.05200561523438,333.34000854492183,-0.06106682580410479,trailing_stop,5,SPARC,-0.06366682580410479
2026-05-18,2026-05-19,162.22999572753906,170.50499725341797,149.25159606933593,227.12199401855466,0.05100783914077486,trailing_stop,1,SPARC,0.048407839140774865
2018-01-24,2018-02-05,541.8305053710938,498.48406494140625,498.48406494140625,758.5627075195312,-0.08,stop_loss,12,SUNPHARMA,-0.0826
2018-07-27,2018-10-04,514.57958984375,564.7580017289075,473.41322265625,720.4114257812499,0.09751341264894316,trailing_stop,69,SUNPHARMA,0.09491341264894315
2019-12-19,2020-02-03,404.3597717285156,388.17975160348686,372.0109899902344,566.1036804199218,-0.04001392140435749,trailing_stop,46,SUNPHARMA,-0.04261392140435749
2020-05-21,2020-06-12,438.13482666015625,433.4196222449158,403.08404052734375,613.3887573242187,-0.01076199409022981,trailing_stop,22,SUNPHARMA,-0.01336199409022981
2023-07-13,2024-02-08,1043.0582275390625,1460.2815185546874,959.6135693359375,1460.2815185546874,0.3999999999999999,take_profit,210,SUNPHARMA,0.3973999999999999
2025-11-26,2026-01-16,1788.56396484375,1649.0382428440046,1645.47884765625,2503.98955078125,-0.07800991451370008,trailing_stop,51,SUNPHARMA,-0.08060991451370009
2020-08-28,2020-09-22,414.3023376464844,397.59202898714585,381.15815063476566,580.023272705078,-0.040333609398064955,trailing_stop,25,SUNTV,-0.042933609398064954
2022-09-14,2022-11-14,480.5246276855469,466.57262625174883,442.08265747070317,672.7344787597656,-0.02903493521445101,trailing_stop,61,SUNTV,-0.03163493521445101
2023-07-28,2024-01-18,506.0850524902344,628.0443481175377,465.59824829101564,708.5190734863281,0.24098576914530914,trailing_stop,174,SUNTV,0.23838576914530915
2024-05-30,2024-06-04,642.087890625,614.6513885050683,590.720859375,898.923046875,-0.04273013480012112,trailing_stop,5,SUNTV,-0.045330134800121116
2026-03-02,2026-03-09,624.1971435546875,574.7543149285331,574.2613720703125,873.8760009765624,-0.07921027697209035,trailing_stop,7,SUNTV,-0.08181027697209035
2017-03-21,2017-05-05,1187.7320556640625,1176.6799912282745,1092.7134912109375,1662.8248779296873,-0.009305183254996663,trailing_stop,45,SUNDARMFIN,-0.011905183254996662
2020-10-23,2021-01-25,1323.3138427734375,1646.5274561439521,1217.4487353515626,1852.6393798828124,0.2442456225600381,trailing_stop,94,SUNDARMFIN,0.2416456225600381
2022-09-15,2022-09-19,2168.46240234375,2202.5572746036682,1994.98541015625,3035.8473632812497,0.01572306359707566,trailing_stop,4,SUNDARMFIN,0.013123063597075659
2025-03-20,2025-03-27,4791.029296875,4509.63152506428,4407.746953125,6707.441015625,-0.058734304128397745,trailing_stop,7,SUNDARMFIN,-0.06133430412839774
2026-01-06,2026-03-13,5251.8828125,5051.164739631205,4831.7321875,7352.635937499999,-0.038218307611713374,trailing_stop,66,SUNDARMFIN,-0.04081830761171337
2020-02-06,2020-02-18,462.9506530761719,427.4606379723787,425.91460083007814,648.1309143066405,-0.07666047097670642,trailing_stop,12,SUNDRMFAST,-0.07926047097670642
2020-08-20,2020-09-01,448.2800598144531,424.13415119571454,412.4176550292969,627.5920837402343,-0.053863445607490956,trailing_stop,12,SUNDRMFAST,-0.056463445607490954
2022-09-14,2022-11-16,844.1956787109375,881.6334652878767,776.6600244140625,1181.8739501953123,0.04434728525749575,trailing_stop,63,SUNDRMFAST,0.04174728525749575
2024-07-02,2024-08-06,1370.670654296875,1333.9164165592852,1261.0170019531251,1918.938916015625,-0.0268147841513715,trailing_stop,35,SUNDRMFAST,-0.029414784151371498
2025-09-05,2025-10-15,1005.077880859375,956.3107580830518,924.671650390625,1407.109033203125,-0.04852074023818498,trailing_stop,40,SUNDRMFAST,-0.05112074023818498
2017-02-15,2017-03-01,118.45820617675781,133.29271648231034,108.98154968261719,165.84148864746092,0.1252299083730608,trailing_stop,14,SUNTECK,0.1226299083730608
2018-08-24,2018-09-04,506.3012390136719,465.7971398925782,465.7971398925782,708.8217346191406,-0.0799999999999999,stop_loss,11,SUNTECK,-0.08259999999999991
2019-04-05,2019-04-30,463.8576965332031,449.52091946112057,426.7490808105469,649.4007751464843,-0.030907705486474174,trailing_stop,25,SUNTECK,-0.03350770548647417
2021-07-28,2021-07-30,372.0125427246094,360.49785156096567,342.25153930664067,520.8175598144531,-0.03095242724696977,trailing_stop,2,SUNTECK,-0.03355242724696977
2022-07-25,2022-08-10,508.740966796875,473.33051044686874,468.041689453125,712.2373535156249,-0.06960409847266062,trailing_stop,16,SUNTECK,-0.07220409847266063
2023-08-22,2023-10-23,361.43408203125,436.15314707057587,332.51935546875,506.00771484374997,0.20672943907062305,trailing_stop,62,SUNTECK,0.20412943907062306
2024-06-11,2024-06-12,525.2725219726562,524.2784401052442,483.2507202148438,735.3815307617188,-0.0018925068908589133,trailing_stop,1,SUNTECK,-0.004492506890858913
2025-10-27,2025-11-19,434.3999938964844,425.25,399.64799438476564,608.159991455078,-0.02106352215710385,trailing_stop,23,SUNTECK,-0.02366352215710385
2020-02-03,2020-03-06,184.5525360107422,176.34916780876523,169.78833312988283,258.37355041503906,-0.044450043219668715,trailing_stop,32,SUPRAJIT,-0.047050043219668714
2020-08-27,2020-09-01,182.52288818359375,169.62298709221727,167.92105712890626,255.53204345703122,-0.07067552579159767,trailing_stop,5,SUPRAJIT,-0.07327552579159767
2023-02-15,2023-03-14,338.5231628417969,351.83617405550166,311.4413098144531,473.9324279785156,0.03932673646892043,trailing_stop,27,SUPRAJIT,0.03672673646892043
2024-03-01,2024-03-13,426.70245361328125,403.2227495962879,392.5662573242188,597.3834350585937,-0.05502594095292672,trailing_stop,12,SUPRAJIT,-0.05762594095292672
2025-07-15,2025-08-07,463.6629943847656,427.7503407177915,426.5699548339844,649.1281921386718,-0.07745421588933706,trailing_stop,23,SUPRAJIT,-0.08005421588933706
2017-02-06,2017-07-10,893.6083374023438,1186.9016868157091,822.1196704101562,1251.051672363281,0.3282124138030632,trailing_stop,154,SUPREMEIND,0.3256124138030632
2019-04-18,2019-05-06,1051.56884765625,996.8816413588336,967.4433398437501,1472.1963867187499,-0.05200535030997158,trailing_stop,18,SUPREMEIND,-0.05460535030997158
2020-08-05,2020-08-17,1228.9617919921875,1130.6448486328125,1130.6448486328125,1720.5465087890625,-0.08000000000000004,stop_loss,12,SUPREMEIND,-0.08260000000000005
2022-10-03,2022-10-17,2025.4002685546875,1863.3682470703127,1863.3682470703127,2835.560375976562,-0.0799999999999999,stop_loss,14,SUPREMEIND,-0.08259999999999991
2024-05-07,2024-05-08,5137.03564453125,4879.417721891435,4726.07279296875,7191.84990234375,-0.05014914056788149,trailing_stop,1,SUPREMEIND,-0.052749140567881485
2025-07-17,2025-09-29,4223.62548828125,4156.9020964816755,3885.73544921875,5913.07568359375,-0.015797658193110003,trailing_stop,74,SUPREMEIND,-0.018397658193110004
2017-04-10,2017-05-19,6.24444055557251,6.201750508659453,5.744885311126709,8.742216777801513,-0.006836488638675644,trailing_stop,39,SUVEN,-0.009436488638675643
2017-10-17,2017-11-07,7.644384384155273,7.1677120242232535,7.032833633422852,10.702138137817382,-0.06235588583431675,trailing_stop,21,SUVEN,-0.06495588583431675
2019-03-13,2019-05-07,11.61594295501709,11.733704853057862,10.686667518615723,16.262320137023924,0.010137954232110719,trailing_stop,55,SUVEN,0.007537954232110719
2021-10-07,2021-10-12,109.40393829345703,103.18979415893556,100.65162322998047,153.16551361083984,-0.05680000401679431,trailing_stop,5,SUVEN,-0.05940000401679431
2023-07-18,2023-09-13,63.349998474121094,73.97999725341798,58.28199859619141,88.68999786376952,0.16779793268091886,trailing_stop,57,SUVEN,0.16519793268091887
2025-05-21,2025-06-04,211.77000427246094,225.43199615478517,194.82840393066408,296.4780059814453,0.06451334753125312,trailing_stop,14,SUVEN,0.061913347531253125
2026-05-22,2026-05-27,265.45001220703125,265.3920043945313,244.21401123046877,371.6300170898437,-0.0002185263131753941,trailing_stop,5,SUVEN,-0.002818526313175394
2017-03-01,2017-05-15,16.390119552612305,17.97403793334961,15.078909988403321,22.946167373657225,0.0966386105758976,trailing_stop,75,SUZLON,0.09403861057589759
2019-04-26,2019-05-02,6.61113977432251,6.1566245555877686,6.082248592376709,9.255595684051514,-0.06874990308026252,trailing_stop,6,SUZLON,-0.07134990308026253
2020-06-10,2020-06-16,4.131961822509766,3.884044647216797,3.8014048767089847,5.784746551513671,-0.059999870749624484,trailing_stop,6,SUZLON,-0.06259987074962449
2020-12-17,2021-01-01,4.22378396987915,5.91329755783081,3.8858812522888186,5.91329755783081,0.39999999999999986,take_profit,15,SUZLON,0.39739999999999986
2022-11-15,2022-11-17,8.199999809265137,8.0,7.543999824523926,11.47999973297119,-0.024390221209414906,death_cross,2,SUZLON,-0.026990221209414904
2022-12-01,2022-12-09,9.050000190734863,9.450000000000001,8.326000175476075,12.670000267028808,0.04419887302042782,trailing_stop,8,SUZLON,0.04159887302042782
2023-06-07,2023-06-08,14.449999809265137,13.293999824523926,13.293999824523926,20.22999973297119,-0.07999999999999999,stop_loss,1,SUZLON,-0.08259999999999999
2025-07-02,2025-07-28,64.79000091552734,61.47000274658203,59.60680084228516,90.70600128173828,-0.0512424467052238,trailing_stop,26,SUZLON,-0.0538424467052238
2026-06-09,2026-07-07,55.22999954223633,54.40500068664551,50.811599578857425,77.32199935913086,-0.01493751335195856,trailing_stop,28,SUZLON,-0.01753751335195856
2016-10-26,2016-10-27,1264.6982421875,1209.2078152199829,1163.5223828125002,1770.5775390625,-0.04387641661582249,trailing_stop,1,SYMPHONY,-0.04647641661582249
2017-01-30,2017-02-15,1237.8353271484375,1160.6512135742448,1138.8085009765625,1732.9694580078124,-0.062354104686929,trailing_stop,16,SYMPHONY,-0.064954104686929
2017-11-02,2018-01-05,1440.7523193359375,1715.0605925649747,1325.4921337890626,2017.0532470703124,0.19039238705197412,trailing_stop,64,SYMPHONY,0.18779238705197412
2019-02-28,2019-05-10,1194.704345703125,1205.2793113489654,1099.127998046875,1672.586083984375,0.008851533589774179,trailing_stop,71,SYMPHONY,0.006251533589774179
2020-03-02,2020-03-12,1215.23583984375,1138.0395989901347,1118.0169726562501,1701.3301757812499,-0.0635236703219195,trailing_stop,10,SYMPHONY,-0.0661236703219195
2020-12-29,2021-01-22,958.4334106445312,938.5865833376583,881.7587377929688,1341.8067749023437,-0.020707570381468896,trailing_stop,24,SYMPHONY,-0.023307570381468898
2022-03-23,2022-04-19,1057.909912109375,1037.2312724023334,973.277119140625,1481.073876953125,-0.019546692464399266,trailing_stop,27,SYMPHONY,-0.022146692464399265
2023-01-31,2023-02-08,921.2891235351562,972.547445790265,847.5859936523437,1289.8047729492187,0.055637607072165474,trailing_stop,8,SYMPHONY,0.053037607072165475
2024-01-25,2024-03-12,895.665771484375,846.4712881272641,824.012509765625,1253.932080078125,-0.05492504561783305,trailing_stop,47,SYMPHONY,-0.057525045617833045
2017-11-14,2017-12-18,247.9828338623047,256.82541376470226,228.1442071533203,347.17596740722655,0.035658032310847444,trailing_stop,34,SYNGENE,0.033058032310847446
2019-04-01,2019-06-14,290.16107177734375,328.2940185922187,266.94818603515625,406.2255004882812,0.13141992680581369,trailing_stop,74,SYNGENE,0.1288199268058137
2020-06-09,2020-06-12,361.38739013671875,345.74377160477314,332.47639892578127,505.9423461914062,-0.043287671232876634,trailing_stop,3,SYNGENE,-0.04588767123287663
2022-11-02,2022-12-07,638.1679077148438,587.1144750976563,587.1144750976563,893.4350708007812,-0.07999999999999995,stop_loss,35,SYNGENE,-0.08259999999999995
2023-04-25,2023-08-28,620.6613159179688,753.6812664262615,571.0084106445313,868.9258422851562,0.2143197056055506,trailing_stop,125,SYNGENE,0.21171970560555062
2024-07-30,2024-10-22,789.9280395507812,846.6819796029254,726.7337963867188,1105.8992553710937,0.07184697492751255,trailing_stop,84,SYNGENE,0.06924697492751254
2018-11-01,2019-03-08,540.149169921875,655.8077083125595,496.93723632812504,756.208837890625,0.21412332894524838,trailing_stop,127,TTKPRESTIG,0.2115233289452484
2020-08-21,2020-09-21,558.7754516601562,564.5955338253983,514.0734155273437,782.2856323242187,0.010415779984518375,trailing_stop,31,TTKPRESTIG,0.007815779984518375
2022-09-08,2022-09-26,961.7515869140625,913.5649228996404,884.8114599609376,1346.4522216796875,-0.050103025219887555,trailing_stop,18,TTKPRESTIG,-0.05270302521988755
2023-08-25,2023-10-27,757.9810791015625,730.0524268424585,697.3425927734376,1061.1735107421875,-0.036846107414987034,trailing_stop,63,TTKPRESTIG,-0.03944610741498703
2024-07-15,2024-09-04,863.1398315429688,898.6474566959821,794.0886450195313,1208.3957641601562,0.04113774368347606,trailing_stop,51,TTKPRESTIG,0.03853774368347606
2026-07-23,2026-07-28,638.8533935546875,661.4692955008942,587.7451220703125,894.3947509765625,0.03540076983917705,trailing_stop,5,TTKPRESTIG,0.032800769839177055
2016-10-13,2016-11-09,213.72084045410156,212.8994509444662,196.62317321777346,299.20917663574215,-0.003843282236257944,trailing_stop,27,TVTODAY,-0.006443282236257944
2017-09-26,2017-09-27,247.17239379882812,259.00925034542666,227.3986022949219,346.0413513183594,0.047889071933463874,trailing_stop,1,TVTODAY,0.045289071933463876
2019-10-30,2019-11-05,230.1345977783203,214.17477044997437,211.7238299560547,322.1884368896484,-0.06934996946317223,trailing_stop,6,TVTODAY,-0.07194996946317224
2020-09-09,2020-09-21,172.0388641357422,158.27575500488283,158.27575500488283,240.85440979003906,-0.07999999999999993,stop_loss,12,TVTODAY,-0.08259999999999994
2023-08-10,2023-08-14,197.64390563964844,181.83239318847657,181.83239318847657,276.7014678955078,-0.07999999999999995,stop_loss,4,TVTODAY,-0.08259999999999995
2020-08-24,2020-09-01,436.2374267578125,417.28327450022977,401.3384326171875,610.7323974609375,-0.043449165740897286,trailing_stop,8,TVSMOTOR,-0.046049165740897284
2021-11-12,2021-11-26,712.7066650390625,661.6279802139098,655.6901318359376,997.7893310546874,-0.07166859429096697,trailing_stop,14,TVSMOTOR,-0.07426859429096698
2025-05-19,2025-11-07,2815.260009765625,3336.338456607994,2590.039208984375,3941.3640136718745,0.18509070033845634,trailing_stop,172,TVSMOTOR,0.18249070033845635
2017-07-10,2017-07-13,166.14573669433594,152.85407775878906,152.85407775878906,232.6040313720703,-0.08000000000000002,stop_loss,3,TAKE,-0.08260000000000002
2021-01-21,2021-01-22,59.5,56.61000137329102,54.74,83.3,-0.04857140549090723,trailing_stop,1,TAKE,-0.05117140549090723
2023-09-20,2023-09-22,22.799999237060547,21.240000343322755,20.975999298095704,31.919998931884763,-0.06842100640082793,trailing_stop,2,TAKE,-0.07102100640082794
2025-10-06,2025-10-15,13.289999961853027,18.60599994659424,12.226799964904785,18.60599994659424,0.4,take_profit,9,TAKE,0.39740000000000003
2017-08-07,2017-08-14,284.4892883300781,263.9218131051815,261.7301452636719,398.2850036621094,-0.07229613229245116,trailing_stop,7,TNPL,-0.07489613229245116
2019-11-01,2019-11-11,168.54519653320312,155.20475249399163,155.06158081054687,235.96327514648436,-0.07915054426711855,trailing_stop,10,TNPL,-0.08175054426711856
2020-12-11,2020-12-22,106.58677673339844,106.55942226301926,98.05983459472657,149.2214874267578,-0.00025664037526531696,trailing_stop,11,TNPL,-0.002856640375265317
2022-04-04,2022-04-05,165.7066650390625,168.40778140997907,152.4501318359375,231.98933105468748,0.016300589781828172,trailing_stop,1,TNPL,0.013700589781828173
2023-09-13,2023-10-23,254.94302368164062,263.4166958305968,234.54758178710938,356.92023315429685,0.033237513333715024,trailing_stop,40,TNPL,0.030637513333715026
2025-07-17,2025-07-28,167.45266723632812,154.55128379248634,154.05645385742187,234.43373413085936,-0.07704495638539988,trailing_stop,11,TNPL,-0.07964495638539988
2018-08-20,2018-09-21,262.7398376464844,262.795849095289,241.72065063476563,367.8357727050781,0.0002131821702652275,trailing_stop,32,TATACHEM,-0.0023868178297347725
2018-12-19,2019-02-05,265.7829895019531,244.5203503417969,244.5203503417969,372.09618530273434,-0.0799999999999999,stop_loss,48,TATACHEM,-0.08259999999999991
2019-11-01,2020-02-28,247.97564697265625,274.1776776108826,228.13759521484377,347.1659057617187,0.10566372528152165,trailing_stop,119,TATACHEM,0.10306372528152165
2020-06-19,2020-07-16,278.44805908203125,266.84181588434814,256.1722143554688,389.8272827148437,-0.041681896566080553,trailing_stop,27,TATACHEM,-0.04428189656608055
2022-08-30,2022-09-26,1065.8778076171875,1014.0250864125757,980.6075830078125,1492.2289306640623,-0.048647903947386495,trailing_stop,27,TATACHEM,-0.05124790394738649
2023-08-02,2023-10-09,1000.1994018554688,960.2114399513761,920.1834497070313,1400.279162597656,-0.03997998981994097,trailing_stop,68,TATACHEM,-0.04257998981994097
2024-01-02,2024-01-23,1077.9466552734375,991.7109228515625,991.7109228515625,1509.1253173828125,-0.08000000000000002,stop_loss,21,TATACHEM,-0.08260000000000002
2025-08-08,2025-09-29,931.9710083007812,909.9938825311001,857.4133276367188,1304.7594116210937,-0.023581340593148932,trailing_stop,52,TATACHEM,-0.02618134059314893
2017-03-30,2017-06-15,964.9978637695312,963.8332964182187,887.7980346679688,1350.9970092773438,-0.001206808216925473,trailing_stop,77,TCS,-0.003806808216925473
2020-07-09,2021-01-05,1885.5460205078125,2639.7644287109374,1734.7023388671876,2639.7644287109374,0.39999999999999997,take_profit,180,TCS,0.3974
2023-01-04,2023-03-14,2924.72314453125,2903.5327667035845,2690.74529296875,4094.6124023437496,-0.007245259390547121,trailing_stop,69,TCS,-0.009845259390547121
2023-06-06,2024-04-19,2916.88916015625,3523.7737067646212,2683.53802734375,4083.64482421875,0.20805883024223726,trailing_stop,318,TCS,0.20545883024223727
2017-04-06,2017-05-23,694.5794677734375,643.9382539574453,639.0131103515625,972.4112548828124,-0.07290917190271833,trailing_stop,47,TATAELXSI,-0.07550917190271833
2019-12-24,2020-02-17,775.447998046875,910.4239173797567,713.412158203125,1085.627197265625,0.17406185801349194,trailing_stop,55,TATAELXSI,0.17146185801349195
2020-06-29,2020-08-31,827.3441162109375,1019.8885785862401,761.1565869140626,1158.2817626953124,0.232725970491113,trailing_stop,63,TATAELXSI,0.230125970491113
2023-06-20,2023-08-10,7417.15185546875,6823.77970703125,6823.77970703125,10384.012597656249,-0.08000000000000002,stop_loss,51,TATAELXSI,-0.08260000000000002
2024-10-14,2024-10-24,7356.853515625,6774.599868399064,6768.3052343750005,10299.594921875,-0.07914438502673803,trailing_stop,10,TATAELXSI,-0.08174438502673803
2018-08-20,2018-09-03,71.02521514892578,70.23202514648438,65.34319793701172,99.43530120849609,-0.011167724036854294,death_cross,14,TATAINVEST,-0.013767724036854294
2018-12-26,2019-01-28,76.3204116821289,71.14769008738504,70.2147787475586,106.84857635498047,-0.06777638485871926,trailing_stop,33,TATAINVEST,-0.07037638485871926
2020-01-30,2020-02-17,81.95813751220703,82.2667298478259,75.40148651123047,114.74139251708984,0.003765243391150833,trailing_stop,18,TATAINVEST,0.001165243391150833
2020-08-31,2020-09-09,74.05419921875,73.07161819731246,68.12986328125,103.67587890624999,-0.013268403842097815,trailing_stop,9,TATAINVEST,-0.015868403842097815
2022-08-03,2022-09-13,141.79214477539062,196.17365034689828,130.4487731933594,198.50900268554688,0.38352974812287405,trailing_stop,41,TATAINVEST,0.38092974812287406
2023-06-16,2023-09-27,239.30307006835938,295.1394458371219,220.15882446289064,335.0242980957031,0.23332912424739183,trailing_stop,103,TATAINVEST,0.23072912424739184
2025-07-03,2025-08-07,678.9981689453125,683.1766319486812,624.6783154296875,950.5974365234374,0.006153864906379848,trailing_stop,35,TATAINVEST,0.0035538649063798482
2017-11-06,2017-12-06,76.1383285522461,77.86692244565424,70.0472622680664,106.59365997314453,0.022703333869773426,trailing_stop,30,TATAPOWER,0.020103333869773428
2020-08-12,2020-08-20,50.55476760864258,53.53363236632282,46.51038619995117,70.7766746520996,0.05892351797045924,trailing_stop,8,TATAPOWER,0.056323517970459244
2022-09-15,2022-09-23,239.11708068847656,219.98771423339844,219.98771423339844,334.76391296386714,-0.08000000000000002,stop_loss,8,TATAPOWER,-0.08260000000000002
2023-07-04,2023-10-20,217.0030975341797,244.7369603505327,199.64284973144532,303.80433654785156,0.12780399511110538,trailing_stop,108,TATAPOWER,0.1252039951111054
2025-07-09,2025-08-28,398.1826171875,372.7651331565713,366.3280078125,557.4556640625,-0.06383373591358925,trailing_stop,50,TATAPOWER,-0.06643373591358925
2026-04-21,2026-05-12,433.3646240234375,415.83324518818904,398.6954541015625,606.7104736328124,-0.04045410691921249,trailing_stop,21,TATAPOWER,-0.043054106919212486
2020-01-16,2020-01-28,40.648162841796875,37.396309814453126,37.396309814453126,56.90742797851562,-0.07999999999999997,stop_loss,12,TATASTEEL,-0.08259999999999998
2020-08-27,2020-09-09,36.004051208496094,33.67899494471015,33.12372711181641,50.405671691894526,-0.06457762906517832,trailing_stop,13,TATASTEEL,-0.06717762906517832
2022-04-20,2022-05-10,113.33544921875,104.26861328125,104.26861328125,158.66962890624998,-0.08000000000000002,stop_loss,20,TATASTEEL,-0.08260000000000002
2022-12-27,2023-02-07,101.0232162475586,101.6776264120956,92.94135894775391,141.43250274658203,0.00647781954331539,trailing_stop,42,TATASTEEL,0.0038778195433153903
2023-06-21,2023-10-23,103.52267456054688,114.03449378308143,95.24086059570313,144.9317443847656,0.1015412253127845,trailing_stop,124,TATASTEEL,0.0989412253127845
2025-05-16,2025-11-21,150.84866333007812,164.84640104804507,138.78077026367188,211.18812866210936,0.0927932499298182,trailing_stop,189,TATASTEEL,0.0901932499298182
2017-05-09,2017-05-23,1118.75,1138.3200439453126,1029.25,1566.25,0.017492776710893936,trailing_stop,14,TEAMLEASE,0.014892776710893936
2018-11-30,2019-01-09,2835.5,2752.0200439453124,2608.6600000000003,3969.7,-0.029441000195622496,trailing_stop,40,TEAMLEASE,-0.0320410001956225
2020-09-14,2020-09-21,2423.75,2294.8200439453126,2229.85,3393.25,-0.053194411987493515,trailing_stop,7,TEAMLEASE,-0.05579441198749351
2017-10-11,2018-02-19,344.6620178222656,419.03822500216376,317.0890563964844,482.5268249511718,0.21579461424221177,trailing_stop,131,TECHM,0.21319461424221178
2019-11-27,2020-02-28,591.5541381835938,586.7449197490276,544.2298071289063,828.1757934570312,-0.00812980270805497,trailing_stop,93,TECHM,-0.01072980270805497
2020-09-04,2021-01-06,589.2607421875,824.9650390625,542.1198828125,824.9650390625,0.3999999999999999,take_profit,124,TECHM,0.3973999999999999
2023-02-24,2023-04-17,994.3797607421875,931.4911909707637,914.8293798828125,1392.1316650390625,-0.06324401627451157,trailing_stop,52,TECHM,-0.06584401627451157
2025-07-10,2025-07-25,1543.410888671875,1419.938017578125,1419.938017578125,2160.7752441406246,-0.07999999999999999,stop_loss,15,TECHM,-0.08259999999999999
2025-12-19,2026-02-04,1571.6571044921875,1626.3360846955331,1445.9245361328126,2200.3199462890625,0.034790655065318955,trailing_stop,47,TECHM,0.03219065506531896
2020-12-24,2021-01-18,126.69103240966797,120.48820114424188,116.55574981689453,177.36744537353513,-0.048960302457466895,trailing_stop,25,NIACL,-0.05156030245746689
2022-12-19,2022-12-21,128.76205444335938,123.1530518585431,118.46109008789062,180.26687622070312,-0.043560990146235996,trailing_stop,2,NIACL,-0.046160990146235995
2025-07-15,2025-07-29,181.92587280273438,167.37180297851563,167.37180297851563,254.69622192382812,-0.07999999999999996,stop_loss,14,NIACL,-0.08259999999999997
2026-06-23,2026-06-24,193.5062255859375,189.16101138264528,178.0257275390625,270.90871582031247,-0.022455164892679253,trailing_stop,1,NIACL,-0.025055164892679255
2019-03-28,2019-05-13,693.1614990234375,711.3307928487548,637.7085791015626,970.4260986328125,0.026212208628025525,trailing_stop,46,RAMCOCEM,0.023612208628025523
2020-09-03,2020-09-22,709.8826293945312,685.9619191919115,653.0920190429688,993.8356811523437,-0.03369671155782755,trailing_stop,19,RAMCOCEM,-0.03629671155782755
2023-02-08,2023-08-04,725.1539306640625,851.5979569981682,667.1416162109375,1015.2155029296874,0.17436853195888233,trailing_stop,177,RAMCOCEM,0.17176853195888234
2024-10-24,2024-12-30,843.3447875976562,952.356745688156,775.8772045898438,1180.6827026367187,0.12926143576582738,trailing_stop,67,RAMCOCEM,0.1266614357658274
2025-04-21,2025-08-08,980.3084716796875,1086.2257634216687,901.8837939453125,1372.4318603515624,0.10804486016580028,trailing_stop,109,RAMCOCEM,0.10544486016580028
2026-01-21,2026-03-02,1083.300048828125,1093.05,996.636044921875,1516.620068359375,0.00900023145242364,trailing_stop,40,RAMCOCEM,0.0064002314524236395
2017-03-17,2017-06-06,860.5799560546875,913.8146674698752,791.7335595703125,1204.8119384765623,0.06185911145228296,trailing_stop,81,THERMAX,0.059259111452282964
2017-10-30,2018-01-30,950.652587890625,1169.152254608674,874.600380859375,1330.9136230468748,0.2298417629124341,trailing_stop,92,THERMAX,0.22724176291243411
2019-01-09,2019-01-22,1092.87353515625,1005.44365234375,1005.44365234375,1530.02294921875,-0.07999999999999996,stop_loss,13,THERMAX,-0.08259999999999997
2019-07-16,2019-08-05,1036.693115234375,996.0498607763229,953.7576660156251,1451.370361328125,-0.0392047114626236,trailing_stop,20,THERMAX,-0.0418047114626236
2020-12-01,2021-02-04,875.2957153320312,1069.8363225680541,805.2720581054688,1225.4140014648438,0.222257008492526,trailing_stop,65,THERMAX,0.219657008492526
2023-04-06,2023-05-18,2276.27294921875,2270.851948702739,2094.17111328125,3186.78212890625,-0.002381524815761553,trailing_stop,42,THERMAX,-0.004981524815761553
2026-04-20,2026-05-18,4168.1767578125,4374.135433666385,3834.7226171875,5835.447460937499,0.04941217415212844,trailing_stop,28,THERMAX,0.04681217415212844
2017-03-17,2017-04-10,74.86332702636719,76.04043797051679,68.87426086425782,104.80865783691405,0.01572346555924532,trailing_stop,24,THOMASCOOK,0.01312346555924532
2019-05-08,2019-05-29,87.24004364013672,80.26084014892578,80.26084014892578,122.1360610961914,-0.08000000000000002,stop_loss,21,THOMASCOOK,-0.08260000000000002
2020-11-27,2020-12-07,46.79358673095703,51.11642260476132,43.050099792480474,65.51102142333984,0.09238094738620341,trailing_stop,10,THOMASCOOK,0.0897809473862034
2022-04-05,2022-04-12,78.4844741821289,78.47953059738106,72.2057162475586,109.87826385498046,-6.29880597323902e-05,trailing_stop,7,THOMASCOOK,-0.0026629880597323903
2022-09-05,2022-09-28,74.32505798339844,71.75015872814805,68.37905334472657,104.05508117675781,-0.03464375710040518,trailing_stop,23,THOMASCOOK,-0.03724375710040518
2023-07-11,2023-08-04,76.15718078613281,88.06107014534719,70.06460632324219,106.62005310058593,0.15630685427606994,trailing_stop,24,THOMASCOOK,0.15370685427606995
2025-07-25,2025-08-01,170.0111083984375,162.04912345709758,156.4102197265625,238.0155517578125,-0.046832145360056344,trailing_stop,7,THOMASCOOK,-0.04943214536005634
2018-10-01,2018-10-11,179.55006408691406,168.77484857697618,165.18605895996095,251.37008972167968,-0.06001231781639446,trailing_stop,10,THYROCARE,-0.06261231781639447
2019-10-23,2019-10-24,149.1849365234375,152.42040583094445,137.25014160156252,208.8589111328125,0.02168764074245956,trailing_stop,1,THYROCARE,0.019087640742459562
2020-07-31,2020-08-03,204.8697052001953,188.4801287841797,188.4801287841797,286.8175872802734,-0.07999999999999995,stop_loss,3,THYROCARE,-0.08259999999999995
2023-08-07,2023-08-16,181.05467224121094,168.0883944583611,166.57029846191406,253.4765411376953,-0.07161526196670277,trailing_stop,9,THYROCARE,-0.07421526196670278
2025-06-05,2025-06-06,321.0084533691406,296.8209048043127,295.32777709960936,449.4118347167968,-0.0753486343146661,trailing_stop,1,THYROCARE,-0.0779486343146661
2026-06-04,2026-06-11,514.0590209960938,513.738195369972,472.9342993164063,719.6826293945312,-0.0006241027061446775,trailing_stop,7,THYROCARE,-0.0032241027061446774
2022-04-28,2022-05-05,46.55105209350586,47.305409032149285,42.82696792602539,65.1714729309082,0.016204938550651207,trailing_stop,7,TIMETECHNO,0.013604938550651207
2023-06-23,2023-08-14,58.48357391357422,63.838435560520566,53.80488800048828,81.8770034790039,0.09156180596725583,trailing_stop,52,TIMETECHNO,0.08896180596725582
2025-07-16,2025-09-23,223.7962646484375,224.23499450683593,205.89256347656251,313.31477050781245,0.0019603984860410177,trailing_stop,69,TIMETECHNO,-0.0006396015139589822
2019-05-30,2019-07-22,642.4189453125,632.5326870382803,591.0254296875,899.3865234374999,-0.01538911382728696,trailing_stop,53,TIMKEN,-0.017989113827286962
2020-06-29,2020-07-02,888.073974609375,916.0418094210854,817.028056640625,1243.3035644531249,0.03149268598262014,trailing_stop,3,TIMKEN,0.02889268598262014
2023-06-12,2023-06-20,3431.77294921875,3169.5059615377213,3157.23111328125,4804.482128906249,-0.07642317588077449,trailing_stop,8,TIMKEN,-0.0790231758807745
2024-01-31,2024-02-07,3348.2158203125,3080.3585546875,3080.3585546875,4687.502148437499,-0.07999999999999996,stop_loss,7,TIMKEN,-0.08259999999999997
2024-05-23,2024-05-24,3809.42724609375,3867.9471170031534,3504.67306640625,5333.198144531249,0.01536185550450153,trailing_stop,1,TIMKEN,0.01276185550450153
2025-07-04,2025-08-01,3272.65673828125,3181.969318334521,3010.84419921875,4581.719433593749,-0.027710642208799596,trailing_stop,28,TIMKEN,-0.030310642208799594
2026-03-05,2026-03-19,3350.19384765625,3246.3778123543557,3082.17833984375,4690.271386718749,-0.030988068160450657,trailing_stop,14,TIMKEN,-0.03358806816045066
2017-03-03,2017-06-05,424.1923828125,494.0440752614309,390.25699218750003,593.8693359375,0.16466984151341188,trailing_stop,94,TITAN,0.1620698415134119
2019-01-01,2019-06-20,903.2062377929688,1264.4887329101562,830.9497387695313,1264.4887329101562,0.3999999999999999,take_profit,170,TITAN,0.3973999999999999
2020-02-06,2020-03-09,1231.21875,1180.031322205706,1132.72125,1723.70625,-0.04157460060959442,trailing_stop,32,TITAN,-0.04417460060959442
2020-09-09,2020-09-22,1139.577880859375,1077.6476771669338,1048.411650390625,1595.4090332031249,-0.05434486289409072,trailing_stop,13,TITAN,-0.05694486289409072
2022-09-13,2022-12-16,2671.18701171875,2479.9964318071866,2457.4920507812503,3739.6618164062497,-0.07157513834590849,trailing_stop,94,TITAN,-0.0741751383459085
2023-05-15,2024-01-30,2744.246826171875,3841.9455566406245,2524.7070800781253,3841.9455566406245,0.39999999999999986,take_profit,260,TITAN,0.39739999999999986
2024-09-26,2024-10-08,3734.023193359375,3458.5092815784456,3435.3013378906253,5227.632470703124,-0.07378473499331932,trailing_stop,12,TITAN,-0.07638473499331933
2025-06-10,2025-07-31,3502.13427734375,3332.85099855198,3221.96353515625,4902.987988281249,-0.048337175386708946,trailing_stop,51,TITAN,-0.050937175386708944
2017-12-20,2018-02-05,611.4812622070312,595.4087767253825,562.5627612304688,856.0737670898437,-0.026284510213179745,trailing_stop,47,TORNTPHARM,-0.028884510213179747
2019-11-07,2020-03-09,832.1240234375,941.5422894191062,765.5541015625,1164.9736328125,0.13149273774070347,trailing_stop,123,TORNTPHARM,0.12889273774070348
2021-06-11,2021-10-25,1349.12451171875,1377.53328771803,1241.19455078125,1888.77431640625,0.02105719357443728,trailing_stop,136,TORNTPHARM,0.01845719357443728
2022-07-26,2022-12-20,1406.8150634765625,1509.715154973946,1294.2698583984375,1969.5410888671875,0.07314400745972524,trailing_stop,147,TORNTPHARM,0.07054400745972524
2023-05-08,2023-08-31,1612.9864501953125,1831.3882850949649,1483.9475341796876,2258.1810302734375,0.1354021510057984,trailing_stop,115,TORNTPHARM,0.1328021510057984
2025-07-09,2026-01-30,3324.2548828125,3664.0252805584937,3058.3144921875,4653.9568359375,0.10220949046438026,trailing_stop,205,TORNTPHARM,0.09960949046438025
2017-02-08,2017-03-15,167.80833435058594,154.38366760253908,154.38366760253908,234.9316680908203,-0.07999999999999992,stop_loss,35,TORNTPOWER,-0.08259999999999992
2017-09-11,2017-09-25,182.91937255859375,169.50476985450612,168.28582275390625,256.0871215820312,-0.0733361508759308,trailing_stop,14,TORNTPOWER,-0.07593615087593081
2018-11-09,2018-12-10,221.69285583496094,205.49666890481254,203.95742736816408,310.3699981689453,-0.07305687352507939,trailing_stop,31,TORNTPOWER,-0.0756568735250794
2019-06-25,2019-08-05,228.62086486816406,237.56542279094734,210.33119567871094,320.06921081542964,0.03912397902939096,trailing_stop,41,TORNTPOWER,0.03652397902939096
2021-01-12,2021-01-25,294.31842041015625,270.77294677734375,270.77294677734375,412.0457885742187,-0.08,stop_loss,13,TORNTPOWER,-0.0826
2022-08-26,2022-09-22,526.58544921875,486.71349973392995,484.45861328125,737.2196289062499,-0.07571790968393576,trailing_stop,27,TORNTPOWER,-0.07831790968393576
2023-04-12,2023-06-07,511.01361083984375,622.9491136574109,470.13252197265626,715.4190551757812,0.21904603017051283,trailing_stop,56,TORNTPOWER,0.21644603017051284
2026-02-17,2026-03-09,1481.26953125,1439.5141362391637,1362.7679687500001,2073.77734375,-0.0281889245204417,trailing_stop,20,TORNTPOWER,-0.0307889245204417
2018-08-13,2018-09-06,358.8893127441406,350.363497773443,330.1781677246094,502.4450378417968,-0.02375611272876176,trailing_stop,24,TRENT,-0.02635611272876176
2019-01-15,2019-02-15,353.9791259765625,333.17783431712854,325.6607958984375,495.5707763671875,-0.058764176000624516,trailing_stop,31,TRENT,-0.061364176000624514
2020-07-17,2020-07-27,618.6337280273438,569.1430297851563,569.1430297851563,866.0872192382812,-0.07999999999999996,stop_loss,10,TRENT,-0.08259999999999997
2022-07-27,2022-08-22,1250.0294189453125,1365.475856014397,1150.0270654296876,1750.0411865234373,0.09235497606647548,trailing_stop,26,TRENT,0.08975497606647548
2023-05-16,2023-09-01,1494.972900390625,2092.962060546875,1375.375068359375,2092.962060546875,0.39999999999999997,take_profit,108,TRENT,0.3974
2016-10-03,2016-11-04,4.075398921966553,4.502271416346171,3.7493670082092287,5.705558490753173,0.10474373246720947,trailing_stop,32,TRIDENT,0.10214373246720947
2018-11-13,2018-11-26,5.851463317871094,5.389921833292587,5.383346252441407,8.192048645019531,-0.0788762501798314,trailing_stop,13,TRIDENT,-0.0814762501798314
2019-12-03,2019-12-09,6.325952529907227,5.9033418183574335,5.819876327514649,8.856333541870116,-0.06680586197127072,trailing_stop,6,TRIDENT,-0.06940586197127073
2020-07-06,2020-07-16,6.17214822769165,5.678376369476319,5.678376369476319,8.64100751876831,-0.0799999999999999,stop_loss,10,TRIDENT,-0.08259999999999991
2023-07-11,2023-09-12,31.776077270507812,37.62956257677469,29.23399108886719,44.486508178710935,0.18421044411607235,trailing_stop,63,TRIDENT,0.18161044411607236
2025-07-14,2025-07-29,30.55631446838379,29.67851702672295,28.111809310913088,42.7788402557373,-0.028727202770775385,trailing_stop,15,TRIDENT,-0.031327202770775386
2017-02-07,2017-03-29,118.25092315673828,123.92282196801418,108.79084930419923,165.5512924194336,0.04796494318913648,trailing_stop,50,TRITURBINE,0.04536494318913648
2018-09-04,2018-09-21,114.56780242919922,107.58662902148691,105.40237823486329,160.3949234008789,-0.06093486354533632,trailing_stop,17,TRITURBINE,-0.06353486354533631
2018-12-20,2018-12-31,115.76322174072266,106.55379417494508,106.50216400146485,162.0685104370117,-0.07955400192994044,trailing_stop,11,TRITURBINE,-0.08215400192994045
2020-11-23,2020-12-21,71.26486206054688,76.94010697740214,65.56367309570312,99.77080688476562,0.07963594894821455,trailing_stop,28,TRITURBINE,0.07703594894821454
2022-09-12,2022-09-26,215.31761169433594,219.8036037651291,198.09220275878909,301.4446563720703,0.0208343016416208,trailing_stop,14,TRITURBINE,0.0182343016416208
2026-05-21,2026-06-01,705.5999755859375,708.8399780273438,649.1519775390625,987.8399658203124,0.00459184035361649,trailing_stop,11,TRITURBINE,0.00199184035361649
2018-09-05,2018-09-11,296.111572265625,287.37226610448914,272.42264648437504,414.556201171875,-0.029513558332993208,trailing_stop,6,TIINDIA,-0.03211355833299321
2019-11-08,2020-01-29,431.1238708496094,486.5077293857613,396.63396118164064,603.573419189453,0.12846391091035575,trailing_stop,82,TIINDIA,0.12586391091035576
2020-08-03,2020-09-09,517.3981323242188,607.7039279525685,476.00628173828125,724.3573852539062,0.1745383100296179,trailing_stop,37,TIINDIA,0.1719383100296179
2023-06-05,2023-07-31,2879.828857421875,3046.6417924337766,2649.442548828125,4031.760400390625,0.05792460013100863,trailing_stop,56,TIINDIA,0.05532460013100863
2025-09-22,2025-09-30,3345.44189453125,3077.80654296875,3077.80654296875,4683.61865234375,-0.08000000000000003,stop_loss,8,TIINDIA,-0.08260000000000003
2026-05-29,2026-06-30,3139.688720703125,3000.044865780861,2888.513623046875,4395.564208984375,-0.04447697442152516,trailing_stop,32,TIINDIA,-0.047076974421525156
2017-05-04,2017-05-15,42.200531005859375,38.893050515396794,38.82448852539063,59.08074340820312,-0.07837532873705666,trailing_stop,11,UCOBANK,-0.08097532873705666
2019-01-04,2019-01-21,21.003694534301758,19.32339897155762,19.32339897155762,29.405172348022457,-0.0799999999999999,stop_loss,17,UCOBANK,-0.08259999999999991
2020-08-10,2020-09-02,13.2781982421875,12.86295279275646,12.2159423828125,18.5894775390625,-0.03127272555034782,trailing_stop,23,UCOBANK,-0.033872725550347815
2021-02-02,2021-02-17,12.602218627929688,13.25405589655826,11.594041137695314,17.64310607910156,0.051724008912520915,trailing_stop,15,UCOBANK,0.04912400891252092
2021-06-25,2021-07-07,14.050747871398926,13.81898313005074,12.926688041687012,19.671047019958493,-0.016494833119876588,trailing_stop,12,UCOBANK,-0.019094833119876586
2022-10-24,2022-11-03,12.071089744567871,13.036776223057627,11.105402565002441,16.89952564239502,0.07999994192109508,trailing_stop,10,UCOBANK,0.07739994192109508
2020-07-15,2020-08-04,237.13534545898438,271.7145494430289,218.16451782226562,331.9894836425781,0.14582053939329526,trailing_stop,20,UFLEX,0.14322053939329527
2024-06-27,2024-08-06,512.4148559570312,543.9412433700292,471.4216674804688,717.3807983398438,0.061525123728343976,trailing_stop,40,UFLEX,0.05892512372834398
2025-06-16,2025-08-20,605.02587890625,556.62380859375,556.62380859375,847.03623046875,-0.07999999999999996,stop_loss,65,UFLEX,-0.08259999999999997
2018-11-22,2019-06-20,478.939453125,580.3298802775689,440.624296875,670.515234375,0.21169779706184844,trailing_stop,210,UPL,0.20909779706184844
2020-09-07,2020-09-29,465.1995849609375,462.75333660853494,427.98361816406253,651.2794189453125,-0.005258492121414882,trailing_stop,22,UPL,-0.007858492121414882
2022-04-26,2022-05-12,773.20849609375,726.4267027397617,711.35181640625,1082.49189453125,-0.06050346522358452,trailing_stop,16,UPL,-0.06310346522358452
2022-12-14,2022-12-23,753.22119140625,692.96349609375,692.96349609375,1054.50966796875,-0.08,stop_loss,9,UPL,-0.0826
2024-07-18,2024-10-17,547.3285522460938,552.055350494771,503.5422680664063,766.2599731445312,0.008636125832061395,trailing_stop,91,UPL,0.006036125832061395
2025-02-13,2025-04-07,618.0565795898438,592.9515981029651,568.6120532226563,865.2792114257812,-0.040619228588325756,trailing_stop,53,UPL,-0.043219228588325755
2017-03-14,2017-05-29,3771.958740234375,3848.210062353217,3470.202041015625,5280.742236328125,0.020215311823401326,trailing_stop,76,ULTRACEMCO,0.017615311823401328
2018-09-03,2018-09-21,4146.55517578125,3814.83076171875,3814.83076171875,5805.17724609375,-0.07999999999999996,stop_loss,18,ULTRACEMCO,-0.08259999999999997
2019-04-26,2019-07-08,4370.6865234375,4185.337379727284,4021.0316015625003,6118.961132812499,-0.04240732953880218,trailing_stop,73,ULTRACEMCO,-0.045007329538802175
2020-02-18,2020-03-02,4254.27880859375,3913.93650390625,3913.93650390625,5955.99033203125,-0.08,stop_loss,13,ULTRACEMCO,-0.0826
2020-08-24,2020-09-01,3994.887939453125,3675.2969042968753,3675.2969042968753,5592.843115234375,-0.07999999999999993,stop_loss,8,ULTRACEMCO,-0.08259999999999994
2025-05-19,2025-06-04,11616.74609375,10687.40640625,10687.40640625,16263.44453125,-0.07999999999999999,stop_loss,16,ULTRACEMCO,-0.08259999999999999
2026-02-10,2026-03-04,12762.4970703125,11741.4973046875,11741.4973046875,17867.495898437497,-0.07999999999999999,stop_loss,22,ULTRACEMCO,-0.08259999999999999
2016-08-24,2016-09-29,114.25602722167969,116.42035995325242,105.11554504394532,159.95843811035155,0.018942832025600598,trailing_stop,36,UNIONBANK,0.0163428320256006
2017-12-01,2017-12-13,132.54371643066406,124.4988115657625,121.94021911621094,185.5612030029297,-0.060696237298506706,trailing_stop,12,UNIONBANK,-0.06329623729850671
2019-04-08,2019-04-22,77.3870620727539,72.3663461375235,71.19609710693359,108.34188690185546,-0.06487797573333753,trailing_stop,14,UNIONBANK,-0.06747797573333754
2021-01-05,2021-01-25,26.88623809814453,25.55660589371356,24.73533905029297,37.64073333740234,-0.0494540069003827,trailing_stop,20,UNIONBANK,-0.0520540069003827
2021-10-12,2021-10-13,33.261756896972656,33.93705759431127,30.600816345214845,46.56645965576172,0.020302616588484434,trailing_stop,1,UNIONBANK,0.017702616588484432
2022-09-13,2022-09-26,40.86531066894531,38.611739479327525,37.59608581542969,57.21143493652343,-0.05514631242802073,trailing_stop,13,UNIONBANK,-0.05774631242802073
2025-05-05,2025-05-08,118.5738296508789,109.0879232788086,109.0879232788086,166.00336151123045,-0.07999999999999992,stop_loss,3,UNIONBANK,-0.08259999999999992
2016-09-22,2016-10-24,844.3045043945312,848.4080868664706,776.7601440429688,1182.0263061523438,0.004860311002227973,trailing_stop,32,UBL,0.002260311002227973
2017-08-10,2017-10-27,794.877685546875,910.1159723860762,731.287470703125,1112.828759765625,0.14497612517568337,trailing_stop,78,UBL,0.14237612517568338
2020-12-09,2020-12-21,1107.5103759765625,1043.4955545582807,1018.9095458984375,1550.5145263671875,-0.05780065162986476,trailing_stop,12,UBL,-0.06040065162986476
2022-08-03,2023-01-13,1543.547607421875,1590.409747204478,1420.063798828125,2160.9666503906246,0.030360022300105736,trailing_stop,163,UBL,0.027760022300105734
2023-09-06,2024-02-12,1554.59326171875,1687.9310786630037,1430.22580078125,2176.43056640625,0.08577022699611869,trailing_stop,159,UBL,0.08317022699611869
2025-01-30,2025-02-05,2098.580078125,2044.5743908883378,1930.693671875,2938.012109375,-0.025734394317187166,trailing_stop,6,UBL,-0.028334394317187164
2025-05-07,2025-05-13,2155.282470703125,1995.943042087554,1982.859873046875,3017.3954589843747,-0.07392971955253233,trailing_stop,6,UBL,-0.07652971955253234
2020-12-09,2020-12-21,184.03192138671875,175.18338417337122,169.30936767578126,257.6446899414062,-0.0480815346961112,trailing_stop,12,VGUARD,-0.0506815346961112
2022-08-02,2022-08-22,236.73097229003906,224.4859067474889,217.79249450683594,331.42336120605466,-0.05172565897945829,trailing_stop,20,VGUARD,-0.05432565897945829
2016-10-03,2016-10-26,127.56867980957031,129.37616261704778,117.3631854248047,178.59615173339841,0.01416870355776678,trailing_stop,23,VMART,0.01156870355776678
2017-02-14,2017-02-15,155.8260040283203,156.39859868603259,143.3599237060547,218.15640563964843,0.0036745770468978177,trailing_stop,1,VMART,0.0010745770468978178
2018-12-20,2019-01-08,669.8861694335938,619.4501901584606,616.2952758789063,937.8406372070311,-0.07529037256848889,trailing_stop,19,VMART,-0.0778903725684889
2019-03-27,2019-05-10,672.1929321289062,633.8145171351459,618.4174975585938,941.0701049804687,-0.05709434473256333,trailing_stop,44,VMART,-0.059694344732563326
2020-03-05,2020-03-06,570.0311889648438,524.4286938476563,524.4286938476563,798.0436645507812,-0.07999999999999993,stop_loss,1,VMART,-0.08259999999999994
2024-04-09,2024-04-18,534.0101318359375,518.6931762695312,491.2893212890625,747.6141845703124,-0.02868289317610183,death_cross,9,VMART,-0.03128289317610183
2024-04-29,2024-05-30,544.49609375,524.4030046884744,500.93640625,762.29453125,-0.03690217302229375,trailing_stop,31,VMART,-0.039502173022293745
2025-11-19,2025-12-05,821.7000122070312,758.0901872240095,755.9640112304688,1150.3800170898437,-0.07741246688334597,trailing_stop,16,VMART,-0.08001246688334597
2026-07-03,2026-07-24,796.8333129882812,733.0866479492188,733.0866479492188,1115.5666381835936,-0.07999999999999996,stop_loss,21,VMART,-0.08259999999999997
2017-02-13,2017-03-14,131.43731689453125,160.16106137938777,120.92233154296875,184.01224365234373,0.21853568806418355,trailing_stop,29,VIPIND,0.21593568806418356
2019-11-04,2019-11-08,468.91290283203125,431.3998706054688,431.3998706054688,656.4780639648437,-0.07999999999999995,stop_loss,4,VIPIND,-0.08259999999999995
2020-01-29,2020-02-13,460.886474609375,457.6562957500405,424.015556640625,645.241064453125,-0.007008621509390666,trailing_stop,15,VIPIND,-0.009608621509390666
2020-11-14,2020-11-18,302.55584716796875,316.3970862783072,278.35137939453125,423.57818603515625,0.04574771646258835,trailing_stop,4,VIPIND,0.04314771646258835
2023-09-14,2023-10-23,690.8615112304688,635.5925903320312,635.5925903320312,967.2061157226561,-0.08,stop_loss,39,VIPIND,-0.0826
2025-07-22,2025-08-07,455.54998779296875,425.60999450683596,419.1059887695313,637.7699829101562,-0.06572273973968243,trailing_stop,16,VIPIND,-0.06832273973968243
2017-03-17,2017-05-10,132.09996032714844,142.5766931348791,121.53196350097657,184.9399444580078,0.07930912910030251,trailing_stop,54,VRLLOG,0.0767091291003025
2020-12-08,2020-12-21,89.8556900024414,89.15064472359339,82.6672348022461,125.79796600341795,-0.0078464177263439,trailing_stop,13,VRLLOG,-0.0104464177263439
2023-04-25,2023-04-28,299.3681945800781,275.4187390136719,275.4187390136719,419.11547241210934,-0.07999999999999997,stop_loss,3,VRLLOG,-0.08259999999999998
2025-06-17,2025-08-06,273.9170227050781,282.5766822830056,252.00366088867187,383.48383178710935,0.031614170935448514,trailing_stop,50,VRLLOG,0.029014170935448516
2017-11-06,2017-12-05,224.35923767089844,210.6364206221541,206.41049865722658,314.10293273925777,-0.0611644842048967,trailing_stop,29,VSTIND,-0.06376448420489671
2018-04-05,2018-04-11,209.04173278808594,205.01344299316406,192.31839416503908,292.6584259033203,-0.019270265995190133,death_cross,6,VSTIND,-0.02187026599519013
2018-12-12,2019-07-04,211.4894256591797,225.56915454561633,194.57027160644532,296.08519592285154,0.06657415065813486,trailing_stop,204,VSTIND,0.06397415065813486
2021-07-28,2021-10-22,262.6589660644531,261.74434797220835,241.64624877929688,367.72255249023436,-0.003482150660793907,trailing_stop,86,VSTIND,-0.006082150660793907
2022-07-27,2022-08-19,248.7619171142578,246.66444310911422,228.8609637451172,348.2666839599609,-0.008431652358508773,trailing_stop,23,VSTIND,-0.011031652358508772
2023-06-08,2023-10-09,264.4771728515625,271.01511044822723,243.3189990234375,370.2680419921875,0.02472023398531314,trailing_stop,123,VSTIND,0.02212023398531314
2024-01-08,2024-01-23,306.7920837402344,285.50218571338917,282.24871704101565,429.5089172363281,-0.06939520005630816,trailing_stop,15,VSTIND,-0.07199520005630816
2026-06-10,2026-07-15,245.3578643798828,233.66758596691153,225.7292352294922,343.5010101318359,-0.04764582721861098,trailing_stop,35,VSTIND,-0.050245827218610976
2017-03-28,2017-05-30,656.2051391601562,628.0848590300016,603.7087280273438,918.6871948242186,-0.04285288007062002,trailing_stop,63,WABAG,-0.04545288007062002
2019-06-19,2019-07-01,306.3622131347656,315.88939127681556,281.85323608398437,428.90709838867184,0.031097758579838385,trailing_stop,12,WABAG,0.028497758579838384
2020-09-11,2020-09-21,192.98133850097656,201.04088934219774,177.54283142089844,270.1738739013672,0.04176336895487123,trailing_stop,10,WABAG,0.039163368954871235
2022-11-11,2022-12-20,276.5617980957031,335.8143918809266,254.4368542480469,387.18651733398434,0.21424721054467316,trailing_stop,39,WABAG,0.21164721054467317
2025-07-25,2025-08-07,1615.9886474609375,1486.7095556640625,1486.7095556640625,2262.384106445312,-0.08000000000000003,stop_loss,13,WABAG,-0.08260000000000003
2026-05-25,2026-06-22,1449.2642822265625,2028.9699951171874,1333.3231396484375,2028.9699951171874,0.3999999999999999,take_profit,28,WABAG,0.3973999999999999
2019-02-27,2019-03-05,38.76959991455078,38.76506996154785,35.66803192138672,54.27743988037109,-0.00011684291333709461,trailing_stop,6,VAKRANGEE,-0.0027168429133370945
2020-01-06,2020-01-13,46.61774826049805,44.38046349368247,42.88832839965821,65.26484756469726,-0.047992124250912385,trailing_stop,7,VAKRANGEE,-0.05059212425091238
2020-12-04,2020-12-07,38.30066680908203,36.83785801670742,35.23661346435547,53.620933532714844,-0.03819277611187023,trailing_stop,3,VAKRANGEE,-0.04079277611187023
2022-10-12,2022-10-21,32.43999099731445,30.1969990388634,29.844791717529297,45.41598739624023,-0.06914280459068993,trailing_stop,9,VAKRANGEE,-0.07174280459068993
2023-11-15,2023-12-20,18.8607234954834,18.72600485237299,17.351865615844726,26.405012893676755,-0.0071428141737334885,trailing_stop,35,VAKRANGEE,-0.009742814173733488
2024-10-07,2024-10-08,27.639999389648438,28.403999519348144,25.428799438476563,38.69599914550781,0.027641105158122216,trailing_stop,1,VAKRANGEE,0.025041105158122218
2017-11-03,2018-01-08,238.41578674316406,257.0655204309639,219.34252380371095,333.78210144042964,0.07822356876011087,trailing_stop,66,VTL,0.07562356876011087
2019-05-08,2019-06-24,212.48098754882812,195.48250854492187,195.48250854492187,297.47338256835934,-0.08000000000000002,stop_loss,47,VTL,-0.08260000000000002
2020-02-10,2020-03-02,191.31954956054688,188.27535719741488,176.01398559570313,267.8473693847656,-0.015911559326395982,trailing_stop,21,VTL,-0.018511559326395984
2023-06-15,2023-08-04,348.5010681152344,336.1232869753804,320.62098266601566,487.9014953613281,-0.03551719714030028,trailing_stop,50,VTL,-0.03811719714030028
2024-12-11,2024-12-27,518.0806884765625,501.7257285678625,476.6342333984375,725.3129638671875,-0.03156836429628831,trailing_stop,16,VTL,-0.034168364296288306
2025-06-05,2025-07-09,482.4447021484375,480.32933042630805,443.8491259765625,675.4225830078125,-0.004384692613908319,trailing_stop,34,VTL,-0.006984692613908319
2026-02-19,2026-05-08,522.75,582.3000000000001,480.93,731.8499999999999,0.11391678622668593,trailing_stop,78,VTL,0.11131678622668592
2020-09-30,2020-10-15,306.4206237792969,300.3440127838361,281.90697387695315,428.9888732910156,-0.019830946496073757,trailing_stop,15,VARROC,-0.02243094649607376
2022-01-21,2022-01-24,419.7344970703125,393.2713390765281,386.15573730468753,587.6282958984375,-0.06304737442000485,trailing_stop,3,VARROC,-0.06564737442000486
2023-06-22,2023-07-24,315.6351623535156,322.7577389533391,290.3843493652344,441.88922729492185,0.022565852760872446,trailing_stop,32,VARROC,0.019965852760872448
2025-07-08,2025-08-04,555.1632080078125,518.2054379515605,510.7501513671875,777.2284912109375,-0.06657100024490802,trailing_stop,27,VARROC,-0.06917100024490802
2026-07-07,2026-08-07,649.8262939453125,752.6699890136719,597.8401904296875,909.7568115234375,0.15826336365055488,trailing_stop,31,VARROC,0.1556633636505549
2020-08-17,2020-08-31,68.24488067626953,62.78529022216797,62.78529022216797,95.54283294677734,-0.07999999999999995,stop_loss,14,VBL,-0.08259999999999995
2026-05-29,2026-07-06,527.4151000976562,499.66582361893916,485.2218920898438,738.3811401367187,-0.05261373152490142,trailing_stop,38,VBL,-0.055213731524901416
2020-08-26,2020-10-07,56.09486389160156,55.3988272674512,51.60727478027344,78.53280944824218,-0.012408205954388078,trailing_stop,42,VEDL,-0.015008205954388077
2022-11-17,2022-12-23,197.657958984375,197.6558358536139,181.84532226562501,276.72114257812495,-1.0741438250274937e-05,trailing_stop,36,VEDL,-0.002610741438250275
2024-01-17,2024-03-13,224.9040069580078,221.06149426918915,206.9116864013672,314.8656097412109,-0.017085123296785458,trailing_stop,56,VEDL,-0.019685123296785456
2025-07-14,2025-12-26,425.1738586425781,595.2434020996093,391.1599499511719,595.2434020996093,0.3999999999999998,take_profit,165,VEDL,0.3973999999999998
2019-12-31,2020-01-30,1718.03955078125,1628.5875383890086,1580.5963867187502,2405.25537109375,-0.05206632894543351,trailing_stop,30,VENKEYS,-0.05466632894543351
2020-09-22,2020-10-16,1290.0059814453125,1394.9282555523578,1186.8055029296875,1806.0083740234375,0.08133471907586907,trailing_stop,24,VENKEYS,0.07873471907586907
2023-08-03,2023-08-07,2141.2978515625,2056.2794790006724,1969.9940234375001,2997.8169921874996,-0.0397041320056385,trailing_stop,4,VENKEYS,-0.0423041320056385
2024-07-31,2024-08-05,1965.4080810546875,1823.6599273003146,1808.1754345703125,2751.5713134765624,-0.07212148719685087,trailing_stop,5,VENKEYS,-0.07472148719685087
2026-05-25,2026-06-03,1507.699951171875,1408.139978027344,1387.083955078125,2110.779931640625,-0.06603434129393393,trailing_stop,9,VENKEYS,-0.06863434129393393
2018-06-12,2018-06-28,493.03948974609375,453.59633056640627,453.59633056640627,690.2552856445312,-0.07999999999999997,stop_loss,16,VINATIORGA,-0.08259999999999998
2020-07-07,2020-08-24,1006.5853271484375,1058.4611012357316,926.0585009765625,1409.2194580078124,0.051536390098446315,trailing_stop,48,VINATIORGA,0.04893639009844632
2022-04-28,2022-05-05,2083.422607421875,1916.748798828125,1916.748798828125,2916.791650390625,-0.07999999999999999,stop_loss,7,VINATIORGA,-0.08259999999999999
2024-06-28,2024-08-12,1882.85205078125,2080.373256006376,1732.22388671875,2635.9928710937497,0.10490532442162334,trailing_stop,45,VINATIORGA,0.10230532442162334
2025-06-25,2025-07-28,1964.7869873046875,1827.9866587207684,1807.6040283203126,2750.7017822265625,-0.06962603552845338,trailing_stop,33,VINATIORGA,-0.07222603552845339
2017-03-03,2017-03-14,66.6582260131836,61.32556793212891,61.32556793212891,93.32151641845702,-0.0799999999999999,stop_loss,11,IDEA,-0.08259999999999991
2017-08-09,2017-09-06,54.90032958984375,50.50830322265625,50.50830322265625,76.86046142578124,-0.07999999999999996,stop_loss,28,IDEA,-0.08259999999999997
2017-12-04,2018-01-10,56.13641357421875,64.52371444702149,51.64550048828125,78.59097900390624,0.14940927534876752,trailing_stop,37,IDEA,0.14680927534876753
2020-06-12,2020-06-16,10.149999618530273,9.720000171661377,9.337999649047852,14.209999465942381,-0.042364479116222896,trailing_stop,4,IDEA,-0.044964479116222894
2021-11-03,2021-11-29,9.899999618530273,11.159999656677247,9.107999649047851,13.859999465942382,0.12727273603006758,trailing_stop,26,IDEA,0.12467273603006758
2023-07-27,2023-08-02,8.5,8.234999656677246,7.82,11.899999999999999,-0.031176510979147518,trailing_stop,6,IDEA,-0.033776510979147516
2025-10-17,2025-10-27,8.699999809265137,9.512999725341798,8.003999824523927,12.17999973297119,0.09344826826442573,trailing_stop,10,IDEA,0.09084826826442573
2017-03-10,2017-06-23,360.5467529296875,437.8236189279351,331.7030126953125,504.76545410156245,0.21433244196576598,trailing_stop,105,VOLTAS,0.211732441965766
2019-03-19,2019-05-08,587.4465942382812,554.0427368438778,540.4508666992188,822.4252319335938,-0.05686279863060042,trailing_stop,50,VOLTAS,-0.059462798630600416
2020-09-04,2020-09-25,627.7781372070312,624.2783532957368,577.5558862304688,878.8893920898437,-0.005574873834990345,trailing_stop,21,VOLTAS,-0.008174873834990345
2023-09-18,2023-10-23,871.3754272460938,801.6653930664063,801.6653930664063,1219.9255981445312,-0.07999999999999995,stop_loss,35,VOLTAS,-0.08259999999999995
2025-10-14,2025-11-06,1387.3416748046875,1313.2944225412568,1276.3543408203125,1942.2783447265624,-0.05337347937295632,trailing_stop,23,VOLTAS,-0.05597347937295632
2017-02-17,2017-03-27,70.25556945800781,70.90356926143657,64.6351239013672,98.35779724121093,0.009223465248773962,trailing_stop,38,WELCORP,0.006623465248773962
2019-06-04,2019-07-18,122.52347564697266,116.15638608585245,112.72159759521485,171.5328659057617,-0.05196628260420663,trailing_stop,44,WELCORP,-0.05456628260420663
2019-10-27,2019-11-05,126.66478729248047,120.29266756570777,116.53160430908204,177.33070220947263,-0.050306954781828145,trailing_stop,9,WELCORP,-0.05290695478182814
2020-10-09,2020-10-12,103.51758575439453,96.31360263208634,95.23617889404298,144.92462005615232,-0.06959187726228791,trailing_stop,3,WELCORP,-0.07219187726228792
2021-11-16,2021-11-17,136.6810760498047,139.02119330877298,125.74658996582032,191.35350646972654,0.01712100406727545,trailing_stop,1,WELCORP,0.014521004067275451
2023-06-07,2023-08-18,271.2071228027344,304.9406867464495,249.51055297851565,379.6899719238281,0.12438303092891709,trailing_stop,72,WELCORP,0.12178303092891708
2026-04-22,2026-07-09,1135.4298095703125,1589.6017333984373,1044.5954248046876,1589.6017333984373,0.39999999999999986,take_profit,78,WELCORP,0.39739999999999986
2019-06-28,2019-07-23,1557.51953125,1469.2529684597364,1432.91796875,2180.52734375,-0.05667123976251171,trailing_stop,25,WHIRLPOOL,-0.05927123976251171
2020-08-28,2020-09-22,2142.079833984375,2012.0971096365995,1970.713447265625,2998.911767578125,-0.06068061623361683,trailing_stop,25,WHIRLPOOL,-0.06328061623361683
2021-11-08,2021-11-22,2275.579345703125,2121.155300494417,2093.532998046875,3185.811083984375,-0.06786141977439719,trailing_stop,14,WHIRLPOOL,-0.0704614197743972
2022-09-06,2022-09-23,1782.392578125,1640.393566761234,1639.8011718750001,2495.349609375,-0.07966764062333717,trailing_stop,17,WHIRLPOOL,-0.08226764062333718
2023-07-21,2023-11-03,1434.0069580078125,1549.8948039569007,1319.2864013671876,2007.6097412109373,0.08081400533096772,trailing_stop,105,WHIRLPOOL,0.07821400533096771
2024-06-12,2024-06-27,1777.30615234375,1966.6581510839671,1635.12166015625,2488.2286132812496,0.1065387628859085,trailing_stop,15,WHIRLPOOL,0.10393876288590849
2025-09-17,2025-09-26,1341.5999755859375,1242.0,1234.2719775390626,1878.2399658203124,-0.07423969692786979,trailing_stop,9,WHIRLPOOL,-0.0768396969278698
2017-04-18,2017-06-14,83.571044921875,86.48081898766289,76.885361328125,116.999462890625,0.03481796917231369,trailing_stop,57,WIPRO,0.03221796917231369
2018-09-14,2018-10-24,112.08604431152344,103.26037622131807,103.11916076660157,156.9204620361328,-0.07874011563541289,trailing_stop,40,WIPRO,-0.0813401156354129
2020-07-29,2020-10-15,126.23135375976562,156.54966442610385,116.13284545898438,176.72389526367186,0.24018050795872659,trailing_stop,78,WIPRO,0.2375805079587266
2023-07-07,2023-10-19,183.04962158203125,184.67964825783062,168.40565185546876,256.26947021484375,0.00890483499343863,trailing_stop,104,WIPRO,0.0063048349934386304
2025-12-26,2026-01-19,256.6664733886719,236.37798560647605,236.13315551757813,359.3330627441406,-0.07904611581845684,trailing_stop,24,WIPRO,-0.08164611581845685
2017-11-27,2017-12-21,656.57568359375,748.3026489257812,604.0496289062501,919.2059570312499,0.13970509055401817,trailing_stop,24,WOCKPHARMA,0.13710509055401818
2020-03-05,2020-03-09,295.8162536621094,273.203695678711,272.1509533691406,414.1427551269531,-0.07644122898408137,trailing_stop,4,WOCKPHARMA,-0.07904122898408138
2020-08-06,2020-09-01,293.74212646484375,281.0853698730469,270.24275634765627,411.2389770507812,-0.043087985860658214,trailing_stop,26,WOCKPHARMA,-0.04568798586065821
2023-07-25,2023-08-14,233.39999389648438,242.19000549316408,214.72799438476562,326.7599914550781,0.03766071905116749,trailing_stop,20,WOCKPHARMA,0.03506071905116749
2026-05-26,2026-05-29,1700.199951171875,1887.659912109375,1564.183955078125,2380.279931640625,0.11025759694222546,trailing_stop,3,WOCKPHARMA,0.10765759694222546
2018-02-05,2018-02-16,336.280029296875,309.377626953125,309.377626953125,470.792041015625,-0.07999999999999999,stop_loss,11,YESBANK,-0.08259999999999999
2018-06-08,2018-08-28,333.08099365234375,358.6798248136104,306.43451416015625,466.3133911132812,0.07685467393551036,trailing_stop,81,YESBANK,0.07425467393551036
2022-01-11,2022-02-24,13.899999618530273,12.915000343322754,12.787999649047853,19.45999946594238,-0.07086325915393578,trailing_stop,44,YESBANK,-0.07346325915393578
2022-08-04,2022-08-10,16.649999618530273,15.344999313354492,15.317999649047852,23.309999465942383,-0.07837839850298904,trailing_stop,6,YESBANK,-0.08097839850298905
2023-09-08,2023-09-29,18.350000381469727,17.1,16.88200035095215,25.690000534057617,-0.06811991038060172,trailing_stop,21,YESBANK,-0.07071991038060173
2026-06-16,2026-07-20,23.889999389648438,23.202000617980957,21.978799438476564,33.44599914550781,-0.028798609846996944,trailing_stop,34,YESBANK,-0.031398609846996946
2017-02-28,2017-05-09,472.1921081542969,462.9698424356716,434.41673950195315,661.0689514160156,-0.0195307493695167,trailing_stop,70,ZEEL,-0.0221307493695167
2021-07-07,2021-07-20,208.0780792236328,191.43183288574218,191.43183288574218,291.30931091308594,-0.08000000000000003,stop_loss,13,ZEEL,-0.08260000000000003
2021-09-29,2021-10-01,297.8566589355469,274.02812622070314,274.02812622070314,416.9993225097656,-0.07999999999999993,stop_loss,2,ZEEL,-0.08259999999999994
2022-10-12,2022-11-18,260.3408203125,244.8874790105484,239.5135546875,364.4771484375,-0.059358118651551446,trailing_stop,37,ZEEL,-0.061958118651551444
2023-08-24,2023-09-27,264.4701232910156,249.87179320147845,243.3125134277344,370.25817260742184,-0.05519840921113638,trailing_stop,34,ZEEL,-0.05779840921113638
2025-06-18,2025-06-23,131.0397186279297,133.49421366301092,120.55654113769532,183.45560607910156,0.018730924186814366,trailing_stop,5,ZEEL,0.016130924186814367
2026-06-24,2026-06-30,115.4800033569336,106.24160308837891,106.24160308837891,161.67200469970703,-0.07999999999999997,stop_loss,6,ZEEL,-0.08259999999999998
2017-12-28,2018-02-02,151.7678680419922,155.27199704122498,139.62643859863283,212.47501525878906,0.023088741012447008,trailing_stop,36,ZENSARTECH,0.020488741012447007
2019-06-26,2019-07-16,227.26007080078125,211.8501505140622,209.07926513671876,318.1640991210937,-0.06780742535378143,trailing_stop,20,ZENSARTECH,-0.07040742535378143
2020-08-13,2020-08-31,156.8776092529297,151.97519737301755,144.3274005126953,219.62865295410154,-0.03124991452418239,trailing_stop,18,ZENSARTECH,-0.03384991452418239
2023-03-06,2023-04-18,263.4993896484375,245.89522857149254,242.4194384765625,368.8991455078125,-0.06680911519541864,trailing_stop,43,ZENSARTECH,-0.06940911519541865
2025-06-12,2025-07-23,827.2504272460938,768.6370842229343,761.0703930664063,1158.1505981445312,-0.07085320368861284,trailing_stop,41,ZENSARTECH,-0.07345320368861284
2017-07-28,2017-10-06,171.3050994873047,172.71331232230716,157.6006915283203,239.82713928222654,0.008220495707466285,trailing_stop,70,ZYDUSWELL,0.005620495707466285
2019-07-02,2019-07-31,267.4539794921875,269.9516699211774,246.0576611328125,374.43557128906247,0.009338767116990629,trailing_stop,29,ZYDUSWELL,0.006738767116990629
2020-08-13,2020-08-31,320.0206298828125,322.93717592739904,294.41897949218753,448.02888183593745,0.009113618849055267,trailing_stop,18,ZYDUSWELL,0.006513618849055268
2022-10-10,2022-11-11,338.3230285644531,318.9605970275792,311.2571862792969,473.65223999023436,-0.05723060478333727,trailing_stop,32,ZYDUSWELL,-0.059830604783337266
2023-08-29,2023-10-23,326.1039123535156,300.1853433617786,300.0155993652344,456.54547729492185,-0.0794794788099315,trailing_stop,55,ZYDUSWELL,-0.08207947880993151
2025-06-26,2025-07-30,402.7692565917969,387.5577750708734,370.54771606445314,563.8769592285156,-0.037767235884987586,trailing_stop,34,ZYDUSWELL,-0.040367235884987585
2026-05-01,2026-05-18,507.53607177734375,486.82747966242675,466.93318603515627,710.5505004882812,-0.040802207501030315,trailing_stop,17,ZYDUSWELL,-0.04340220750103031
