entry_date,exit_date,entry_price,exit_price,return_pct,return_pct_net,exit_reason,holding_days,entry_rsi,entry_macd_hist,entry_bb_pct,entry_vol_ratio,entry_near_fib,entry_entry_type,symbol
2016-11-01,2016-11-02,12069.685546875,11956.958984375,-0.009339643693466926,-0.011939643693466926,bb_mid_break,1,49.1,14.0567,0.79,2.4,True,fib_pullback,3MINDIA
2019-05-27,2019-05-29,21920.533203125,20166.890546875,-0.07999999999999992,-0.08259999999999992,stop_loss,2,60.7,102.7149,1.14,1.29,True,fib_pullback,3MINDIA
2019-06-21,2019-07-05,21547.00390625,20836.525390625,-0.03297342492330992,-0.03557342492330992,bb_mid_break,14,63.7,71.8056,0.82,2.24,True,fib_pullback,3MINDIA
2020-03-05,2020-03-09,20957.126953125,19280.556796875,-0.07999999999999999,-0.08259999999999999,stop_loss,4,51.9,47.6455,0.67,5.13,True,fib_pullback,3MINDIA
2020-11-27,2020-12-10,20024.40234375,20625.263671875,0.030006455014750556,0.027406455014750555,macd_bear_cross,13,61.8,40.5871,0.77,6.68,False,golden_cross,3MINDIA
2021-02-08,2021-03-02,19674.728515625,22956.373046875,0.16679490792687837,0.16419490792687838,rsi_overbought,22,52.2,136.3845,0.74,1.54,True,fib_pullback,3MINDIA
2021-08-31,2021-09-28,22336.232421875,22662.373046875,0.014601416158286123,0.012001416158286121,macd_bear_cross,28,54.1,31.6107,0.74,2.33,True,fib_pullback,3MINDIA
2022-01-03,2022-01-07,23623.53515625,23397.482421875,-0.00956896302267419,-0.01216896302267419,rsi_overbought,4,61.5,114.8143,0.85,1.41,True,fib_pullback,3MINDIA
2022-11-10,2022-12-05,21578.505859375,21927.759765625,0.01618526827232865,0.013585268272328647,macd_bear_cross,25,51.0,20.0955,0.78,1.5,True,fib_pullback,3MINDIA
2023-02-08,2023-02-14,21936.73046875,21233.16015625,-0.032072706254118954,-0.03467270625411895,macd_bear_cross,6,57.4,31.973,0.85,6.88,True,fib_pullback,3MINDIA
2023-12-04,2023-12-06,29858.455078125,29372.076171875,-0.016289486678978664,-0.018889486678978665,bb_mid_break,2,47.3,27.9545,0.7,2.56,True,fib_pullback,3MINDIA
2026-02-03,2026-02-10,34524.99609375,37097.73828125,0.07451824702641281,0.07191824702641281,rsi_overbought,7,51.5,59.217,0.66,1.04,True,fib_pullback,3MINDIA
2017-10-25,2017-11-06,1197.83203125,1181.125244140625,-0.013947520748748552,-0.016547520748748552,bb_mid_break,12,52.2,0.0383,0.62,3.12,True,fib_pullback,ABB
2017-11-22,2017-11-28,1216.2655029296875,1218.12158203125,0.0015260476409892883,-0.0010739523590107115,rsi_overbought,6,57.4,4.4579,0.88,2.07,True,fib_pullback,ABB
2019-12-19,2019-12-20,1283.53271484375,1208.8199462890625,-0.058208698298572475,-0.060808698298572474,macd_bear_cross,1,57.9,2.3912,0.75,1.21,True,fib_pullback,ABB
2022-04-05,2022-04-21,2133.5693359375,2071.666015625,-0.029013971690448673,-0.031613971690448675,macd_bear_cross,16,59.6,16.1949,0.96,1.33,True,fib_pullback,ABB
2023-09-05,2023-09-13,4315.13720703125,4218.25830078125,-0.022450944570694485,-0.025050944570694487,bb_mid_break,8,62.0,5.7387,0.75,1.16,True,fib_pullback,ABB
2023-11-30,2023-12-04,4294.68212890625,4499.7119140625,0.047740386599570306,0.04514038659957031,rsi_overbought,4,61.9,8.6099,1.02,2.45,True,fib_pullback,ABB
2024-09-23,2024-10-07,7753.0693359375,7575.98095703125,-0.022841067354499093,-0.025441067354499095,bb_mid_break,14,55.2,22.909,0.86,1.02,True,fib_pullback,ABB
2016-10-10,2016-10-17,1515.9940185546875,1458.025634765625,-0.03823787104669989,-0.040837871046699885,bb_mid_break,7,57.6,4.1069,0.99,1.55,True,fib_pullback,ACC
2017-07-11,2017-07-17,1506.2745361328125,1594.4176025390625,0.05851726514115231,0.05591726514115231,rsi_overbought,6,49.5,3.7485,0.82,1.0,True,fib_pullback,ACC
2017-12-28,2018-01-04,1605.798583984375,1654.1934814453125,0.03013758882565337,0.027537588825653367,rsi_overbought,7,60.5,5.8242,0.87,1.36,True,fib_pullback,ACC
2019-07-16,2019-07-19,1511.288818359375,1446.446044921875,-0.04290561317584022,-0.04550561317584022,bb_mid_break,3,55.4,8.0775,0.99,1.14,True,fib_pullback,ACC
2020-09-15,2020-09-23,1315.8033447265625,1285.25390625,-0.023217328485291993,-0.025817328485291995,bb_mid_break,8,48.4,0.9644,0.62,1.05,True,fib_pullback,ACC
2021-01-06,2021-01-11,1588.61279296875,1695.4405517578125,0.06724593888572818,0.06464593888572817,rsi_overbought,5,57.4,5.6981,0.95,1.2,True,fib_pullback,ACC
2021-10-29,2021-11-09,2230.554443359375,2426.423583984375,0.08781186274476539,0.08521186274476539,rsi_overbought,11,63.4,9.4683,1.08,1.07,True,fib_pullback,ACC
2022-02-01,2022-02-11,2229.7421875,2150.209228515625,-0.0356691277719187,-0.038269127771918696,bb_mid_break,10,53.3,3.7363,0.78,1.22,True,fib_pullback,ACC
2022-06-29,2022-06-30,2117.34912109375,2084.634765625,-0.015450619429190253,-0.018050619429190253,death_cross,1,53.5,7.7791,0.78,1.48,True,golden_cross,ACC
2022-11-01,2022-11-04,2385.35205078125,2437.075927734375,0.021683959370351395,0.019083959370351393,rsi_overbought,3,63.1,17.7206,1.0,1.12,True,fib_pullback,ACC
2022-11-28,2022-11-30,2482.66015625,2518.174560546875,0.014304980167127938,0.011704980167127937,rsi_overbought,2,56.9,5.8307,1.02,1.7,True,fib_pullback,ACC
2024-04-25,2024-05-06,2547.18017578125,2458.21240234375,-0.03492794670883953,-0.03752794670883953,bb_mid_break,11,43.6,6.2822,0.72,5.22,True,fib_pullback,ACC
2017-01-04,2017-01-06,1232.0369873046875,1205.2154541015625,-0.021770071417906166,-0.024370071417906168,macd_bear_cross,2,54.7,1.2802,0.72,1.32,True,fib_pullback,AIAENG
2018-12-12,2018-12-13,1589.01806640625,1572.917236328125,-0.010132565776636453,-0.012732565776636454,macd_bear_cross,1,58.1,0.2726,0.54,1.08,True,fib_pullback,AIAENG
2019-01-15,2019-01-16,1597.260009765625,1569.706787109375,-0.01725030520252807,-0.019850305202528073,macd_bear_cross,1,56.1,0.6904,0.65,3.12,True,fib_pullback,AIAENG
2019-01-22,2019-01-23,1595.63037109375,1571.1444091796875,-0.015345635403817372,-0.017945635403817373,macd_bear_cross,1,52.5,0.7514,0.55,1.01,True,fib_pullback,AIAENG
2019-02-08,2019-02-20,1592.0367431640625,1547.951904296875,-0.02769084259925556,-0.03029084259925556,bb_mid_break,12,49.9,1.0579,0.77,1.14,True,fib_pullback,AIAENG
2020-08-14,2020-08-31,1669.6480712890625,1764.190673828125,0.05662426960794815,0.05402426960794815,rsi_overbought,17,51.7,0.5396,0.75,1.08,True,fib_pullback,AIAENG
2021-05-12,2021-06-01,1880.8145751953125,1867.447998046875,-0.007106802193432307,-0.009706802193432309,bb_mid_break,20,57.0,1.5877,0.92,3.96,True,fib_pullback,AIAENG
2021-06-08,2021-06-21,1932.173828125,1975.0140380859375,0.02217202683182499,0.019572026831824987,rsi_overbought,13,54.5,2.0775,0.82,2.46,True,fib_pullback,AIAENG
2021-08-31,2021-09-15,1988.7054443359375,2106.562255859375,0.05926308084442937,0.05666308084442937,rsi_overbought,15,59.6,7.486,1.08,2.04,True,fib_pullback,AIAENG
2023-01-30,2023-02-01,2610.84521484375,2815.6318359375,0.07843690615186691,0.0758369061518669,rsi_overbought,2,63.0,19.8362,0.97,2.71,True,fib_pullback,AIAENG
2023-11-08,2023-11-16,3576.73291015625,3531.478515625,-0.012652438878717689,-0.015252438878717689,macd_bear_cross,8,55.5,16.0742,0.69,1.44,True,fib_pullback,AIAENG
2016-10-18,2016-10-21,89.01268005371094,89.82427978515625,0.009117799070374995,0.006517799070374995,rsi_overbought,3,59.5,0.6433,0.99,1.25,True,fib_pullback,APLAPOLLO
2016-11-04,2016-11-09,89.28642272949219,82.14350891113281,-0.08,-0.0826,stop_loss,5,64.3,0.1657,0.7,1.7,True,fib_pullback,APLAPOLLO
2016-12-16,2016-12-22,87.3942642211914,84.57044982910156,-0.032311209634340324,-0.03491120963434032,bb_mid_break,6,53.5,0.3116,0.83,2.71,True,fib_pullback,APLAPOLLO
2018-04-05,2018-04-10,204.6587371826172,209.1785430908203,0.022084597855062976,0.019484597855062975,rsi_overbought,5,63.3,2.3857,1.08,2.3,True,fib_pullback,APLAPOLLO
2021-10-19,2021-10-20,871.1683349609375,840.935791015625,-0.0347034467760678,-0.0373034467760678,macd_bear_cross,1,58.8,0.2072,0.73,1.59,True,fib_pullback,APLAPOLLO
2022-03-11,2022-04-13,887.8380737304688,1046.5955810546875,0.1788135832665525,0.1762135832665525,rsi_overbought,33,63.2,9.4237,1.0,1.23,True,fib_pullback,APLAPOLLO
2023-01-04,2023-01-30,1123.5604248046875,1124.005859375,0.000396449145483147,-0.002203550854516853,macd_bear_cross,26,47.2,1.5414,0.65,1.68,True,fib_pullback,APLAPOLLO
2023-04-18,2023-04-27,1215.60693359375,1188.933349609375,-0.021942605991493287,-0.02454260599149329,bb_mid_break,9,46.0,1.6107,0.86,1.71,True,fib_pullback,APLAPOLLO
2023-11-10,2023-12-04,1642.4864501953125,1606.897705078125,-0.02166760347578852,-0.024267603475788522,macd_bear_cross,24,44.0,3.1285,0.56,1.42,True,fib_pullback,APLAPOLLO
2024-07-03,2024-07-04,1584.1151123046875,1569.2244873046875,-0.009399963982627513,-0.011999963982627513,macd_bear_cross,1,52.0,0.5899,0.56,1.37,True,fib_pullback,APLAPOLLO
2024-11-29,2024-12-12,1511.1258544921875,1601.0618896484375,0.059515913177511565,0.056915913177511566,rsi_overbought,13,48.4,1.6804,0.65,3.24,True,fib_pullback,APLAPOLLO
2025-12-04,2025-12-08,1772.9000244140625,1736.0999755859375,-0.020756979142288235,-0.023356979142288237,bb_mid_break,4,52.2,1.2973,0.67,1.49,True,fib_pullback,APLAPOLLO
2025-12-17,2025-12-22,1764.5,1863.300048828125,0.05599322687907339,0.05339322687907339,rsi_overbought,5,58.1,1.3509,0.89,1.55,True,fib_pullback,APLAPOLLO
2026-04-17,2026-04-24,2105.699951171875,2004.5,-0.048060005470178545,-0.05066000547017854,bb_mid_break,7,61.7,20.6587,1.0,1.08,True,fib_pullback,APLAPOLLO
2021-10-26,2021-10-29,626.72900390625,576.59068359375,-0.08000000000000002,-0.08260000000000002,stop_loss,3,58.5,2.5165,1.06,1.73,True,fib_pullback,AUBANK
2021-11-02,2021-11-03,618.8760986328125,601.9273071289062,-0.027386405035432132,-0.029986405035432134,bb_mid_break,1,54.1,1.265,0.82,1.11,True,fib_pullback,AUBANK
2022-01-05,2022-01-07,581.201171875,606.8727416992188,0.044169852138116444,0.041569852138116446,rsi_overbought,2,52.3,6.9454,0.83,5.77,True,fib_pullback,AUBANK
2023-02-07,2023-02-16,645.6988525390625,623.2636108398438,-0.034745673793591725,-0.03734567379359172,bb_mid_break,9,57.8,3.3581,1.07,1.38,True,fib_pullback,AUBANK
2023-08-24,2023-09-04,742.9838256835938,713.9937133789062,-0.039018497176590214,-0.04161849717659021,bb_mid_break,11,57.8,4.2098,0.98,1.45,True,fib_pullback,AUBANK
2023-09-20,2023-09-28,752.597412109375,717.6797485351562,-0.046396204680470204,-0.0489962046804702,bb_mid_break,8,61.9,2.7621,1.12,2.65,True,fib_pullback,AUBANK
2023-11-13,2023-11-20,726.9944458007812,731.3778686523438,0.006029513536013578,0.0034295135360135785,rsi_overbought,7,62.7,5.4758,1.05,1.72,True,fib_pullback,AUBANK
2026-04-08,2026-04-21,966.8610229492188,1036.89306640625,0.07243237838196469,0.06983237838196468,rsi_overbought,13,60.5,7.9255,1.08,1.69,True,fib_pullback,AUBANK
2019-09-06,2019-09-13,1565.449951171875,1508.550048828125,-0.03634731490531236,-0.03894731490531236,macd_bear_cross,7,46.8,1.8318,0.74,2.17,True,fib_pullback,AAVAS
2021-05-24,2021-05-27,2325.14990234375,2311.0,-0.006085587139774045,-0.008685587139774045,rsi_overbought,3,59.5,8.1015,0.89,1.19,True,fib_pullback,AAVAS
2021-09-24,2021-10-12,2573.75,2808.75,0.09130645944633317,0.08870645944633317,rsi_overbought,18,63.6,15.7924,1.0,1.51,True,fib_pullback,AAVAS
2025-06-24,2025-07-07,1892.800048828125,1882.9000244140625,-0.005230359339958718,-0.007830359339958718,bb_mid_break,13,60.5,4.0267,0.81,1.01,True,fib_pullback,AAVAS
2025-07-08,2025-07-15,1973.5999755859375,1952.5,-0.010691110583173359,-0.013291110583173359,macd_bear_cross,7,62.3,1.4378,0.72,4.61,True,fib_pullback,AAVAS
2020-08-07,2020-08-12,370.45001220703125,362.5,-0.02146041826174451,-0.02406041826174451,rsi_overbought,5,60.8,1.3472,1.11,2.67,True,fib_pullback,ADANIGREEN
2021-02-16,2021-02-18,1078.300048828125,1109.5,0.028934387238303924,0.026334387238303923,rsi_overbought,2,63.0,3.3692,0.77,2.81,True,fib_pullback,ADANIGREEN
2024-05-16,2024-05-30,1844.4000244140625,1874.9000244140625,0.01653654283033822,0.013936542830338218,rsi_overbought,14,54.5,9.1882,0.89,2.56,True,fib_pullback,ADANIGREEN
2024-07-25,2024-08-05,1820.5,1768.75,-0.02842625652293326,-0.03102625652293326,bb_mid_break,11,62.3,5.0102,1.05,4.18,True,fib_pullback,ADANIGREEN
2016-11-30,2016-12-02,263.35430908203125,251.98236083984375,-0.043181173992658285,-0.04578117399265828,bb_mid_break,2,47.4,0.273,0.55,1.05,True,fib_pullback,ADANIPORTS
2017-01-05,2017-01-11,272.4517822265625,280.1752014160156,0.02834783874906191,0.02574783874906191,rsi_overbought,6,56.1,1.3673,0.88,1.84,True,fib_pullback,ADANIPORTS
2017-10-10,2017-10-18,377.31768798828125,386.8730163574219,0.025324358420847196,0.022724358420847194,rsi_overbought,8,43.2,0.3082,0.59,1.11,True,fib_pullback,ADANIPORTS
2019-01-18,2019-01-23,381.5609130859375,368.0873107910156,-0.03531179906755089,-0.03791179906755089,macd_bear_cross,5,60.6,0.8688,0.98,1.3,False,golden_cross,ADANIPORTS
2019-10-18,2019-10-23,403.1778259277344,378.7022399902344,-0.06070667671561632,-0.06330667671561631,macd_bear_cross,5,51.7,0.5039,0.81,1.2,False,golden_cross,ADANIPORTS
2021-08-25,2021-09-13,701.58935546875,725.2918701171875,0.03378402831183383,0.031184028311833832,rsi_overbought,19,57.8,2.0231,0.93,2.3,True,fib_pullback,ADANIPORTS
2022-02-16,2022-02-18,721.0575561523438,708.1597900390625,-0.017887290693000147,-0.02048729069300015,death_cross,2,59.5,0.5296,0.8,2.0,True,fib_pullback,ADANIPORTS
2023-11-08,2023-11-22,807.8507690429688,781.4059448242188,-0.03273478869132998,-0.03533478869132998,bb_mid_break,14,58.2,3.9548,0.89,1.76,True,fib_pullback,ADANIPORTS
2024-05-16,2024-06-03,1327.225830078125,1562.9598388671875,0.17761409056903782,0.17501409056903783,rsi_overbought,18,53.2,3.7242,0.83,1.26,True,fib_pullback,ADANIPORTS
2025-09-10,2025-09-16,1383.270263671875,1402.2900390625,0.01374986211308933,0.01114986211308933,rsi_overbought,6,55.7,8.4734,1.02,1.2,True,fib_pullback,ADANIPORTS
2026-04-08,2026-04-16,1447.200927734375,1543.2958984375,0.06640057290010434,0.06380057290010434,rsi_overbought,8,58.5,11.5885,1.03,2.46,True,fib_pullback,ADANIPORTS
2019-01-23,2019-01-25,10.350000381469727,9.829999923706055,-0.05024158827034077,-0.052841588270340765,macd_bear_cross,2,57.8,0.0075,0.97,1.18,True,fib_pullback,ADANIPOWER
2020-01-15,2020-01-30,12.65999984741211,12.539999961853027,-0.009478664060459035,-0.012078664060459036,bb_mid_break,15,61.4,0.0382,0.82,1.3,True,fib_pullback,ADANIPOWER
2021-09-17,2021-09-21,20.09000015258789,18.48280014038086,-0.07999999999999997,-0.08259999999999998,stop_loss,4,60.9,0.1427,0.66,1.04,True,fib_pullback,ADANIPOWER
2024-04-01,2024-04-04,112.08999633789062,128.39999389648438,0.14550805684236032,0.14290805684236033,rsi_overbought,3,47.8,0.1479,0.72,1.15,True,fib_pullback,ADANIPOWER
2024-06-05,2024-06-13,145.3300018310547,150.75999450683594,0.037363191408292876,0.03476319140829288,macd_bear_cross,8,59.4,1.2787,0.68,2.33,True,fib_pullback,ADANIPOWER
2024-07-30,2024-08-05,145.85000610351562,138.1699981689453,-0.05265689141705967,-0.05525689141705967,bb_mid_break,6,52.6,0.3009,0.95,1.34,True,fib_pullback,ADANIPOWER
2025-09-25,2025-10-08,149.0,148.77999877929688,-0.0014765182597525168,-0.004076518259752517,macd_bear_cross,13,64.5,2.5542,0.8,1.84,True,fib_pullback,ADANIPOWER
2026-02-03,2026-02-13,143.6199951171875,139.89999389648438,-0.02590169438223257,-0.028501694382232573,bb_mid_break,10,50.4,0.1474,0.71,3.33,True,fib_pullback,ADANIPOWER
2020-10-28,2020-11-13,66.9000015258789,76.9000015258789,0.1494768276818604,0.14687682768186042,rsi_overbought,16,58.0,0.5407,0.82,1.87,True,fib_pullback,ABCAPITAL
2021-07-12,2021-07-26,121.25,117.6500015258789,-0.029690709064916238,-0.03229070906491624,bb_mid_break,14,52.3,0.145,0.75,4.7,True,fib_pullback,ABCAPITAL
2021-08-06,2021-08-10,121.94999694824219,116.0,-0.04879046410117972,-0.05139046410117972,bb_mid_break,4,45.0,0.03,0.74,3.35,True,fib_pullback,ABCAPITAL
2022-10-24,2022-11-03,114.3499984741211,119.75,0.04722345079087165,0.044623450790871655,rsi_overbought,10,62.6,0.0625,0.79,1.07,True,fib_pullback,ABCAPITAL
2023-02-28,2023-03-13,145.85000610351562,147.0500030517578,0.008227609859614961,0.005627609859614961,bb_mid_break,13,44.3,0.0286,0.68,1.57,True,fib_pullback,ABCAPITAL
2023-10-17,2023-10-23,182.6999969482422,172.5500030517578,-0.055555523076225376,-0.058155523076225374,bb_mid_break,6,59.8,0.7238,0.87,1.12,True,fib_pullback,ABCAPITAL
2024-09-02,2024-09-06,226.9600067138672,216.77999877929688,-0.044853752350318014,-0.04745375235031801,bb_mid_break,4,63.7,1.496,0.9,1.73,True,fib_pullback,ABCAPITAL
2024-09-13,2024-09-26,226.10000610351562,236.24000549316406,0.04484740873914895,0.04224740873914895,rsi_overbought,13,55.2,0.1998,0.86,1.07,True,fib_pullback,ABCAPITAL
2026-02-10,2026-02-11,353.75,344.25,-0.02685512367491166,-0.02945512367491166,bb_mid_break,1,48.8,0.4564,0.63,1.06,True,fib_pullback,ABCAPITAL
2026-02-25,2026-02-27,353.1000061035156,344.45001220703125,-0.024497291835074403,-0.027097291835074405,bb_mid_break,2,57.7,0.8272,0.86,2.44,True,fib_pullback,ABCAPITAL
2026-04-08,2026-04-22,338.3999938964844,350.70001220703125,0.03634757249525666,0.03374757249525666,rsi_overbought,14,57.9,2.9666,1.01,1.68,True,fib_pullback,ABCAPITAL
2017-07-12,2017-07-24,175.01231384277344,170.57664489746094,-0.02534489629853926,-0.027944896298539263,macd_bear_cross,12,53.8,0.2697,0.7,1.41,True,fib_pullback,ABFRL
2017-09-06,2017-09-13,175.01231384277344,167.1759490966797,-0.04477607646016119,-0.04737607646016119,bb_mid_break,7,60.3,0.9398,1.09,1.59,True,fib_pullback,ABFRL
2018-11-02,2018-11-13,190.3893585205078,190.09364318847656,-0.0015532135531587338,-0.0041532135531587334,rsi_overbought,11,56.9,1.3038,0.96,4.11,True,fib_pullback,ABFRL
2019-07-02,2019-07-04,213.3070526123047,208.18136596679688,-0.024029616380401554,-0.026629616380401556,bb_mid_break,2,48.7,0.6648,0.66,2.24,True,fib_pullback,ABFRL
2021-02-09,2021-02-10,165.6999969482422,165.0,-0.00422448377268732,-0.00682448377268732,bb_mid_break,1,41.2,0.0611,0.5,1.29,True,fib_pullback,ABFRL
2021-05-24,2021-06-08,191.5500030517578,205.6999969482422,0.07387101890393065,0.07127101890393064,rsi_overbought,15,64.1,1.7867,0.96,1.05,True,fib_pullback,ABFRL
2021-09-02,2021-09-13,218.6999969482422,215.89999389648438,-0.012802940515908945,-0.015402940515908944,rsi_overbought,11,60.9,1.5709,1.04,2.51,True,fib_pullback,ABFRL
2021-09-23,2021-10-08,218.60000610351562,256.6499938964844,0.17406215338782102,0.17146215338782103,rsi_overbought,15,49.9,0.0171,0.74,2.64,True,fib_pullback,ABFRL
2022-01-04,2022-01-13,286.3500061035156,308.45001220703125,0.07717829800054715,0.07457829800054715,rsi_overbought,9,52.2,0.8289,1.0,1.26,True,fib_pullback,ABFRL
2024-01-11,2024-01-12,233.9499969482422,233.0,-0.004060683738552728,-0.006660683738552728,macd_bear_cross,1,62.3,0.0272,0.64,1.14,True,fib_pullback,ABFRL
2024-04-02,2024-04-04,236.14999389648438,237.0,0.003599433095425878,0.0009994330954258782,rsi_overbought,2,60.7,2.6262,0.99,10.74,True,fib_pullback,ABFRL
2024-09-12,2024-09-24,326.3999938964844,348.1000061035156,0.06648288177944411,0.06388288177944411,rsi_overbought,12,55.8,0.9208,1.02,1.7,True,fib_pullback,ABFRL
2021-02-03,2021-02-11,317.7702941894531,351.6217346191406,0.10652802055029548,0.10392802055029547,rsi_overbought,8,58.1,1.7237,1.01,2.88,True,fib_pullback,ADVENZYMES
2021-09-17,2021-09-24,377.0899353027344,359.3673400878906,-0.0469983246851066,-0.049598324685106596,bb_mid_break,7,63.2,3.5498,0.84,1.38,True,fib_pullback,ADVENZYMES
2021-10-06,2021-10-19,378.4132080078125,366.0310363769531,-0.03272129875182301,-0.03532129875182301,macd_bear_cross,13,56.8,0.9164,0.76,1.07,True,fib_pullback,ADVENZYMES
2023-01-17,2023-01-20,279.3509521484375,266.73291015625,-0.045169139017226995,-0.04776913901722699,bb_mid_break,3,62.9,0.974,1.11,2.52,True,fib_pullback,ADVENZYMES
2023-10-20,2023-10-23,320.3374328613281,294.7104382324219,-0.07999999999999995,-0.08259999999999995,stop_loss,3,62.6,0.3046,0.75,1.31,True,fib_pullback,ADVENZYMES
2024-11-05,2024-11-11,482.6210632324219,444.0113781738281,-0.08000000000000002,-0.08260000000000002,stop_loss,6,46.7,3.7926,0.78,1.5,True,fib_pullback,ADVENZYMES
2025-11-12,2025-11-21,329.4286804199219,315.83734130859375,-0.04125730368710848,-0.04385730368710848,bb_mid_break,9,62.6,2.0777,1.34,12.27,True,fib_pullback,ADVENZYMES
2017-02-09,2017-02-17,1091.325927734375,1056.427978515625,-0.031977568141535115,-0.03457756814153511,bb_mid_break,8,56.3,4.5879,0.84,1.54,True,fib_pullback,AJANTPHARM
2019-11-06,2019-11-07,619.6337280273438,606.9892578125,-0.020406362086031835,-0.023006362086031837,macd_bear_cross,1,61.5,1.2052,0.62,2.93,True,fib_pullback,AJANTPHARM
2019-11-21,2019-12-03,625.36474609375,609.8190307617188,-0.024858637185954758,-0.02745863718595476,macd_bear_cross,12,41.1,0.9328,0.68,1.5,True,fib_pullback,AJANTPHARM
2020-07-17,2020-08-03,906.58349609375,1022.3539428710938,0.12769970695051336,0.12509970695051337,rsi_overbought,17,54.1,0.4871,0.8,1.92,True,fib_pullback,AJANTPHARM
2020-10-22,2020-10-26,1010.1903686523438,980.30908203125,-0.02957985697384665,-0.03217985697384665,bb_mid_break,4,57.7,1.6921,0.94,1.74,True,fib_pullback,AJANTPHARM
2020-10-29,2020-10-30,1015.86865234375,976.2753295898438,-0.038974844496440515,-0.04157484449644051,bb_mid_break,1,61.9,2.2306,0.96,4.06,True,fib_pullback,AJANTPHARM
2020-11-03,2020-11-09,998.5543212890625,976.3372802734375,-0.022249206219391634,-0.024849206219391635,macd_bear_cross,6,56.6,0.515,0.73,1.15,True,fib_pullback,AJANTPHARM
2021-04-20,2021-05-06,1122.3167724609375,1249.50927734375,0.11333030745313882,0.11073030745313882,rsi_overbought,16,51.3,0.9507,0.7,2.49,True,fib_pullback,AJANTPHARM
2021-12-27,2022-01-10,1366.252197265625,1451.6998291015625,0.0625416244577317,0.059941624457731706,rsi_overbought,14,62.5,4.1031,1.12,2.36,True,fib_pullback,AJANTPHARM
2022-10-28,2022-11-04,1232.797119140625,1181.7166748046875,-0.04143459093378264,-0.04403459093378264,bb_mid_break,7,63.3,6.1578,1.07,5.09,True,fib_pullback,AJANTPHARM
2024-03-22,2024-03-26,2090.1259765625,2158.832275390625,0.03287184581147686,0.030271845811476863,rsi_overbought,4,54.8,3.3369,0.8,1.29,True,fib_pullback,AJANTPHARM
2024-04-05,2024-04-08,2118.57958984375,2073.811279296875,-0.02113128567908877,-0.023731285679088773,macd_bear_cross,3,57.0,5.4103,0.61,1.06,True,fib_pullback,AJANTPHARM
2024-04-26,2024-05-03,2130.1357421875,2314.987060546875,0.08677912618354812,0.08417912618354811,rsi_overbought,7,54.1,2.768,0.66,1.97,True,fib_pullback,AJANTPHARM
2024-12-27,2025-01-03,2982.907958984375,2816.07470703125,-0.05592973509310983,-0.058529735093109825,bb_mid_break,7,64.2,12.0263,0.98,5.24,True,fib_pullback,AJANTPHARM
2025-01-06,2025-01-10,2888.099853515625,2777.318603515625,-0.03835783235304287,-0.040957832353042865,bb_mid_break,4,53.3,12.2921,0.72,1.43,True,fib_pullback,AJANTPHARM
2026-05-04,2026-05-06,2874.3681640625,3068.192626953125,0.06743202395363383,0.06483202395363383,rsi_overbought,2,50.4,13.3417,0.99,1.98,True,fib_pullback,AJANTPHARM
2016-11-30,2016-12-02,586.2088012695312,558.0897216796875,-0.04796768579548324,-0.050567685795483236,bb_mid_break,2,57.0,3.4107,0.73,1.0,True,fib_pullback,APLLTD
2018-01-31,2018-02-02,506.1642761230469,465.67113403320315,-0.07999999999999996,-0.08259999999999997,stop_loss,2,50.0,0.6516,0.86,3.94,False,golden_cross,APLLTD
2018-04-05,2018-04-06,491.3927001953125,482.6902770996094,-0.017709711789052212,-0.020309711789052214,bb_mid_break,1,58.2,1.3274,0.96,3.46,True,fib_pullback,APLLTD
2018-11-30,2018-12-07,555.3734741210938,554.0691528320312,-0.0023485480489082657,-0.004948548048908266,rsi_overbought,7,63.3,2.7511,1.07,5.57,True,fib_pullback,APLLTD
2019-01-09,2019-01-24,532.841796875,529.37890625,-0.006498909517438557,-0.009098909517438556,bb_mid_break,15,47.3,0.3373,0.54,1.14,True,fib_pullback,APLLTD
2020-01-14,2020-01-21,510.92694091796875,545.0130004882812,0.0667141558616404,0.06411415586164039,rsi_overbought,7,58.3,0.0127,0.64,4.08,True,fib_pullback,APLLTD
2020-10-21,2020-10-26,920.8176879882812,888.393798828125,-0.03521206160906076,-0.03781206160906076,bb_mid_break,5,63.1,3.7053,0.9,1.43,True,fib_pullback,APLLTD
2020-11-03,2020-11-09,922.76025390625,900.3273315429688,-0.024310672537441534,-0.026910672537441536,bb_mid_break,6,61.6,0.6757,0.91,1.59,True,fib_pullback,APLLTD
2024-05-03,2024-05-10,987.0617065429688,940.1321411132812,-0.04754471287722331,-0.05014471287722331,bb_mid_break,7,57.5,5.5867,0.91,4.89,True,fib_pullback,APLLTD
2024-07-04,2024-07-10,926.6893310546875,949.1904296875,0.024281167246420605,0.021681167246420604,rsi_overbought,6,64.4,11.9626,0.97,1.36,True,fib_pullback,APLLTD
2025-08-19,2025-08-21,978.3986206054688,953.7157592773438,-0.025227816973873437,-0.02782781697387344,bb_mid_break,2,44.1,1.243,0.69,1.36,True,fib_pullback,APLLTD
2025-11-17,2025-11-18,934.9448852539062,900.1621704101562,-0.03720295751369765,-0.03980295751369765,bb_mid_break,1,58.3,1.9842,0.93,1.61,True,fib_pullback,APLLTD
2018-02-26,2018-03-14,2026.822509765625,2021.6685791015625,-0.0025428623568318686,-0.0051428623568318685,macd_bear_cross,16,59.0,2.3594,0.73,1.07,True,fib_pullback,ALKEM
2020-11-09,2020-11-12,2604.9912109375,2497.633544921875,-0.04121229490712503,-0.04381229490712503,bb_mid_break,3,64.5,17.8713,1.04,1.79,True,fib_pullback,ALKEM
2020-11-23,2020-12-07,2596.244384765625,2747.2880859375,0.05817776710781809,0.055577767107818095,rsi_overbought,14,62.7,5.5059,0.93,1.45,True,fib_pullback,ALKEM
2021-06-01,2021-06-14,2942.67822265625,3058.18408203125,0.03925195031033227,0.03665195031033227,rsi_overbought,13,57.0,1.1709,1.02,1.95,False,golden_cross,ALKEM
2023-06-19,2023-06-22,3304.7080078125,3253.0380859375,-0.01563524576236377,-0.01823524576236377,macd_bear_cross,3,57.0,2.7661,0.7,1.16,True,fib_pullback,ALKEM
2023-06-28,2023-07-13,3347.0048828125,3410.134765625,0.018861604635441027,0.016261604635441025,rsi_overbought,15,50.6,3.8843,1.02,3.63,True,fib_pullback,ALKEM
2023-10-31,2023-11-07,3623.344482421875,3920.7587890625,0.08208281273930396,0.07948281273930395,rsi_overbought,7,64.1,18.6441,1.01,1.08,True,fib_pullback,ALKEM
2026-01-06,2026-01-21,5600.25,5601.240234375,0.0001768196732288737,-0.0024231803267711263,bb_mid_break,15,49.5,5.8692,0.8,1.54,True,fib_pullback,ALKEM
2026-03-10,2026-03-12,5606.4658203125,5434.27392578125,-0.030713090929296374,-0.03331309092929637,macd_bear_cross,2,59.0,5.65,0.61,1.0,True,fib_pullback,ALKEM
2026-04-15,2026-04-24,5565.5390625,5225.6474609375,-0.061070742248967906,-0.0636707422489679,bb_mid_break,9,62.7,35.402,1.16,1.49,True,fib_pullback,ALKEM
2016-09-09,2016-09-28,40.495628356933594,40.07533645629883,-0.010378698088847014,-0.012978698088847013,macd_bear_cross,19,52.1,0.0281,0.85,1.94,True,fib_pullback,ALLCARGO
2020-11-09,2020-12-10,28.061111450195312,32.51395797729492,0.15868389728620733,0.15608389728620733,rsi_overbought,31,58.8,0.0126,0.82,1.29,True,fib_pullback,ALLCARGO
2021-03-03,2021-03-17,31.742597579956055,30.772554397583008,-0.03055966607425925,-0.03315966607425925,bb_mid_break,14,57.4,0.0835,1.17,2.88,True,fib_pullback,ALLCARGO
2021-05-17,2021-06-14,30.324445724487305,33.45777130126953,0.10332672211884927,0.10072672211884927,rsi_overbought,28,63.0,0.1415,0.88,2.01,True,fib_pullback,ALLCARGO
2022-06-02,2022-06-07,82.4015884399414,76.4849624633789,-0.07180232916110406,-0.07440232916110406,bb_mid_break,5,57.8,0.8994,0.97,1.24,True,fib_pullback,ALLCARGO
2023-01-20,2023-01-27,103.31339263916016,95.04832122802735,-0.07999999999999996,-0.08259999999999997,stop_loss,7,63.6,1.0983,1.06,1.9,True,fib_pullback,ALLCARGO
2017-06-22,2017-07-03,213.16856384277344,215.3441925048828,0.01020614213882893,0.007606142138828932,rsi_overbought,11,57.8,1.027,0.96,2.27,True,fib_pullback,AMBUJACEM
2017-10-09,2017-10-11,245.39398193359375,239.9213409423828,-0.022301447444183425,-0.024901447444183426,bb_mid_break,2,47.9,0.4526,0.63,1.12,True,fib_pullback,AMBUJACEM
2017-12-29,2018-01-12,238.2138671875,235.8934326171875,-0.00974097183219845,-0.012340971832198452,bb_mid_break,14,57.1,0.9407,0.85,1.1,True,fib_pullback,AMBUJACEM
2018-01-15,2018-01-19,242.5044403076172,235.19297790527344,-0.030149808362556787,-0.03274980836255679,macd_bear_cross,4,55.9,0.2586,0.9,1.4,True,fib_pullback,AMBUJACEM
2019-07-15,2019-07-19,195.30621337890625,190.32568359375,-0.025501133317728665,-0.028101133317728667,bb_mid_break,4,55.1,0.6563,0.92,1.17,True,fib_pullback,AMBUJACEM
2020-07-24,2020-08-03,180.2903289794922,198.41355895996094,0.10052247440588034,0.09792247440588034,rsi_overbought,10,56.8,0.3009,0.81,1.13,False,golden_cross,AMBUJACEM
2021-01-05,2021-01-11,243.7371368408203,259.2224426269531,0.06353281238486831,0.060932812384868314,rsi_overbought,6,56.2,0.9338,0.79,1.04,True,fib_pullback,AMBUJACEM
2022-01-04,2022-01-07,375.71600341796875,382.25933837890625,0.017415640806916353,0.014815640806916351,rsi_overbought,3,56.4,3.2038,0.96,1.48,True,fib_pullback,AMBUJACEM
2022-02-03,2022-02-04,367.48858642578125,366.045166015625,-0.003927796572391688,-0.006527796572391688,death_cross,1,42.7,0.4606,0.52,1.18,True,fib_pullback,AMBUJACEM
2022-07-21,2022-07-26,364.3487243652344,363.5625,-0.002157889715695119,-0.004757889715695119,macd_bear_cross,5,58.0,0.0713,0.76,1.04,True,fib_pullback,AMBUJACEM
2023-10-11,2023-10-20,439.96405029296875,425.87847900390625,-0.03201527779299928,-0.03461527779299928,bb_mid_break,9,62.4,1.904,0.86,1.03,True,fib_pullback,AMBUJACEM
2023-11-28,2023-12-01,426.2244567871094,436.8998107910156,0.02504631968887317,0.02244631968887317,rsi_overbought,3,62.8,1.0825,1.13,3.91,True,fib_pullback,AMBUJACEM
2025-10-29,2025-10-31,568.933837890625,562.6151733398438,-0.011106150012465923,-0.013706150012465924,bb_mid_break,2,54.2,0.0383,0.74,2.6,True,fib_pullback,AMBUJACEM
2025-11-03,2025-11-06,574.3569946289062,555.649658203125,-0.03257092122272858,-0.03517092122272858,bb_mid_break,3,56.8,1.3462,1.0,3.75,True,fib_pullback,AMBUJACEM
2017-07-24,2017-07-31,1253.3067626953125,1221.248046875,-0.025579304903269078,-0.02817930490326908,bb_mid_break,7,55.7,2.7001,0.94,1.25,True,fib_pullback,APOLLOHOSP
2018-02-01,2018-02-02,1188.503662109375,1128.42236328125,-0.05055205191500358,-0.05315205191500358,bb_mid_break,1,57.5,3.7699,1.07,3.42,False,golden_cross,APOLLOHOSP
2018-02-19,2018-03-05,1156.9515380859375,1139.1029052734375,-0.015427295115600786,-0.018027295115600788,macd_bear_cross,14,56.0,4.2626,0.79,2.4,True,fib_pullback,APOLLOHOSP
2018-10-11,2018-10-15,1098.460693359375,1110.0706787109375,0.010569322527195927,0.007969322527195927,rsi_overbought,4,59.5,6.0718,0.83,1.07,False,golden_cross,APOLLOHOSP
2019-04-01,2019-04-04,1243.808349609375,1230.82666015625,-0.010437049612347411,-0.01303704961234741,rsi_overbought,3,64.7,12.5899,1.25,1.24,True,fib_pullback,APOLLOHOSP
2019-10-14,2019-10-22,1428.093017578125,1494.640869140625,0.04659910155947489,0.04399910155947489,rsi_overbought,8,45.9,2.2344,0.74,1.41,True,fib_pullback,APOLLOHOSP
2019-11-26,2019-12-02,1434.6346435546875,1393.171630859375,-0.02890144391925243,-0.03150144391925243,bb_mid_break,6,58.7,4.306,0.75,1.21,True,fib_pullback,APOLLOHOSP
2019-12-04,2019-12-09,1446.29150390625,1388.7940673828125,-0.039755081439768,-0.042355081439767996,bb_mid_break,5,61.4,1.7654,0.89,1.69,True,fib_pullback,APOLLOHOSP
2022-02-28,2022-03-22,4743.705078125,4620.04638671875,-0.026067955188969594,-0.028667955188969595,macd_bear_cross,22,63.1,32.6127,1.06,2.17,True,fib_pullback,APOLLOHOSP
2022-10-27,2022-11-04,4389.2978515625,4320.712890625,-0.015625497119792216,-0.018225497119792218,macd_bear_cross,8,54.3,8.9645,0.86,1.12,True,fib_pullback,APOLLOHOSP
2023-04-13,2023-04-26,4361.95361328125,4373.9541015625,0.00275117283336324,0.00015117283336324016,death_cross,13,63.2,10.7305,1.0,3.12,True,fib_pullback,APOLLOHOSP
2023-09-11,2023-10-04,5063.15283203125,5014.9140625,-0.00952741723024336,-0.01212741723024336,bb_mid_break,23,63.6,28.4638,1.07,1.24,True,fib_pullback,APOLLOHOSP
2024-03-28,2024-04-18,6321.5849609375,6040.5009765625,-0.04446416304010487,-0.04706416304010487,macd_bear_cross,21,63.5,26.7612,0.92,1.21,True,fib_pullback,APOLLOHOSP
2024-12-04,2024-12-24,7203.33935546875,7210.95849609375,0.0010577234042452234,-0.0015422765957547764,macd_bear_cross,20,57.7,27.5995,0.78,1.18,True,fib_pullback,APOLLOHOSP
2025-10-09,2025-10-17,7684.7978515625,7891.02392578125,0.026835588678083364,0.024235588678083363,rsi_overbought,8,40.3,0.7781,0.52,1.07,True,fib_pullback,APOLLOHOSP
2026-01-06,2026-01-07,7338.2578125,7437.6259765625,0.013541111064977318,0.010941111064977319,rsi_overbought,1,64.5,40.0447,1.24,1.78,True,fib_pullback,APOLLOHOSP
2017-01-10,2017-01-13,168.89842224121094,163.07882690429688,-0.03445618531949845,-0.03705618531949845,bb_mid_break,3,52.8,0.4441,0.72,1.08,True,fib_pullback,APOLLOTYRE
2017-02-28,2017-03-02,162.94854736328125,157.563232421875,-0.03304917428567255,-0.03564917428567255,bb_mid_break,2,58.7,0.9002,0.91,1.16,True,fib_pullback,APOLLOTYRE
2017-03-14,2017-03-22,161.6456756591797,177.75808715820312,0.09967734325906435,0.09707734325906435,rsi_overbought,8,61.5,0.2241,0.86,1.36,True,fib_pullback,APOLLOTYRE
2017-09-20,2017-09-22,230.5893096923828,221.00523376464844,-0.04156340092487371,-0.04416340092487371,bb_mid_break,2,59.5,0.7301,0.87,1.53,True,fib_pullback,APOLLOTYRE
2017-11-21,2017-11-27,216.03733825683594,225.7972412109375,0.045176926511187175,0.04257692651118718,rsi_overbought,6,51.0,0.8435,0.86,1.88,True,fib_pullback,APOLLOTYRE
2018-02-20,2018-02-21,232.7435302734375,230.50137329101562,-0.009633595313208874,-0.012233595313208875,macd_bear_cross,1,53.6,0.0352,0.59,1.27,True,fib_pullback,APOLLOTYRE
2023-03-31,2023-04-19,305.7128601074219,317.7540588378906,0.03938728232184179,0.036787282321841794,rsi_overbought,19,59.7,0.8508,0.9,1.66,True,fib_pullback,APOLLOTYRE
2024-06-18,2024-06-25,468.2630920410156,501.5379638671875,0.07106020609298265,0.06846020609298265,rsi_overbought,7,55.2,1.3081,0.73,1.01,True,fib_pullback,APOLLOTYRE
2024-09-11,2024-09-26,511.5959777832031,551.2614135742188,0.07753273581799831,0.07493273581799831,rsi_overbought,15,63.2,3.2675,0.99,1.19,True,fib_pullback,APOLLOTYRE
2024-11-26,2024-12-05,507.98114013671875,528.00927734375,0.039426930695972,0.036826930695972,rsi_overbought,9,62.5,4.4621,1.04,1.23,True,fib_pullback,APOLLOTYRE
2026-01-06,2026-01-09,512.97265625,498.0623779296875,-0.029066419308412212,-0.031666419308412214,bb_mid_break,3,54.9,0.7228,0.85,2.91,True,fib_pullback,APOLLOTYRE
2026-01-13,2026-01-16,513.9600830078125,502.16021728515625,-0.022958720166750546,-0.025558720166750547,bb_mid_break,3,54.5,1.5246,0.9,1.71,True,fib_pullback,APOLLOTYRE
2026-02-10,2026-02-12,504.3158874511719,495.9139404296875,-0.016660087914239775,-0.019260087914239776,bb_mid_break,2,52.3,1.0751,0.6,1.05,True,fib_pullback,APOLLOTYRE
2017-05-11,2017-05-19,35.86791229248047,35.2877197265625,-0.016175810880400845,-0.018775810880400846,bb_mid_break,8,64.0,0.1136,0.77,1.07,True,fib_pullback,ASHOKLEY
2017-11-27,2017-12-04,51.993473052978516,48.94369888305664,-0.05865686577263883,-0.06125686577263883,bb_mid_break,7,52.8,0.2053,0.73,1.67,True,fib_pullback,ASHOKLEY
2021-05-18,2021-05-21,55.25988006591797,56.383506774902344,0.020333498871948907,0.017733498871948906,rsi_overbought,3,63.4,0.3956,1.29,2.36,True,fib_pullback,ASHOKLEY
2023-01-02,2023-01-19,67.6142578125,66.38615417480469,-0.01816338265667201,-0.020763382656672012,macd_bear_cross,17,57.1,0.263,1.03,1.88,True,fib_pullback,ASHOKLEY
2024-02-05,2024-02-09,82.8361587524414,80.15582275390625,-0.03235707737903962,-0.034957077379039615,bb_mid_break,4,54.8,0.2146,0.9,3.89,True,fib_pullback,ASHOKLEY
2017-01-24,2017-01-27,113.68040466308594,121.55565643310547,0.06927536714317103,0.06667536714317103,rsi_overbought,3,60.9,0.6541,1.03,3.94,False,golden_cross,ASHOKA
2017-08-14,2017-08-21,124.61167907714844,121.56753540039062,-0.02442903987252391,-0.027029039872523912,bb_mid_break,7,53.0,0.1351,0.8,2.76,True,fib_pullback,ASHOKA
2017-08-30,2017-09-07,126.56390380859375,122.49401092529297,-0.03215682165948198,-0.034756821659481976,bb_mid_break,8,61.9,0.4849,0.88,7.38,True,fib_pullback,ASHOKA
2017-10-24,2017-10-31,127.91307830810547,141.50177001953125,0.10623379478597621,0.1036337947859762,rsi_overbought,7,60.9,0.0234,0.78,2.53,True,fib_pullback,ASHOKA
2018-07-12,2018-07-16,164.4499969482422,153.1999969482422,-0.06840985228805291,-0.07100985228805291,bb_mid_break,4,63.7,2.0895,1.04,4.66,True,fib_pullback,ASHOKA
2021-08-16,2021-08-17,106.55000305175781,102.55000305175781,-0.037541059459725745,-0.04014105945972574,macd_bear_cross,1,59.5,0.0002,0.78,1.09,True,fib_pullback,ASHOKA
2021-10-05,2021-10-06,101.0,99.25,-0.017326732673267328,-0.01992673267326733,bb_mid_break,1,47.8,0.2855,0.65,1.21,True,fib_pullback,ASHOKA
2021-10-07,2021-10-08,103.0999984741211,116.0999984741211,0.12609117548399482,0.12349117548399481,rsi_overbought,1,58.4,0.5348,0.89,3.23,True,fib_pullback,ASHOKA
2022-01-03,2022-01-19,102.69999694824219,100.75,-0.018987312621098998,-0.021587312621099,macd_bear_cross,16,60.5,1.331,0.93,1.27,True,fib_pullback,ASHOKA
2023-07-07,2023-07-12,82.05000305175781,92.69999694824219,0.12979882389238026,0.12719882389238027,rsi_overbought,5,62.0,0.2476,1.08,2.25,True,fib_pullback,ASHOKA
2024-04-03,2024-04-10,172.1999969482422,172.89999389648438,0.004065023000276732,0.001465023000276732,rsi_overbought,7,62.1,1.2646,0.76,1.33,True,fib_pullback,ASHOKA
2024-09-13,2024-09-18,254.0,241.97999572753906,-0.04732285146638164,-0.04992285146638164,macd_bear_cross,5,61.7,1.2323,0.74,1.09,True,fib_pullback,ASHOKA
2024-10-10,2024-10-21,244.02999877929688,238.94000244140625,-0.02085807631583061,-0.023458076315830613,bb_mid_break,11,53.6,0.2936,0.63,1.78,True,fib_pullback,ASHOKA
2024-11-26,2024-12-04,241.17999267578125,260.7900085449219,0.08130863448321939,0.07870863448321938,rsi_overbought,8,51.6,0.6446,0.8,2.25,True,fib_pullback,ASHOKA
2017-08-30,2017-09-11,1069.5684814453125,1148.1156005859375,0.07343813930874621,0.0708381393087462,rsi_overbought,12,52.8,0.5645,0.73,1.04,True,fib_pullback,ASIANPAINT
2017-10-17,2017-10-24,1110.186279296875,1134.06591796875,0.021509578272755202,0.0189095782727552,rsi_overbought,7,59.1,1.9007,0.65,1.36,True,fib_pullback,ASIANPAINT
2017-12-29,2018-01-05,1076.757080078125,1101.619384765625,0.023089984869842782,0.02048998486984278,rsi_overbought,7,63.1,4.2472,0.97,1.5,True,fib_pullback,ASIANPAINT
2018-11-09,2018-11-13,1212.7769775390625,1202.76123046875,-0.008258523418408065,-0.010858523418408067,rsi_overbought,4,59.9,11.6628,0.99,1.25,True,fib_pullback,ASIANPAINT
2019-07-17,2019-07-26,1313.7158203125,1436.57958984375,0.09352385624923341,0.09092385624923341,rsi_overbought,9,60.7,4.6526,0.97,1.41,True,fib_pullback,ASIANPAINT
2021-03-26,2021-04-20,2377.232666015625,2423.255859375,0.019359986936622595,0.016759986936622593,macd_bear_cross,25,61.3,10.9146,1.04,1.35,True,fib_pullback,ASIANPAINT
2021-08-26,2021-09-01,2898.71923828125,3149.620849609375,0.08655602378272867,0.08395602378272866,rsi_overbought,6,57.4,5.0018,0.7,1.15,True,fib_pullback,ASIANPAINT
2021-11-17,2021-11-25,3084.1201171875,3002.010498046875,-0.026623353183631245,-0.029223353183631246,bb_mid_break,8,64.8,15.0221,0.91,1.03,True,fib_pullback,ASIANPAINT
2021-12-10,2021-12-24,3134.626708984375,3136.202392578125,0.0005026702507299584,-0.0020973297492700416,rsi_overbought,14,51.9,8.3784,1.0,1.84,True,fib_pullback,ASIANPAINT
2023-09-25,2023-09-28,3217.084716796875,3069.069091796875,-0.046009240672832935,-0.04860924067283293,bb_mid_break,3,64.8,9.1171,1.08,1.71,True,fib_pullback,ASIANPAINT
2020-09-17,2020-09-22,103.20458984375,94.94822265625001,-0.0799999999999999,-0.08259999999999991,stop_loss,5,44.9,0.356,0.64,1.53,True,fib_pullback,ASTERDM
2021-04-09,2021-04-16,112.07875061035156,103.11245056152345,-0.07999999999999993,-0.08259999999999994,stop_loss,7,60.7,0.8375,1.2,8.64,True,fib_pullback,ASTERDM
2021-11-12,2021-11-22,157.0159912109375,144.4547119140625,-0.08,-0.0826,stop_loss,10,62.0,1.9789,0.94,1.95,True,fib_pullback,ASTERDM
2022-01-05,2022-01-19,144.59214782714844,145.53622436523438,0.006529237944611809,0.003929237944611809,rsi_overbought,14,54.1,1.0683,0.81,4.53,True,fib_pullback,ASTERDM
2022-02-01,2022-02-02,141.94879150390625,140.40052795410156,-0.010907197823956686,-0.013507197823956686,bb_mid_break,1,54.7,0.0243,0.58,1.47,True,fib_pullback,ASTERDM
2022-02-09,2022-02-11,145.7250213623047,140.17396545410156,-0.03809267520642162,-0.04069267520642162,bb_mid_break,2,50.3,0.2423,0.86,3.09,True,fib_pullback,ASTERDM
2022-12-22,2022-12-23,182.16574096679688,170.23281860351562,-0.06550585362511302,-0.06810585362511302,bb_mid_break,1,58.5,1.2209,1.08,5.46,True,fib_pullback,ASTERDM
2023-02-16,2023-03-01,168.87338256835938,165.39923095703125,-0.020572523381071024,-0.023172523381071026,bb_mid_break,13,64.4,1.097,1.01,3.65,True,fib_pullback,ASTERDM
2024-05-31,2024-06-04,356.9134826660156,328.3604040527344,-0.07999999999999995,-0.08259999999999995,stop_loss,4,62.2,1.1998,0.71,3.08,True,fib_pullback,ASTERDM
2024-06-21,2024-06-25,360.4438781738281,347.84234619140625,-0.034961148587865996,-0.037561148587865995,bb_mid_break,4,51.9,0.5264,0.7,9.97,True,fib_pullback,ASTERDM
2025-08-13,2025-08-26,609.3607788085938,597.38330078125,-0.019655807271944548,-0.02225580727194455,macd_bear_cross,13,56.8,0.8861,1.05,1.05,True,fib_pullback,ASTERDM
2019-01-10,2019-01-23,1542.0447998046875,1620.31103515625,0.05075483887463941,0.048154838874639415,rsi_overbought,13,64.8,13.8799,1.21,13.3,True,fib_pullback,ASTRAZEN
2020-01-29,2020-02-04,2650.2265625,2492.034912109375,-0.059689859210150076,-0.062289859210150074,bb_mid_break,6,60.8,18.7358,1.2,1.09,True,fib_pullback,ASTRAZEN
2020-02-10,2020-02-26,2697.64453125,2610.85009765625,-0.03217415511506711,-0.03477415511506711,bb_mid_break,16,62.4,9.5368,1.04,1.94,True,fib_pullback,ASTRAZEN
2020-08-25,2020-08-27,3325.574462890625,3467.276611328125,0.04260982576656274,0.04000982576656274,rsi_overbought,2,58.6,4.1416,0.86,1.19,True,fib_pullback,ASTRAZEN
2023-02-23,2023-02-27,3350.7255859375,3282.146484375,-0.02046694060842116,-0.02306694060842116,bb_mid_break,4,60.7,7.212,0.86,1.64,True,fib_pullback,ASTRAZEN
2023-03-02,2023-03-06,3356.190673828125,3262.25732421875,-0.027988084926722327,-0.03058808492672233,bb_mid_break,4,53.7,7.4212,0.89,1.09,True,fib_pullback,ASTRAZEN
2023-03-21,2023-03-22,3316.3134765625,3253.6416015625,-0.018898055157608944,-0.021498055157608945,bb_mid_break,1,52.5,3.6213,0.67,1.02,True,fib_pullback,ASTRAZEN
2024-09-03,2024-09-16,6822.994140625,6694.45947265625,-0.018838454983192462,-0.021438454983192464,macd_bear_cross,13,63.2,1.0157,0.77,1.48,True,fib_pullback,ASTRAZEN
2025-01-09,2025-01-15,7033.431640625,6683.09912109375,-0.04980961462790573,-0.05240961462790573,macd_bear_cross,6,64.1,42.5389,0.71,2.73,True,fib_pullback,ASTRAZEN
2018-02-26,2018-02-27,362.7656555175781,388.35675048828125,0.07054442608187611,0.0679444260818761,rsi_overbought,1,56.0,1.4171,1.05,2.24,True,fib_pullback,ASTRAL
2019-02-11,2019-02-18,508.3258361816406,489.8829345703125,-0.03628165302370723,-0.038881653023707226,macd_bear_cross,7,64.8,1.7604,0.73,2.33,True,fib_pullback,ASTRAL
2019-05-22,2019-06-17,531.0624389648438,572.6646728515625,0.07833774493223539,0.07573774493223538,macd_bear_cross,26,46.4,0.3824,0.52,2.73,True,fib_pullback,ASTRAL
2020-09-08,2020-09-10,704.8264770507812,669.1326904296875,-0.05064194916520153,-0.05324194916520153,macd_bear_cross,2,63.0,2.8147,0.91,1.68,False,golden_cross,ASTRAL
2020-11-06,2020-11-10,649.2811279296875,707.2764892578125,0.08932241957047223,0.08672241957047222,rsi_overbought,4,62.6,0.7465,0.82,1.09,True,fib_pullback,ASTRAL
2021-09-22,2021-09-28,1583.500732421875,1564.2088623046875,-0.012183050959301845,-0.014783050959301845,macd_bear_cross,6,52.7,1.266,0.76,1.67,True,fib_pullback,ASTRAL
2021-09-29,2021-10-04,1593.425537109375,1750.0284423828125,0.098280654869841,0.095680654869841,rsi_overbought,5,59.1,1.2833,0.87,2.19,True,fib_pullback,ASTRAL
2021-12-10,2021-12-20,1693.5423583984375,1558.0589697265625,-0.07999999999999999,-0.08259999999999999,stop_loss,10,56.5,3.0407,0.7,1.13,True,fib_pullback,ASTRAL
2021-12-29,2022-01-07,1692.9844970703125,1812.33154296875,0.07049506129853286,0.06789506129853286,rsi_overbought,9,54.5,3.2729,0.79,1.81,True,fib_pullback,ASTRAL
2023-01-06,2023-01-12,1534.7999267578125,1537.407470703125,0.0016989471395276942,-0.0009010528604723057,rsi_overbought,6,54.7,5.193,0.72,2.22,True,fib_pullback,ASTRAL
2023-10-16,2023-10-19,1938.529052734375,1833.520751953125,-0.05416906217274973,-0.056769062172749726,bb_mid_break,3,62.7,8.7056,0.91,1.97,True,fib_pullback,ASTRAL
2024-02-02,2024-02-21,1893.38623046875,1921.3026123046875,0.01474415593960783,0.01214415593960783,death_cross,19,59.7,13.3487,1.01,1.18,True,fib_pullback,ASTRAL
2025-10-28,2025-11-06,1448.81298828125,1564.6021728515625,0.0799200348884745,0.0773200348884745,rsi_overbought,9,61.6,2.7826,0.77,1.09,False,golden_cross,ASTRAL
2025-12-16,2025-12-17,1462.9000244140625,1428.9000244140625,-0.023241506208613313,-0.025841506208613314,bb_mid_break,1,49.4,0.3945,0.73,1.19,True,fib_pullback,ASTRAL
2026-01-05,2026-01-20,1492.800048828125,1392.0999755859375,-0.06745717440271982,-0.07005717440271983,macd_bear_cross,15,59.8,9.2116,1.11,1.55,True,fib_pullback,ASTRAL
2017-03-24,2017-03-29,2162.064697265625,2287.010009765625,0.05778981205234932,0.055189812052349324,rsi_overbought,5,60.2,7.0855,0.82,1.07,True,fib_pullback,ATUL
2017-07-06,2017-07-12,2383.3251953125,2344.17431640625,-0.016426998289302507,-0.01902699828930251,bb_mid_break,6,55.4,2.3612,0.81,3.64,True,fib_pullback,ATUL
2017-07-13,2017-07-18,2386.235595703125,2345.33203125,-0.017141461022029725,-0.019741461022029727,bb_mid_break,5,50.8,4.9136,0.75,2.65,True,fib_pullback,ATUL
2018-04-03,2018-04-25,2649.40576171875,2596.8779296875,-0.019826269267706885,-0.022426269267706887,macd_bear_cross,22,54.7,11.013,1.22,1.28,True,fib_pullback,ATUL
2020-06-01,2020-06-11,4603.8701171875,4419.8330078125,-0.039974435570616855,-0.04257443557061685,bb_mid_break,10,51.7,3.4585,0.82,1.61,True,fib_pullback,ATUL
2020-07-06,2020-07-28,4490.28515625,4998.921875,0.11327492599039768,0.11067492599039767,rsi_overbought,22,64.1,5.0808,0.75,1.43,True,fib_pullback,ATUL
2020-11-12,2020-11-18,6213.939453125,6369.8740234375,0.025094317620697165,0.022494317620697164,rsi_overbought,6,62.0,33.7231,1.02,1.53,True,fib_pullback,ATUL
2020-12-22,2021-01-19,6062.4111328125,6396.21435546875,0.055061132500492514,0.052461132500492516,macd_bear_cross,28,50.0,4.0079,0.6,1.08,True,fib_pullback,ATUL
2021-09-01,2021-09-14,9056.8603515625,9665.9970703125,0.06725694060689708,0.06465694060689707,rsi_overbought,13,64.2,14.2966,0.83,2.24,True,fib_pullback,ATUL
2021-09-22,2021-09-24,9282.75390625,9341.8779296875,0.006369233099855453,0.003769233099855453,macd_bear_cross,2,59.1,4.4739,0.61,1.11,True,fib_pullback,ATUL
2022-03-11,2022-03-25,9358.9013671875,9928.54296875,0.06086628966511765,0.058266289665117654,rsi_overbought,14,54.6,35.5282,0.86,2.2,True,fib_pullback,ATUL
2024-10-31,2024-11-11,7777.42724609375,7433.23095703125,-0.044255803130189904,-0.0468558031301899,bb_mid_break,11,48.6,5.6298,0.68,1.2,True,fib_pullback,ATUL
2020-11-11,2020-12-01,784.6798706054688,869.5521850585938,0.10816170725475151,0.1055617072547515,rsi_overbought,20,58.0,2.3658,0.93,2.19,True,fib_pullback,AUROPHARMA
2021-07-02,2021-07-07,965.2462158203125,937.0908813476562,-0.029169070037460335,-0.03176907003746034,bb_mid_break,5,50.0,2.7485,0.85,3.02,True,fib_pullback,AUROPHARMA
2024-03-28,2024-04-19,1084.6783447265625,1082.9847412109375,-0.0015613877827089302,-0.00416138778270893,macd_bear_cross,22,55.9,6.9782,0.91,1.06,True,fib_pullback,AUROPHARMA
2026-01-30,2026-02-02,1207.699951171875,1171.0,-0.030388302273477538,-0.032988302273477536,bb_mid_break,3,50.4,1.1763,0.73,6.84,True,fib_pullback,AUROPHARMA
2026-02-17,2026-02-18,1186.699951171875,1159.5999755859375,-0.0228364175452911,-0.025436417545291103,bb_mid_break,1,56.0,1.2508,0.67,1.51,True,fib_pullback,AUROPHARMA
2016-10-18,2016-10-21,170.7025604248047,179.08853149414062,0.04912621725454434,0.04652621725454434,rsi_overbought,3,59.5,1.0871,1.12,4.02,True,fib_pullback,AVANTIFEED
2018-01-05,2018-01-11,804.2020263671875,767.4683837890625,-0.045677132578316744,-0.04827713257831674,bb_mid_break,6,63.1,3.5008,1.2,3.8,True,fib_pullback,AVANTIFEED
2018-03-13,2018-03-15,731.2420043945312,707.518798828125,-0.03244234524799909,-0.03504234524799909,bb_mid_break,2,59.1,1.0191,0.78,2.71,True,fib_pullback,AVANTIFEED
2018-04-02,2018-04-04,712.009765625,675.246337890625,-0.05163331952631882,-0.05423331952631882,bb_mid_break,2,51.6,0.0818,0.68,1.42,True,fib_pullback,AVANTIFEED
2018-04-20,2018-05-10,703.3560180664062,688.1375122070312,-0.021636988194417027,-0.02423698819441703,macd_bear_cross,20,47.3,1.5187,0.88,4.49,True,fib_pullback,AVANTIFEED
2020-10-14,2020-10-16,475.5219421386719,466.7788391113281,-0.018386329320622775,-0.020986329320622776,macd_bear_cross,2,62.3,0.8482,0.64,2.71,True,fib_pullback,AVANTIFEED
2020-11-09,2020-11-13,468.26702880859375,453.7572937011719,-0.03098602766105233,-0.03358602766105233,bb_mid_break,4,56.4,0.9706,0.72,1.32,True,fib_pullback,AVANTIFEED
2020-11-27,2020-12-21,485.1486511230469,481.2421569824219,-0.008052159130159484,-0.010652159130159485,macd_bear_cross,24,59.9,2.8757,0.97,2.32,True,fib_pullback,AVANTIFEED
2021-02-01,2021-02-02,485.7996826171875,478.21929931640625,-0.015603928063400215,-0.018203928063400217,bb_mid_break,1,48.0,0.36,0.76,2.27,True,fib_pullback,AVANTIFEED
2021-11-09,2021-11-15,539.0596923828125,516.5635986328125,-0.041732101412665874,-0.04433210141266587,bb_mid_break,6,59.3,1.688,0.82,1.25,True,fib_pullback,AVANTIFEED
2024-04-23,2024-05-07,506.872802734375,498.0328674316406,-0.01744014524955073,-0.020040145249550733,bb_mid_break,14,61.5,0.1941,0.76,2.12,True,fib_pullback,AVANTIFEED
2024-11-19,2024-11-25,603.28125,564.8475952148438,-0.06370768987956488,-0.06630768987956488,bb_mid_break,6,63.9,5.095,1.1,1.7,True,fib_pullback,AVANTIFEED
2018-11-02,2018-11-06,1462.5,1424.0,-0.026324786324786326,-0.028924786324786327,death_cross,4,53.9,29.0101,0.98,2.05,True,fib_pullback,DMART
2019-02-25,2019-02-27,1495.949951171875,1450.1500244140625,-0.030615948562941184,-0.03321594856294118,bb_mid_break,2,54.3,7.0277,0.77,1.17,True,fib_pullback,DMART
2019-12-18,2019-12-31,1913.5,1838.3499755859375,-0.03927359519940554,-0.04187359519940554,bb_mid_break,13,58.7,10.9977,1.03,2.79,True,fib_pullback,DMART
2020-01-13,2020-01-31,1914.6500244140625,2133.949951171875,0.11453786538609036,0.11193786538609035,rsi_overbought,18,48.8,3.6979,0.72,3.17,True,fib_pullback,DMART
2020-09-30,2020-10-05,2203.14990234375,2110.449951171875,-0.042076097987367604,-0.0446760979873676,bb_mid_break,5,45.5,2.6999,0.63,1.0,True,fib_pullback,DMART
2020-12-07,2020-12-22,2526.449951171875,2625.75,0.03930418205279127,0.03670418205279127,macd_bear_cross,15,62.8,5.0365,1.12,1.73,False,golden_cross,DMART
2022-02-28,2022-03-04,4340.35009765625,4110.2001953125,-0.05302565396004089,-0.05562565396004089,bb_mid_break,4,63.3,38.5799,1.11,1.62,True,fib_pullback,DMART
2022-12-29,2023-01-04,4178.2998046875,3924.199951171875,-0.060814174519156945,-0.06341417451915694,macd_bear_cross,6,57.7,10.8469,0.89,1.76,True,fib_pullback,DMART
2023-08-30,2023-09-04,3736.300048828125,3755.75,0.005205671631745796,0.002605671631745796,rsi_overbought,5,61.2,21.4559,0.98,1.1,True,fib_pullback,DMART
2025-06-05,2025-06-10,4153.5,4080.0,-0.01769591910436981,-0.02029591910436981,bb_mid_break,5,46.8,0.9724,0.8,2.36,True,fib_pullback,DMART
2025-06-18,2025-07-01,4228.39990234375,4452.39990234375,0.0529751218364752,0.050375121836475203,rsi_overbought,13,65.0,6.6001,1.06,3.08,True,fib_pullback,DMART
2025-07-30,2025-08-18,4281.39990234375,4558.0,0.06460506001899796,0.06200506001899796,rsi_overbought,19,57.6,7.4346,0.89,4.26,True,fib_pullback,DMART
2017-07-13,2017-07-25,508.74688720703125,541.5932006835938,0.06456317336285913,0.06196317336285913,rsi_overbought,12,55.7,0.5633,0.73,3.59,True,fib_pullback,AXISBANK
2017-09-14,2017-09-22,516.5484619140625,502.1874694824219,-0.02780182981946396,-0.03040182981946396,bb_mid_break,8,58.9,1.4692,1.18,2.76,True,fib_pullback,AXISBANK
2017-09-28,2017-09-29,508.6474609375,506.0137939453125,-0.005177784604160467,-0.007777784604160467,macd_bear_cross,1,60.8,0.033,0.63,1.75,True,fib_pullback,AXISBANK
2018-04-10,2018-04-18,542.7859497070312,515.0577392578125,-0.0510849819605409,-0.053684981960540896,bb_mid_break,8,60.2,3.7896,1.04,2.5,True,fib_pullback,AXISBANK
2018-11-02,2018-11-16,606.8886108398438,615.9822387695312,0.014984014804797982,0.01238401480479798,rsi_overbought,14,58.2,5.9719,1.05,1.12,True,fib_pullback,AXISBANK
2019-12-30,2020-01-06,750.3856811523438,719.6876831054688,-0.040909626633244184,-0.04350962663324418,macd_bear_cross,7,60.4,1.2765,0.83,1.22,False,golden_cross,AXISBANK
2020-02-20,2020-02-24,740.6339721679688,721.8767700195312,-0.02532587331030981,-0.027925873310309813,macd_bear_cross,4,56.4,0.7165,0.67,1.02,True,fib_pullback,AXISBANK
2021-04-29,2021-05-10,715.8566284179688,711.72705078125,-0.005768721658476569,-0.00836872165847657,rsi_overbought,11,58.6,7.7012,0.93,1.33,True,fib_pullback,AXISBANK
2021-05-18,2021-06-09,708.1448974609375,733.1211547851562,0.03526998134671511,0.03266998134671511,macd_bear_cross,22,55.2,0.9027,0.66,1.07,True,fib_pullback,AXISBANK
2023-04-13,2023-04-28,861.4019165039062,857.0667724609375,-0.0050326612466378125,-0.007632661246637812,bb_mid_break,15,54.7,2.6087,0.89,1.86,True,fib_pullback,AXISBANK
2024-02-22,2024-03-13,1098.2646484375,1077.813720703125,-0.01862112903613033,-0.021221129036130333,bb_mid_break,20,57.7,4.8512,0.98,1.38,True,fib_pullback,AXISBANK
2024-04-09,2024-04-16,1077.4146728515625,1049.382080078125,-0.026018387794222664,-0.028618387794222665,bb_mid_break,7,58.6,3.8831,0.76,1.06,True,fib_pullback,AXISBANK
2026-05-27,2026-06-02,1303.094970703125,1250.1358642578125,-0.040641018218907546,-0.043241018218907544,bb_mid_break,6,53.7,6.1937,0.89,1.07,True,fib_pullback,AXISBANK
2026-06-09,2026-06-22,1291.404052734375,1357.552978515625,0.05122248582168262,0.048622485821682625,rsi_overbought,13,61.5,1.2497,0.74,1.15,True,fib_pullback,AXISBANK
2016-12-29,2017-01-18,1090.7230224609375,1101.343994140625,0.00973755156989718,0.007137551569897181,macd_bear_cross,20,51.4,4.8905,0.82,1.72,True,fib_pullback,BASF
2017-03-03,2017-03-20,1185.48828125,1159.6873779296875,-0.021763946323541526,-0.024363946323541528,macd_bear_cross,17,63.8,1.5091,1.04,1.04,True,fib_pullback,BASF
2017-03-23,2017-03-30,1184.90625,1288.7410888671875,0.08763126945037845,0.08503126945037845,rsi_overbought,7,62.0,0.3143,0.7,4.1,True,fib_pullback,BASF
2017-09-18,2017-09-22,1491.026611328125,1428.6495361328125,-0.041834984514294085,-0.04443498451429408,bb_mid_break,4,60.9,7.2373,1.0,1.79,True,fib_pullback,BASF
2018-04-27,2018-05-10,1996.7802734375,1941.06884765625,-0.027900629088919028,-0.03050062908891903,macd_bear_cross,13,57.8,2.2268,0.76,2.38,True,fib_pullback,BASF
2020-05-29,2020-06-12,1060.64404296875,1056.2520751953125,-0.004140849894507824,-0.006740849894507824,macd_bear_cross,14,65.0,14.0444,0.88,3.93,True,fib_pullback,BASF
2020-11-05,2020-11-20,1452.738525390625,1509.813232421875,0.03928766672991153,0.036687666729911535,rsi_overbought,15,61.9,3.4508,0.95,12.18,True,fib_pullback,BASF
2021-12-31,2022-01-12,2975.916015625,3152.393798828125,0.05930200391292335,0.05670200391292335,rsi_overbought,12,59.9,34.33,0.99,1.3,True,fib_pullback,BASF
2023-07-25,2023-07-31,2617.62060546875,2704.326904296875,0.03312408935312384,0.03052408935312384,rsi_overbought,6,61.0,3.4268,0.93,1.81,False,golden_cross,BASF
2023-08-30,2023-09-04,2576.660888671875,2628.82275390625,0.020243977569458716,0.017643977569458714,rsi_overbought,5,53.6,6.559,0.73,1.02,True,fib_pullback,BASF
2023-11-07,2023-11-10,2596.59814453125,2808.009033203125,0.08141840858861119,0.07881840858861118,rsi_overbought,3,52.2,11.1006,0.93,1.04,True,fib_pullback,BASF
2017-10-17,2017-10-19,698.9755859375,664.4186401367188,-0.049439417478983616,-0.052039417478983614,bb_mid_break,2,60.9,3.0931,0.67,2.19,True,fib_pullback,BEML
2017-11-06,2017-11-13,701.1954956054688,662.4345092773438,-0.0552784302966117,-0.057878430296611695,bb_mid_break,7,58.7,2.616,1.11,1.33,True,fib_pullback,BEML
2019-06-28,2019-07-08,364.9306945800781,353.9855041503906,-0.029992518010254012,-0.032592518010254014,bb_mid_break,10,43.9,0.8725,0.53,1.11,True,fib_pullback,BEML
2020-01-21,2020-01-28,401.4700622558594,396.9716796875,-0.01120477712107093,-0.013804777121070932,macd_bear_cross,7,52.2,1.6182,0.68,1.36,True,fib_pullback,BEML
2021-08-06,2021-08-10,549.4482421875,533.529296875,-0.028972602131044106,-0.031572602131044104,bb_mid_break,4,61.2,2.5084,0.92,2.05,True,fib_pullback,BEML
2021-09-13,2021-09-14,549.4277954101562,586.6060180664062,0.06766716749103655,0.06506716749103654,rsi_overbought,1,64.3,1.1592,0.77,1.51,True,fib_pullback,BEML
2022-01-06,2022-01-14,762.3282470703125,778.48779296875,0.021197621838807506,0.018597621838807504,rsi_overbought,8,57.4,3.95,0.72,3.23,True,fib_pullback,BEML
2022-02-09,2022-02-14,763.1884765625,702.1333984375,-0.08000000000000003,-0.08260000000000003,stop_loss,5,57.5,0.6326,0.74,1.02,True,fib_pullback,BEML
2023-01-02,2023-01-12,743.90185546875,735.4765625,-0.011325812547464377,-0.013925812547464379,rsi_overbought,10,53.5,3.7969,0.7,2.28,True,fib_pullback,BEML
2024-10-17,2024-10-25,1936.8466796875,1850.765380859375,-0.044444043883749104,-0.0470440438837491,bb_mid_break,8,59.9,18.3473,0.97,1.37,True,fib_pullback,BEML
2020-11-17,2020-11-20,55.43109893798828,57.730751037597656,0.041486677039941695,0.0388866770399417,rsi_overbought,3,61.7,0.5199,0.99,1.91,True,fib_pullback,BSE
2021-04-06,2021-04-13,60.9825325012207,59.54134750366211,-0.02363275086238416,-0.026232750862384163,bb_mid_break,7,54.7,0.2662,0.79,2.83,True,fib_pullback,BSE
2021-04-20,2021-05-06,61.565250396728516,71.07084655761719,0.15439872492411377,0.15179872492411378,rsi_overbought,16,60.0,0.1354,0.7,1.11,True,fib_pullback,BSE
2024-03-26,2024-04-03,761.4312744140625,943.038330078125,0.23850748158960633,0.23590748158960634,rsi_overbought,8,49.5,4.7551,0.69,1.51,True,fib_pullback,BSE
2024-08-08,2024-08-27,861.6054077148438,894.8958129882812,0.038637646624956265,0.03603764662495627,rsi_overbought,19,64.5,6.2873,0.91,2.93,True,fib_pullback,BSE
2025-10-09,2025-10-15,2324.0771484375,2449.845947265625,0.05411558687399022,0.05151558687399022,rsi_overbought,6,61.9,31.3334,1.04,1.72,True,fib_pullback,BSE
2026-03-17,2026-03-23,2965.78662109375,2728.5236914062502,-0.07999999999999992,-0.08259999999999992,stop_loss,6,65.0,19.749,1.12,1.34,True,fib_pullback,BSE
2026-03-25,2026-03-27,2882.605712890625,2772.495849609375,-0.038198031312036015,-0.040798031312036014,macd_bear_cross,2,57.5,1.4257,0.72,1.08,True,fib_pullback,BSE
2026-04-06,2026-04-16,2974.463623046875,3437.643310546875,0.15571872653313693,0.15311872653313693,rsi_overbought,10,55.3,8.5644,0.93,1.34,True,fib_pullback,BSE
2017-01-04,2017-01-10,2080.873046875,2124.791748046875,0.02110590131283162,0.01850590131283162,death_cross,6,51.8,5.0388,0.71,1.57,True,fib_pullback,BAJAJ-AUTO
2017-04-13,2017-04-18,2208.05419921875,2189.64208984375,-0.00833861296589302,-0.010938612965893022,bb_mid_break,5,46.7,0.0161,0.53,1.23,True,fib_pullback,BAJAJ-AUTO
2017-05-09,2017-05-22,2227.43603515625,2259.221435546875,0.014269949793819925,0.011669949793819925,macd_bear_cross,13,57.4,0.726,0.57,1.34,True,fib_pullback,BAJAJ-AUTO
2017-08-04,2017-08-09,2273.72412109375,2239.31787109375,-0.015132112854328717,-0.017732112854328717,bb_mid_break,5,63.0,2.1493,0.99,1.01,True,fib_pullback,BAJAJ-AUTO
2018-01-02,2018-01-03,2606.00537109375,2563.53125,-0.016298554701720917,-0.01889855470172092,macd_bear_cross,1,64.2,3.4864,0.65,1.11,True,fib_pullback,BAJAJ-AUTO
2018-01-23,2018-02-01,2606.954833984375,2699.496826171875,0.03549811871733204,0.032898118717332045,rsi_overbought,9,59.3,3.4402,0.72,1.42,True,fib_pullback,BAJAJ-AUTO
2019-10-15,2019-10-23,2485.714599609375,2610.08447265625,0.050033850654624415,0.04743385065462442,rsi_overbought,8,52.4,0.1556,0.87,1.36,False,golden_cross,BAJAJ-AUTO
2020-09-16,2020-09-24,2619.7607421875,2528.266357421875,-0.03492471021961616,-0.03752471021961616,bb_mid_break,8,49.3,4.326,0.77,1.8,True,fib_pullback,BAJAJ-AUTO
2021-05-03,2021-05-10,3321.6240234375,3336.11083984375,0.004361365495923228,0.0017613654959232278,rsi_overbought,7,62.5,29.6202,0.89,1.12,True,fib_pullback,BAJAJ-AUTO
2021-09-27,2021-10-06,3491.407470703125,3363.515380859375,-0.03663052534455228,-0.03923052534455228,bb_mid_break,9,63.7,15.1387,1.23,1.72,True,fib_pullback,BAJAJ-AUTO
2023-03-17,2023-04-06,3530.896728515625,3733.804931640625,0.05746647912024938,0.05486647912024938,rsi_overbought,20,47.1,0.1258,0.61,1.1,True,fib_pullback,BAJAJ-AUTO
2023-09-12,2023-09-14,4598.82421875,4621.62451171875,0.00495785267803676,0.00235785267803676,rsi_overbought,2,65.0,23.2984,1.08,1.06,True,fib_pullback,BAJAJ-AUTO
2025-11-24,2025-11-26,8882.494140625,9036.822265625,0.01737441337497364,0.014774413374973639,rsi_overbought,2,54.8,12.3296,0.76,1.24,True,fib_pullback,BAJAJ-AUTO
2025-12-01,2025-12-09,8969.765625,8836.6396484375,-0.0148416337871147,-0.0174416337871147,macd_bear_cross,8,61.4,22.9571,0.85,1.08,True,fib_pullback,BAJAJ-AUTO
2026-04-09,2026-04-16,9384.9228515625,9688.6484375,0.03236314147078285,0.029763141470782847,rsi_overbought,7,57.9,70.679,0.96,1.39,True,fib_pullback,BAJAJ-AUTO
2017-10-06,2017-10-18,329.7429504394531,361.19012451171875,0.09536875323750069,0.09276875323750068,rsi_overbought,12,53.5,0.0799,0.65,1.69,True,fib_pullback,BAJAJCON
2018-04-09,2018-04-12,404.4491882324219,418.5353088378906,0.034827911676692455,0.03222791167669246,rsi_overbought,3,60.1,1.3545,1.09,1.27,True,fib_pullback,BAJAJCON
2021-05-25,2021-06-22,258.6243591308594,268.8987731933594,0.03972717070050361,0.037127170700503614,macd_bear_cross,28,61.9,0.3148,0.85,2.59,True,fib_pullback,BAJAJCON
2022-10-31,2022-11-10,153.6142578125,147.44656372070312,-0.040150531465152794,-0.04275053146515279,bb_mid_break,10,57.5,0.6674,0.94,3.35,True,fib_pullback,BAJAJCON
2022-11-16,2022-11-22,155.58984375,150.8195343017578,-0.030659516927769827,-0.03325951692776983,bb_mid_break,6,58.4,0.4949,0.86,1.09,True,fib_pullback,BAJAJCON
2024-01-01,2024-01-16,223.99951171875,218.42787170410156,-0.024873447142349552,-0.027473447142349554,bb_mid_break,15,60.8,1.0075,1.0,2.65,True,fib_pullback,BAJAJCON
2024-02-05,2024-02-06,220.5480499267578,213.053466796875,-0.033981634080971025,-0.03658163408097102,macd_bear_cross,1,45.9,0.1994,0.59,1.38,True,fib_pullback,BAJAJCON
2024-02-19,2024-02-27,219.5500030517578,240.14999389648438,0.09382824212427916,0.09122824212427916,rsi_overbought,8,57.5,0.5447,0.84,1.64,True,fib_pullback,BAJAJCON
2024-04-12,2024-04-24,228.5,227.10000610351562,-0.006126887949603392,-0.008726887949603392,macd_bear_cross,12,59.7,0.8342,0.73,1.0,True,fib_pullback,BAJAJCON
2017-07-27,2017-07-31,299.7952880859375,289.6739501953125,-0.03376083044948885,-0.036360830449488846,bb_mid_break,4,63.6,1.2202,0.9,1.03,True,fib_pullback,BAJAJELEC
2017-08-23,2017-09-01,300.10467529296875,302.1378479003906,0.006774878150222243,0.004174878150222243,rsi_overbought,9,56.3,1.9883,0.81,2.39,True,fib_pullback,BAJAJELEC
2018-07-12,2018-07-16,498.55389404296875,458.6695825195313,-0.07999999999999995,-0.08259999999999995,stop_loss,4,57.0,4.5417,1.15,3.46,True,fib_pullback,BAJAJELEC
2018-07-23,2018-07-24,507.57025146484375,557.8234252929688,0.09900732693276396,0.09640732693276395,rsi_overbought,1,64.9,3.466,1.14,7.8,True,fib_pullback,BAJAJELEC
2021-07-22,2021-07-26,982.5222778320312,1049.6798095703125,0.06835217201025368,0.06575217201025367,rsi_overbought,4,61.3,3.4036,1.14,1.2,True,fib_pullback,BAJAJELEC
2022-02-08,2022-02-09,1123.0009765625,1091.72216796875,-0.027852877465426848,-0.03045287746542685,bb_mid_break,1,52.7,3.1675,0.61,3.55,True,fib_pullback,BAJAJELEC
2023-02-06,2023-02-15,1071.1026611328125,1050.8983154296875,-0.018863127164446228,-0.02146312716444623,bb_mid_break,9,52.4,2.7354,0.7,1.74,True,fib_pullback,BAJAJELEC
2023-10-18,2023-10-20,1104.396240234375,1056.9287109375,-0.042980524170203115,-0.04558052417020311,bb_mid_break,2,54.9,4.1217,0.94,4.62,True,fib_pullback,BAJAJELEC
2018-11-29,2018-12-10,243.0418701171875,232.28363037109375,-0.04426496447260898,-0.046864964472608975,macd_bear_cross,11,63.6,1.3681,1.1,1.69,True,fib_pullback,BAJFINANCE
2019-09-18,2019-09-23,331.60296630859375,390.8453369140625,0.17865452551572497,0.17605452551572498,rsi_overbought,5,55.0,1.1852,0.75,1.05,True,fib_pullback,BAJFINANCE
2020-10-06,2020-10-07,338.2503967285156,324.3135986328125,-0.04120260679809044,-0.043802606798090435,bb_mid_break,1,48.3,0.9771,0.67,1.06,True,fib_pullback,BAJFINANCE
2020-10-27,2020-10-30,336.2010192871094,322.1571044921875,-0.04177237423224061,-0.04437237423224061,bb_mid_break,3,58.9,1.5,0.95,1.24,True,fib_pullback,BAJFINANCE
2021-04-28,2021-05-04,514.1370849609375,546.7374267578125,0.06340787846368225,0.06080787846368225,rsi_overbought,6,57.3,5.0257,0.89,2.87,True,fib_pullback,BAJFINANCE
2022-01-03,2022-01-07,704.0205688476562,746.90283203125,0.060910526028782955,0.05831052602878296,rsi_overbought,4,54.5,4.1051,0.73,1.05,True,fib_pullback,BAJFINANCE
2023-08-29,2023-09-07,716.8350219726562,723.7001953125,0.009577061847440851,0.006977061847440851,rsi_overbought,9,57.7,3.2153,0.91,1.66,True,fib_pullback,BAJFINANCE
2024-01-04,2024-01-15,757.3485107421875,734.9834594726562,-0.029530725884195527,-0.03213072588419553,bb_mid_break,11,58.8,2.4995,1.06,2.66,True,fib_pullback,BAJFINANCE
2025-01-28,2025-02-03,751.3761596679688,832.2964477539062,0.10769610806083596,0.10509610806083595,rsi_overbought,6,57.2,1.1168,1.01,2.26,False,golden_cross,BAJFINANCE
2025-12-05,2025-12-09,1041.5970458984375,1010.4883422851562,-0.02986635161435985,-0.03246635161435985,bb_mid_break,4,55.6,2.915,0.82,1.63,True,fib_pullback,BAJFINANCE
2026-02-06,2026-02-20,975.7021484375,1023.90576171875,0.049404024945977405,0.04680402494597741,rsi_overbought,14,57.0,7.0577,0.98,1.61,True,fib_pullback,BAJFINANCE
2017-07-12,2017-07-14,421.1246643066406,438.11175537109375,0.04033744044040134,0.037737440440401344,rsi_overbought,2,46.6,0.868,0.81,1.73,True,fib_pullback,BAJAJFINSV
2017-12-15,2017-12-22,514.827880859375,540.4979248046875,0.049861409802559355,0.047261409802559357,rsi_overbought,7,51.1,0.5104,0.62,1.11,True,fib_pullback,BAJAJFINSV
2018-03-23,2018-03-27,510.4815368652344,523.650146484375,0.025796446429789486,0.023196446429789484,rsi_overbought,4,55.5,1.4825,0.74,1.54,True,fib_pullback,BAJAJFINSV
2021-04-13,2021-04-19,977.6343994140625,944.0587158203125,-0.03434380338281194,-0.03694380338281194,bb_mid_break,6,57.4,2.0071,0.89,1.95,True,fib_pullback,BAJAJFINSV
2021-04-20,2021-05-04,978.9005737304688,1095.244384765625,0.11885150970111745,0.11625150970111744,rsi_overbought,14,56.3,3.4406,0.83,1.7,True,fib_pullback,BAJAJFINSV
2022-03-17,2022-03-28,1632.408447265625,1647.18115234375,0.009049637731825086,0.006449637731825086,rsi_overbought,11,62.5,13.6324,0.81,1.24,True,fib_pullback,BAJAJFINSV
2025-09-09,2025-09-16,2023.5733642578125,2078.5263671875,0.027156417405129592,0.02455641740512959,rsi_overbought,7,61.8,11.2818,0.95,1.1,True,fib_pullback,BAJAJFINSV
2025-12-05,2025-12-08,2094.712646484375,2057.4443359375,-0.01779161003750258,-0.020391610037502582,bb_mid_break,3,52.6,0.9339,0.76,1.36,True,fib_pullback,BAJAJFINSV
2025-12-09,2025-12-10,2067.735595703125,2064.038818359375,-0.0017878385183444723,-0.004387838518344472,bb_mid_break,1,52.8,0.1877,0.55,1.08,True,fib_pullback,BAJAJFINSV
2017-01-27,2017-02-02,1669.250732421875,1780.063720703125,0.06638486725147286,0.06378486725147285,rsi_overbought,6,60.3,7.6326,0.85,1.69,True,fib_pullback,BAJAJHLDNG
2017-06-07,2017-06-08,1850.9981689453125,1827.7716064453125,-0.012548128296223196,-0.015148128296223196,bb_mid_break,1,40.1,2.4544,0.59,2.6,True,fib_pullback,BAJAJHLDNG
2017-07-04,2017-07-10,1839.5797119140625,1692.4133349609376,-0.07999999999999993,-0.08259999999999994,stop_loss,6,50.2,0.2092,0.73,1.65,True,fib_pullback,BAJAJHLDNG
2017-12-07,2017-12-12,2547.75390625,2506.91162109375,-0.016030702594963395,-0.018630702594963397,bb_mid_break,5,63.8,3.4552,0.72,1.58,True,fib_pullback,BAJAJHLDNG
2019-02-06,2019-02-15,2665.953125,2813.2626953125,0.05525587413038254,0.05265587413038254,rsi_overbought,9,55.1,5.7891,0.75,1.63,True,fib_pullback,BAJAJHLDNG
2019-05-17,2019-05-28,2921.88671875,3128.494384765625,0.07071036145576956,0.06811036145576956,rsi_overbought,11,50.7,7.266,0.75,2.37,True,fib_pullback,BAJAJHLDNG
2021-04-29,2021-05-28,3192.11962890625,3194.25634765625,0.0006693730180570102,-0.0019306269819429895,macd_bear_cross,29,63.8,19.868,1.04,3.39,True,fib_pullback,BAJAJHLDNG
2023-02-01,2023-02-23,5815.48291015625,5756.24951171875,-0.010185465137220826,-0.012785465137220828,macd_bear_cross,22,59.7,48.6516,1.04,2.82,True,fib_pullback,BAJAJHLDNG
2023-09-26,2023-09-28,7042.220703125,6865.08154296875,-0.025153877963189103,-0.027753877963189105,bb_mid_break,2,63.7,21.2324,0.75,1.48,True,fib_pullback,BAJAJHLDNG
2023-10-20,2023-10-25,6861.9208984375,6667.9892578125,-0.028262004691595816,-0.030862004691595817,bb_mid_break,5,47.6,15.6565,0.66,2.32,True,fib_pullback,BAJAJHLDNG
2024-06-07,2024-07-04,8147.86279296875,9655.330078125,0.1850138279767215,0.1824138279767215,rsi_overbought,27,55.9,24.9337,0.79,1.24,True,fib_pullback,BAJAJHLDNG
2025-02-06,2025-02-25,11205.974609375,11419.462890625,0.019051290824039006,0.016451290824039004,macd_bear_cross,19,58.1,35.4011,0.63,1.12,True,fib_pullback,BAJAJHLDNG
2025-11-06,2025-11-11,12977.7392578125,11939.5201171875,-0.08000000000000003,-0.08260000000000003,stop_loss,5,64.7,20.8299,0.91,9.44,True,fib_pullback,BAJAJHLDNG
2018-02-14,2018-02-16,1090.35546875,1038.2735595703125,-0.04776599069970731,-0.050365990699707305,bb_mid_break,2,55.3,5.4669,0.95,1.47,True,fib_pullback,BALKRISIND
2018-07-05,2018-08-01,1061.9034423828125,1100.4168701171875,0.03626829539977237,0.03366829539977237,macd_bear_cross,27,58.2,8.2024,0.9,1.73,True,fib_pullback,BALKRISIND
2020-05-14,2020-05-22,916.8798217773438,945.1849365234375,0.030871128444320155,0.028271128444320153,rsi_overbought,8,64.2,7.9301,0.99,1.12,True,fib_pullback,BALKRISIND
2020-09-23,2020-09-24,1283.9659423828125,1242.9854736328125,-0.0319170995096237,-0.0345170995096237,macd_bear_cross,1,54.4,1.154,0.61,1.01,True,fib_pullback,BALKRISIND
2020-11-05,2020-11-11,1344.3660888671875,1441.177490234375,0.07201267732717385,0.06941267732717385,rsi_overbought,6,56.9,1.3235,0.94,1.06,True,fib_pullback,BALKRISIND
2021-03-26,2021-04-12,1578.4716796875,1537.6885986328125,-0.025837068589511587,-0.028437068589511588,macd_bear_cross,17,60.1,3.5196,0.85,1.53,True,fib_pullback,BALKRISIND
2021-04-13,2021-05-03,1602.4534912109375,1707.3304443359375,0.06544773604989115,0.06284773604989115,rsi_overbought,20,57.8,0.3127,0.75,1.04,True,fib_pullback,BALKRISIND
2021-09-02,2021-09-08,2296.132080078125,2380.373046875,0.036688206017316184,0.034088206017316186,rsi_overbought,6,64.0,5.5668,0.81,1.82,True,fib_pullback,BALKRISIND
2023-09-05,2023-09-21,2363.39013671875,2482.59716796875,0.0504389983684636,0.0478389983684636,rsi_overbought,16,59.3,2.1599,1.05,1.13,True,fib_pullback,BALKRISIND
2023-12-05,2023-12-11,2547.06298828125,2528.8759765625,-0.007140385535193434,-0.009740385535193435,bb_mid_break,6,51.7,0.0128,0.6,1.49,True,fib_pullback,BALKRISIND
2024-01-05,2024-01-17,2534.873291015625,2512.557373046875,-0.008803563494808405,-0.011403563494808405,bb_mid_break,12,50.8,2.6392,0.7,1.44,True,fib_pullback,BALKRISIND
2017-07-07,2017-07-13,100.81105041503906,105.44630432128906,0.04597962115429471,0.04337962115429471,rsi_overbought,6,56.8,0.578,0.92,2.13,True,fib_pullback,BALMLAWRIE
2017-10-27,2017-11-01,104.90167236328125,106.36631774902344,0.013962078513581997,0.011362078513581998,rsi_overbought,5,63.2,0.673,1.15,1.71,True,fib_pullback,BALMLAWRIE
2020-01-14,2020-01-21,95.01598358154297,92.30653381347656,-0.028515726154022803,-0.031115726154022805,bb_mid_break,7,48.5,0.0458,0.81,4.09,True,fib_pullback,BALMLAWRIE
2020-10-22,2020-10-26,85.52753448486328,80.57572937011719,-0.05789720403576543,-0.06049720403576543,bb_mid_break,4,58.6,0.6148,1.05,2.34,True,fib_pullback,BALMLAWRIE
2021-02-25,2021-03-01,97.13456726074219,99.5510482788086,0.02487766287751867,0.02227766287751867,rsi_overbought,4,54.7,0.4181,0.89,3.7,True,fib_pullback,BALMLAWRIE
2021-08-04,2021-08-05,110.08849334716797,108.38506317138672,-0.015473280848793366,-0.018073280848793366,bb_mid_break,1,54.5,0.019,0.74,3.64,True,fib_pullback,BALMLAWRIE
2021-09-06,2021-09-13,106.681640625,107.0381851196289,0.00334213546529723,0.0007421354652972301,rsi_overbought,7,64.3,0.805,0.91,3.55,True,fib_pullback,BALMLAWRIE
2022-11-03,2022-11-15,100.44989776611328,97.57117462158203,-0.028658298401000322,-0.03125829840100032,bb_mid_break,12,62.8,0.4856,0.93,2.22,True,fib_pullback,BALMLAWRIE
2024-04-24,2024-05-08,235.70455932617188,262.8169250488281,0.11502690401986543,0.11242690401986542,rsi_overbought,14,56.6,0.3416,0.78,1.24,True,fib_pullback,BALMLAWRIE
2024-06-24,2024-06-25,255.74212646484375,249.94537353515625,-0.02266639841396785,-0.025266398413967852,rsi_overbought,1,50.2,1.3447,0.75,1.03,True,fib_pullback,BALMLAWRIE
2024-09-10,2024-09-20,258.2525634765625,250.34083557128906,-0.03063562196156655,-0.03323562196156655,macd_bear_cross,10,58.2,0.5867,0.86,1.57,True,fib_pullback,BALMLAWRIE
2025-08-19,2025-08-21,205.99368286132812,213.5213165283203,0.03654303162325458,0.03394303162325458,rsi_overbought,2,57.7,0.5525,0.79,2.3,True,fib_pullback,BALMLAWRIE
2026-06-23,2026-07-08,179.94000244140625,174.6999969482422,-0.029120848183106823,-0.031720848183106824,macd_bear_cross,15,46.5,0.6513,0.52,1.01,True,golden_cross,BALMLAWRIE
2016-10-07,2016-10-21,106.10639190673828,108.58551788330078,0.023364529996849917,0.020764529996849915,rsi_overbought,14,61.2,0.8754,1.07,2.24,True,fib_pullback,BALRAMCHIN
2017-04-19,2017-05-04,136.98272705078125,142.9777069091797,0.04376449489267374,0.04116449489267374,macd_bear_cross,15,59.1,0.3026,0.71,1.14,True,fib_pullback,BALRAMCHIN
2017-10-30,2017-11-07,153.2991943359375,147.67227172851562,-0.03670549367070464,-0.03930549367070464,bb_mid_break,8,62.9,0.6081,1.05,1.2,True,fib_pullback,BALRAMCHIN
2017-11-27,2017-11-30,153.07046508789062,145.61363220214844,-0.048715033833996606,-0.051315033833996604,bb_mid_break,3,57.6,0.4114,0.66,1.12,True,fib_pullback,BALRAMCHIN
2019-02-08,2019-02-15,97.67047882080078,110.3598861694336,0.12992060141237233,0.12732060141237234,rsi_overbought,7,47.0,0.2396,0.56,1.36,True,fib_pullback,BALRAMCHIN
2019-07-04,2019-07-19,138.50003051757812,137.46995544433594,-0.007437363510988199,-0.0100373635109882,bb_mid_break,15,43.0,0.2641,0.59,1.51,True,fib_pullback,BALRAMCHIN
2019-11-29,2019-12-05,145.7581329345703,157.8570098876953,0.0830065308160615,0.0804065308160615,rsi_overbought,6,58.8,0.6882,0.71,1.19,True,fib_pullback,BALRAMCHIN
2021-09-30,2021-10-20,354.7319641113281,326.3534069824219,-0.07999999999999989,-0.0825999999999999,stop_loss,20,51.3,0.4129,0.78,1.34,True,fib_pullback,BALRAMCHIN
2021-12-23,2022-01-04,321.8720703125,413.5797424316406,0.28491963291534816,0.2823196329153482,rsi_overbought,12,54.7,0.4415,0.8,1.88,True,fib_pullback,BALRAMCHIN
2023-03-06,2023-03-20,368.017822265625,354.44561767578125,-0.036879204670820835,-0.03947920467082083,macd_bear_cross,14,64.2,1.3194,0.97,1.03,True,fib_pullback,BALRAMCHIN
2023-06-09,2023-06-14,396.58319091796875,382.4229736328125,-0.03570554075269726,-0.03830554075269726,bb_mid_break,5,60.4,1.6726,1.06,4.17,True,fib_pullback,BALRAMCHIN
2023-07-20,2023-08-08,382.1290283203125,386.1467590332031,0.01051406832543179,0.007914068325431789,bb_mid_break,19,55.7,0.7026,0.71,2.53,True,fib_pullback,BALRAMCHIN
2023-09-01,2023-10-04,387.5677185058594,417.1619873046875,0.07635896228127345,0.07375896228127345,macd_bear_cross,33,53.9,0.0381,0.59,1.04,True,fib_pullback,BALRAMCHIN
2024-12-03,2024-12-11,604.1233520507812,582.8842163085938,-0.035156952086172935,-0.03775695208617293,rsi_overbought,8,60.4,8.5778,0.83,1.29,True,fib_pullback,BALRAMCHIN
2021-03-04,2021-03-15,347.9850158691406,330.45916748046875,-0.050363801857670934,-0.05296380185767093,bb_mid_break,11,61.9,3.4634,0.99,1.3,True,fib_pullback,BANDHANBNK
2021-03-22,2021-03-26,343.31146240234375,336.4958801269531,-0.019852475148071536,-0.022452475148071537,bb_mid_break,4,60.4,0.4335,0.76,1.22,True,fib_pullback,BANDHANBNK
2025-10-10,2025-10-14,169.32000732421875,162.58999633789062,-0.03974728735654558,-0.042347287356545575,bb_mid_break,4,53.0,0.7774,0.97,1.4,True,fib_pullback,BANDHANBNK
2025-10-20,2025-10-31,166.99000549316406,156.55999755859375,-0.06245887533069922,-0.06505887533069922,macd_bear_cross,11,57.3,0.2495,0.8,1.38,True,fib_pullback,BANDHANBNK
2016-11-22,2016-11-29,139.1394500732422,137.6900634765625,-0.010416791182635398,-0.0130167911826354,macd_bear_cross,7,55.2,1.3312,0.61,1.21,True,fib_pullback,BANKBARODA
2017-01-11,2017-02-03,136.0701904296875,158.961669921875,0.1682328761347356,0.1656328761347356,rsi_overbought,23,57.2,0.768,0.88,1.66,True,fib_pullback,BANKBARODA
2017-03-16,2017-03-21,143.70068359375,138.8410186767578,-0.033817966591799496,-0.036417966591799494,bb_mid_break,5,51.8,0.1823,0.81,1.2,True,fib_pullback,BANKBARODA
2017-04-18,2017-04-28,150.09495544433594,159.89952087402344,0.0653224180696973,0.06272241806969729,rsi_overbought,10,57.7,0.3114,0.76,1.0,True,fib_pullback,BANKBARODA
2018-02-12,2018-02-15,144.82659912109375,136.58270263671875,-0.056922530352881084,-0.05952253035288108,bb_mid_break,3,53.1,0.2444,0.76,3.17,True,fib_pullback,BANKBARODA
2019-07-03,2019-07-04,107.77194213867188,111.12103271484375,0.031075718871824233,0.02847571887182423,rsi_overbought,1,62.3,0.4473,1.04,1.57,True,fib_pullback,BANKBARODA
2021-08-04,2021-08-09,71.70484161376953,69.68680572509766,-0.028143648925993168,-0.03074364892599317,bb_mid_break,5,47.6,0.1477,0.7,2.09,True,fib_pullback,BANKBARODA
2021-09-29,2021-10-08,70.15911102294922,75.65504455566406,0.07833527894783487,0.07573527894783487,rsi_overbought,9,55.0,0.0734,0.78,1.9,True,fib_pullback,BANKBARODA
2021-12-10,2021-12-15,80.89336395263672,77.5013427734375,-0.04193200793559848,-0.04453200793559848,bb_mid_break,5,57.7,0.1749,0.62,1.08,True,fib_pullback,BANKBARODA
2023-03-03,2023-03-13,152.947021484375,144.98562622070312,-0.052053287382815804,-0.0546532873828158,bb_mid_break,10,59.9,1.0654,0.88,1.07,True,fib_pullback,BANKBARODA
2023-03-31,2023-04-18,149.36441040039062,157.3699951171875,0.05359767226568143,0.05099767226568143,rsi_overbought,18,51.4,0.5065,0.7,1.14,True,fib_pullback,BANKBARODA
2023-09-08,2023-09-14,180.1895294189453,193.03416442871094,0.07128402549907058,0.06868402549907057,rsi_overbought,6,63.3,0.8332,1.0,1.03,True,fib_pullback,BANKBARODA
2024-05-23,2024-05-28,245.27821350097656,240.76890563964844,-0.01838446145283169,-0.02098446145283169,bb_mid_break,5,40.8,0.2196,0.62,1.1,True,fib_pullback,BANKBARODA
2025-09-16,2025-09-17,233.04248046875,238.1861114501953,0.022071645354526045,0.019471645354526043,rsi_overbought,1,63.0,0.548,0.67,1.08,True,fib_pullback,BANKBARODA
2017-07-28,2017-08-07,138.10964965820312,134.53453063964844,-0.02588609143099322,-0.028486091430993222,macd_bear_cross,10,62.5,1.3044,0.88,1.6,True,fib_pullback,BANKINDIA
2017-09-13,2017-09-18,126.78846740722656,131.59786987304688,0.03793249152837532,0.03533249152837532,rsi_overbought,5,62.5,0.6035,1.09,1.11,True,fib_pullback,BANKINDIA
2019-05-24,2019-06-04,82.31248474121094,82.05712890625,-0.003102273437179936,-0.005702273437179936,rsi_overbought,11,62.3,1.2586,1.06,1.87,True,fib_pullback,BANKINDIA
2021-04-13,2021-04-15,60.86187744140625,58.86151885986328,-0.03286718493803909,-0.03546718493803909,macd_bear_cross,2,53.7,0.002,0.67,2.13,True,fib_pullback,BANKINDIA
2022-10-21,2022-10-25,44.91183853149414,50.203433990478516,0.11782184012069952,0.11522184012069951,rsi_overbought,4,61.9,0.3245,1.04,2.41,True,fib_pullback,BANKINDIA
2023-04-17,2023-05-04,71.10299682617188,76.79479217529297,0.0800500063736559,0.0774500063736559,rsi_overbought,17,59.5,0.637,0.99,1.31,True,fib_pullback,BANKINDIA
2023-11-06,2023-11-13,92.18818664550781,98.1269760131836,0.06442028619688843,0.061820286196888424,rsi_overbought,7,43.6,0.0035,0.52,1.02,True,fib_pullback,BANKINDIA
2024-07-29,2024-08-05,116.93887329101562,114.33171844482422,-0.022295022799674203,-0.024895022799674205,bb_mid_break,7,57.9,0.2134,0.99,2.34,True,fib_pullback,BANKINDIA
2025-09-10,2025-09-17,113.77347564697266,115.85546875,0.018299459440683286,0.015699459440683284,rsi_overbought,7,53.4,0.308,0.98,2.84,True,fib_pullback,BANKINDIA
2016-09-08,2016-09-16,28.14533042907715,26.778635025024414,-0.04855851337388426,-0.05115851337388426,bb_mid_break,8,64.8,0.1934,1.23,4.07,True,fib_pullback,MAHABANK
2017-03-24,2017-04-05,29.213056564331055,29.768274307250977,0.019005807957728018,0.016405807957728016,rsi_overbought,12,55.7,0.0482,0.76,1.46,True,fib_pullback,MAHABANK
2019-03-28,2019-04-01,11.616888999938965,12.214818000793457,0.05147066489639642,0.048870664896396424,rsi_overbought,4,57.9,0.0369,0.85,1.77,True,fib_pullback,MAHABANK
2019-07-04,2019-07-16,14.094018936157227,13.538801193237305,-0.03939385532508044,-0.04199385532508044,macd_bear_cross,12,57.0,0.0834,0.88,1.54,True,fib_pullback,MAHABANK
2023-12-04,2023-12-13,42.20996856689453,42.94645309448242,0.017448118361441254,0.014848118361441252,rsi_overbought,9,63.5,0.0987,0.86,2.08,True,fib_pullback,MAHABANK
2024-07-26,2024-08-02,63.75748825073242,61.667694091796875,-0.03277723474170174,-0.035377234741701735,macd_bear_cross,7,61.1,0.2466,0.85,1.2,True,fib_pullback,MAHABANK
2024-09-23,2024-09-25,59.41787338256836,56.65031051635742,-0.04657795219952903,-0.04917795219952903,bb_mid_break,2,54.1,0.183,0.85,4.88,True,fib_pullback,MAHABANK
2026-04-06,2026-04-21,65.58989715576172,78.97579956054688,0.20408482076129122,0.20148482076129123,rsi_overbought,15,49.1,0.0664,0.63,1.03,True,fib_pullback,MAHABANK
2018-03-26,2018-04-10,681.5303955078125,707.2189331054688,0.03769243127962849,0.035092431279628494,rsi_overbought,15,59.5,2.3976,1.05,2.49,True,fib_pullback,BATAINDIA
2018-11-06,2018-11-09,931.9906005859375,947.9393310546875,0.017112544331158618,0.014512544331158617,rsi_overbought,3,61.9,14.5446,0.91,1.1,True,fib_pullback,BATAINDIA
2019-06-10,2019-07-08,1309.7835693359375,1314.715576171875,0.003765512830824436,0.0011655128308244362,bb_mid_break,28,63.8,8.0538,1.05,1.5,True,fib_pullback,BATAINDIA
2019-08-05,2019-08-08,1266.9931640625,1322.39013671875,0.04372318196147529,0.04112318196147529,rsi_overbought,3,53.8,4.7623,0.88,3.58,True,fib_pullback,BATAINDIA
2021-12-10,2021-12-13,1894.0911865234375,1863.6763916015625,-0.01605772474856434,-0.018657724748564343,bb_mid_break,3,46.6,0.4836,0.54,1.51,True,fib_pullback,BATAINDIA
2022-01-28,2022-02-04,1930.840087890625,1809.274658203125,-0.06295986418031436,-0.06555986418031437,macd_bear_cross,7,64.1,7.8655,0.88,1.47,True,fib_pullback,BATAINDIA
2022-03-16,2022-03-25,1780.630126953125,1802.24169921875,0.012137036175280844,0.009537036175280844,rsi_overbought,9,54.4,14.3724,0.82,2.19,True,fib_pullback,BATAINDIA
2022-11-02,2022-11-04,1782.3828125,1735.39599609375,-0.02636179841767297,-0.028961798417672973,bb_mid_break,2,61.5,5.7426,0.97,1.8,True,fib_pullback,BATAINDIA
2024-10-15,2024-10-16,1421.181640625,1395.7587890625,-0.017888530808292506,-0.020488530808292507,death_cross,1,54.6,4.4608,0.82,1.05,True,fib_pullback,BATAINDIA
2024-10-21,2024-10-22,1401.73486328125,1367.5927734375,-0.024357024097858646,-0.026957024097858648,bb_mid_break,1,48.5,6.4911,0.62,1.02,True,golden_cross,BATAINDIA
2017-04-25,2017-04-28,202.72157287597656,205.99380493164062,0.016141508815472678,0.013541508815472676,rsi_overbought,3,59.6,0.9698,1.07,1.11,False,golden_cross,BERGEPAINT
2017-07-11,2017-07-18,200.90802001953125,199.60704040527344,-0.006475498659194083,-0.009075498659194083,rsi_overbought,7,57.2,0.8188,0.91,1.85,True,fib_pullback,BERGEPAINT
2017-09-01,2017-09-11,198.44357299804688,211.6625518798828,0.06661328800991727,0.06401328800991726,rsi_overbought,10,52.8,0.5894,0.76,1.23,True,fib_pullback,BERGEPAINT
2017-11-30,2017-12-04,205.27139282226562,199.67416381835938,-0.027267457617694515,-0.029867457617694517,bb_mid_break,4,58.6,0.7801,0.74,1.46,True,fib_pullback,BERGEPAINT
2017-12-22,2017-12-29,206.42257690429688,217.33917236328125,0.052884697123249294,0.050284697123249296,rsi_overbought,7,61.8,0.9266,0.81,1.69,True,fib_pullback,BERGEPAINT
2018-01-09,2018-01-16,212.8137664794922,207.17684936523438,-0.026487558617600118,-0.02908755861760012,macd_bear_cross,7,63.4,0.4913,0.78,1.0,True,fib_pullback,BERGEPAINT
2018-07-05,2018-07-09,230.35968017578125,239.05325317382812,0.03773912601117107,0.03513912601117107,rsi_overbought,4,48.5,0.275,0.98,1.34,True,fib_pullback,BERGEPAINT
2018-11-02,2018-12-04,243.05555725097656,253.07635498046875,0.04122842465660976,0.03862842465660976,macd_bear_cross,32,59.7,2.4837,1.1,3.17,True,fib_pullback,BERGEPAINT
2019-07-23,2019-08-02,251.16006469726562,268.57000732421875,0.06931811650844294,0.06671811650844293,rsi_overbought,10,46.5,0.2312,0.6,1.27,True,fib_pullback,BERGEPAINT
2021-03-23,2021-04-12,600.2579345703125,587.1157836914062,-0.02189417269146788,-0.02449417269146788,macd_bear_cross,20,61.1,2.4089,0.95,1.92,True,fib_pullback,BERGEPAINT
2021-05-11,2021-05-18,593.3643188476562,629.847412109375,0.06148514850466704,0.05888514850466704,rsi_overbought,7,63.4,1.7722,1.0,1.58,True,fib_pullback,BERGEPAINT
2021-09-01,2021-09-13,670.40771484375,679.0238647460938,0.012852104341239408,0.010252104341239406,rsi_overbought,12,56.6,1.64,0.79,1.08,True,fib_pullback,BERGEPAINT
2021-10-13,2021-10-19,670.8121337890625,666.443359375,-0.0065126645658384365,-0.009112664565838438,bb_mid_break,6,54.1,0.4356,0.71,1.07,True,fib_pullback,BERGEPAINT
2023-05-31,2023-06-05,528.5616455078125,528.277099609375,-0.0005383400419909851,-0.0031383400419909852,rsi_overbought,5,59.1,0.9287,0.95,1.69,False,golden_cross,BERGEPAINT
2023-12-01,2023-12-06,574.2035522460938,567.0523071289062,-0.01245419867086193,-0.01505419867086193,bb_mid_break,5,56.6,0.6746,0.79,3.16,True,fib_pullback,BERGEPAINT
2023-12-07,2023-12-08,576.5546875,567.150390625,-0.016311196628680604,-0.018911196628680606,bb_mid_break,1,57.4,1.0332,0.88,1.64,True,fib_pullback,BERGEPAINT
2023-12-18,2023-12-20,581.2568359375,560.8807373046875,-0.03505524128580477,-0.03765524128580477,bb_mid_break,2,62.9,0.6494,1.01,1.07,True,fib_pullback,BERGEPAINT
2025-10-17,2025-11-04,540.8168334960938,533.4226684570312,-0.013672216878426562,-0.016272216878426563,bb_mid_break,18,62.4,1.5192,0.97,2.53,True,fib_pullback,BERGEPAINT
2025-12-24,2025-12-26,550.9900512695312,537.9881591796875,-0.02359732641249367,-0.02619732641249367,bb_mid_break,2,49.2,0.2862,0.67,1.08,True,fib_pullback,BERGEPAINT
2026-07-29,2026-08-05,516.1530151367188,545.2000122070312,0.05627594185925374,0.05367594185925374,rsi_overbought,7,62.9,1.8038,0.92,2.68,True,fib_pullback,BERGEPAINT
2019-05-31,2019-06-06,135.46458435058594,132.85731506347656,-0.019246870313806102,-0.021846870313806104,macd_bear_cross,6,61.8,1.5871,0.6,2.37,True,golden_cross,BDL
2020-01-15,2020-01-23,145.54490661621094,138.292724609375,-0.04982779662609081,-0.05242779662609081,bb_mid_break,8,62.1,1.482,1.05,3.98,True,fib_pullback,BDL
2021-04-28,2021-05-03,164.6920623779297,157.17230224609375,-0.045659517667462624,-0.04825951766746262,bb_mid_break,5,55.2,0.1934,0.85,4.64,True,fib_pullback,BDL
2021-09-14,2021-09-20,188.71214294433594,185.5865936279297,-0.016562523575010153,-0.019162523575010155,bb_mid_break,6,61.2,0.1539,0.69,1.47,True,fib_pullback,BDL
2021-10-14,2021-10-19,187.5535125732422,205.68759155273438,0.0966874932422851,0.09408749324228509,rsi_overbought,5,56.1,0.431,0.84,1.89,True,fib_pullback,BDL
2023-02-20,2023-03-13,452.64373779296875,437.1662292480469,-0.03419357709528507,-0.036793577095285065,macd_bear_cross,21,47.6,1.8052,0.72,3.71,True,fib_pullback,BDL
2023-09-04,2023-09-12,580.431884765625,533.997333984375,-0.07999999999999997,-0.08259999999999998,stop_loss,8,62.6,1.7652,1.13,3.98,True,fib_pullback,BDL
2024-04-03,2024-04-04,871.732177734375,872.2777099609375,0.000625802557822672,-0.0019741974421773278,rsi_overbought,1,54.1,4.5229,0.66,1.43,True,fib_pullback,BDL
2025-10-24,2025-10-28,1538.522216796875,1512.2158203125,-0.017098483334965147,-0.01969848333496515,bb_mid_break,4,46.9,2.5885,0.72,2.33,True,fib_pullback,BDL
2025-10-31,2025-11-04,1524.4722900390625,1475.8453369140625,-0.031897564450813334,-0.03449756445081333,macd_bear_cross,4,48.4,1.1129,0.56,1.56,True,fib_pullback,BDL
2025-11-20,2025-11-21,1551.47607421875,1507.333251953125,-0.028452145024442765,-0.031052145024442767,bb_mid_break,1,54.9,6.2221,0.69,1.16,True,fib_pullback,BDL
2016-09-19,2016-09-28,31.50484275817871,32.662479400634766,0.03674472052889489,0.03414472052889489,rsi_overbought,9,56.7,0.039,0.97,1.94,True,fib_pullback,BEL
2017-07-14,2017-07-17,44.513973236083984,44.93791580200195,0.009523808707651191,0.006923808707651192,rsi_overbought,3,64.6,0.3123,0.82,1.36,True,fib_pullback,BEL
2017-07-26,2017-08-01,45.092071533203125,46.492374420166016,0.03105430376894064,0.028454303768940637,rsi_overbought,6,59.5,0.1048,0.78,1.35,True,fib_pullback,BEL
2017-10-12,2017-10-18,48.158573150634766,49.09700012207031,0.01948618719454685,0.016886187194546848,rsi_overbought,6,46.8,0.0274,0.62,1.59,True,fib_pullback,BEL
2019-08-26,2019-09-11,30.321937561035156,32.027923583984375,0.05626243440133838,0.05366243440133838,rsi_overbought,16,62.8,0.311,1.06,1.31,True,fib_pullback,BEL
2020-01-15,2020-01-23,30.81148338317871,30.010414123535156,-0.02599904878584626,-0.02859904878584626,death_cross,8,62.3,0.1798,1.05,1.75,True,fib_pullback,BEL
2020-11-11,2020-11-18,29.24298858642578,29.502731323242188,0.008882222692415764,0.006282222692415764,rsi_overbought,7,57.5,0.33,0.98,1.22,True,fib_pullback,BEL
2021-12-14,2021-12-17,65.87374877929688,63.20487976074219,-0.040514910233763295,-0.04311491023376329,macd_bear_cross,3,51.8,0.0435,0.61,1.13,True,fib_pullback,BEL
2021-12-29,2022-01-18,65.84234619140625,65.41847229003906,-0.006437709557538695,-0.009037709557538694,bb_mid_break,20,52.2,0.1623,0.73,1.67,True,fib_pullback,BEL
2022-07-14,2022-07-20,75.65152740478516,81.22820281982422,0.07371530498254451,0.07111530498254451,rsi_overbought,6,55.7,0.1156,0.8,1.13,True,fib_pullback,BEL
2023-11-24,2023-11-28,137.27528381347656,138.20448303222656,0.006768874869073692,0.004168874869073692,macd_bear_cross,4,59.0,0.0317,0.59,1.95,True,fib_pullback,BEL
2024-10-30,2024-11-13,285.0828552246094,278.16693115234375,-0.024259347573942137,-0.02685934757394214,bb_mid_break,14,51.5,0.7117,0.8,2.09,True,fib_pullback,BEL
2026-04-09,2026-04-16,439.75,455.6499938964844,0.036156893454199826,0.03355689345419983,rsi_overbought,7,50.2,1.7724,0.65,1.13,True,fib_pullback,BEL
2026-07-06,2026-07-07,425.54998779296875,419.1499938964844,-0.015039346915920933,-0.017639346915920933,death_cross,1,62.4,1.2116,0.82,1.28,True,fib_pullback,BEL
2016-11-15,2016-11-21,415.9602355957031,399.8811340332031,-0.03865538141998806,-0.04125538141998806,bb_mid_break,6,51.3,0.8412,0.74,1.92,True,fib_pullback,BHARATFORG
2016-11-24,2016-12-02,425.86407470703125,406.8487243652344,-0.0446512196523698,-0.0472512196523698,bb_mid_break,8,62.7,2.0108,0.94,1.34,True,fib_pullback,BHARATFORG
2016-12-07,2016-12-09,426.563232421875,447.6990661621094,0.049549122225637204,0.046949122225637206,rsi_overbought,2,53.9,0.4276,0.83,1.2,True,fib_pullback,BHARATFORG
2017-07-26,2017-08-10,531.9389038085938,536.3023681640625,0.008202942714336315,0.0056029427143363154,bb_mid_break,15,62.3,0.9927,0.75,1.25,True,fib_pullback,BHARATFORG
2017-08-11,2017-08-21,543.8341064453125,533.0174560546875,-0.019889613877522985,-0.022489613877522987,macd_bear_cross,10,60.5,0.4914,0.68,1.42,True,fib_pullback,BHARATFORG
2020-11-06,2020-12-04,458.9877014160156,531.0519409179688,0.15700690733025938,0.15440690733025939,rsi_overbought,28,60.5,1.1689,0.8,1.11,True,fib_pullback,BHARATFORG
2021-04-29,2021-05-10,581.8045654296875,625.581787109375,0.07524386070665526,0.07264386070665525,rsi_overbought,11,47.8,1.9162,0.67,1.76,True,fib_pullback,BHARATFORG
2021-09-03,2021-09-08,763.2190551757812,744.9898071289062,-0.023884686740003522,-0.026484686740003524,bb_mid_break,5,43.3,2.6557,0.65,1.28,True,fib_pullback,BHARATFORG
2021-10-11,2021-10-25,765.8233032226562,733.6567993164062,-0.04200251385781856,-0.044602513857818556,bb_mid_break,14,61.9,3.4388,0.97,1.55,True,fib_pullback,BHARATFORG
2023-02-13,2023-02-15,869.22705078125,799.68888671875,-0.07999999999999995,-0.08259999999999995,stop_loss,2,55.5,1.7336,1.12,2.58,True,fib_pullback,BHARATFORG
2024-04-08,2024-04-25,1156.4068603515625,1292.3011474609375,0.11751425192000452,0.11491425192000451,rsi_overbought,17,64.7,6.7172,0.91,1.79,True,fib_pullback,BHARATFORG
2024-09-13,2024-09-18,1598.3853759765625,1558.2835693359375,-0.025088947411148626,-0.027688947411148628,bb_mid_break,5,46.7,2.9953,0.78,1.83,True,fib_pullback,BHARATFORG
2025-09-08,2025-09-09,1197.792236328125,1176.780029296875,-0.017542447174030508,-0.02014244717403051,death_cross,1,54.0,6.9072,1.0,3.78,True,fib_pullback,BHARATFORG
2016-10-19,2016-11-02,86.4241714477539,83.82381439208984,-0.030088307612368134,-0.032688307612368135,bb_mid_break,14,50.1,0.0122,0.63,2.36,True,fib_pullback,BHEL
2016-11-08,2016-11-09,87.6172866821289,80.6079037475586,-0.07999999999999999,-0.08259999999999999,stop_loss,1,61.7,0.2232,0.88,3.51,True,fib_pullback,BHEL
2019-05-27,2019-06-13,69.83849334716797,65.99594116210938,-0.055020548137503796,-0.057620548137503794,macd_bear_cross,17,63.9,1.0103,0.98,2.58,False,golden_cross,BHEL
2019-06-24,2019-07-03,70.79913330078125,70.07865905761719,-0.010176314448698374,-0.012776314448698374,death_cross,9,56.8,0.3582,1.0,1.31,False,golden_cross,BHEL
2021-04-30,2021-05-05,47.50802993774414,55.81947708129883,0.17494825936681108,0.17234825936681109,rsi_overbought,5,40.5,0.1312,0.58,1.39,True,fib_pullback,BHEL
2023-04-18,2023-04-25,74.68629455566406,76.3196029663086,0.021868917454824572,0.01926891745482457,rsi_overbought,7,54.0,0.4135,0.83,2.21,True,fib_pullback,BHEL
2023-11-03,2023-11-08,127.81034851074219,124.53060150146484,-0.025661044254187977,-0.02826104425418798,bb_mid_break,5,50.4,0.0933,0.64,1.5,True,fib_pullback,BHEL
2023-11-10,2023-11-13,128.25758361816406,135.6618194580078,0.057729419430564956,0.05512941943056496,rsi_overbought,3,56.1,0.4991,0.69,1.32,True,fib_pullback,BHEL
2025-10-10,2025-10-13,238.86944580078125,234.10482788085938,-0.019946535664907093,-0.022546535664907094,macd_bear_cross,3,53.8,0.1523,0.63,1.05,True,fib_pullback,BHEL
2026-03-12,2026-03-13,266.9887390136719,257.6688232421875,-0.034907523837577,-0.037507523837576995,bb_mid_break,1,61.5,0.6678,0.96,1.08,True,fib_pullback,BHEL
2026-03-20,2026-03-23,261.2073974609375,252.0369873046875,-0.03510777353700864,-0.03770777353700864,macd_bear_cross,3,48.4,0.2982,0.67,1.95,True,fib_pullback,BHEL
2026-04-08,2026-04-16,264.8456726074219,308.2655944824219,0.16394423759137994,0.16134423759137995,rsi_overbought,8,56.6,0.5537,0.91,1.72,True,fib_pullback,BHEL
2016-12-29,2017-01-05,117.0469741821289,123.09467315673828,0.05166899030810449,0.04906899030810449,rsi_overbought,7,52.3,0.4217,1.0,2.28,True,fib_pullback,BPCL
2017-12-14,2018-01-01,147.86380004882812,146.43856811523438,-0.009638815809705315,-0.012238815809705317,macd_bear_cross,18,51.5,0.3052,0.82,1.4,True,fib_pullback,BPCL
2019-08-28,2019-09-11,112.40565490722656,123.80493927001953,0.10141201856971796,0.09881201856971795,death_cross,14,55.8,0.7223,0.98,1.36,True,fib_pullback,BPCL
2020-09-10,2020-09-18,145.5326690673828,139.3603057861328,-0.04241221796318561,-0.04501221796318561,bb_mid_break,8,62.3,0.2973,1.29,2.29,True,fib_pullback,BPCL
2021-08-16,2021-08-20,165.09716796875,161.9660186767578,-0.018965493657558435,-0.021565493657558436,bb_mid_break,4,57.4,0.336,0.94,1.97,True,fib_pullback,BPCL
2021-08-25,2021-09-02,163.92298889160156,170.71900939941406,0.041458617572588,0.038858617572588,rsi_overbought,8,52.8,0.2633,0.73,1.03,True,fib_pullback,BPCL
2023-03-31,2023-04-03,144.98924255371094,138.9462890625,-0.041678633426699495,-0.04427863342669949,macd_bear_cross,3,64.1,0.0078,0.62,1.12,True,fib_pullback,BPCL
2023-10-17,2023-10-20,151.0347137451172,147.50048828125,-0.02340008714706122,-0.026000087147061222,bb_mid_break,3,53.3,0.4614,0.8,1.5,True,fib_pullback,BPCL
2023-11-07,2023-11-10,158.74188232421875,163.53224182128906,0.030177035996627227,0.027577035996627225,rsi_overbought,3,64.0,1.3925,1.07,1.35,False,golden_cross,BPCL
2024-05-10,2024-05-13,275.87261962890625,270.6329650878906,-0.01899302130114912,-0.02159302130114912,macd_bear_cross,3,58.5,0.088,0.74,2.52,True,fib_pullback,BPCL
2024-05-15,2024-05-30,278.72650146484375,279.0386962890625,0.0011200758542083866,-0.0014799241457916132,bb_mid_break,15,58.0,0.1442,0.82,1.07,True,fib_pullback,BPCL
2024-07-24,2024-07-29,280.8892822265625,301.3572998046875,0.07286863142615638,0.07026863142615637,rsi_overbought,5,56.2,0.7725,0.93,1.23,True,fib_pullback,BPCL
2026-01-29,2026-02-09,356.8828125,388.29998779296875,0.08803218925811607,0.08543218925811606,rsi_overbought,11,61.7,0.3617,0.63,2.19,True,fib_pullback,BPCL
2017-04-25,2017-05-03,299.57867431640625,293.1461486816406,-0.021471907669808898,-0.0240719076698089,bb_mid_break,8,63.9,0.7827,1.02,1.19,True,fib_pullback,BHARTIARTL
2020-04-22,2020-05-28,473.3388977050781,531.2554931640625,0.12235756609014267,0.11975756609014267,macd_bear_cross,36,63.6,6.7559,0.76,1.14,True,fib_pullback,BHARTIARTL
2021-04-28,2021-05-18,515.6832275390625,508.15118408203125,-0.014605950038312434,-0.017205950038312434,macd_bear_cross,20,55.9,1.4143,0.87,1.26,True,fib_pullback,BHARTIARTL
2021-06-08,2021-06-17,518.0517578125,500.85601806640625,-0.0331930921703724,-0.035793092170372395,bb_mid_break,9,63.9,1.2007,0.69,1.08,True,fib_pullback,BHARTIARTL
2021-07-16,2021-07-20,512.69873046875,498.10845947265625,-0.028457786471899713,-0.031057786471899714,bb_mid_break,4,58.1,1.0578,1.01,1.51,True,fib_pullback,BHARTIARTL
2021-07-22,2021-08-05,517.95703125,567.22314453125,0.09511621680731841,0.0925162168073184,rsi_overbought,14,63.7,1.547,1.15,2.43,True,fib_pullback,BHARTIARTL
2022-01-31,2022-02-07,703.9293823242188,681.922607421875,-0.03126275938316747,-0.03386275938316747,macd_bear_cross,7,57.6,0.9565,0.87,1.26,True,fib_pullback,BHARTIARTL
2025-01-14,2025-01-27,1567.1116943359375,1569.5601806640625,0.0015624197923955537,-0.0010375802076044462,bb_mid_break,13,56.6,0.8058,0.57,1.69,True,fib_pullback,BHARTIARTL
2025-01-28,2025-01-29,1584.9854736328125,1567.4544677734375,-0.011060672890076178,-0.013660672890076178,macd_bear_cross,1,55.4,0.2887,0.57,1.25,True,fib_pullback,BHARTIARTL
2025-09-16,2025-09-22,1915.394287109375,1931.88671875,0.00861046300055255,0.00601046300055255,rsi_overbought,6,60.7,4.2734,0.96,1.28,True,fib_pullback,BHARTIARTL
2025-09-25,2025-09-29,1911.542724609375,1878.557861328125,-0.017255624400438384,-0.019855624400438386,macd_bear_cross,4,64.0,3.1745,0.71,1.53,True,fib_pullback,BHARTIARTL
2016-12-01,2016-12-09,151.55697631835938,154.57090759277344,0.01988645687997247,0.01728645687997247,rsi_overbought,8,54.5,1.347,0.95,1.08,True,fib_pullback,BIOCON
2017-01-06,2017-01-13,157.1753387451172,162.8920135498047,0.036371321673802304,0.033771321673802306,rsi_overbought,7,47.8,0.0532,0.72,1.07,True,fib_pullback,BIOCON
2017-09-19,2017-09-25,176.9364471435547,168.71026611328125,-0.04649229236302711,-0.04909229236302711,bb_mid_break,6,62.8,1.7075,1.09,1.72,True,fib_pullback,BIOCON
2018-04-03,2018-04-16,299.81170654296875,309.46636962890625,0.03220242197098398,0.02960242197098398,rsi_overbought,13,56.1,0.6221,0.7,1.0,True,fib_pullback,BIOCON
2018-12-11,2018-12-21,310.687255859375,306.3697204589844,-0.013896725143901145,-0.016496725143901145,bb_mid_break,10,56.2,0.5724,0.81,1.09,True,fib_pullback,BIOCON
2019-01-11,2019-01-16,317.0277404785156,321.0739440917969,0.012762932376750335,0.010162932376750335,rsi_overbought,5,62.7,0.9195,0.87,1.16,True,fib_pullback,BIOCON
2019-04-10,2019-04-18,309.7744140625,303.55718994140625,-0.02007016667244624,-0.022670166672446243,bb_mid_break,8,49.1,0.7377,0.78,2.04,True,fib_pullback,BIOCON
2020-09-01,2020-09-18,400.7846984863281,448.8868103027344,0.12001983109154839,0.11741983109154838,rsi_overbought,17,55.9,0.0006,0.77,3.63,True,fib_pullback,BIOCON
2020-12-04,2020-12-16,437.6645812988281,454.8192138671875,0.03919584380680454,0.03659584380680454,rsi_overbought,12,56.5,2.1004,1.0,1.31,True,fib_pullback,BIOCON
2024-04-22,2024-05-17,270.0901794433594,304.6545715332031,0.12797352410620413,0.12537352410620414,macd_bear_cross,25,56.2,0.1361,0.67,1.58,True,fib_pullback,BIOCON
2019-10-18,2019-11-06,552.5728149414062,592.5003051757812,0.07225742771766439,0.06965742771766438,rsi_overbought,19,43.9,1.2336,0.69,1.14,True,fib_pullback,BIRLACORPN
2020-11-05,2020-11-06,613.7606811523438,638.9164428710938,0.0409862711823112,0.0383862711823112,rsi_overbought,1,53.1,0.1161,0.71,1.48,True,fib_pullback,BIRLACORPN
2021-09-03,2021-09-06,1288.5250244140625,1258.357421875,-0.023412508075099873,-0.026012508075099874,bb_mid_break,3,44.8,0.7407,0.62,1.07,True,fib_pullback,BIRLACORPN
2021-12-13,2021-12-20,1437.3851318359375,1322.3943212890626,-0.0799999999999999,-0.08259999999999991,stop_loss,7,59.4,10.5013,1.12,2.84,True,fib_pullback,BIRLACORPN
2022-01-04,2022-01-06,1423.0517578125,1371.48974609375,-0.03623340573220652,-0.03883340573220652,bb_mid_break,2,52.4,6.1895,0.82,3.0,True,fib_pullback,BIRLACORPN
2022-01-07,2022-01-21,1397.3668212890625,1408.4298095703125,0.00791702515953861,0.005317025159538609,macd_bear_cross,14,63.0,3.122,0.63,1.49,True,fib_pullback,BIRLACORPN
2024-05-03,2024-05-09,1517.924560546875,1443.8236083984375,-0.04881728254119595,-0.05141728254119595,bb_mid_break,6,52.0,6.6445,1.01,4.23,True,fib_pullback,BIRLACORPN
2024-06-07,2024-07-09,1436.7686767578125,1532.6182861328125,0.06671192859750574,0.06411192859750574,macd_bear_cross,32,50.2,3.5073,0.9,1.07,True,fib_pullback,BIRLACORPN
2016-11-30,2016-12-05,150.77752685546875,160.186279296875,0.06240155703326548,0.05980155703326548,rsi_overbought,5,63.6,2.2664,0.89,3.11,True,fib_pullback,BLISSGVS
2017-02-27,2017-03-03,147.5462188720703,135.7425213623047,-0.07999999999999992,-0.08259999999999992,stop_loss,4,49.1,0.4996,0.79,2.08,True,fib_pullback,BLISSGVS
2017-03-16,2017-03-23,145.4078826904297,166.9339599609375,0.1480392731963258,0.1454392731963258,rsi_overbought,7,50.1,0.1727,0.71,1.37,True,fib_pullback,BLISSGVS
2017-08-02,2017-08-07,165.2232666015625,165.2232666015625,0.0,-0.0026,rsi_overbought,5,63.3,1.8824,1.12,4.6,True,fib_pullback,BLISSGVS
2018-03-22,2018-04-18,192.06004333496094,191.34466552734375,-0.003724761252758534,-0.006324761252758534,macd_bear_cross,27,60.2,1.9427,0.92,1.16,True,fib_pullback,BLISSGVS
2024-02-23,2024-02-28,130.7108154296875,120.2539501953125,-0.08000000000000002,-0.08260000000000002,stop_loss,5,60.9,1.6715,0.95,2.36,True,fib_pullback,BLISSGVS
2024-04-26,2024-05-06,121.22254180908203,111.52473846435548,-0.0799999999999999,-0.08259999999999991,stop_loss,10,57.8,0.9341,1.07,3.09,True,fib_pullback,BLISSGVS
2024-11-21,2024-11-28,128.11952209472656,158.54617309570312,0.2374864540821522,0.2348864540821522,rsi_overbought,7,53.6,0.3334,0.83,4.46,True,fib_pullback,BLISSGVS
2025-10-30,2025-11-04,155.49789428710938,153.13766479492188,-0.015178530249609693,-0.017778530249609695,bb_mid_break,5,47.1,0.2116,0.77,1.01,True,fib_pullback,BLISSGVS
2021-08-25,2021-09-03,5712.61279296875,6175.35546875,0.08100368299962622,0.07840368299962622,rsi_overbought,9,64.1,29.6429,0.94,1.02,True,fib_pullback,BLUEDART
2024-09-03,2024-09-05,8259.1591796875,8048.42236328125,-0.025515529101864776,-0.028115529101864777,bb_mid_break,2,61.0,11.0613,0.94,1.85,True,fib_pullback,BLUEDART
2024-10-01,2024-10-16,8603.6171875,8456.255859375,-0.0171278341322645,-0.0197278341322645,macd_bear_cross,15,57.9,0.2082,0.84,3.66,True,fib_pullback,BLUEDART
2017-01-25,2017-02-13,232.57838439941406,255.11614990234375,0.09690395589052199,0.09430395589052198,rsi_overbought,19,60.7,0.1866,0.64,1.32,True,fib_pullback,BLUESTARCO
2017-07-14,2017-07-19,296.47705078125,302.4931640625,0.020292003260950122,0.01769200326095012,rsi_overbought,5,64.6,2.1703,0.82,1.28,True,fib_pullback,BLUESTARCO
2019-04-05,2019-04-08,325.5393981933594,324.0664367675781,-0.00452467945187501,-0.00712467945187501,macd_bear_cross,3,59.6,0.2858,0.82,1.75,False,golden_cross,BLUESTARCO
2020-01-06,2020-01-24,388.3710021972656,398.5987548828125,0.026335006032072096,0.023735006032072094,macd_bear_cross,18,58.9,1.1756,0.77,1.08,True,fib_pullback,BLUESTARCO
2021-09-08,2021-09-14,405.7036437988281,412.8012390136719,0.017494531595489336,0.014894531595489334,rsi_overbought,6,57.5,3.0832,0.98,1.48,True,fib_pullback,BLUESTARCO
2021-12-28,2022-01-05,490.8752746582031,483.6564636230469,-0.01470599846403491,-0.01730599846403491,bb_mid_break,8,55.8,0.3856,0.8,1.17,True,fib_pullback,BLUESTARCO
2022-02-04,2022-02-16,489.7609558105469,536.34375,0.09511332750557731,0.09251332750557731,rsi_overbought,12,46.6,1.4761,0.67,1.79,True,fib_pullback,BLUESTARCO
2024-01-09,2024-01-10,953.628173828125,956.6362915039062,0.003154392622132629,0.0005543926221326292,rsi_overbought,1,58.2,0.3078,0.63,1.39,True,fib_pullback,BLUESTARCO
2024-08-30,2024-09-02,1687.478515625,1644.595703125,-0.025412360574035085,-0.028012360574035087,macd_bear_cross,3,63.1,0.097,0.58,1.32,True,fib_pullback,BLUESTARCO
2025-02-01,2025-02-03,2036.82861328125,1873.88232421875,-0.08,-0.0826,stop_loss,2,63.1,5.6265,0.84,4.11,True,fib_pullback,BLUESTARCO
2025-02-07,2025-02-11,2018.9033203125,1857.3910546875002,-0.07999999999999992,-0.08259999999999992,stop_loss,4,62.0,22.6918,0.86,1.03,True,fib_pullback,BLUESTARCO
2025-03-03,2025-03-18,2012.9114990234375,1994.3917236328125,-0.00920049162599044,-0.01180049162599044,macd_bear_cross,15,54.9,6.3494,0.85,5.01,True,fib_pullback,BLUESTARCO
2017-08-16,2017-08-29,896.3344116210938,869.18603515625,-0.030288222914195275,-0.03288822291419528,bb_mid_break,13,64.0,2.7766,1.22,1.72,True,fib_pullback,BBTC
2018-02-19,2018-02-23,1524.9381103515625,1512.411865234375,-0.008214264586973745,-0.010814264586973744,rsi_overbought,4,57.0,23.8484,0.79,1.81,True,fib_pullback,BBTC
2018-07-30,2018-08-14,1517.128173828125,1499.033447265625,-0.011926959682544229,-0.014526959682544228,macd_bear_cross,15,44.7,6.0341,0.86,1.51,True,fib_pullback,BBTC
2020-11-27,2020-12-04,1290.2423095703125,1252.0167236328125,-0.02962667217929802,-0.03222667217929802,macd_bear_cross,7,62.0,7.0212,0.79,3.2,True,fib_pullback,BBTC
2020-12-07,2020-12-17,1325.92626953125,1292.5399169921875,-0.02517964483113036,-0.02777964483113036,macd_bear_cross,10,64.3,2.9263,0.95,4.81,True,fib_pullback,BBTC
2023-02-02,2023-02-07,923.7940063476562,888.1749267578125,-0.038557383296595055,-0.04115738329659505,bb_mid_break,5,57.4,1.0268,0.82,9.1,True,fib_pullback,BBTC
2023-09-04,2023-09-08,1038.2454833984375,1251.0291748046875,0.20494545346805235,0.20234545346805236,rsi_overbought,4,60.7,5.0211,1.14,6.18,True,fib_pullback,BBTC
2024-06-07,2024-06-24,1565.4234619140625,1975.8695068359375,0.2621948979990485,0.2595948979990485,rsi_overbought,17,55.4,5.4401,0.9,2.73,True,fib_pullback,BBTC
2016-10-07,2016-10-21,56.4576416015625,57.50492858886719,0.01854995989197861,0.01594995989197861,rsi_overbought,14,59.3,0.2383,1.02,1.61,False,golden_cross,BOMDYEING
2017-12-05,2017-12-06,194.08152770996094,196.19322204589844,0.01088044988543812,0.008280449885438121,macd_bear_cross,1,60.6,0.2624,0.53,1.1,True,fib_pullback,BOMDYEING
2017-12-07,2017-12-15,200.7045135498047,256.039794921875,0.2757052165562729,0.2731052165562729,rsi_overbought,8,64.1,0.0886,0.71,1.63,True,fib_pullback,BOMDYEING
2020-11-06,2020-11-24,64.74758911132812,72.17682647705078,0.11474152887683119,0.11214152887683118,rsi_overbought,18,54.6,0.1943,0.95,3.29,True,fib_pullback,BOMDYEING
2021-03-01,2021-03-04,75.12884521484375,85.01810455322266,0.13163065810606941,0.12903065810606942,rsi_overbought,3,59.4,0.345,0.78,1.4,True,fib_pullback,BOMDYEING
2021-09-06,2021-09-16,94.75977325439453,94.66136169433594,-0.0010385373104935102,-0.00363853731049351,rsi_overbought,10,55.5,0.8177,0.77,1.1,True,fib_pullback,BOMDYEING
2021-10-06,2021-10-14,93.7265625,101.25420379638672,0.08031491922459781,0.0777149192245978,rsi_overbought,8,47.3,0.1242,0.6,2.24,True,fib_pullback,BOMDYEING
2021-10-22,2021-10-25,96.5801773071289,93.03776550292969,-0.03667845621088688,-0.03927845621088688,macd_bear_cross,3,60.3,0.1263,0.61,1.08,True,fib_pullback,BOMDYEING
2021-12-21,2022-01-14,93.5789566040039,111.58627319335938,0.192429123414537,0.189829123414537,macd_bear_cross,24,61.8,0.5628,0.61,1.14,True,fib_pullback,BOMDYEING
2022-04-04,2022-04-13,104.20623016357422,99.53218841552734,-0.04485376489207944,-0.04745376489207944,bb_mid_break,9,62.6,0.904,1.19,1.86,True,fib_pullback,BOMDYEING
2022-06-06,2022-06-13,115.22708129882812,106.00891479492188,-0.07999999999999997,-0.08259999999999998,stop_loss,7,57.4,1.4273,0.97,1.35,True,fib_pullback,BOMDYEING
2024-01-12,2024-01-18,156.8997344970703,152.5701141357422,-0.0275948227395437,-0.0301948227395437,bb_mid_break,6,63.7,0.7149,0.82,1.83,True,fib_pullback,BOMDYEING
2024-09-25,2024-10-07,215.8838348388672,208.4521942138672,-0.034424257057258954,-0.03702425705725895,bb_mid_break,12,62.8,0.6173,0.99,1.21,True,fib_pullback,BOMDYEING
2017-07-13,2017-07-17,21959.376953125,22275.8671875,0.014412532516318084,0.011812532516318083,rsi_overbought,4,49.4,34.4941,0.67,1.01,True,fib_pullback,BOSCHLTD
2018-09-11,2018-09-14,18662.64453125,19174.326171875,0.027417424136660026,0.024817424136660025,macd_bear_cross,3,62.6,20.0202,0.6,1.02,False,golden_cross,BOSCHLTD
2018-10-30,2018-11-16,17966.818359375,17043.208984375,-0.05140639575276081,-0.05400639575276081,macd_bear_cross,17,59.9,108.6523,0.96,1.08,True,fib_pullback,BOSCHLTD
2018-12-11,2019-01-02,17390.41796875,17729.251953125,0.0194839471359385,0.0168839471359385,macd_bear_cross,22,56.9,12.8045,0.72,2.1,True,fib_pullback,BOSCHLTD
2019-02-28,2019-03-07,17318.27734375,16826.666015625,-0.02838684924412634,-0.03098684924412634,bb_mid_break,7,46.9,85.9287,0.71,1.48,True,fib_pullback,BOSCHLTD
2020-09-28,2020-10-08,12475.9130859375,11875.6435546875,-0.04811427645537279,-0.05071427645537279,bb_mid_break,10,60.8,26.1198,1.07,1.17,True,fib_pullback,BOSCHLTD
2021-05-17,2021-05-20,13149.1923828125,14653.75,0.1144220552399955,0.1118220552399955,rsi_overbought,3,62.9,101.38,0.97,1.34,True,fib_pullback,BOSCHLTD
2021-12-31,2022-01-17,16138.5927734375,16485.259765625,0.02148062083567032,0.01888062083567032,rsi_overbought,17,57.7,100.9871,1.03,1.62,True,fib_pullback,BOSCHLTD
2023-02-03,2023-02-15,16438.205078125,16853.326171875,0.025253431976123647,0.022653431976123645,rsi_overbought,12,52.0,31.9546,0.85,1.52,True,fib_pullback,BOSCHLTD
2023-06-12,2023-06-16,18125.1328125,18125.943359375,4.471949990021625e-05,-0.0025552805000997837,rsi_overbought,4,53.4,18.1987,0.73,1.16,True,fib_pullback,BOSCHLTD
2023-07-04,2023-07-21,18181.23828125,18309.95703125,0.00707975705553265,0.0044797570555326505,macd_bear_cross,17,49.8,14.0954,0.7,1.0,True,fib_pullback,BOSCHLTD
2024-09-10,2024-09-26,32868.65625,36404.96875,0.1075892020988841,0.1049892020988841,rsi_overbought,16,60.4,186.4305,0.97,2.34,True,fib_pullback,BOSCHLTD
2026-02-03,2026-02-04,37493.2734375,36470.0078125,-0.02729197883203633,-0.029891978832036332,bb_mid_break,1,48.8,75.781,0.66,1.14,True,fib_pullback,BOSCHLTD
2017-09-13,2017-09-20,128.96791076660156,126.6178207397461,-0.018222285007846034,-0.020822285007846036,bb_mid_break,7,62.1,0.3163,0.97,1.0,True,fib_pullback,BRIGADE
2021-05-20,2021-06-03,194.53668212890625,198.44142150878906,0.020071995354045396,0.017471995354045394,rsi_overbought,14,60.2,1.4261,1.02,2.28,True,fib_pullback,BRIGADE
2022-12-01,2022-12-07,372.0691223144531,359.60748291015625,-0.03349280726865842,-0.03609280726865842,bb_mid_break,6,42.1,1.2793,0.65,2.53,True,fib_pullback,BRIGADE
2023-10-10,2023-10-26,452.0670471191406,446.0751953125,-0.013254343232545977,-0.01585434323254598,macd_bear_cross,16,49.0,1.0039,0.67,2.45,True,fib_pullback,BRIGADE
2024-12-12,2024-12-20,932.1317138671875,921.9556884765625,-0.010916939354425727,-0.013516939354425727,macd_bear_cross,8,61.4,3.1669,0.61,1.11,True,fib_pullback,BRIGADE
2025-07-17,2025-07-22,843.7530517578125,810.2802734375,-0.039671297485179814,-0.04227129748517981,bb_mid_break,5,54.3,2.4066,0.73,2.11,True,golden_cross,BRIGADE
2018-02-01,2018-02-05,2062.871337890625,2008.9986572265625,-0.026115385712397188,-0.02871538571239719,macd_bear_cross,4,51.5,2.1548,0.83,1.12,True,fib_pullback,BRITANNIA
2018-02-12,2018-02-26,2076.7958984375,2160.45556640625,0.040283047569427625,0.03768304756942763,rsi_overbought,14,54.3,1.599,0.87,1.54,True,fib_pullback,BRITANNIA
2020-01-14,2020-01-29,2728.69482421875,2824.5244140625,0.035119203874763416,0.03251920387476342,rsi_overbought,15,52.3,3.6452,0.83,2.17,True,fib_pullback,BRITANNIA
2020-03-05,2020-03-09,2748.02783203125,2633.217529296875,-0.041779163004150174,-0.04437916300415017,bb_mid_break,4,49.0,0.9082,0.63,1.56,True,fib_pullback,BRITANNIA
2020-10-07,2020-10-12,3437.025390625,3387.59375,-0.01438209934667116,-0.01698209934667116,bb_mid_break,5,45.2,10.155,0.66,1.07,True,fib_pullback,BRITANNIA
2020-10-19,2020-10-20,3424.76953125,3225.680908203125,-0.05813197683238265,-0.06073197683238265,macd_bear_cross,1,54.3,0.2315,0.64,1.02,True,fib_pullback,BRITANNIA
2021-01-14,2021-01-20,3327.63134765625,3261.22265625,-0.019956745344710022,-0.022556745344710024,bb_mid_break,6,60.5,5.7106,0.77,1.69,True,fib_pullback,BRITANNIA
2021-01-21,2021-01-29,3296.174560546875,3178.42822265625,-0.035722118391414766,-0.038322118391414764,macd_bear_cross,8,61.0,2.8795,0.78,1.17,True,fib_pullback,BRITANNIA
2021-06-08,2021-06-11,3336.25390625,3295.63623046875,-0.012174635661020441,-0.014774635661020441,rsi_overbought,3,58.3,18.8071,1.12,1.39,True,golden_cross,BRITANNIA
2021-08-03,2021-08-10,3309.80810546875,3369.0908203125,0.017911224141906594,0.015311224141906592,rsi_overbought,7,61.5,10.353,1.14,2.65,True,fib_pullback,BRITANNIA
2022-09-21,2022-10-10,3548.237060546875,3578.578125,0.008551025181065174,0.005951025181065174,macd_bear_cross,19,53.7,3.2856,0.93,2.36,True,fib_pullback,BRITANNIA
2025-12-16,2026-01-01,5966.62939453125,5911.05517578125,-0.009314173057394327,-0.011914173057394329,macd_bear_cross,16,61.6,23.511,1.17,1.02,True,fib_pullback,BRITANNIA
2026-02-11,2026-02-18,5920.3994140625,6074.82763671875,0.0260840885649442,0.0234840885649442,rsi_overbought,7,61.9,15.0068,1.06,1.99,True,fib_pullback,BRITANNIA
2017-01-11,2017-01-13,1046.792724609375,1051.429443359375,0.004429452594571915,0.0018294525945719148,rsi_overbought,2,54.7,4.7123,0.77,1.19,True,fib_pullback,CARERATING
2017-02-01,2017-02-02,1063.9720458984375,1051.201904296875,-0.012002328116411328,-0.01460232811641133,macd_bear_cross,1,55.5,1.6066,0.61,1.16,True,fib_pullback,CARERATING
2017-02-28,2017-03-10,1065.902099609375,1126.94287109375,0.057266771035299424,0.054666771035299426,rsi_overbought,10,53.8,0.2532,0.83,1.25,True,fib_pullback,CARERATING
2021-04-08,2021-05-04,415.3756408691406,464.85479736328125,0.11911906146111363,0.11651906146111363,rsi_overbought,26,61.0,4.0926,0.92,2.25,True,fib_pullback,CARERATING
2021-09-08,2021-09-09,634.7583618164062,654.6492919921875,0.03133622394333166,0.028736223943331658,rsi_overbought,1,63.8,4.7268,1.05,1.74,True,fib_pullback,CARERATING
2021-10-13,2021-10-14,615.8980712890625,609.3572998046875,-0.010619892786293833,-0.013219892786293833,bb_mid_break,1,47.9,0.0713,0.53,1.69,True,fib_pullback,CARERATING
2021-10-18,2021-10-25,628.3521728515625,611.0596923828125,-0.027520363923106944,-0.030120363923106946,bb_mid_break,7,60.2,1.2335,1.09,3.14,True,fib_pullback,CARERATING
2022-11-07,2022-11-10,473.277099609375,513.024658203125,0.08398369290750837,0.08138369290750837,rsi_overbought,3,59.7,1.4767,0.84,2.21,True,fib_pullback,CARERATING
2024-07-05,2024-07-15,1089.2020263671875,1046.3658447265625,-0.03932804071573058,-0.04192804071573058,bb_mid_break,10,64.3,6.8053,1.07,1.64,True,fib_pullback,CARERATING
2025-10-23,2025-11-12,1582.1455078125,1499.2796630859375,-0.052375615464809025,-0.05497561546480902,macd_bear_cross,20,61.4,13.5702,0.95,1.77,True,fib_pullback,CARERATING
2025-12-08,2025-12-17,1537.666748046875,1511.685302734375,-0.01689666850473375,-0.019496668504733753,bb_mid_break,9,55.0,3.3705,0.65,1.85,True,fib_pullback,CARERATING
2026-06-29,2026-07-03,1672.199951171875,1645.4000244140625,-0.0160267477217848,-0.0186267477217848,macd_bear_cross,4,61.5,3.5625,0.74,1.49,True,fib_pullback,CARERATING
2026-07-06,2026-07-07,1674.699951171875,1648.5999755859375,-0.0155848667504134,-0.018184866750413402,macd_bear_cross,1,59.3,0.2441,0.69,1.67,True,fib_pullback,CARERATING
2016-11-30,2016-12-05,230.49632263183594,248.70286560058594,0.07898843140257253,0.07638843140257252,rsi_overbought,5,52.6,1.3859,0.84,1.45,True,fib_pullback,CCL
2019-02-14,2019-02-15,255.5719451904297,246.6513214111328,-0.03490455015573017,-0.03750455015573017,bb_mid_break,1,58.3,0.7774,0.97,1.55,True,golden_cross,CCL
2020-10-01,2020-10-06,256.4897766113281,247.68304443359375,-0.03433560703310082,-0.036935607033100816,macd_bear_cross,5,61.6,0.3275,0.68,1.05,True,fib_pullback,CCL
2020-11-18,2020-11-20,243.84503173828125,249.748046875,0.02420805990853426,0.021608059908534257,rsi_overbought,2,58.3,1.1161,0.95,2.64,True,fib_pullback,CCL
2021-03-03,2021-03-10,241.06153869628906,243.84503173828125,0.011546815211774955,0.008946815211774956,death_cross,7,59.7,1.519,0.88,1.71,True,fib_pullback,CCL
2021-09-07,2021-09-20,388.9867248535156,380.4486999511719,-0.021949399187231888,-0.02454939918723189,macd_bear_cross,13,55.0,1.2713,0.66,2.56,True,fib_pullback,CCL
2021-10-06,2021-10-20,390.5785827636719,377.45794677734375,-0.0335928198968018,-0.0361928198968018,macd_bear_cross,14,52.0,0.5422,0.79,4.66,True,fib_pullback,CCL
2023-01-23,2023-01-27,531.6422729492188,503.7432861328125,-0.052476991082067506,-0.055076991082067504,bb_mid_break,4,51.7,0.8026,0.76,1.23,True,fib_pullback,CCL
2023-09-06,2023-09-07,632.075927734375,650.2504272460938,0.028753665049171817,0.026153665049171815,rsi_overbought,1,64.1,4.6404,1.29,1.49,True,fib_pullback,CCL
2023-11-29,2023-12-12,642.1235961914062,635.080322265625,-0.010968719990289484,-0.013568719990289486,macd_bear_cross,13,61.9,2.3317,0.95,1.89,True,fib_pullback,CCL
2024-02-06,2024-02-12,635.5235595703125,633.2579345703125,-0.003564974053096985,-0.006164974053096984,macd_bear_cross,6,54.8,0.1014,0.53,2.43,True,fib_pullback,CCL
2026-01-19,2026-01-21,981.1000366210938,937.8169555664062,-0.044116888634266424,-0.04671688863426642,bb_mid_break,2,61.5,5.8174,0.93,1.59,True,fib_pullback,CCL
2026-02-03,2026-02-20,978.8062744140625,994.0,0.015522709634276545,0.012922709634276545,macd_bear_cross,17,53.5,3.9913,0.9,1.4,True,fib_pullback,CCL
2026-06-22,2026-07-02,1148.699951171875,1186.4000244140625,0.03281977439254422,0.03021977439254422,rsi_overbought,10,62.5,2.9415,0.74,1.72,True,fib_pullback,CCL
2017-07-14,2017-07-31,57.84040832519531,60.2730712890625,0.042058191397786486,0.03945819139778649,rsi_overbought,17,64.3,0.1779,1.08,3.14,True,fib_pullback,CESC
2017-11-22,2017-11-24,66.0718002319336,64.51823425292969,-0.023513298768164062,-0.026113298768164064,bb_mid_break,2,56.6,0.1313,0.96,2.73,True,fib_pullback,CESC
2020-12-02,2020-12-17,46.004329681396484,46.908172607421875,0.019646910025316426,0.017046910025316424,macd_bear_cross,15,58.9,0.2072,0.99,3.64,True,fib_pullback,CESC
2021-03-03,2021-03-16,50.86235809326172,50.32482147216797,-0.010568456541242496,-0.013168456541242497,macd_bear_cross,13,51.0,0.037,0.85,1.85,True,fib_pullback,CESC
2021-04-07,2021-04-12,50.79312515258789,48.064720153808594,-0.053716029296934996,-0.056316029296934994,bb_mid_break,5,52.7,0.0706,0.77,2.42,True,fib_pullback,CESC
2021-04-15,2021-04-19,50.23930358886719,48.02399444580078,-0.04409514035455916,-0.046695140354559156,macd_bear_cross,4,54.2,0.0434,0.77,1.44,True,fib_pullback,CESC
2021-04-26,2021-05-19,50.218936920166016,56.661231994628906,0.1282841786297533,0.1256841786297533,rsi_overbought,23,53.2,0.0235,0.78,1.62,True,fib_pullback,CESC
2021-08-30,2021-09-09,64.35369110107422,67.49748229980469,0.04885176195710072,0.04625176195710072,rsi_overbought,10,54.6,0.0977,0.75,1.33,True,fib_pullback,CESC
2022-01-04,2022-01-07,72.8932113647461,73.74837493896484,0.011731731367131664,0.009131731367131662,rsi_overbought,3,51.5,0.3501,0.78,1.34,True,fib_pullback,CESC
2024-12-04,2024-12-05,175.27369689941406,179.93238830566406,0.026579523845631704,0.023979523845631703,rsi_overbought,1,53.7,1.5472,0.87,2.03,True,fib_pullback,CESC
2025-06-26,2025-07-07,167.56239318847656,174.66387939453125,0.042381145738750785,0.03978114573875079,rsi_overbought,11,57.6,0.3762,0.94,1.64,False,golden_cross,CESC
2025-10-08,2025-10-28,160.7898406982422,178.74000549316406,0.11163743130145481,0.10903743130145481,rsi_overbought,20,48.6,0.0599,0.61,1.46,True,fib_pullback,CESC
2026-01-02,2026-01-08,175.3699951171875,167.10000610351562,-0.04715737722491022,-0.04975737722491022,bb_mid_break,6,60.3,0.5008,1.14,4.14,True,fib_pullback,CESC
2026-05-06,2026-05-07,185.00999450683594,186.61000061035156,0.008648214426364443,0.006048214426364443,macd_bear_cross,1,63.9,0.3973,0.65,1.02,False,golden_cross,CESC
2016-11-30,2016-12-05,76.36029052734375,70.25146728515625,-0.07999999999999997,-0.08259999999999998,stop_loss,5,40.0,0.1084,0.56,1.7,True,fib_pullback,CGPOWER
2017-06-21,2017-06-23,84.21363830566406,80.50922393798828,-0.04398829503399604,-0.04658829503399604,macd_bear_cross,2,57.3,0.0012,0.57,1.57,True,fib_pullback,CGPOWER
2017-10-26,2017-11-01,81.15132904052734,85.5472183227539,0.05416903622159084,0.05156903622159084,rsi_overbought,6,56.9,0.4226,0.9,1.18,True,fib_pullback,CGPOWER
2021-02-04,2021-02-18,42.9711799621582,49.44155502319336,0.15057475886706337,0.14797475886706338,rsi_overbought,14,51.4,0.1611,0.83,1.63,True,fib_pullback,CGPOWER
2021-08-17,2021-09-01,81.20071411132812,84.75695037841797,0.043795627981967726,0.04119562798196773,rsi_overbought,15,55.2,0.0218,0.66,1.05,True,fib_pullback,CGPOWER
2022-03-23,2022-03-31,176.33001708984375,187.1468963623047,0.0613445143996641,0.058744514399664105,rsi_overbought,8,61.9,1.3152,1.06,1.9,True,fib_pullback,CGPOWER
2022-06-23,2022-07-01,179.19476318359375,188.13473510742188,0.04988969412386616,0.04728969412386616,rsi_overbought,8,45.4,0.676,0.71,1.26,True,fib_pullback,CGPOWER
2023-03-29,2023-04-05,302.8922119140625,288.4451599121094,-0.047697007165215875,-0.05029700716521587,bb_mid_break,7,58.7,0.8046,0.99,1.54,True,fib_pullback,CGPOWER
2023-04-26,2023-05-12,306.5660400390625,329.9991149902344,0.07643728231667814,0.07383728231667813,rsi_overbought,16,62.7,1.5205,0.92,1.55,True,fib_pullback,CGPOWER
2024-09-17,2024-09-26,728.0411376953125,768.86962890625,0.056079923368319816,0.05347992336831982,rsi_overbought,9,56.1,4.0272,0.73,1.32,True,fib_pullback,CGPOWER
2024-12-02,2024-12-19,752.0403442382812,761.4508666992188,0.012513321303884476,0.009913321303884476,macd_bear_cross,17,59.9,5.9648,0.91,1.02,True,fib_pullback,CGPOWER
2016-08-29,2016-09-14,1861.0640869140625,1850.011474609375,-0.005938867115003263,-0.008538867115003262,macd_bear_cross,16,60.1,2.7542,1.08,1.41,True,fib_pullback,CRISIL
2016-11-22,2016-11-29,1980.078125,1886.237548828125,-0.04739236042611955,-0.04999236042611955,bb_mid_break,7,59.4,6.8433,1.19,1.47,True,fib_pullback,CRISIL
2017-01-03,2017-01-12,1947.45751953125,1862.4345703125,-0.043658435866274964,-0.04625843586627496,macd_bear_cross,9,63.2,6.8149,1.02,1.13,True,fib_pullback,CRISIL
2018-03-13,2018-03-23,1697.3536376953125,1676.2030029296875,-0.01246094761628083,-0.01506094761628083,macd_bear_cross,10,43.5,0.2613,0.5,1.23,True,fib_pullback,CRISIL
2018-04-16,2018-04-26,1702.81298828125,1661.2489013671875,-0.024409073221843106,-0.027009073221843108,bb_mid_break,10,57.2,5.3241,0.83,1.37,True,fib_pullback,CRISIL
2021-02-09,2021-02-10,1795.49072265625,1769.95556640625,-0.014221825781546382,-0.016821825781546382,bb_mid_break,1,61.5,3.498,0.96,1.8,True,fib_pullback,CRISIL
2021-02-12,2021-02-18,1793.5087890625,1773.043701171875,-0.011410642655017306,-0.014010642655017308,bb_mid_break,6,56.6,1.5997,0.93,5.06,True,fib_pullback,CRISIL
2021-03-19,2021-03-25,1791.75732421875,1772.5364990234375,-0.010727359634873127,-0.013327359634873127,bb_mid_break,6,49.1,0.9551,0.74,1.04,True,fib_pullback,CRISIL
2021-04-15,2021-04-19,1763.940185546875,1728.090087890625,-0.020323873762837022,-0.022923873762837024,bb_mid_break,4,46.1,3.9941,0.65,1.38,True,fib_pullback,CRISIL
2021-05-10,2021-06-08,1768.8212890625,2013.56640625,0.13836622088442768,0.1357662208844277,rsi_overbought,29,57.0,4.1411,0.84,1.27,True,fib_pullback,CRISIL
2021-10-06,2021-10-21,2701.225830078125,2626.732421875,-0.027577630634818304,-0.030177630634818306,macd_bear_cross,15,56.5,1.2555,0.76,1.61,True,fib_pullback,CRISIL
2022-02-28,2022-03-04,2697.62451171875,2579.949951171875,-0.043621549268878956,-0.046221549268878954,bb_mid_break,4,60.3,6.504,0.89,1.03,True,fib_pullback,CRISIL
2022-08-11,2022-08-23,3132.983642578125,3262.414306640625,0.0413122693344137,0.0387122693344137,rsi_overbought,12,51.6,14.2633,0.87,1.35,True,fib_pullback,CRISIL
2022-09-23,2022-09-26,3114.73681640625,3000.94580078125,-0.036533107717361124,-0.03913310771736112,bb_mid_break,3,55.1,4.4175,0.78,1.52,True,fib_pullback,CRISIL
2022-09-30,2022-10-04,3094.45263671875,3028.955322265625,-0.021166041992672434,-0.023766041992672435,bb_mid_break,4,55.8,0.0993,0.81,1.33,True,fib_pullback,CRISIL
2023-08-31,2023-09-01,3818.466552734375,3778.4609375,-0.010476879836940638,-0.013076879836940638,macd_bear_cross,1,54.7,0.3191,0.75,1.26,True,fib_pullback,CRISIL
2023-09-28,2023-10-05,3746.38916015625,3708.210693359375,-0.01019073704432849,-0.012790737044328492,bb_mid_break,7,53.1,1.4189,0.64,1.44,True,fib_pullback,CRISIL
2023-10-09,2023-10-13,3748.216552734375,3732.15673828125,-0.004284654909121818,-0.006884654909121818,bb_mid_break,4,53.8,0.8626,0.72,5.06,True,fib_pullback,CRISIL
2024-02-05,2024-02-13,4032.402587890625,4294.12744140625,0.06490543734437362,0.06230543734437362,rsi_overbought,8,56.5,25.0695,0.81,1.29,True,fib_pullback,CRISIL
2017-10-13,2017-10-25,521.317626953125,479.61221679687503,-0.07999999999999993,-0.08259999999999994,stop_loss,12,59.9,2.6181,0.79,3.14,True,fib_pullback,CANFINHOME
2019-10-25,2019-11-11,372.81744384765625,372.25146484375,-0.0015181129886656403,-0.00411811298866564,bb_mid_break,17,53.2,0.1615,0.57,1.46,True,fib_pullback,CANFINHOME
2021-05-31,2021-06-09,520.1632690429688,501.85687255859375,-0.035193558587972455,-0.03779355858797245,bb_mid_break,9,63.5,3.4537,0.93,5.59,True,fib_pullback,CANFINHOME
2021-07-22,2021-08-09,516.1320190429688,515.18359375,-0.0018375633713392857,-0.004437563371339286,bb_mid_break,18,62.6,2.1084,0.85,1.09,True,fib_pullback,CANFINHOME
2022-03-16,2022-04-01,573.219482421875,625.78173828125,0.09169656208699918,0.08909656208699918,rsi_overbought,16,52.6,3.3556,0.75,1.38,True,fib_pullback,CANFINHOME
2023-09-13,2023-09-21,745.74267578125,730.1070556640625,-0.02096650845522206,-0.02356650845522206,macd_bear_cross,8,59.8,2.2605,0.76,1.66,True,fib_pullback,CANFINHOME
2023-10-19,2023-10-23,736.1688232421875,708.3135986328125,-0.03783809328775539,-0.04043809328775539,macd_bear_cross,4,56.2,0.3879,0.66,1.76,True,fib_pullback,CANFINHOME
2023-11-17,2023-11-24,737.5159301757812,725.15185546875,-0.016764484943510804,-0.019364484943510805,bb_mid_break,7,62.0,0.3447,0.71,1.72,True,fib_pullback,CANFINHOME
2023-11-29,2023-12-04,740.258056640625,793.9482421875,0.07252901209954694,0.06992901209954694,rsi_overbought,5,56.6,0.357,0.69,1.01,True,fib_pullback,CANFINHOME
2023-12-07,2023-12-11,766.862548828125,727.0762329101562,-0.05188193891952071,-0.05448193891952071,macd_bear_cross,4,62.1,3.9042,0.72,1.47,True,fib_pullback,CANFINHOME
2024-01-19,2024-01-23,766.0924682617188,704.8050708007813,-0.0799999999999999,-0.08259999999999991,stop_loss,4,56.9,1.3544,1.1,1.59,True,fib_pullback,CANFINHOME
2024-04-01,2024-04-04,764.2595825195312,780.1283569335938,0.020763592340900694,0.018163592340900692,rsi_overbought,3,51.5,5.1305,0.82,1.54,True,fib_pullback,CANFINHOME
2025-09-16,2025-09-26,764.2182006835938,731.2734985351562,-0.043109025823996915,-0.04570902582399691,bb_mid_break,10,64.4,2.9246,0.83,2.2,True,fib_pullback,CANFINHOME
2017-02-01,2017-02-10,47.9985466003418,51.068748474121094,0.06396447582763753,0.06136447582763754,rsi_overbought,9,63.9,0.3884,0.95,1.17,True,fib_pullback,CANBK
2017-07-24,2017-07-27,59.75354766845703,59.91435623168945,0.0026911969164520456,9.119691645204575e-05,macd_bear_cross,3,64.9,0.0762,0.58,1.16,True,fib_pullback,CANBK
2017-07-28,2017-08-03,61.61554718017578,58.83945846557617,-0.04505500383664189,-0.04765500383664189,macd_bear_cross,6,52.8,0.0242,0.7,1.01,True,fib_pullback,CANBK
2017-09-14,2017-09-22,58.6109504699707,55.18315505981445,-0.05848387345147183,-0.06108387345147183,macd_bear_cross,8,57.1,0.2324,1.02,1.2,True,fib_pullback,CANBK
2017-12-26,2017-12-28,63.51141357421875,61.05695343017578,-0.038645969376428904,-0.0412459693764289,bb_mid_break,2,51.1,0.1521,0.75,1.03,True,fib_pullback,CANBK
2018-01-23,2018-01-29,63.39292526245117,58.32149124145508,-0.08,-0.0826,stop_loss,6,62.6,0.3237,1.01,1.99,True,fib_pullback,CANBK
2021-05-27,2021-06-09,26.008872985839844,26.36434555053711,0.013667357477995972,0.011067357477995973,macd_bear_cross,13,61.8,0.1125,0.82,1.31,True,fib_pullback,CANBK
2021-07-30,2021-08-20,25.93269920349121,25.864990234375,-0.002610949542309717,-0.0052109495423097165,bb_mid_break,21,53.1,0.0335,0.71,1.97,True,fib_pullback,CANBK
2022-01-06,2022-01-07,35.970619201660156,35.93675994873047,-0.0009413030323404827,-0.0035413030323404827,rsi_overbought,1,60.1,0.2936,0.74,1.24,True,fib_pullback,CANBK
2023-03-03,2023-03-13,53.423641204833984,50.5091438293457,-0.054554450235124854,-0.05715445023512485,bb_mid_break,10,64.6,0.4551,0.96,1.78,True,fib_pullback,CANBK
2023-04-17,2023-04-25,52.06704330444336,53.86124801635742,0.034459508319362286,0.03185950831936229,rsi_overbought,8,62.4,0.3399,1.15,1.32,True,fib_pullback,CANBK
2025-09-10,2025-09-17,107.1067886352539,112.53763580322266,0.05070497619402251,0.048104976194022514,rsi_overbought,7,45.9,0.3381,0.75,1.38,True,fib_pullback,CANBK
2017-04-19,2017-04-25,383.8749084472656,376.2933654785156,-0.01975003523782411,-0.022350035237824112,bb_mid_break,6,63.9,0.9183,0.83,1.01,True,fib_pullback,CAPLIPOINT
2017-05-08,2017-05-11,382.7232666015625,438.8649597167969,0.14669004477765704,0.14409004477765705,rsi_overbought,3,56.8,0.0161,0.82,2.97,True,fib_pullback,CAPLIPOINT
2018-01-10,2018-01-17,635.4534301757812,611.9345092773438,-0.03701124233750948,-0.03961124233750948,bb_mid_break,7,62.9,4.0791,0.8,2.66,True,fib_pullback,CAPLIPOINT
2019-09-06,2019-09-12,413.0237121582031,429.0902404785156,0.038899772210072125,0.03629977221007213,rsi_overbought,6,40.4,0.7365,0.63,1.38,True,fib_pullback,CAPLIPOINT
2020-07-13,2020-07-14,363.6143798828125,334.5252294921875,-0.07999999999999995,-0.08259999999999995,stop_loss,1,54.6,1.7781,0.78,3.32,True,fib_pullback,CAPLIPOINT
2020-12-07,2020-12-21,501.6880187988281,475.0415344238281,-0.053113655053590135,-0.05571365505359013,bb_mid_break,14,62.5,4.5086,1.05,3.06,True,fib_pullback,CAPLIPOINT
2021-02-19,2021-02-24,476.166015625,455.9244689941406,-0.042509431514743824,-0.04510943151474382,bb_mid_break,5,63.3,2.5239,1.0,3.07,True,fib_pullback,CAPLIPOINT
2021-09-06,2021-09-13,822.1824340820312,937.060546875,0.13972338501883763,0.13712338501883764,rsi_overbought,7,52.9,0.0927,0.73,6.95,True,fib_pullback,CAPLIPOINT
2025-07-30,2025-07-31,2138.6865234375,2059.549560546875,-0.03700260043880978,-0.039602600438809775,bb_mid_break,1,64.9,5.1779,1.02,2.08,True,fib_pullback,CAPLIPOINT
2025-09-15,2025-09-18,2268.805908203125,2316.910400390625,0.021202559466886414,0.018602559466886413,rsi_overbought,3,62.1,11.9041,1.03,1.37,False,golden_cross,CAPLIPOINT
2017-01-18,2017-01-19,240.95921325683594,237.45054626464844,-0.01456124853980017,-0.01716124853980017,bb_mid_break,1,61.1,0.6586,0.62,6.0,True,fib_pullback,CARBORUNIV
2017-01-27,2017-02-20,242.95062255859375,248.93409729003906,0.02462835727042537,0.022028357270425368,macd_bear_cross,24,53.1,0.0952,0.67,1.02,True,fib_pullback,CARBORUNIV
2018-10-25,2018-10-26,356.0659484863281,347.47271728515625,-0.024133819135759984,-0.026733819135759986,bb_mid_break,1,61.8,1.0365,0.6,1.23,True,fib_pullback,CARBORUNIV
2018-11-26,2018-11-28,352.9935302734375,342.28802490234375,-0.0303277665253553,-0.0329277665253553,bb_mid_break,2,55.9,0.7353,1.07,1.5,True,fib_pullback,CARBORUNIV
2018-12-18,2018-12-26,351.0252685546875,334.4149169921875,-0.04731953238264445,-0.049919532382644446,bb_mid_break,8,56.3,1.4153,0.87,1.88,True,fib_pullback,CARBORUNIV
2019-01-02,2019-01-15,347.0886535644531,348.0007629394531,0.0026278858891900497,2.788588919004978e-05,macd_bear_cross,13,52.4,0.8057,0.75,9.02,True,fib_pullback,CARBORUNIV
2019-05-27,2019-06-11,362.196533203125,346.18896484375,-0.04419580777819794,-0.04679580777819794,macd_bear_cross,15,61.8,1.8897,1.13,2.9,True,fib_pullback,CARBORUNIV
2020-01-30,2020-01-31,328.89947509765625,323.0910949707031,-0.01766004681287044,-0.02026004681287044,macd_bear_cross,1,61.7,0.4362,0.67,2.78,False,golden_cross,CARBORUNIV
2021-11-30,2021-12-01,900.6102294921875,873.3278198242188,-0.030293248704661106,-0.03289324870466111,macd_bear_cross,1,59.3,0.4934,0.64,2.7,True,fib_pullback,CARBORUNIV
2024-11-14,2024-11-19,1449.38818359375,1396.5848388671875,-0.036431471792212976,-0.039031471792212974,bb_mid_break,5,63.3,7.5711,0.87,1.3,True,fib_pullback,CARBORUNIV
2026-08-03,2026-08-06,1095.5,1069.0999755859375,-0.024098607406720676,-0.026698607406720677,bb_mid_break,3,58.4,0.2158,0.88,1.35,True,fib_pullback,CARBORUNIV
2021-04-26,2021-05-12,98.077392578125,101.99110412597656,0.0399043188748522,0.0373043188748522,rsi_overbought,16,60.4,0.4667,1.16,2.11,True,fib_pullback,CASTROLIND
2021-09-20,2021-10-20,109.80091094970703,111.23570251464844,0.013067210030694509,0.010467210030694507,macd_bear_cross,30,62.1,0.3937,0.69,1.3,True,fib_pullback,CASTROLIND
2022-10-10,2022-10-13,97.16717529296875,103.60293579101562,0.06623389512602804,0.06363389512602803,rsi_overbought,3,57.2,0.0115,0.65,3.22,True,fib_pullback,CASTROLIND
2023-01-05,2023-01-06,107.68311309814453,105.6640625,-0.01874992782112761,-0.02134992782112761,bb_mid_break,1,47.4,0.2689,0.59,1.27,True,fib_pullback,CASTROLIND
2023-10-13,2023-10-23,130.133056640625,121.87274169921875,-0.06347591576380095,-0.06607591576380095,bb_mid_break,10,64.2,0.6957,0.94,4.12,True,fib_pullback,CASTROLIND
2024-06-10,2024-06-25,182.68533325195312,187.55926513671875,0.026679382509835484,0.024079382509835483,rsi_overbought,15,57.8,1.2398,1.14,2.87,True,fib_pullback,CASTROLIND
2025-10-15,2025-10-16,198.18592834472656,194.3077392578125,-0.019568438179769766,-0.022168438179769767,bb_mid_break,1,52.3,0.3441,0.77,2.54,True,fib_pullback,CASTROLIND
2026-07-22,2026-07-28,185.77999877929688,184.05999755859375,-0.009258269092500392,-0.011858269092500394,macd_bear_cross,6,62.9,0.1039,1.02,1.44,True,golden_cross,CASTROLIND
2017-01-27,2017-01-30,1092.3746337890625,1070.305908203125,-0.02020252475965033,-0.022802524759650333,bb_mid_break,3,51.7,0.9307,0.7,1.19,True,fib_pullback,CEATLTD
2017-02-01,2017-02-02,1097.31396484375,1078.5986328125,-0.0170555853938439,-0.0196555853938439,bb_mid_break,1,46.2,1.2731,0.77,1.23,True,fib_pullback,CEATLTD
2017-10-06,2017-10-11,1592.33056640625,1564.243896484375,-0.01763871806170508,-0.02023871806170508,bb_mid_break,5,46.3,1.2211,0.59,1.08,True,fib_pullback,CEATLTD
2017-11-10,2017-12-01,1581.6612548828125,1589.4580078125,0.004929470773604536,0.0023294707736045365,macd_bear_cross,21,58.5,4.5744,0.74,1.23,True,fib_pullback,CEATLTD
2017-12-18,2017-12-21,1638.655517578125,1749.4527587890625,0.06761472440204633,0.06501472440204632,rsi_overbought,3,43.4,0.2456,0.62,1.54,True,fib_pullback,CEATLTD
2020-01-07,2020-01-08,931.7495727539062,925.082275390625,-0.007155675256791577,-0.009755675256791576,macd_bear_cross,1,52.5,0.1187,0.61,1.13,True,fib_pullback,CEATLTD
2023-12-01,2023-12-05,2105.6611328125,2176.1923828125,0.033496011728056385,0.030896011728056387,rsi_overbought,4,54.9,4.8831,1.22,4.67,True,fib_pullback,CEATLTD
2024-11-29,2024-12-04,3018.570556640625,3081.23388671875,0.020759272941382953,0.01815927294138295,rsi_overbought,5,64.0,33.5279,1.12,2.07,True,fib_pullback,CEATLTD
2025-09-22,2025-09-29,3435.533447265625,3320.111328125,-0.033596563943363904,-0.0361965639433639,macd_bear_cross,7,58.7,19.9123,0.82,1.17,True,fib_pullback,CEATLTD
2025-10-08,2025-10-20,3471.169677734375,4161.423828125,0.19885347432544767,0.19625347432544768,rsi_overbought,12,57.8,4.6292,0.82,1.23,True,fib_pullback,CEATLTD
2025-12-22,2025-12-29,3893.063232421875,3785.560546875,-0.02761390687199231,-0.03021390687199231,bb_mid_break,7,51.5,6.7608,0.8,1.24,True,fib_pullback,CEATLTD
2026-01-19,2026-01-20,3843.865478515625,3674.098388671875,-0.044165720885036924,-0.04676572088503692,macd_bear_cross,1,60.5,7.8285,0.75,1.64,True,fib_pullback,CEATLTD
2026-03-12,2026-03-13,3768.039306640625,3466.596162109375,-0.07999999999999995,-0.08259999999999995,stop_loss,1,50.1,4.0039,0.66,4.05,True,fib_pullback,CEATLTD
2021-04-09,2021-04-12,17.493520736694336,16.09403907775879,-0.07999999999999995,-0.08259999999999995,stop_loss,3,58.3,0.0315,0.74,1.6,True,fib_pullback,CENTRALBK
2021-04-13,2021-04-19,17.445331573486328,16.04970504760742,-0.08000000000000003,-0.08260000000000003,stop_loss,6,64.5,0.1063,0.8,2.39,True,fib_pullback,CENTRALBK
2021-09-30,2021-10-13,21.348844528198242,22.457246780395508,0.051918606214647924,0.049318606214647925,rsi_overbought,13,60.9,0.0807,0.8,5.93,True,fib_pullback,CENTRALBK
2021-12-09,2021-12-17,21.78256607055664,20.674163818359375,-0.05088483370632288,-0.05348483370632288,macd_bear_cross,8,60.9,0.0871,0.88,1.47,True,fib_pullback,CENTRALBK
2022-02-02,2022-02-07,20.91512107849121,20.722352981567383,-0.009216685679246097,-0.011816685679246097,bb_mid_break,5,50.0,0.043,0.61,1.39,True,fib_pullback,CENTRALBK
2024-04-01,2024-04-15,61.058650970458984,59.082801818847656,-0.03235985597793949,-0.03495985597793949,bb_mid_break,14,48.4,0.1276,0.71,1.09,True,fib_pullback,CENTRALBK
2024-04-25,2024-05-06,63.420040130615234,61.25142288208008,-0.03419451082132449,-0.03679451082132449,macd_bear_cross,11,50.7,0.1599,0.8,1.62,True,fib_pullback,CENTRALBK
2024-07-15,2024-07-19,63.198360443115234,60.30686569213867,-0.04575268615677448,-0.04835268615677448,bb_mid_break,4,62.0,0.2029,0.95,2.93,True,fib_pullback,CENTRALBK
2024-07-26,2024-08-01,61.85863494873047,60.86589050292969,-0.016048599304261814,-0.018648599304261815,bb_mid_break,6,57.6,0.0257,0.73,1.15,True,fib_pullback,CENTRALBK
2024-09-23,2024-09-25,59.35267639160156,57.39609909057617,-0.03296527503016271,-0.035565275030162706,bb_mid_break,2,53.9,0.146,0.87,2.39,True,fib_pullback,CENTRALBK
2026-01-14,2026-01-20,37.47053909301758,36.09071350097656,-0.03682427916544543,-0.03942427916544543,macd_bear_cross,6,60.9,0.0689,0.79,1.87,True,fib_pullback,CENTRALBK
2021-09-08,2021-09-13,593.505615234375,654.3156127929688,0.10245900964994227,0.09985900964994227,rsi_overbought,5,56.8,1.9763,0.92,1.94,True,fib_pullback,CDSL
2022-03-11,2022-03-30,721.1929931640625,689.7841186523438,-0.04355127519184538,-0.04615127519184538,macd_bear_cross,19,54.3,7.1588,0.89,5.7,True,fib_pullback,CDSL
2022-11-15,2022-11-16,600.3624267578125,587.275634765625,-0.021798152930491,-0.024398152930491003,bb_mid_break,1,58.4,2.1323,0.98,1.93,True,golden_cross,CDSL
2024-02-27,2024-03-05,932.0572509765625,915.3538208007812,-0.01792103452688152,-0.02052103452688152,bb_mid_break,7,45.2,0.5958,0.7,1.0,True,fib_pullback,CDSL
2024-04-01,2024-04-12,894.9249267578125,977.9065551757812,0.09272468107308124,0.09012468107308123,rsi_overbought,11,50.6,2.8275,0.67,2.06,True,fib_pullback,CDSL
2025-10-07,2025-10-17,1548.67333984375,1596.7349853515625,0.03103407559961068,0.028434075599610677,rsi_overbought,10,52.3,2.4171,0.71,2.6,True,fib_pullback,CDSL
2017-10-11,2017-10-19,256.840087890625,272.26019287109375,0.060037765549416026,0.05743776554941603,rsi_overbought,8,60.1,1.8815,1.2,6.21,True,fib_pullback,CENTURYPLY
2020-01-02,2020-01-15,164.46319580078125,160.42544555664062,-0.02455108709569077,-0.027151087095690772,bb_mid_break,13,61.0,0.4371,0.85,1.25,True,fib_pullback,CENTURYPLY
2020-01-23,2020-01-27,168.15621948242188,169.09176635742188,0.005563557969366675,0.002963557969366675,rsi_overbought,4,61.2,0.8636,0.92,1.12,True,fib_pullback,CENTURYPLY
2021-09-07,2021-09-23,412.5694580078125,433.4886169433594,0.050704574780110714,0.048104574780110716,rsi_overbought,16,52.6,1.2126,0.82,4.08,True,fib_pullback,CENTURYPLY
2022-01-04,2022-01-07,617.4380493164062,618.630615234375,0.0019314746139942201,-0.0006685253860057797,rsi_overbought,3,49.8,2.5083,0.7,2.63,True,fib_pullback,CENTURYPLY
2022-02-08,2022-02-14,634.6802368164062,583.9058178710937,-0.08,-0.0826,stop_loss,6,50.8,1.5033,0.62,1.27,True,fib_pullback,CENTURYPLY
2023-11-08,2023-12-01,653.7041015625,675.349609375,0.03311208811565104,0.030512088115651044,rsi_overbought,23,56.0,3.7403,0.98,5.56,True,fib_pullback,CENTURYPLY
2024-08-08,2024-08-26,717.742919921875,786.1207275390625,0.09526782601301076,0.09266782601301075,rsi_overbought,18,60.9,1.0496,0.93,1.13,True,fib_pullback,CENTURYPLY
2025-11-25,2025-12-09,789.9500122070312,797.8499755859375,0.010000586438165426,0.007400586438165426,macd_bear_cross,14,59.9,1.4507,0.87,1.92,True,fib_pullback,CENTURYPLY
2026-01-30,2026-02-13,803.7999877929688,765.5999755859375,-0.047524275674498094,-0.05012427567449809,macd_bear_cross,14,56.6,4.4412,0.74,1.35,True,fib_pullback,CENTURYPLY
2026-06-25,2026-06-29,754.5499877929688,740.9000244140625,-0.018090204227332766,-0.020690204227332767,bb_mid_break,4,44.9,0.9027,0.53,1.42,True,golden_cross,CENTURYPLY
2017-08-23,2017-09-19,2790.382080078125,3045.197021484375,0.09131901441938578,0.08871901441938577,rsi_overbought,27,54.0,6.5558,0.79,1.55,True,fib_pullback,CERA
2021-05-17,2021-06-08,3818.59326171875,4295.4580078125,0.12487969087315495,0.12227969087315495,rsi_overbought,22,51.0,1.4485,0.82,2.22,True,fib_pullback,CERA
2022-01-17,2022-01-19,4803.0126953125,4646.4521484375,-0.0325963216853029,-0.0351963216853029,bb_mid_break,2,59.8,18.5534,1.17,1.66,True,fib_pullback,CERA
2022-11-24,2022-11-30,5322.701171875,5174.65625,-0.027813870644714214,-0.030413870644714215,bb_mid_break,6,52.8,5.4663,0.81,10.72,True,fib_pullback,CERA
2023-01-09,2023-01-20,5186.64306640625,5109.98681640625,-0.014779549897408692,-0.017379549897408694,bb_mid_break,11,52.8,15.6697,0.8,1.02,True,fib_pullback,CERA
2023-01-23,2023-01-30,5223.95703125,5105.00830078125,-0.022769852385307175,-0.025369852385307177,bb_mid_break,7,61.7,9.6539,0.86,1.48,True,fib_pullback,CERA
2023-10-13,2023-10-25,8596.4072265625,7908.6946484375,-0.07999999999999996,-0.08259999999999997,stop_loss,12,57.6,19.9062,0.91,1.61,True,fib_pullback,CERA
2025-07-17,2025-07-23,6972.00390625,6709.53466796875,-0.03764616913739269,-0.040246169137392686,macd_bear_cross,6,61.5,2.3483,1.12,1.65,False,golden_cross,CERA
2025-11-04,2025-11-06,6222.65576171875,6113.9111328125,-0.017475597730351358,-0.02007559773035136,death_cross,2,64.8,40.1537,1.03,1.09,True,fib_pullback,CERA
2016-08-19,2016-08-23,53.20983123779297,54.28679656982422,0.020239968948939674,0.017639968948939672,rsi_overbought,4,64.2,0.2636,0.87,1.5,True,fib_pullback,CHAMBLFERT
2016-10-19,2016-11-08,51.86803436279297,50.39078903198242,-0.028480842757176748,-0.03108084275717675,bb_mid_break,20,63.5,0.2776,1.23,5.06,True,fib_pullback,CHAMBLFERT
2017-12-01,2017-12-12,121.04846954345703,118.63667297363281,-0.0199242219163983,-0.0225242219163983,bb_mid_break,11,64.0,0.1379,0.73,1.71,True,fib_pullback,CHAMBLFERT
2017-12-26,2018-01-02,123.25237274169922,131.11158752441406,0.06376522096808189,0.06116522096808189,rsi_overbought,7,59.3,0.2603,0.79,1.02,True,fib_pullback,CHAMBLFERT
2019-04-03,2019-04-05,139.1129150390625,136.88072204589844,-0.01604590768971572,-0.018645907689715722,macd_bear_cross,2,42.6,0.1078,0.52,1.77,True,fib_pullback,CHAMBLFERT
2019-04-11,2019-04-22,142.35594177246094,136.67010498046875,-0.039940986805315944,-0.04254098680531594,macd_bear_cross,11,63.2,0.1161,0.87,2.15,True,fib_pullback,CHAMBLFERT
2020-09-16,2020-09-22,134.87576293945312,129.78115844726562,-0.037772572189078264,-0.04037257218907826,bb_mid_break,6,47.8,0.5483,0.71,1.25,True,fib_pullback,CHAMBLFERT
2021-05-11,2021-05-12,206.2391357421875,228.68753051757812,0.10884643544788995,0.10624643544788995,rsi_overbought,1,62.8,1.1849,0.94,7.66,True,fib_pullback,CHAMBLFERT
2021-11-18,2021-12-17,331.1701965332031,350.56817626953125,0.058574050259934195,0.0559740502599342,macd_bear_cross,29,53.1,0.2982,0.74,1.97,True,fib_pullback,CHAMBLFERT
2022-03-10,2022-03-17,379.8758239746094,383.26708984375,0.008927301120819141,0.006327301120819142,rsi_overbought,7,57.0,4.3638,1.04,1.84,True,fib_pullback,CHAMBLFERT
2022-03-28,2022-04-18,381.4798278808594,464.7051086425781,0.21816430300925632,0.21556430300925633,rsi_overbought,21,64.0,1.2396,0.65,1.04,True,fib_pullback,CHAMBLFERT
2024-11-06,2024-11-08,488.0392761230469,467.92242431640625,-0.041219739457134724,-0.04381973945713472,bb_mid_break,2,51.2,3.0232,0.79,1.53,True,fib_pullback,CHAMBLFERT
2024-11-28,2024-12-05,488.05987548828125,534.121826171875,0.09437766347317715,0.09177766347317715,rsi_overbought,7,50.0,3.4569,0.88,1.09,True,fib_pullback,CHAMBLFERT
2025-01-23,2025-01-27,499.1343688964844,469.0471496582031,-0.060278796879485265,-0.06287879687948526,bb_mid_break,4,52.8,2.2421,0.82,1.73,True,fib_pullback,CHAMBLFERT
2025-02-04,2025-02-28,502.5155029296875,523.04736328125,0.04085816304544009,0.038258163045440094,bb_mid_break,24,55.7,2.2652,0.9,1.2,True,fib_pullback,CHAMBLFERT
2025-08-05,2025-08-08,561.4479370117188,524.8919677734375,-0.06511016753013421,-0.06771016753013422,bb_mid_break,3,57.4,1.532,1.0,4.11,True,fib_pullback,CHAMBLFERT
2017-07-12,2017-07-14,294.0630798339844,299.223388671875,0.017548305760804513,0.014948305760804512,rsi_overbought,2,63.5,2.3435,1.0,5.95,True,fib_pullback,CHENNPETRO
2017-07-19,2017-08-10,288.304443359375,285.4625549316406,-0.009857248104192159,-0.012457248104192159,macd_bear_cross,22,62.6,2.8533,0.76,1.09,True,fib_pullback,CHENNPETRO
2017-10-11,2017-10-17,336.96728515625,352.34869384765625,0.04564659350914131,0.043046593509141313,rsi_overbought,6,42.3,0.4651,0.58,1.83,True,fib_pullback,CHENNPETRO
2018-01-11,2018-01-22,347.95965576171875,338.23260498046875,-0.027954536165856657,-0.03055453616585666,macd_bear_cross,11,59.9,1.1501,0.9,1.36,True,fib_pullback,CHENNPETRO
2021-03-17,2021-03-18,93.38899230957031,85.9178729248047,-0.07999999999999989,-0.0825999999999999,stop_loss,1,64.5,0.3987,0.68,1.11,True,fib_pullback,CHENNPETRO
2021-04-23,2021-05-10,85.86437225341797,94.39229583740234,0.09931853410417156,0.09671853410417156,rsi_overbought,17,53.4,0.273,0.83,3.75,True,fib_pullback,CHENNPETRO
2022-08-23,2022-09-01,257.4564514160156,236.85993530273439,-0.07999999999999996,-0.08259999999999997,stop_loss,9,63.7,3.8052,1.12,3.03,True,fib_pullback,CHENNPETRO
2023-08-25,2023-09-05,345.690673828125,391.1999816894531,0.13164748518484776,0.12904748518484777,rsi_overbought,11,49.3,0.8934,0.75,1.74,True,fib_pullback,CHENNPETRO
2024-05-24,2024-05-30,877.924560546875,828.1345825195312,-0.056713276134259964,-0.05931327613425996,bb_mid_break,6,44.0,2.0862,0.61,1.61,True,fib_pullback,CHENNPETRO
2024-06-14,2024-06-25,889.41455078125,864.1815795898438,-0.028370315247532144,-0.030970315247532146,rsi_overbought,11,52.2,6.2888,0.82,1.3,True,fib_pullback,CHENNPETRO
2024-08-23,2024-09-05,959.5269165039062,919.4187622070312,-0.0417999262001023,-0.044399926200102295,macd_bear_cross,13,52.1,5.8569,0.77,1.33,True,fib_pullback,CHENNPETRO
2024-10-17,2024-10-21,890.3050537109375,853.311279296875,-0.04155179649926324,-0.044151796499263235,bb_mid_break,4,56.1,2.8629,0.88,6.64,True,fib_pullback,CHENNPETRO
2025-09-02,2025-09-05,665.09765625,667.7596435546875,0.004002400669544533,0.0014024006695445334,rsi_overbought,3,63.7,5.8373,1.17,1.55,True,fib_pullback,CHENNPETRO
2018-04-18,2018-04-19,662.4312744140625,694.2869262695312,0.04808899139559178,0.04548899139559178,rsi_overbought,1,64.4,1.5174,0.76,1.45,True,fib_pullback,CHOLAHLDNG
2021-05-20,2021-05-24,582.7426147460938,626.9100952148438,0.07579243280156227,0.07319243280156226,rsi_overbought,4,62.5,2.0569,1.03,3.04,True,fib_pullback,CHOLAHLDNG
2021-08-30,2021-09-14,674.5343017578125,657.6397705078125,-0.02504621515314114,-0.02764621515314114,macd_bear_cross,15,59.5,1.9816,1.04,1.11,True,fib_pullback,CHOLAHLDNG
2021-10-19,2021-10-20,709.5193481445312,687.940185546875,-0.03041377610644172,-0.03301377610644172,macd_bear_cross,1,53.8,0.0091,0.58,1.23,True,fib_pullback,CHOLAHLDNG
2021-11-17,2021-11-23,699.402587890625,696.9605712890625,-0.003491575015367817,-0.006091575015367817,macd_bear_cross,6,51.3,0.2608,0.63,3.01,True,fib_pullback,CHOLAHLDNG
2022-09-13,2022-09-19,657.0040283203125,655.7071533203125,-0.001973922448109752,-0.004573922448109752,bb_mid_break,6,53.9,0.0025,0.67,1.76,False,golden_cross,CHOLAHLDNG
2024-03-11,2024-03-13,1093.6429443359375,1047.427734375,-0.042258042444556235,-0.04485804244455623,bb_mid_break,2,53.3,0.7065,0.72,1.19,True,fib_pullback,CHOLAHLDNG
2024-03-22,2024-04-12,1085.4578857421875,1073.4300537109375,-0.011080883182331766,-0.013680883182331766,macd_bear_cross,21,51.8,1.0795,0.8,1.22,True,fib_pullback,CHOLAHLDNG
2025-04-23,2025-05-02,1958.902587890625,1802.1903808593752,-0.0799999999999999,-0.08259999999999991,stop_loss,9,61.7,22.6983,0.94,1.07,False,golden_cross,CHOLAHLDNG
2025-09-29,2025-10-01,1935.7718505859375,1906.09521484375,-0.015330647427900503,-0.017930647427900504,macd_bear_cross,2,64.2,2.9079,0.69,2.94,True,fib_pullback,CHOLAHLDNG
2025-10-23,2025-11-07,1894.6043701171875,1882.61376953125,-0.006328815015451401,-0.0089288150154514,bb_mid_break,15,48.4,0.4569,0.7,1.89,True,fib_pullback,CHOLAHLDNG
2026-01-05,2026-01-08,1915.18798828125,1855.135498046875,-0.03135592464125049,-0.03395592464125049,death_cross,3,52.1,5.7826,0.76,1.14,True,fib_pullback,CHOLAHLDNG
2017-06-27,2017-07-21,209.33132934570312,220.59503173828125,0.05380801062021886,0.05120801062021886,macd_bear_cross,24,59.9,0.1728,0.6,1.19,True,fib_pullback,CHOLAFIN
2017-10-12,2017-10-25,223.89794921875,212.40576171875,-0.05132779259524189,-0.053927792595241886,bb_mid_break,13,46.6,0.8236,0.69,2.78,True,fib_pullback,CHOLAFIN
2018-06-15,2018-06-27,314.10089111328125,307.48193359375,-0.021072711688500452,-0.023672711688500454,macd_bear_cross,12,63.3,1.5427,0.87,1.46,True,fib_pullback,CHOLAFIN
2018-07-17,2018-07-18,307.8133544921875,298.75579833984375,-0.02942548144893316,-0.03202548144893316,bb_mid_break,1,50.2,1.0869,0.63,1.29,True,fib_pullback,CHOLAFIN
2019-08-26,2019-09-13,267.824462890625,269.6883850097656,0.00695949167235638,0.00435949167235638,rsi_overbought,18,54.3,0.8472,0.83,1.52,True,fib_pullback,CHOLAFIN
2020-01-22,2020-01-27,312.49932861328125,324.2611999511719,0.037638069144289174,0.035038069144289176,rsi_overbought,5,55.4,0.9704,0.65,1.47,True,fib_pullback,CHOLAFIN
2021-08-05,2021-08-11,534.6376953125,491.86667968750004,-0.07999999999999993,-0.08259999999999994,stop_loss,6,58.7,5.6842,1.01,2.18,True,fib_pullback,CHOLAFIN
2021-08-26,2021-09-09,525.8204956054688,562.97216796875,0.07065466765517014,0.06805466765517014,rsi_overbought,14,46.8,2.0485,0.83,1.81,True,fib_pullback,CHOLAFIN
2022-07-18,2022-08-01,665.4401245117188,729.1798706054688,0.09578584720980034,0.09318584720980033,rsi_overbought,14,58.5,2.5941,1.15,1.54,True,fib_pullback,CHOLAFIN
2022-11-03,2022-11-10,753.7723388671875,717.504638671875,-0.048114925853896005,-0.050714925853896003,bb_mid_break,7,64.2,3.9076,1.03,1.19,True,fib_pullback,CHOLAFIN
2022-12-01,2022-12-07,724.2614135742188,731.1174926757812,0.009466304531851086,0.006866304531851085,rsi_overbought,6,50.2,1.2814,0.56,1.15,True,fib_pullback,CHOLAFIN
2023-12-11,2023-12-14,1170.3465576171875,1223.8245849609375,0.045694180920761336,0.04309418092076134,rsi_overbought,3,62.2,7.7319,0.92,1.78,True,fib_pullback,CHOLAFIN
2026-02-04,2026-02-19,1737.517578125,1675.9417724609375,-0.03543895407982608,-0.038038954079826076,macd_bear_cross,15,57.0,4.1896,0.81,1.38,True,fib_pullback,CHOLAFIN
2017-03-22,2017-03-23,554.169189453125,555.1468505859375,0.0017641925091095244,-0.0008358074908904754,macd_bear_cross,1,61.4,0.0295,0.66,1.01,True,fib_pullback,CIPLA
2017-12-27,2018-01-05,572.44482421875,574.7807006835938,0.004080526831615015,0.001480526831615015,rsi_overbought,9,57.4,2.3028,0.9,1.35,True,fib_pullback,CIPLA
2018-01-25,2018-01-30,580.6206665039062,566.1844482421875,-0.024863424770330024,-0.027463424770330026,macd_bear_cross,5,54.9,0.7822,0.88,2.71,True,fib_pullback,CIPLA
2019-07-12,2019-07-18,522.7852172851562,513.583984375,-0.017600407597480675,-0.020200407597480676,bb_mid_break,6,55.9,0.3951,0.79,1.36,True,fib_pullback,CIPLA
2021-11-15,2021-11-17,900.1659545898438,868.6939086914062,-0.03496249301361057,-0.037562493013610566,bb_mid_break,2,63.8,3.5424,1.24,1.53,True,fib_pullback,CIPLA
2022-07-13,2022-08-11,914.7504272460938,1001.1974487304688,0.09450339558149046,0.09190339558149045,rsi_overbought,29,56.1,2.3554,0.9,1.11,True,fib_pullback,CIPLA
2022-12-21,2022-12-26,1087.5872802734375,1057.2159423828125,-0.02792542579478232,-0.03052542579478232,bb_mid_break,5,51.2,0.5856,0.88,2.19,True,fib_pullback,CIPLA
2024-05-21,2024-06-24,1401.9053955078125,1462.26611328125,0.04305619906083108,0.04045619906083108,macd_bear_cross,34,54.5,6.4164,0.9,1.11,True,fib_pullback,CIPLA
2025-10-10,2025-10-20,1547.2841796875,1623.8656005859375,0.04949408900044748,0.04689408900044748,rsi_overbought,10,47.0,1.7297,0.76,1.25,True,fib_pullback,CIPLA
2017-04-25,2017-05-04,89.76850891113281,96.57669830322266,0.07584162279925664,0.07324162279925664,rsi_overbought,9,54.7,0.0385,0.73,1.57,True,fib_pullback,CUB
2017-11-08,2017-11-27,106.40778350830078,104.56424713134766,-0.01732520231294276,-0.01992520231294276,macd_bear_cross,19,61.6,0.4265,1.02,1.94,True,fib_pullback,CUB
2018-02-19,2018-02-26,112.3588638305664,111.12980651855469,-0.010938676933090904,-0.013538676933090906,rsi_overbought,7,61.4,1.0774,0.78,1.92,True,fib_pullback,CUB
2018-08-07,2018-08-14,123.77262878417969,131.77743530273438,0.0646734790816517,0.0620734790816517,rsi_overbought,7,51.0,0.1046,0.74,1.57,True,fib_pullback,CUB
2019-09-13,2019-09-24,142.18490600585938,158.93984985351562,0.117839117514807,0.11523911751480699,rsi_overbought,11,53.0,0.4463,0.71,1.81,True,fib_pullback,CUB
2021-02-02,2021-02-04,130.24391174316406,126.1200180053711,-0.031662852279230734,-0.03426285227923073,bb_mid_break,2,54.2,0.0393,0.73,1.62,True,fib_pullback,CUB
2021-03-02,2021-03-17,125.94072723388672,121.27890014648438,-0.03701604071846261,-0.03961604071846261,macd_bear_cross,15,64.9,0.8189,0.86,2.29,True,fib_pullback,CUB
2021-05-05,2021-05-14,121.78095245361328,116.97570037841797,-0.039458158097635566,-0.042058158097635565,macd_bear_cross,9,63.4,0.7457,0.85,1.34,True,fib_pullback,CUB
2021-05-20,2021-06-01,123.10778045654297,119.80864715576172,-0.026798739190540793,-0.029398739190540795,macd_bear_cross,12,55.2,0.2756,0.84,1.49,True,fib_pullback,CUB
2024-04-01,2024-04-03,102.00321197509766,109.22403717041016,0.07079017469641388,0.06819017469641388,rsi_overbought,2,55.5,0.8275,0.88,1.46,True,fib_pullback,CUB
2025-02-04,2025-02-10,130.17991638183594,126.30065155029297,-0.02979925736136242,-0.03239925736136242,bb_mid_break,6,57.7,0.6879,0.93,1.17,True,fib_pullback,CUB
2026-04-20,2026-04-22,197.4625701904297,200.73193359375,0.01655687657750728,0.013956876577507278,rsi_overbought,2,59.3,2.1596,1.03,2.57,True,fib_pullback,CUB
2026-06-09,2026-07-07,190.51515197753906,225.8540802001953,0.18549143128953105,0.18289143128953106,rsi_overbought,28,59.0,0.1811,0.94,3.1,True,fib_pullback,CUB
2018-05-22,2018-06-13,143.6678924560547,146.2164306640625,0.017739093714257432,0.01513909371425743,macd_bear_cross,22,48.6,0.2019,0.61,1.15,True,fib_pullback,COALINDIA
2018-10-25,2018-10-31,145.28968811035156,137.02638244628906,-0.0568746878841552,-0.0594746878841552,macd_bear_cross,6,57.4,0.5488,0.92,1.26,True,fib_pullback,COALINDIA
2021-08-31,2021-09-09,94.96326446533203,99.1939697265625,0.04455096699813811,0.04195096699813811,rsi_overbought,9,56.6,0.4308,0.8,1.59,True,fib_pullback,COALINDIA
2022-01-06,2022-01-07,109.35883331298828,110.98522186279297,0.014872036401027747,0.012272036401027746,rsi_overbought,1,62.2,0.8895,0.92,1.33,True,fib_pullback,COALINDIA
2022-07-08,2022-07-21,138.3494873046875,144.76400756835938,0.04636461174261642,0.04376461174261642,rsi_overbought,13,64.6,0.3731,0.81,1.4,True,fib_pullback,COALINDIA
2023-01-20,2023-02-02,178.5913848876953,171.2352752685547,-0.04118961070695774,-0.043789610706957735,bb_mid_break,13,53.1,0.9522,0.94,2.07,True,fib_pullback,COALINDIA
2023-02-20,2023-02-21,175.95126342773438,172.52574157714844,-0.019468583423914127,-0.02206858342391413,bb_mid_break,1,47.5,0.3038,0.64,1.1,True,fib_pullback,COALINDIA
2023-08-01,2023-08-03,193.72369384765625,185.4218292236328,-0.04285415200967621,-0.04545415200967621,bb_mid_break,2,59.6,0.4504,1.23,2.51,True,fib_pullback,COALINDIA
2023-08-09,2023-08-18,189.21005249023438,186.53823852539062,-0.014120888027245008,-0.016720888027245008,macd_bear_cross,9,55.8,0.2282,0.81,3.03,True,fib_pullback,COALINDIA
2025-12-10,2025-12-23,372.19183349609375,389.9662780761719,0.04775613804612044,0.04515613804612044,rsi_overbought,13,53.2,0.295,0.67,1.16,True,fib_pullback,COALINDIA
2020-09-28,2020-10-12,144.15052795410156,140.72457885742188,-0.02376646929639086,-0.026366469296390863,bb_mid_break,14,64.2,0.006,0.91,2.22,True,fib_pullback,COCHINSHIP
2021-02-16,2021-03-02,160.83090209960938,183.8643035888672,0.14321502390748422,0.14061502390748423,rsi_overbought,14,60.0,0.4459,0.81,1.21,True,fib_pullback,COCHINSHIP
2021-04-09,2021-04-12,168.5778045654297,160.115234375,-0.05019978882893288,-0.05279978882893288,macd_bear_cross,3,62.4,0.2278,0.72,3.54,True,fib_pullback,COCHINSHIP
2021-09-07,2021-09-14,167.07382202148438,168.39820861816406,0.007926954568079384,0.005326954568079384,rsi_overbought,7,63.7,1.2492,1.1,3.06,True,fib_pullback,COCHINSHIP
2023-03-31,2023-04-20,231.50057983398438,238.14268493652344,0.028691526851908122,0.02609152685190812,rsi_overbought,20,52.4,1.1486,0.82,4.83,True,fib_pullback,COCHINSHIP
2017-07-03,2017-07-06,253.25,247.39999389648438,-0.023099727950703357,-0.02569972795070336,bb_mid_break,3,56.7,0.3155,0.98,4.32,True,fib_pullback,COFFEEDAY
2017-09-13,2017-09-15,247.9499969482422,241.60000610351562,-0.025609965407872453,-0.028209965407872455,bb_mid_break,2,56.4,0.7648,0.95,3.67,True,fib_pullback,COFFEEDAY
2017-09-18,2017-09-19,244.64999389648438,242.1999969482422,-0.010014293927506997,-0.012614293927506997,bb_mid_break,1,56.1,0.2863,0.66,3.57,True,fib_pullback,COFFEEDAY
2019-03-08,2019-03-25,289.04998779296875,279.8999938964844,-0.03165540315828705,-0.03425540315828705,macd_bear_cross,17,58.2,1.8772,0.84,1.74,False,golden_cross,COFFEEDAY
2022-12-20,2022-12-21,53.650001525878906,49.900001525878906,-0.06989748170260777,-0.07249748170260778,macd_bear_cross,1,52.3,0.1189,0.78,2.01,True,fib_pullback,COFFEEDAY
2016-10-28,2016-11-15,788.8237915039062,744.574462890625,-0.056095327105840885,-0.05869532710584088,macd_bear_cross,18,49.1,1.0608,0.72,1.52,True,fib_pullback,COLPAL
2017-08-28,2017-08-31,901.1715698242188,911.2461547851562,0.01117943053052887,0.00857943053052887,rsi_overbought,3,64.3,3.7641,0.96,1.32,True,fib_pullback,COLPAL
2017-10-12,2017-10-13,908.2156372070312,894.4962768554688,-0.015105840275722008,-0.017705840275722008,bb_mid_break,1,47.1,0.5587,0.59,1.67,True,fib_pullback,COLPAL
2017-12-08,2018-01-03,879.2704467773438,906.4121704101562,0.030868458882350625,0.028268458882350623,rsi_overbought,26,61.3,2.1283,1.08,1.29,True,fib_pullback,COLPAL
2018-08-21,2018-08-23,975.62841796875,996.877685546875,0.02178008264905382,0.01918008264905382,rsi_overbought,2,58.7,4.2441,1.0,3.0,True,fib_pullback,COLPAL
2018-08-31,2018-09-04,977.9710693359375,957.390869140625,-0.021043771989376823,-0.023643771989376824,bb_mid_break,4,62.3,1.8781,0.8,1.95,True,fib_pullback,COLPAL
2018-10-23,2018-10-25,949.6942138671875,930.452880859375,-0.02026055621573299,-0.02286055621573299,death_cross,2,61.9,6.7166,1.0,2.01,True,fib_pullback,COLPAL
2019-03-18,2019-03-22,1083.5911865234375,1064.92626953125,-0.01722505426799518,-0.019825054267995183,bb_mid_break,4,55.7,3.6538,0.89,1.28,True,fib_pullback,COLPAL
2020-01-14,2020-01-24,1292.1749267578125,1302.1927490234375,0.0077526827507485,0.0051526827507485,rsi_overbought,10,60.9,4.1185,1.13,3.07,True,fib_pullback,COLPAL
2020-09-11,2020-09-18,1234.090087890625,1194.0745849609375,-0.032425106823509305,-0.0350251068235093,bb_mid_break,7,49.9,1.0539,0.72,2.3,True,fib_pullback,COLPAL
2020-09-25,2020-10-21,1231.5238037109375,1241.1800537109375,0.007840895946065293,0.005240895946065293,macd_bear_cross,26,60.5,0.5183,0.83,1.41,True,fib_pullback,COLPAL
2021-04-08,2021-04-12,1418.01171875,1390.4556884765625,-0.019432864982052885,-0.022032864982052886,bb_mid_break,4,54.0,2.2126,0.71,1.09,True,fib_pullback,COLPAL
2021-08-30,2021-09-23,1515.2596435546875,1517.4000244140625,0.0014125505608753785,-0.0011874494391246214,macd_bear_cross,24,63.5,3.0323,1.12,1.25,True,fib_pullback,COLPAL
2022-07-06,2022-07-07,1435.42333984375,1436.2010498046875,0.0005417983248218299,-0.00205820167517817,rsi_overbought,1,63.1,7.4835,1.25,1.5,True,fib_pullback,COLPAL
2022-08-03,2022-08-11,1454.084716796875,1441.6439208984375,-0.008555757277913394,-0.011155757277913396,macd_bear_cross,8,54.7,1.0413,0.77,1.52,True,fib_pullback,COLPAL
2022-10-20,2022-11-01,1468.263916015625,1500.9954833984375,0.022292700260342146,0.019692700260342144,rsi_overbought,12,50.0,2.2722,0.8,2.7,True,fib_pullback,COLPAL
2022-11-07,2022-11-09,1468.8045654296875,1465.6131591796875,-0.0021727916191943333,-0.004772791619194333,macd_bear_cross,2,60.2,1.072,0.58,1.3,True,fib_pullback,COLPAL
2022-11-10,2022-11-11,1477.638671875,1466.95458984375,-0.007230510567033816,-0.009830510567033816,macd_bear_cross,1,60.5,0.0009,0.64,2.71,True,fib_pullback,COLPAL
2022-11-29,2022-12-06,1482.4488525390625,1467.509521484375,-0.010077468122492172,-0.012677468122492173,bb_mid_break,7,57.9,0.6374,0.79,1.79,True,fib_pullback,COLPAL
2016-11-03,2016-11-09,390.0351867675781,385.6335754394531,-0.011285164717069281,-0.013885164717069281,bb_mid_break,6,51.2,0.4719,0.53,1.13,True,fib_pullback,CONCOR
2017-07-13,2017-07-25,422.119140625,419.556884765625,-0.006069982648930017,-0.008669982648930017,macd_bear_cross,12,43.7,1.0476,0.66,1.15,True,fib_pullback,CONCOR
2017-12-19,2017-12-21,484.6429138183594,488.0259704589844,0.006980513991158746,0.004380513991158746,rsi_overbought,2,56.1,1.4059,0.88,1.14,True,fib_pullback,CONCOR
2019-12-20,2019-12-26,536.4015502929688,523.3017578125,-0.024421615622315,-0.027021615622315,bb_mid_break,6,55.2,2.1728,0.93,1.26,True,fib_pullback,CONCOR
2020-01-27,2020-02-03,526.0230102539062,502.9139709472656,-0.04393161298302543,-0.046531612983025425,bb_mid_break,7,61.4,0.7364,0.8,1.73,True,fib_pullback,CONCOR
2021-08-30,2021-09-09,635.333984375,694.2512817382812,0.0927343709171173,0.09013437091711729,rsi_overbought,10,53.4,0.1749,0.64,1.08,True,fib_pullback,CONCOR
2021-11-09,2021-11-16,660.123046875,633.2078857421875,-0.04077294568069992,-0.043372945680699916,bb_mid_break,7,64.4,3.7845,1.01,1.75,True,fib_pullback,CONCOR
2022-10-18,2022-10-31,684.2713623046875,756.9290771484375,0.10618260363700197,0.10358260363700196,rsi_overbought,13,62.9,0.5494,0.66,1.15,True,fib_pullback,CONCOR
2023-08-09,2023-08-11,678.5928344726562,648.5543212890625,-0.04426588619512478,-0.04686588619512478,macd_bear_cross,2,63.2,1.7681,1.03,1.24,False,golden_cross,CONCOR
2016-10-06,2016-10-21,229.5789031982422,246.4642333984375,0.07354913698500759,0.07094913698500759,rsi_overbought,15,55.8,0.9512,0.77,2.58,True,fib_pullback,COROMANDEL
2016-11-30,2016-12-09,235.32618713378906,253.0580596923828,0.07535018849607553,0.07275018849607552,rsi_overbought,9,55.5,1.4667,0.77,1.17,True,fib_pullback,COROMANDEL
2017-04-11,2017-04-20,299.92730712890625,326.2578430175781,0.08778972525284345,0.08518972525284345,rsi_overbought,9,54.2,2.0182,1.13,1.01,True,fib_pullback,COROMANDEL
2018-04-13,2018-04-18,480.4827880859375,472.22674560546875,-0.017182805888547464,-0.019782805888547465,macd_bear_cross,5,58.4,0.6747,0.61,1.54,True,fib_pullback,COROMANDEL
2021-10-05,2021-10-08,792.7478637695312,823.5166015625,0.038812766579606806,0.03621276657960681,rsi_overbought,3,48.4,1.8443,0.8,1.16,True,fib_pullback,COROMANDEL
2022-04-21,2022-04-22,810.3094482421875,802.1478271484375,-0.010072227482297148,-0.012672227482297148,macd_bear_cross,1,64.7,0.8432,0.75,1.36,False,golden_cross,COROMANDEL
2024-11-05,2024-12-04,1649.4080810546875,1737.15771484375,0.05320068138198547,0.05060068138198547,macd_bear_cross,29,54.9,9.2569,0.87,1.16,True,fib_pullback,COROMANDEL
2025-02-04,2025-02-11,1855.9361572265625,1803.8411865234375,-0.028069376470887697,-0.0306693764708877,bb_mid_break,7,50.3,1.7704,0.71,1.8,True,fib_pullback,COROMANDEL
2025-02-12,2025-02-14,1824.9071044921875,1737.02490234375,-0.04815708258908459,-0.05075708258908459,macd_bear_cross,2,53.7,3.7778,0.61,2.06,True,fib_pullback,COROMANDEL
2025-03-13,2025-03-18,1782.1307373046875,1872.491455078125,0.05070375359223082,0.04810375359223082,rsi_overbought,5,56.9,14.4553,0.87,1.03,True,fib_pullback,COROMANDEL
2025-07-14,2025-07-18,2364.542724609375,2299.687255859375,-0.027428334483029566,-0.030028334483029568,bb_mid_break,4,49.8,3.3701,0.74,1.13,True,fib_pullback,COROMANDEL
2019-07-16,2019-07-19,526.6240844726562,502.6640625,-0.045497391173533235,-0.04809739117353323,bb_mid_break,3,56.2,0.2807,0.69,5.27,True,fib_pullback,CREDITACC
2019-07-24,2019-08-01,523.1019897460938,481.2538305664063,-0.07999999999999992,-0.08259999999999992,stop_loss,8,54.0,1.8857,0.78,3.58,True,fib_pullback,CREDITACC
2022-03-14,2022-03-15,797.972412109375,734.134619140625,-0.08000000000000003,-0.08260000000000003,stop_loss,1,64.9,2.5515,1.26,6.37,False,golden_cross,CREDITACC
2022-09-05,2022-09-15,1009.1478881835938,992.72802734375,-0.016271015410237368,-0.01887101541023737,bb_mid_break,10,44.8,0.2649,0.67,1.58,True,fib_pullback,CREDITACC
2022-11-02,2022-11-03,986.62646484375,966.2381591796875,-0.020664665291834996,-0.023264665291834997,bb_mid_break,1,51.7,2.9726,0.72,1.01,True,fib_pullback,CREDITACC
2026-01-07,2026-01-13,1340.0,1288.699951171875,-0.03828361852845149,-0.04088361852845149,bb_mid_break,6,60.3,10.1834,1.02,2.94,True,fib_pullback,CREDITACC
2026-01-21,2026-01-28,1355.199951171875,1292.300048828125,-0.04641374307116739,-0.04901374307116739,bb_mid_break,7,64.6,2.2218,0.96,15.21,True,fib_pullback,CREDITACC
2017-09-18,2017-09-22,203.02540588378906,195.25054931640625,-0.03829499334597124,-0.040894993345971235,macd_bear_cross,4,58.1,0.0805,0.65,1.39,True,fib_pullback,CROMPTON
2017-10-25,2017-11-01,204.69143676757812,200.38751220703125,-0.021026402611233175,-0.023626402611233176,bb_mid_break,7,57.9,0.9539,0.86,1.6,True,fib_pullback,CROMPTON
2018-04-09,2018-04-13,222.13856506347656,215.24301147460938,-0.03104167701315964,-0.03364167701315964,bb_mid_break,4,58.8,0.9043,0.82,3.36,True,fib_pullback,CROMPTON
2019-07-18,2019-07-22,219.2835693359375,212.134033203125,-0.03260406675458466,-0.03520406675458466,macd_bear_cross,4,54.4,0.161,0.72,1.69,True,fib_pullback,CROMPTON
2019-07-24,2019-07-25,216.41432189941406,211.89881896972656,-0.02086508365091583,-0.023465083650915833,macd_bear_cross,1,48.0,0.1487,0.59,1.0,True,fib_pullback,CROMPTON
2019-08-30,2019-09-13,216.83763122558594,224.69271850585938,0.03622566450240105,0.03362566450240105,rsi_overbought,14,56.4,0.204,0.89,1.25,True,fib_pullback,CROMPTON
2021-04-28,2021-04-29,381.0158386230469,361.2926025390625,-0.05176487191519958,-0.05436487191519958,bb_mid_break,1,57.4,1.576,0.9,1.04,True,fib_pullback,CROMPTON
2021-05-21,2021-06-02,369.2294006347656,381.0633544921875,0.03205041049569015,0.02945041049569015,rsi_overbought,12,52.8,1.7888,0.79,1.46,True,fib_pullback,CROMPTON
2022-09-13,2022-09-14,396.9161682128906,389.5534362792969,-0.018549841309675907,-0.02114984130967591,macd_bear_cross,1,62.2,0.7211,0.71,1.78,False,golden_cross,CROMPTON
2023-12-19,2024-01-04,287.96533203125,308.8746337890625,0.07261048269360224,0.07001048269360223,rsi_overbought,16,63.6,0.0576,0.69,2.19,True,fib_pullback,CROMPTON
2026-06-25,2026-07-07,272.0284423828125,265.30926513671875,-0.02470027467435988,-0.027300274674359883,macd_bear_cross,12,57.6,1.2762,0.69,1.1,True,fib_pullback,CROMPTON
2017-10-03,2017-10-05,789.619140625,781.37939453125,-0.010435089107931285,-0.013035089107931285,bb_mid_break,2,51.5,0.1945,0.67,1.67,True,fib_pullback,CUMMINSIND
2020-11-06,2020-11-17,416.9643249511719,450.74755859375,0.08102188034080439,0.07842188034080438,rsi_overbought,11,41.3,0.219,0.63,1.15,True,fib_pullback,CUMMINSIND
2021-12-07,2021-12-10,878.28173828125,905.5957641601562,0.03109938951065785,0.02849938951065785,rsi_overbought,3,55.4,5.0576,0.91,1.42,True,fib_pullback,CUMMINSIND
2022-01-06,2022-01-13,876.3274536132812,907.7828979492188,0.03589462387175037,0.03329462387175037,rsi_overbought,7,58.3,0.4259,0.56,1.44,True,fib_pullback,CUMMINSIND
2022-02-14,2022-02-24,887.4949340820312,870.4891357421875,-0.019161572293855934,-0.021761572293855936,bb_mid_break,10,64.7,1.0701,0.65,2.73,True,fib_pullback,CUMMINSIND
2022-06-29,2022-07-06,959.0675659179688,1035.7757568359375,0.07998205094606418,0.07738205094606418,rsi_overbought,7,50.7,3.7631,0.8,2.47,True,fib_pullback,CUMMINSIND
2023-05-04,2023-05-08,1532.349609375,1542.838623046875,0.006845052596158626,0.004245052596158626,rsi_overbought,4,59.4,7.4209,0.85,1.09,True,fib_pullback,CUMMINSIND
2023-11-06,2023-11-07,1655.824462890625,1631.199462890625,-0.014871745497111065,-0.017471745497111064,bb_mid_break,1,52.6,3.3854,0.75,1.25,True,fib_pullback,CUMMINSIND
2024-09-23,2024-09-25,3756.683349609375,3657.46533203125,-0.02641106751476454,-0.02901106751476454,bb_mid_break,2,52.3,3.0179,0.87,1.05,True,fib_pullback,CUMMINSIND
2016-10-17,2016-10-27,398.56512451171875,392.72296142578125,-0.014657988686528258,-0.01725798868652826,macd_bear_cross,10,57.8,3.4642,0.8,2.49,True,fib_pullback,CYIENT
2016-11-18,2016-11-30,383.429443359375,396.11334228515625,0.03308013806830446,0.030480138068304463,rsi_overbought,12,42.5,0.2887,0.53,7.52,True,fib_pullback,CYIENT
2017-01-12,2017-01-17,396.19305419921875,390.2499694824219,-0.015000476797375904,-0.017600476797375905,bb_mid_break,5,60.1,0.0448,0.65,12.52,True,fib_pullback,CYIENT
2017-06-08,2017-06-15,420.3244323730469,403.2530212402344,-0.04061484372067446,-0.04321484372067446,bb_mid_break,7,57.3,1.5849,0.74,1.58,True,fib_pullback,CYIENT
2017-07-19,2017-07-31,421.7795104980469,422.70562744140625,0.002195737157231263,-0.000404262842768737,macd_bear_cross,12,62.4,0.1501,0.77,6.36,True,fib_pullback,CYIENT
2017-08-30,2017-09-04,426.97430419921875,428.7459716796875,0.004149353867538879,0.0015493538675388791,rsi_overbought,5,51.2,2.0602,0.73,2.06,True,fib_pullback,CYIENT
2018-06-29,2018-07-05,626.7402954101562,595.3596801757812,-0.050069567034681656,-0.052669567034681654,bb_mid_break,6,59.0,4.2594,0.98,1.21,True,fib_pullback,CYIENT
2018-08-16,2018-08-31,601.5670166015625,599.2649536132812,-0.003826777274602443,-0.006426777274602443,rsi_overbought,15,57.9,3.7375,0.94,1.88,True,fib_pullback,CYIENT
2024-04-03,2024-04-04,1985.56494140625,2078.882568359375,0.04699802308507423,0.044398023085074234,rsi_overbought,1,63.1,13.4988,1.12,2.09,True,fib_pullback,CYIENT
2017-09-29,2017-10-12,254.4742431640625,251.30764770507812,-0.0124436776768124,-0.0150436776768124,death_cross,13,50.3,0.5401,0.89,1.27,True,fib_pullback,DBCORP
2021-02-01,2021-02-25,64.21837615966797,74.58477020263672,0.16142410728658865,0.15882410728658866,rsi_overbought,24,51.9,0.0083,0.74,1.13,True,fib_pullback,DBCORP
2024-01-05,2024-01-10,252.5673370361328,263.9724426269531,0.04515669256626273,0.04255669256626273,rsi_overbought,5,62.2,2.8127,1.16,2.26,True,fib_pullback,DBCORP
2024-04-16,2024-04-26,255.16143798828125,252.52259826660156,-0.010341843746000839,-0.012941843746000839,bb_mid_break,10,61.8,1.6344,0.67,1.12,True,fib_pullback,DBCORP
2024-05-17,2024-06-05,249.3023223876953,249.9196319580078,0.002476148494728055,-0.00012385150527194485,macd_bear_cross,19,46.4,0.2971,0.57,1.64,True,fib_pullback,DBCORP
2024-09-16,2024-09-18,323.94903564453125,308.72589111328125,-0.04699240576827749,-0.04959240576827749,bb_mid_break,2,59.1,1.1843,0.98,2.47,True,fib_pullback,DBCORP
2024-09-24,2024-09-27,324.042724609375,316.079833984375,-0.024573582494712868,-0.02717358249471287,bb_mid_break,3,57.9,1.0292,0.95,2.37,True,fib_pullback,DBCORP
2024-10-07,2024-10-14,338.3291015625,317.2976989746094,-0.06216255855840253,-0.06476255855840253,bb_mid_break,7,55.1,0.1886,0.98,11.52,True,fib_pullback,DBCORP
2024-12-03,2024-12-04,306.4698791503906,311.3730163574219,0.015998757269797423,0.013398757269797421,rsi_overbought,1,61.3,2.9393,0.79,1.53,True,fib_pullback,DBCORP
2025-09-05,2025-09-12,265.967041015625,274.9795837402344,0.033885938235782787,0.03128593823578279,rsi_overbought,7,63.8,0.6062,1.03,1.5,True,fib_pullback,DBCORP
2025-10-27,2025-11-07,261.2669372558594,250.07391357421875,-0.04284133231400523,-0.045441332314005226,bb_mid_break,11,52.9,1.0548,0.74,2.77,True,fib_pullback,DBCORP
2025-12-18,2026-01-01,252.35128784179688,252.93275451660156,0.0023041953927701703,-0.00029580460722982956,rsi_overbought,14,51.5,0.9511,0.74,1.06,True,fib_pullback,DBCORP
2017-01-27,2017-01-30,112.02978515625,111.6066665649414,-0.0037768401565571375,-0.006376840156557138,macd_bear_cross,3,60.7,0.0622,0.68,1.02,True,fib_pullback,DCBBANK
2017-11-10,2017-11-15,176.3833770751953,165.82489013671875,-0.05986100909030274,-0.062461009090302735,bb_mid_break,5,56.7,0.5953,0.84,1.22,True,fib_pullback,DCBBANK
2017-11-23,2017-11-30,173.6494598388672,174.73361206054688,0.006243337714299221,0.0036433377142992213,death_cross,7,53.0,0.4773,0.85,1.51,True,fib_pullback,DCBBANK
2018-07-12,2018-07-13,172.84567260742188,169.72195434570312,-0.01807229660191458,-0.02067229660191458,death_cross,1,59.6,1.8714,0.92,2.96,True,fib_pullback,DCBBANK
2019-09-23,2019-09-27,203.54698181152344,190.99758911132812,-0.061653543513681575,-0.06425354351368158,bb_mid_break,4,56.5,1.232,1.24,3.4,True,fib_pullback,DCBBANK
2023-09-15,2023-10-04,116.98184967041016,117.85739135742188,0.007484423348395573,0.004884423348395573,bb_mid_break,19,61.9,0.4461,1.02,2.22,True,fib_pullback,DCBBANK
2025-10-03,2025-10-17,130.70407104492188,127.95709228515625,-0.02101678040939912,-0.023616780409399123,death_cross,14,60.5,0.4511,1.01,1.04,True,fib_pullback,DCBBANK
2026-04-08,2026-04-22,186.05990600585938,193.69589233398438,0.041040471813871215,0.03844047181387122,rsi_overbought,14,61.3,2.0198,1.2,2.47,True,fib_pullback,DCBBANK
2016-10-19,2016-10-21,192.50123596191406,223.30657958984375,0.1600267316414761,0.1574267316414761,rsi_overbought,2,51.6,0.5687,0.73,1.92,True,fib_pullback,DCMSHRIRAM
2017-07-31,2017-08-04,323.0480651855469,346.4636535644531,0.0724832955289709,0.06988329552897089,rsi_overbought,4,55.6,1.1639,1.05,4.43,True,fib_pullback,DCMSHRIRAM
2018-01-19,2018-01-22,501.6206970214844,524.6699829101562,0.04594963091741144,0.04334963091741144,rsi_overbought,3,60.1,0.2424,0.68,1.74,True,fib_pullback,DCMSHRIRAM
2018-02-01,2018-02-02,506.9974670410156,487.8264465332031,-0.037812852635537096,-0.040412852635537094,macd_bear_cross,1,57.3,0.1234,0.52,1.33,True,fib_pullback,DCMSHRIRAM
2018-02-23,2018-03-05,503.4717712402344,485.84326171875,-0.03501389855097324,-0.03761389855097324,bb_mid_break,10,55.7,0.8681,0.66,1.16,True,fib_pullback,DCMSHRIRAM
2019-02-08,2019-02-18,318.43292236328125,315.6600646972656,-0.00870782344186207,-0.01130782344186207,rsi_overbought,10,55.5,3.4932,0.76,1.07,True,fib_pullback,DCMSHRIRAM
2020-11-19,2020-11-23,325.9977722167969,335.1854248046875,0.028183175993548203,0.0255831759935482,rsi_overbought,4,57.5,3.1123,0.86,2.23,True,fib_pullback,DCMSHRIRAM
2022-01-14,2022-02-11,968.8648681640625,1058.783935546875,0.09280867780168707,0.09020867780168706,macd_bear_cross,28,62.7,3.8914,0.77,1.08,True,fib_pullback,DCMSHRIRAM
2022-03-14,2022-04-05,1053.75927734375,1147.358642578125,0.08882423836904609,0.08622423836904608,rsi_overbought,22,58.3,6.0551,0.93,3.89,True,fib_pullback,DCMSHRIRAM
2022-10-28,2022-10-31,1033.778076171875,1010.0623168945312,-0.022940861122886486,-0.025540861122886487,macd_bear_cross,3,59.6,0.6084,0.69,1.29,True,fib_pullback,DCMSHRIRAM
2024-11-06,2024-11-11,1098.306396484375,1240.590576171875,0.12954871258416112,0.12694871258416113,rsi_overbought,5,49.4,6.4452,0.9,2.01,True,fib_pullback,DCMSHRIRAM
2024-12-31,2025-01-06,1134.2947998046875,1043.5512158203126,-0.07999999999999995,-0.08259999999999995,stop_loss,6,62.4,4.9174,1.11,2.74,True,fib_pullback,DCMSHRIRAM
2025-01-23,2025-01-27,1152.7083740234375,1060.4917041015626,-0.07999999999999989,-0.0825999999999999,stop_loss,4,55.4,10.8492,1.02,1.35,True,fib_pullback,DCMSHRIRAM
2025-12-11,2025-12-17,1264.8148193359375,1215.365966796875,-0.03909572514735754,-0.04169572514735754,bb_mid_break,6,50.8,3.5935,1.02,12.45,True,fib_pullback,DCMSHRIRAM
2016-10-05,2016-10-13,145.3297576904297,133.7033770751953,-0.08000000000000004,-0.08260000000000005,stop_loss,8,61.8,0.8573,0.88,1.48,True,fib_pullback,DLF
2018-04-25,2018-05-03,203.41204833984375,198.53236389160156,-0.02398916135041136,-0.026589161350411363,bb_mid_break,8,64.4,1.3836,0.9,1.96,True,fib_pullback,DLF
2018-05-08,2018-05-10,206.75807189941406,198.53236389160156,-0.039784217042874305,-0.0423842170428743,bb_mid_break,2,55.9,0.5049,0.93,1.09,True,fib_pullback,DLF
2022-02-03,2022-02-04,386.9880676269531,383.38922119140625,-0.009299631530282928,-0.01189963153028293,bb_mid_break,1,47.0,0.2344,0.55,1.25,True,fib_pullback,DLF
2022-10-27,2022-11-01,370.9305114746094,376.8789367675781,0.01603649500096712,0.013436495000967118,rsi_overbought,5,63.3,2.3953,1.06,1.45,True,fib_pullback,DLF
2023-08-29,2023-09-04,481.5799865722656,500.97967529296875,0.040283419705175016,0.03768341970517502,rsi_overbought,6,53.7,0.6538,0.83,1.44,True,fib_pullback,DLF
2024-06-03,2024-06-04,847.2980346679688,779.5141918945313,-0.0799999999999999,-0.08259999999999991,stop_loss,1,59.4,1.0795,0.87,2.0,True,fib_pullback,DLF
2024-07-16,2024-07-19,822.53662109375,795.874267578125,-0.03241479203706617,-0.035014792037066166,macd_bear_cross,3,60.5,0.6163,0.63,1.01,True,fib_pullback,DLF
2024-09-13,2024-09-26,846.6989135742188,905.9168701171875,0.0699398045675866,0.06733980456758659,rsi_overbought,13,55.5,0.2862,0.84,1.98,True,fib_pullback,DLF
2025-10-15,2025-10-17,746.9224243164062,758.427978515625,0.015403948020102346,0.012803948020102346,rsi_overbought,2,61.2,3.2232,0.65,1.26,True,fib_pullback,DLF
2016-10-28,2016-11-07,261.1831359863281,267.3777770996094,0.023717615189387704,0.021117615189387703,rsi_overbought,10,54.8,1.7896,0.84,1.03,True,fib_pullback,DABUR
2017-06-01,2017-06-13,256.7169494628906,262.474609375,0.02242804740456635,0.019828047404566347,rsi_overbought,12,56.3,1.1461,1.04,1.68,True,fib_pullback,DABUR
2017-10-04,2017-10-23,284.57965087890625,285.9788513183594,0.004916726951951002,0.0023167269519510023,macd_bear_cross,19,56.2,0.1224,0.97,1.33,True,fib_pullback,DABUR
2020-12-10,2020-12-21,481.5746765136719,471.4638366699219,-0.020995372757028584,-0.023595372757028586,bb_mid_break,11,58.5,0.4425,0.83,2.29,True,fib_pullback,DABUR
2021-03-30,2021-04-16,503.66864013671875,538.3076171875,0.06877334479545648,0.06617334479545647,rsi_overbought,17,56.1,0.8724,0.92,1.26,True,fib_pullback,DABUR
2021-06-08,2021-06-11,520.8477172851562,529.133056640625,0.015907412244513402,0.0133074122445134,rsi_overbought,3,64.9,2.4751,1.19,1.48,True,fib_pullback,DABUR
2022-09-29,2022-10-03,546.6549682617188,528.9949951171875,-0.032305520245589886,-0.034905520245589884,bb_mid_break,4,50.4,0.6513,0.79,1.86,True,fib_pullback,DABUR
2022-11-17,2022-11-18,526.3505859375,523.1079711914062,-0.006160560722694408,-0.008760560722694408,bb_mid_break,1,58.2,0.4403,0.59,1.33,True,fib_pullback,DABUR
2022-11-28,2022-11-29,532.740478515625,565.6431884765625,0.06176123513763086,0.059161235137630865,rsi_overbought,1,58.7,0.5371,0.83,1.02,True,fib_pullback,DABUR
2026-02-25,2026-03-02,512.0076293945312,501.0991516113281,-0.021305303196561386,-0.023905303196561388,bb_mid_break,5,61.1,0.4291,0.76,1.85,True,fib_pullback,DABUR
2017-04-03,2017-04-07,217.0382080078125,212.25030517578125,-0.022060184130615862,-0.024660184130615864,macd_bear_cross,4,52.7,0.1283,0.68,1.41,True,fib_pullback,DEEPAKFERT
2017-04-11,2017-04-20,216.8716583251953,236.56459045410156,0.09080454440652193,0.08820454440652192,rsi_overbought,9,50.7,0.1452,0.6,1.28,True,fib_pullback,DEEPAKFERT
2017-06-08,2017-06-12,216.74676513671875,219.9525909423828,0.014790651217525222,0.01219065121752522,rsi_overbought,4,56.2,1.0865,0.87,1.59,True,fib_pullback,DEEPAKFERT
2021-09-17,2021-09-20,412.2588806152344,393.3738708496094,-0.04580861845217734,-0.04840861845217734,bb_mid_break,3,61.0,0.8271,0.99,2.21,True,fib_pullback,DEEPAKFERT
2021-09-24,2021-09-27,406.3153991699219,397.16046142578125,-0.022531604174598395,-0.025131604174598397,bb_mid_break,3,51.3,0.1395,0.81,4.78,True,fib_pullback,DEEPAKFERT
2021-10-05,2021-10-11,404.20635986328125,396.249755859375,-0.01968450968113785,-0.022284509681137852,bb_mid_break,6,54.9,0.884,0.77,2.28,True,fib_pullback,DEEPAKFERT
2021-10-14,2021-10-22,403.583251953125,392.0797119140625,-0.028503511935620663,-0.031103511935620665,macd_bear_cross,8,47.6,0.4905,0.72,3.68,True,fib_pullback,DEEPAKFERT
2022-05-26,2022-06-02,599.7669067382812,662.7489624023438,0.10501088832422996,0.10241088832422995,rsi_overbought,7,56.8,3.3058,0.71,3.56,True,fib_pullback,DEEPAKFERT
2025-01-29,2025-01-30,1287.3310546875,1184.3445703125,-0.07999999999999993,-0.08259999999999994,stop_loss,1,60.6,10.5758,1.2,6.76,True,fib_pullback,DEEPAKFERT
2025-03-20,2025-03-21,1105.0364990234375,1134.922607421875,0.02704535861471452,0.02444535861471452,rsi_overbought,1,59.8,10.4166,0.7,1.07,True,fib_pullback,DEEPAKFERT
2025-04-02,2025-04-07,1152.9930419921875,1060.7535986328126,-0.07999999999999995,-0.08259999999999995,stop_loss,5,57.6,4.1452,0.83,1.37,True,fib_pullback,DEEPAKFERT
2025-04-09,2025-04-24,1150.3619384765625,1308.3306884765625,0.13732091154649972,0.13472091154649973,rsi_overbought,15,59.1,0.5588,0.9,1.1,True,fib_pullback,DEEPAKFERT
2025-09-23,2025-10-10,1518.5999755859375,1497.0,-0.014223611176869242,-0.016823611176869244,macd_bear_cross,17,64.8,12.6728,1.2,2.79,True,fib_pullback,DEEPAKFERT
2025-10-28,2025-11-06,1519.4000244140625,1429.0999755859375,-0.05943138566352734,-0.06203138566352734,bb_mid_break,9,45.7,0.3751,0.67,5.23,True,fib_pullback,DEEPAKFERT
2018-04-23,2018-05-07,247.2764434814453,242.9709930419922,-0.017411486427239033,-0.020011486427239034,macd_bear_cross,14,47.3,0.1855,0.79,2.16,True,fib_pullback,DEEPAKNTR
2018-06-20,2018-06-25,239.28744506835938,238.80906677246094,-0.0019991784180811278,-0.004599178418081128,rsi_overbought,5,54.1,1.6389,0.73,1.04,True,fib_pullback,DEEPAKNTR
2018-07-10,2018-07-12,238.09149169921875,227.9976043701172,-0.042394993861658785,-0.04499499386165878,bb_mid_break,2,48.8,0.214,0.79,1.31,True,fib_pullback,DEEPAKNTR
2019-07-01,2019-07-02,291.7167053222656,299.56683349609375,0.02691010843947357,0.02431010843947357,rsi_overbought,1,62.0,0.781,0.65,1.4,True,fib_pullback,DEEPAKNTR
2019-08-27,2019-08-30,277.90618896484375,267.00311279296875,-0.03923293760562591,-0.04183293760562591,bb_mid_break,3,56.1,1.3879,0.92,1.21,True,fib_pullback,DEEPAKNTR
2019-09-20,2019-09-26,277.7123107910156,303.2981262207031,0.09213064900439853,0.08953064900439853,rsi_overbought,6,55.9,0.7187,0.93,1.42,True,fib_pullback,DEEPAKNTR
2019-10-09,2019-10-24,285.17486572265625,330.143798828125,0.15768897792417233,0.15508897792417234,rsi_overbought,15,63.4,0.0184,0.62,1.07,True,fib_pullback,DEEPAKNTR
2020-04-07,2020-04-16,423.12652587890625,456.25054931640625,0.07828396806060724,0.07568396806060723,rsi_overbought,9,50.5,3.6139,0.65,1.37,True,fib_pullback,DEEPAKNTR
2021-12-28,2022-01-07,2396.7021484375,2486.050537109375,0.037279721524898106,0.03467972152489811,rsi_overbought,10,59.2,15.7481,1.04,2.45,True,fib_pullback,DEEPAKNTR
2022-12-13,2022-12-16,2188.5634765625,2076.950927734375,-0.050998086198272355,-0.05359808619827235,macd_bear_cross,3,63.4,6.3394,0.76,1.01,True,fib_pullback,DEEPAKNTR
2023-11-06,2023-12-01,2114.41015625,2189.41064453125,0.0354711161689966,0.0328711161689966,rsi_overbought,25,53.1,8.4172,0.88,2.34,True,fib_pullback,DEEPAKNTR
2024-02-20,2024-02-27,2330.216796875,2237.763427734375,-0.03967586589565918,-0.04227586589565918,bb_mid_break,7,56.0,14.1631,1.14,3.16,True,fib_pullback,DEEPAKNTR
2024-06-13,2024-06-20,2384.05712890625,2576.082763671875,0.08054573543450358,0.07794573543450357,rsi_overbought,7,53.7,12.4437,0.72,1.22,True,fib_pullback,DEEPAKNTR
2024-10-01,2024-10-03,2931.3251953125,2863.814453125,-0.023030792453685056,-0.025630792453685058,bb_mid_break,2,55.4,3.4012,0.74,1.65,True,fib_pullback,DEEPAKNTR
2024-10-15,2024-10-18,2907.235595703125,2814.84130859375,-0.031780804846340334,-0.03438080484634033,bb_mid_break,3,56.1,4.9511,0.88,1.68,True,fib_pullback,DEEPAKNTR
2024-11-06,2024-11-08,2821.483642578125,2655.08544921875,-0.058975423726833655,-0.06157542372683365,bb_mid_break,2,48.4,6.8641,0.71,1.29,True,fib_pullback,DEEPAKNTR
2026-07-15,2026-07-30,1689.284423828125,1643.9000244140625,-0.026866049774623448,-0.02946604977462345,macd_bear_cross,15,61.0,15.1245,0.93,2.26,True,fib_pullback,DEEPAKNTR
2017-02-23,2017-03-07,127.87046813964844,159.97825622558594,0.2510961956506823,0.24849619565068232,rsi_overbought,12,58.8,0.8958,0.9,1.68,False,golden_cross,DELTACORP
2017-07-06,2017-07-24,153.9492950439453,162.45529174804688,0.055251936695608114,0.052651936695608116,rsi_overbought,18,47.4,0.3219,0.76,1.81,True,fib_pullback,DELTACORP
2019-03-14,2019-03-18,236.21412658691406,227.1688232421875,-0.03829281286188605,-0.04089281286188605,macd_bear_cross,4,63.8,1.0032,0.67,1.64,True,fib_pullback,DELTACORP
2019-04-02,2019-04-11,256.23626708984375,243.04525756835938,-0.051479869228891126,-0.054079869228891124,macd_bear_cross,9,62.2,2.1338,1.02,1.57,False,golden_cross,DELTACORP
2020-01-13,2020-01-14,195.5733642578125,189.0936737060547,-0.03313176401269055,-0.03573176401269055,bb_mid_break,1,45.6,0.16,0.62,1.46,True,fib_pullback,DELTACORP
2020-11-06,2020-11-13,111.33837890625,129.95875549316406,0.16724131220370053,0.16464131220370054,rsi_overbought,7,59.8,0.2461,0.83,1.37,True,fib_pullback,DELTACORP
2021-05-19,2021-05-25,155.34584045410156,167.96739196777344,0.0812480815500241,0.07864808155002409,rsi_overbought,6,61.1,1.4839,0.98,1.36,True,fib_pullback,DELTACORP
2021-08-17,2021-08-18,174.65977478027344,171.2814483642578,-0.01934232664771066,-0.02194232664771066,bb_mid_break,1,55.6,0.0729,0.81,3.35,True,fib_pullback,DELTACORP
2021-08-30,2021-09-06,173.35671997070312,212.49710083007812,0.22577942675651472,0.22317942675651473,rsi_overbought,7,51.5,0.3717,0.74,2.02,True,fib_pullback,DELTACORP
2022-01-07,2022-01-19,268.0948181152344,283.5386047363281,0.05760568865025804,0.05500568865025804,rsi_overbought,12,63.4,0.8451,0.64,1.85,True,fib_pullback,DELTACORP
2024-09-06,2024-09-10,131.70355224609375,127.90147399902344,-0.02886845633416148,-0.03146845633416148,macd_bear_cross,4,64.5,0.3384,0.73,3.35,True,fib_pullback,DELTACORP
2018-02-22,2018-03-14,946.1803588867188,947.6604614257812,0.001564292182944906,-0.0010357078170550938,bb_mid_break,20,49.8,3.1812,0.68,1.3,True,fib_pullback,DBL
2020-11-10,2020-11-17,347.5906066894531,359.312744140625,0.03372397649872268,0.03112397649872268,rsi_overbought,7,62.5,3.2594,1.03,1.1,True,fib_pullback,DBL
2021-04-20,2021-04-28,591.3212890625,544.0155859375001,-0.07999999999999986,-0.08259999999999987,stop_loss,8,59.8,0.5869,0.78,1.77,True,fib_pullback,DBL
2021-06-08,2021-06-16,575.8739013671875,546.86669921875,-0.050370753179769454,-0.05297075317976945,bb_mid_break,8,64.3,4.5286,1.14,1.67,True,fib_pullback,DBL
2021-06-24,2021-06-25,562.6616821289062,552.2807006835938,-0.018449775015840175,-0.021049775015840176,bb_mid_break,1,57.3,0.2251,0.74,1.48,True,fib_pullback,DBL
2021-06-30,2021-07-09,569.6651611328125,602.29833984375,0.057284841934241715,0.05468484193424172,rsi_overbought,9,52.6,0.5105,0.9,4.52,True,fib_pullback,DBL
2025-09-10,2025-09-12,490.04998779296875,547.9000244140625,0.1180492563251193,0.11544925632511929,rsi_overbought,2,54.1,0.9795,0.93,8.4,True,fib_pullback,DBL
2025-11-04,2025-11-06,511.70001220703125,476.45001220703125,-0.06888801868102756,-0.07148801868102757,bb_mid_break,2,56.9,1.9583,0.73,2.63,True,fib_pullback,DBL
2016-10-10,2016-10-13,97.3092041015625,92.36714172363281,-0.050787203775416886,-0.053387203775416885,macd_bear_cross,3,49.7,0.0512,0.63,1.2,True,fib_pullback,DISHTV
2016-10-25,2016-11-02,98.3470458984375,91.92236328125,-0.0653266456404012,-0.06792664564040121,macd_bear_cross,8,55.6,0.3679,0.91,1.37,True,fib_pullback,DISHTV
2021-09-06,2021-09-07,13.75,15.550000190734863,0.13090910478071732,0.12830910478071733,rsi_overbought,1,64.4,0.1179,0.95,1.41,True,fib_pullback,DISHTV
2021-12-09,2021-12-17,19.75,18.25,-0.0759493670886076,-0.0785493670886076,bb_mid_break,8,62.5,0.2485,1.01,2.23,True,fib_pullback,DISHTV
2024-02-15,2024-02-28,21.5,21.25,-0.011627906976744186,-0.014227906976744188,macd_bear_cross,13,64.7,0.051,0.88,1.56,True,fib_pullback,DISHTV
2017-01-03,2017-01-11,228.5216064453125,251.61212158203125,0.10104302825406813,0.09844302825406813,rsi_overbought,8,56.1,1.5318,0.83,1.49,True,fib_pullback,DCAL
2017-02-28,2017-03-02,230.34356689453125,223.60107421875,-0.0292714607431102,-0.0318714607431102,bb_mid_break,2,49.2,0.9503,0.68,1.32,True,fib_pullback,DCAL
2017-03-06,2017-03-24,232.69094848632812,234.58883666992188,0.008156261324042268,0.0055562613240422686,macd_bear_cross,18,56.6,0.8175,0.78,1.32,True,fib_pullback,DCAL
2017-09-28,2017-10-10,321.29229736328125,295.58891357421874,-0.08000000000000004,-0.08260000000000005,stop_loss,12,63.2,1.6548,0.87,5.9,True,fib_pullback,DCAL
2017-11-03,2017-11-08,308.4565734863281,297.6186828613281,-0.03513587181010546,-0.03773587181010546,bb_mid_break,5,62.9,0.6578,0.72,2.04,True,fib_pullback,DCAL
2017-11-10,2017-11-13,305.3100891113281,291.8251037597656,-0.044168161592083324,-0.04676816159208332,macd_bear_cross,3,55.8,0.2708,0.78,2.82,True,fib_pullback,DCAL
2017-11-24,2017-12-12,305.5098876953125,296.07037353515625,-0.03089757333671097,-0.03349757333671097,bb_mid_break,18,49.4,1.6626,0.8,1.01,True,fib_pullback,DCAL
2018-04-05,2018-04-27,339.422119140625,372.6850891113281,0.09799882828768162,0.09539882828768162,rsi_overbought,22,62.1,3.2625,1.26,2.22,True,fib_pullback,DCAL
2021-01-13,2021-01-18,150.5,138.46,-0.07999999999999995,-0.08259999999999995,stop_loss,5,64.6,0.7609,0.82,5.09,True,fib_pullback,DCAL
2021-11-15,2021-12-13,219.10000610351562,231.6999969482422,0.05750794383261492,0.05490794383261492,macd_bear_cross,28,59.9,0.0559,0.69,2.06,True,fib_pullback,DCAL
2022-01-06,2022-01-24,219.75,202.17000000000002,-0.07999999999999993,-0.08259999999999994,stop_loss,18,62.0,2.4376,0.7,1.27,True,fib_pullback,DCAL
2023-06-07,2023-06-13,129.25,129.64999389648438,0.003094730340304642,0.0004947303403046422,rsi_overbought,6,49.8,0.9133,0.74,2.36,True,fib_pullback,DCAL
2025-08-14,2025-09-04,267.6000061035156,263.29998779296875,-0.016068827400861494,-0.018668827400861496,macd_bear_cross,21,60.2,1.3038,1.01,3.97,True,fib_pullback,DCAL
2018-03-16,2018-03-23,1023.5958862304688,977.0364379882812,-0.0454861619399908,-0.048086161939990796,bb_mid_break,7,61.1,9.2313,1.07,1.22,True,fib_pullback,DIVISLAB
2018-07-11,2018-07-26,1056.5966796875,1012.8150024414062,-0.04143650844998174,-0.04403650844998174,bb_mid_break,15,62.5,8.9064,0.91,1.27,True,fib_pullback,DIVISLAB
2019-02-01,2019-02-06,1453.9462890625,1568.660400390625,0.07889845188304191,0.0762984518830419,rsi_overbought,5,50.7,1.1516,0.9,1.19,True,fib_pullback,DIVISLAB
2019-07-10,2019-07-24,1540.385009765625,1522.025146484375,-0.0119190093157577,-0.0145190093157577,macd_bear_cross,14,53.9,5.0831,0.78,1.2,True,fib_pullback,DIVISLAB
2019-07-30,2019-08-01,1573.5946044921875,1532.6995849609375,-0.02598828148908605,-0.028588281489086053,macd_bear_cross,2,59.3,3.3287,0.85,1.79,True,fib_pullback,DIVISLAB
2020-04-07,2020-04-16,1997.6536865234375,2311.958984375,0.15733723015752304,0.15473723015752305,rsi_overbought,9,58.8,9.879,0.74,2.03,True,fib_pullback,DIVISLAB
2020-11-04,2020-11-20,3087.699951171875,3351.336181640625,0.08538272326904436,0.08278272326904436,rsi_overbought,16,55.6,2.8766,0.8,1.3,True,fib_pullback,DIVISLAB
2021-03-30,2021-04-08,3462.5771484375,3589.033447265625,0.036520861025490466,0.03392086102549047,rsi_overbought,9,55.6,18.5353,0.88,1.06,True,fib_pullback,DIVISLAB
2025-02-11,2025-02-18,5895.48388671875,5789.35693359375,-0.018001398216706363,-0.020601398216706365,macd_bear_cross,7,52.8,35.566,0.62,1.01,True,fib_pullback,DIVISLAB
2025-04-03,2025-04-04,5713.31787109375,5435.5830078125,-0.04861183458502035,-0.05121183458502035,macd_bear_cross,1,54.7,1.0931,0.62,1.84,True,fib_pullback,DIVISLAB
2025-04-21,2025-04-30,5840.7099609375,6034.5244140625,0.03318337229912553,0.030583372299125534,rsi_overbought,9,51.4,26.7009,0.77,1.64,True,fib_pullback,DIVISLAB
2025-10-08,2025-10-09,6095.36474609375,6106.8173828125,0.0018789091704626026,-0.0007210908295373973,death_cross,1,52.9,27.445,0.74,1.84,True,fib_pullback,DIVISLAB
2025-12-22,2025-12-29,6484.7587890625,6364.255859375,-0.018582484500540855,-0.021182484500540857,bb_mid_break,7,56.5,11.6688,0.84,1.12,True,fib_pullback,DIVISLAB
2019-05-24,2019-06-10,483.27227783203125,466.57476806640625,-0.034550936462836954,-0.03715093646283695,bb_mid_break,17,59.2,2.429,1.11,1.63,True,fib_pullback,DIXON
2020-03-11,2020-03-12,856.4150390625,787.9018359375,-0.08000000000000002,-0.08260000000000002,stop_loss,1,44.2,1.5234,0.52,1.21,True,fib_pullback,DIXON
2018-05-18,2018-05-30,407.1195373535156,402.1206359863281,-0.01227870664150118,-0.01487870664150118,bb_mid_break,12,56.4,2.7898,0.77,1.58,True,fib_pullback,LALPATHLAB
2018-05-31,2018-06-01,404.25628662109375,408.480712890625,0.010449871552624168,0.007849871552624166,macd_bear_cross,1,60.6,0.1034,0.51,3.07,True,fib_pullback,LALPATHLAB
2019-01-11,2019-01-17,465.4317932128906,506.831298828125,0.0889485983100816,0.0863485983100816,rsi_overbought,6,59.6,1.8558,0.99,1.01,False,golden_cross,LALPATHLAB
2019-05-02,2019-05-06,506.85491943359375,484.1123046875,-0.044870068088731264,-0.04747006808873126,macd_bear_cross,4,63.7,0.6409,0.89,4.67,True,fib_pullback,LALPATHLAB
2019-08-14,2019-09-18,527.6254272460938,584.8946533203125,0.10854144458717942,0.10594144458717941,macd_bear_cross,35,55.5,0.1855,0.77,6.42,True,fib_pullback,LALPATHLAB
2021-03-15,2021-03-16,1156.301025390625,1212.248291015625,0.0483846891047249,0.0457846891047249,rsi_overbought,1,51.9,1.0918,0.64,1.05,True,fib_pullback,LALPATHLAB
2021-05-31,2021-06-10,1418.4281005859375,1526.7003173828125,0.0763325379355844,0.07373253793558439,rsi_overbought,10,55.3,2.0018,1.07,3.22,True,fib_pullback,LALPATHLAB
2021-11-29,2021-12-06,1871.5711669921875,1741.4677734375,-0.06951560050146391,-0.07211560050146391,bb_mid_break,7,61.5,11.051,1.16,5.94,True,fib_pullback,LALPATHLAB
2023-09-14,2023-09-20,1125.168701171875,1175.845703125,0.04503946999267254,0.04243946999267254,rsi_overbought,6,64.1,5.2166,1.15,4.55,True,fib_pullback,LALPATHLAB
2024-02-19,2024-02-21,1223.3902587890625,1188.1925048828125,-0.02877066713044575,-0.03137066713044575,bb_mid_break,2,53.6,4.0833,0.83,1.19,True,fib_pullback,LALPATHLAB
2025-01-07,2025-01-08,1525.835205078125,1473.623291015625,-0.03421858002013178,-0.036818580020131775,bb_mid_break,1,56.9,5.8498,0.83,1.85,True,fib_pullback,LALPATHLAB
2025-11-03,2025-11-06,1611.5499267578125,1538.817626953125,-0.04513189358707214,-0.04773189358707214,bb_mid_break,3,52.5,6.4829,1.1,2.43,True,fib_pullback,LALPATHLAB
2025-11-19,2025-11-24,1591.9642333984375,1548.7918701171875,-0.02711892791026342,-0.029718927910263423,bb_mid_break,5,62.7,6.8864,0.92,2.17,True,fib_pullback,LALPATHLAB
2016-09-28,2016-09-29,598.0530395507812,585.9156494140625,-0.020294838975880088,-0.02289483897588009,bb_mid_break,1,62.6,1.3171,0.86,1.12,True,fib_pullback,DRREDDY
2018-11-19,2018-11-20,480.18438720703125,463.9573669433594,-0.03379331085305696,-0.03639331085305696,bb_mid_break,1,49.5,1.0865,0.8,1.16,True,fib_pullback,DRREDDY
2019-01-17,2019-01-18,497.3800354003906,493.1356506347656,-0.008533484385251356,-0.011133484385251358,bb_mid_break,1,49.4,0.1393,0.75,1.16,True,fib_pullback,DRREDDY
2019-01-21,2019-01-25,493.7054443359375,507.4923095703125,0.027925284990363303,0.025325284990363302,rsi_overbought,4,48.4,0.0381,0.53,1.08,True,fib_pullback,DRREDDY
2019-03-15,2019-04-01,504.9285888671875,530.7362670898438,0.051111540902360156,0.04851154090236016,rsi_overbought,17,53.4,0.3659,0.66,1.03,True,fib_pullback,DRREDDY
2020-12-07,2020-12-18,968.5548706054688,1007.00537109375,0.03969883550763092,0.03709883550763092,rsi_overbought,11,58.2,4.8866,1.04,1.54,True,fib_pullback,DRREDDY
2023-02-01,2023-02-14,847.6773681640625,884.0857543945312,0.04295075885926229,0.040350758859262294,rsi_overbought,13,59.7,1.2329,0.75,1.42,True,fib_pullback,DRREDDY
2023-10-18,2023-10-26,1114.6229248046875,1064.462158203125,-0.045002453731473394,-0.04760245373147339,bb_mid_break,8,59.8,3.8729,1.03,1.5,True,fib_pullback,DRREDDY
2024-04-26,2024-05-08,1227.44091796875,1189.0103759765625,-0.031309484171168814,-0.03390948417116881,bb_mid_break,12,56.9,3.2162,0.85,1.13,True,fib_pullback,DRREDDY
2024-06-07,2024-07-05,1189.982177734375,1280.0362548828125,0.07567682847140855,0.07307682847140855,rsi_overbought,28,64.5,3.8596,1.1,1.36,True,fib_pullback,DRREDDY
2025-07-28,2025-08-01,1279.2872314453125,1212.9080810546875,-0.05188760487793753,-0.05448760487793753,macd_bear_cross,4,55.0,1.6162,0.81,1.1,True,fib_pullback,DRREDDY
2025-08-21,2025-09-08,1268.55517578125,1242.7191162109375,-0.0203665241083433,-0.0229665241083433,bb_mid_break,18,51.6,5.3317,0.73,1.25,True,fib_pullback,DRREDDY
2025-09-09,2025-09-25,1283.1627197265625,1267.1640625,-0.012468143736261102,-0.015068143736261103,macd_bear_cross,16,61.7,1.9944,0.93,1.16,True,fib_pullback,DRREDDY
2026-05-06,2026-05-11,1302.738525390625,1271.83447265625,-0.023722375697078926,-0.026322375697078928,macd_bear_cross,5,63.9,2.9388,0.69,1.1,True,fib_pullback,DRREDDY
2026-06-22,2026-06-24,1282.56640625,1320.02880859375,0.029208937768207665,0.026608937768207663,rsi_overbought,2,60.1,0.1772,0.6,1.23,True,fib_pullback,DRREDDY
2016-09-20,2016-09-26,228.02001953125,224.33055114746094,-0.016180458151760762,-0.018780458151760764,bb_mid_break,6,49.5,0.3336,0.65,1.34,True,fib_pullback,EIDPARRY
2020-11-10,2020-11-18,272.63739013671875,291.3841857910156,0.06876091223179612,0.06616091223179611,rsi_overbought,8,54.0,1.5965,0.8,3.93,True,fib_pullback,EIDPARRY
2021-03-01,2021-03-10,319.6946716308594,344.05596923828125,0.07620176302328567,0.07360176302328567,rsi_overbought,9,53.2,0.7152,0.71,3.88,True,fib_pullback,EIDPARRY
2021-04-23,2021-04-27,314.5083923339844,304.56402587890625,-0.0316187634335619,-0.0342187634335619,bb_mid_break,4,56.4,0.7068,0.75,2.45,True,fib_pullback,EIDPARRY
2021-04-30,2021-05-04,329.7817687988281,369.60687255859375,0.12076199331703974,0.11816199331703973,rsi_overbought,4,58.8,2.3079,1.23,6.27,True,fib_pullback,EIDPARRY
2021-07-27,2021-08-05,414.237548828125,397.0608825683594,-0.04146573942501902,-0.04406573942501902,bb_mid_break,9,63.6,1.6317,0.96,1.53,True,fib_pullback,EIDPARRY
2024-11-06,2024-11-13,832.1500244140625,772.7000122070312,-0.07144145942781349,-0.0740414594278135,bb_mid_break,7,56.6,5.2254,0.9,1.16,True,fib_pullback,EIDPARRY
2024-11-21,2024-12-05,825.6500244140625,896.4000244140625,0.08569005984128568,0.08309005984128567,rsi_overbought,14,55.1,1.4165,0.75,1.56,True,fib_pullback,EIDPARRY
2025-10-29,2025-11-04,1089.800048828125,1047.4000244140625,-0.038906241984165583,-0.04150624198416558,bb_mid_break,6,62.3,8.4167,1.21,1.07,True,fib_pullback,EIDPARRY
2025-12-10,2025-12-16,1042.4000244140625,1027.800048828125,-0.014006115928617911,-0.016606115928617913,bb_mid_break,6,54.9,0.796,0.79,1.82,True,fib_pullback,EIDPARRY
2025-12-22,2025-12-30,1038.5999755859375,1030.800048828125,-0.007510039419567756,-0.010110039419567757,bb_mid_break,8,49.1,0.2857,0.73,1.69,True,fib_pullback,EIDPARRY
2016-08-23,2016-08-26,108.96367645263672,106.68964385986328,-0.02086963901004104,-0.02346963901004104,bb_mid_break,3,46.4,0.1047,0.65,1.85,True,fib_pullback,EIHOTEL
2016-09-07,2016-09-08,108.91629791259766,105.97901153564453,-0.026968290634613902,-0.029568290634613904,bb_mid_break,1,62.3,0.1127,0.84,1.59,True,fib_pullback,EIHOTEL
2016-10-26,2016-11-02,107.7792739868164,103.32598114013672,-0.041318638379624045,-0.04391863837962404,bb_mid_break,7,60.9,0.3321,1.2,14.98,True,fib_pullback,EIHOTEL
2017-07-19,2017-07-25,132.36717224121094,131.60577392578125,-0.005752168778239075,-0.008352168778239074,macd_bear_cross,6,53.0,0.0159,0.79,4.2,True,fib_pullback,EIHOTEL
2017-08-21,2017-08-22,131.74884033203125,127.31428527832031,-0.03365915815680081,-0.03625915815680081,bb_mid_break,1,48.8,0.3568,0.84,1.04,True,fib_pullback,EIHOTEL
2017-10-23,2017-10-25,131.60577392578125,140.99937438964844,0.07137681109010222,0.06877681109010221,rsi_overbought,2,61.0,0.1958,0.7,1.53,True,fib_pullback,EIHOTEL
2018-05-29,2018-06-05,169.41859436035156,160.83558654785156,-0.05066154541598918,-0.05326154541598918,bb_mid_break,7,46.2,0.0681,0.58,1.07,True,fib_pullback,EIHOTEL
2018-12-17,2018-12-20,187.88816833496094,189.3748016357422,0.007912330584493902,0.005312330584493902,macd_bear_cross,3,61.2,0.8045,0.74,2.21,False,golden_cross,EIHOTEL
2019-03-07,2019-03-11,182.70899963378906,192.77960205078125,0.05511826148234131,0.05251826148234131,rsi_overbought,4,53.1,0.2676,0.78,1.84,True,fib_pullback,EIHOTEL
2019-05-27,2019-06-03,185.39451599121094,170.56295471191407,-0.07999999999999993,-0.08259999999999994,stop_loss,7,61.7,1.2585,0.95,1.05,True,fib_pullback,EIHOTEL
2021-02-11,2021-02-23,96.20121002197266,95.36510467529297,-0.008691214450303884,-0.011291214450303885,macd_bear_cross,12,55.4,0.4269,0.86,1.01,True,fib_pullback,EIHOTEL
2021-12-15,2021-12-20,135.9899444580078,125.11074890136719,-0.08,-0.0826,stop_loss,5,50.8,1.2066,0.76,5.65,True,fib_pullback,EIHOTEL
2022-01-28,2022-02-09,134.1210174560547,135.1046600341797,0.007333992813224032,0.004733992813224032,macd_bear_cross,12,60.2,0.0551,0.65,1.28,True,fib_pullback,EIHOTEL
2022-03-23,2022-03-25,136.08831787109375,146.56422424316406,0.0769787336337962,0.0743787336337962,rsi_overbought,2,63.6,1.6744,0.92,1.36,True,fib_pullback,EIHOTEL
2023-01-10,2023-01-17,174.99176025390625,169.43414306640625,-0.03175930786361662,-0.03435930786361662,bb_mid_break,7,58.1,1.0073,0.66,1.0,True,fib_pullback,EIHOTEL
2023-03-08,2023-03-13,167.41763305664062,159.40086364746094,-0.047884856946146526,-0.050484856946146524,bb_mid_break,5,56.2,0.7097,0.88,4.02,True,fib_pullback,EIHOTEL
2023-03-14,2023-03-20,165.64706420898438,158.8106689453125,-0.04127085074714582,-0.04387085074714582,bb_mid_break,6,56.5,0.9543,0.87,1.83,True,fib_pullback,EIHOTEL
2023-11-06,2023-12-15,230.9431610107422,241.02931213378906,0.04367373807002548,0.041073738070025484,macd_bear_cross,39,54.3,1.1106,0.81,3.36,True,fib_pullback,EIHOTEL
2024-07-29,2024-08-02,430.6884765625,414.0682373046875,-0.0385899325435066,-0.0411899325435066,bb_mid_break,4,51.8,2.221,0.86,1.96,True,fib_pullback,EIHOTEL
2017-01-12,2017-01-13,47.591182708740234,48.2662353515625,0.01418440569030638,0.01158440569030638,rsi_overbought,1,62.8,0.4972,0.97,1.39,True,fib_pullback,EDELWEISS
2018-01-23,2018-01-31,135.2894287109375,128.7095489501953,-0.04863557946423818,-0.05123557946423818,bb_mid_break,8,61.5,0.2859,0.84,2.8,True,fib_pullback,EDELWEISS
2018-03-01,2018-03-07,128.42620849609375,118.15211181640626,-0.07999999999999992,-0.08259999999999992,stop_loss,6,61.1,1.1685,0.97,1.25,True,fib_pullback,EDELWEISS
2018-07-31,2018-08-10,143.15135192871094,134.36195373535156,-0.06139933765862356,-0.06399933765862356,macd_bear_cross,10,59.9,1.3145,1.02,1.08,True,fib_pullback,EDELWEISS
2021-02-03,2021-02-05,33.200584411621094,30.988773345947266,-0.06661964254158234,-0.06921964254158235,bb_mid_break,2,51.6,0.0892,0.76,3.81,True,fib_pullback,EDELWEISS
2021-02-12,2021-02-17,33.43587875366211,30.761008453369143,-0.07999999999999992,-0.08259999999999992,stop_loss,5,59.0,0.2321,0.96,2.71,True,fib_pullback,EDELWEISS
2021-02-25,2021-03-10,33.10646438598633,39.38893508911133,0.18976567929084914,0.18716567929084915,rsi_overbought,13,58.2,0.1292,0.87,4.13,True,fib_pullback,EDELWEISS
2021-11-03,2021-11-16,39.739227294921875,38.37144088745117,-0.03441904889895751,-0.03701904889895751,bb_mid_break,13,55.8,0.1172,0.93,1.65,True,fib_pullback,EDELWEISS
2022-11-07,2022-11-17,31.702526092529297,29.93985939025879,-0.055600197193304425,-0.05820019719330442,bb_mid_break,10,54.1,0.1179,0.82,2.09,True,fib_pullback,EDELWEISS
2023-11-22,2023-11-24,61.267398834228516,69.21849822998047,0.12977700289292973,0.12717700289292974,rsi_overbought,2,64.0,0.0095,0.68,2.84,True,fib_pullback,EDELWEISS
2024-04-03,2024-04-22,71.55992889404297,76.68180847167969,0.0715746879125685,0.0689746879125685,rsi_overbought,19,47.7,0.4898,0.68,7.42,True,fib_pullback,EDELWEISS
2024-11-28,2024-12-04,122.14616394042969,129.16343688964844,0.05744980212920197,0.05484980212920197,rsi_overbought,6,61.5,1.7148,1.3,2.35,True,fib_pullback,EDELWEISS
2025-08-26,2025-09-02,106.51271057128906,109.70059967041016,0.02992965893011836,0.027329658930118357,rsi_overbought,7,63.6,1.213,1.1,4.93,True,fib_pullback,EDELWEISS
2026-01-05,2026-01-06,114.33000183105469,114.3499984741211,0.0001749028491747535,-0.0024250971508252466,rsi_overbought,1,64.9,0.9922,1.03,1.05,True,fib_pullback,EDELWEISS
2026-02-09,2026-02-25,111.26000213623047,118.16999816894531,0.062106740068672776,0.05950674006867278,macd_bear_cross,16,55.9,0.547,1.11,1.36,True,fib_pullback,EDELWEISS
2026-04-08,2026-04-22,113.7300033569336,121.9800033569336,0.07254022471192546,0.06994022471192546,rsi_overbought,14,59.0,0.8923,1.08,1.16,True,fib_pullback,EDELWEISS
2026-06-05,2026-06-08,114.66999816894531,107.62000274658203,-0.061480731969459,-0.064080731969459,macd_bear_cross,3,62.8,0.1318,0.61,1.84,True,fib_pullback,EDELWEISS
2017-01-02,2017-01-13,2077.588134765625,2102.4560546875,0.01196961010016568,0.009369610100165678,rsi_overbought,11,51.9,11.1437,0.72,1.32,True,fib_pullback,EICHERMOT
2017-12-19,2018-01-02,2852.824462890625,2653.537841796875,-0.06985590024414709,-0.0724559002441471,bb_mid_break,14,54.8,17.4357,0.86,1.28,True,fib_pullback,EICHERMOT
2021-05-18,2021-06-03,2426.594482421875,2611.4296875,0.07617061953163648,0.07357061953163647,rsi_overbought,16,63.4,20.1078,1.09,1.38,True,fib_pullback,EICHERMOT
2021-08-31,2021-09-06,2543.667724609375,2700.93505859375,0.06182699590156815,0.05922699590156815,rsi_overbought,6,45.3,4.8521,0.71,1.82,True,fib_pullback,EICHERMOT
2023-02-15,2023-02-22,3164.511962890625,3105.783203125,-0.018558551983472102,-0.021158551983472104,bb_mid_break,7,56.4,4.9384,0.92,3.53,True,fib_pullback,EICHERMOT
2023-08-30,2023-08-31,3290.8486328125,3224.03173828125,-0.020303849245762916,-0.022903849245762917,bb_mid_break,1,55.7,5.9657,1.09,1.43,True,fib_pullback,EICHERMOT
2023-09-01,2023-09-12,3285.67919921875,3228.52490234375,-0.01739497175761706,-0.019994971757617063,macd_bear_cross,11,56.5,5.3713,0.99,1.11,True,fib_pullback,EICHERMOT
2023-09-15,2023-09-25,3311.574951171875,3272.39306640625,-0.011831797662245154,-0.014431797662245154,bb_mid_break,10,57.4,0.4094,0.9,2.11,True,fib_pullback,EICHERMOT
2024-02-01,2024-02-28,3800.50390625,3733.39697265625,-0.017657377876494584,-0.020257377876494585,bb_mid_break,27,56.6,13.8516,0.85,2.08,True,fib_pullback,EICHERMOT
2024-03-21,2024-04-08,3786.73486328125,4063.85888671875,0.07318284312025183,0.07058284312025183,rsi_overbought,18,60.1,8.1814,0.77,1.13,True,fib_pullback,EICHERMOT
2024-10-29,2024-11-08,4785.33935546875,4675.03955078125,-0.023049526166090583,-0.025649526166090585,bb_mid_break,10,59.8,10.5426,0.97,1.7,True,fib_pullback,EICHERMOT
2024-12-27,2025-01-02,4764.57861328125,5185.84765625,0.08841685218383503,0.08581685218383503,rsi_overbought,6,50.0,3.6369,0.91,1.14,True,fib_pullback,EICHERMOT
2025-03-06,2025-03-21,4977.0693359375,5183.7470703125,0.04152599058298419,0.03892599058298419,rsi_overbought,15,61.3,14.761,0.68,1.09,True,fib_pullback,EICHERMOT
2026-02-10,2026-02-12,7220.38916015625,7860.68408203125,0.08867872737501367,0.08607872737501367,rsi_overbought,2,55.0,12.6526,0.7,1.17,True,fib_pullback,EICHERMOT
2026-05-04,2026-05-12,7253.046875,7052.15087890625,-0.027698152177425436,-0.030298152177425437,bb_mid_break,8,64.7,21.2037,0.77,1.07,True,fib_pullback,EICHERMOT
2026-05-25,2026-06-01,7337.166015625,7026.9150390625,-0.04228485165822869,-0.04488485165822869,bb_mid_break,7,54.7,5.8346,0.93,2.79,True,fib_pullback,EICHERMOT
2016-12-28,2017-01-02,87.42729949951172,85.75518798828125,-0.019125736706985984,-0.021725736706985986,bb_mid_break,5,54.8,0.0731,0.78,3.53,True,fib_pullback,ELGIEQUIP
2017-10-25,2017-10-30,108.51123809814453,113.16548156738281,0.042891810570152046,0.04029181057015205,rsi_overbought,5,60.2,0.2971,0.99,1.06,True,fib_pullback,ELGIEQUIP
2018-05-10,2018-05-22,136.2208251953125,134.13357543945312,-0.01532254523393681,-0.017922545233936812,macd_bear_cross,12,63.6,0.5261,0.77,1.01,True,fib_pullback,ELGIEQUIP
2021-07-28,2021-08-03,211.7207794189453,208.72496032714844,-0.01414985860159176,-0.016749858601591762,bb_mid_break,6,52.1,0.0285,0.74,6.2,True,fib_pullback,ELGIEQUIP
2021-11-08,2021-11-10,200.08128356933594,215.99346923828125,0.07952860649972351,0.07692860649972351,rsi_overbought,2,53.9,0.3239,0.79,1.25,True,fib_pullback,ELGIEQUIP
2022-04-27,2022-05-06,340.2461853027344,313.02649047851565,-0.07999999999999992,-0.08259999999999992,stop_loss,9,63.2,5.5988,0.95,1.26,True,fib_pullback,ELGIEQUIP
2023-05-18,2023-06-07,462.08306884765625,536.2901000976562,0.16059240481383066,0.15799240481383067,macd_bear_cross,20,50.3,1.7997,0.57,1.1,True,fib_pullback,ELGIEQUIP
2023-10-19,2023-10-23,504.6489562988281,471.4867858886719,-0.06571334389230214,-0.06831334389230215,macd_bear_cross,4,51.1,0.2893,0.78,2.18,True,fib_pullback,ELGIEQUIP
2023-10-31,2023-12-05,499.50909423828125,512.4577026367188,0.025922667971007177,0.023322667971007176,macd_bear_cross,35,55.6,1.1941,0.78,2.72,True,fib_pullback,ELGIEQUIP
2024-04-12,2024-05-09,633.047607421875,620.5931396484375,-0.01967382488681867,-0.02227382488681867,macd_bear_cross,27,62.4,3.9205,0.78,1.29,True,fib_pullback,ELGIEQUIP
2024-08-23,2024-09-04,686.8433837890625,692.593505859375,0.008371809652720523,0.005771809652720523,rsi_overbought,12,51.2,4.9378,0.75,3.62,True,fib_pullback,ELGIEQUIP
2017-08-02,2017-08-10,473.92547607421875,468.2643737792969,-0.011945131841858027,-0.014545131841858027,bb_mid_break,8,61.2,1.1835,0.77,8.27,True,fib_pullback,EMAMILTD
2020-11-03,2020-11-20,334.2826843261719,359.2005615234375,0.07454133392369297,0.07194133392369297,rsi_overbought,17,64.1,0.6236,0.93,1.31,True,fib_pullback,EMAMILTD
2021-05-21,2021-06-21,460.6333312988281,485.635009765625,0.05427674631425544,0.051676746314255444,macd_bear_cross,31,59.7,1.1251,0.7,1.95,True,fib_pullback,EMAMILTD
2021-11-09,2021-11-15,524.71826171875,487.4324645996094,-0.07105869919032069,-0.0736586991903207,bb_mid_break,6,64.3,5.2527,0.99,1.28,True,fib_pullback,EMAMILTD
2021-12-03,2021-12-07,507.45635986328125,487.84674072265625,-0.03864296655166213,-0.04124296655166213,bb_mid_break,4,48.3,1.6881,0.72,1.01,True,fib_pullback,EMAMILTD
2021-12-15,2021-12-23,502.9452209472656,486.8800354003906,-0.03194221731865199,-0.03454221731865199,bb_mid_break,8,57.7,1.5975,0.97,1.2,True,fib_pullback,EMAMILTD
2022-11-29,2022-12-06,443.5365295410156,417.7767333984375,-0.058078183930498586,-0.060678183930498585,bb_mid_break,7,56.2,2.5404,0.77,4.19,True,fib_pullback,EMAMILTD
2023-12-01,2023-12-06,491.7797546386719,477.1922607421875,-0.029662656420661983,-0.032262656420661985,bb_mid_break,5,50.9,1.6081,0.91,1.34,True,fib_pullback,EMAMILTD
2018-02-16,2018-02-26,1235.998046875,1256.844970703125,0.01686646987900403,0.01426646987900403,rsi_overbought,10,58.3,8.6759,0.88,2.03,True,fib_pullback,ENDURANCE
2018-05-22,2018-06-05,1233.6868896484375,1182.70068359375,-0.041328319594299154,-0.04392831959429915,bb_mid_break,14,53.3,6.6212,0.77,1.13,True,fib_pullback,ENDURANCE
2018-06-18,2018-06-26,1223.33544921875,1194.4000244140625,-0.023652894897443155,-0.026252894897443157,macd_bear_cross,8,43.7,1.8266,0.56,1.02,True,fib_pullback,ENDURANCE
2018-07-09,2018-07-12,1222.9986572265625,1202.2958984375,-0.016927867145832262,-0.019527867145832264,bb_mid_break,3,49.0,0.2352,0.61,1.34,True,fib_pullback,ENDURANCE
2020-11-20,2020-12-15,1059.2794189453125,1133.86767578125,0.07041414710974223,0.06781414710974222,macd_bear_cross,25,52.7,3.2563,0.95,2.18,True,fib_pullback,ENDURANCE
2021-03-26,2021-04-05,1409.1649169921875,1354.115234375,-0.03906546491001855,-0.041665464910018546,macd_bear_cross,10,55.8,1.9769,0.76,1.03,True,fib_pullback,ENDURANCE
2021-10-11,2021-10-12,1633.4954833984375,1757.0712890625,0.07565114621986392,0.07305114621986392,rsi_overbought,1,62.3,9.3132,1.18,1.63,True,fib_pullback,ENDURANCE
2021-12-08,2021-12-14,1733.54248046875,1681.3868408203125,-0.03008616185415578,-0.03268616185415578,bb_mid_break,6,52.0,2.9783,0.59,1.8,True,fib_pullback,ENDURANCE
2023-01-25,2023-02-06,1428.2081298828125,1385.867431640625,-0.029646028023703832,-0.032246028023703834,macd_bear_cross,12,59.4,8.2415,0.95,1.61,True,fib_pullback,ENDURANCE
2023-10-20,2023-10-26,1617.3267822265625,1563.242919921875,-0.03344028114728344,-0.036040281147283436,bb_mid_break,6,59.4,6.4118,1.12,1.39,True,fib_pullback,ENDURANCE
2024-04-02,2024-04-19,1876.9691162109375,1826.29638671875,-0.026997103497622386,-0.029597103497622387,macd_bear_cross,17,60.4,14.7032,1.14,1.59,True,fib_pullback,ENDURANCE
2024-04-24,2024-05-07,1910.3389892578125,1878.946533203125,-0.016432924329772388,-0.01903292432977239,bb_mid_break,13,55.5,2.4168,0.87,1.15,True,fib_pullback,ENDURANCE
2024-11-07,2024-11-14,2405.739501953125,2356.288818359375,-0.020555294350698795,-0.023155294350698796,bb_mid_break,7,57.1,8.5551,0.89,3.0,True,fib_pullback,ENDURANCE
2017-03-16,2017-03-22,114.87240600585938,110.20642852783203,-0.040618784269125026,-0.043218784269125024,bb_mid_break,6,57.6,0.4684,1.02,1.71,True,fib_pullback,ENGINERSIN
2017-04-05,2017-04-13,113.44557189941406,118.90693664550781,0.04814083665544955,0.04554083665544955,rsi_overbought,8,56.1,0.0415,0.8,2.26,True,fib_pullback,ENGINERSIN
2017-08-02,2017-08-03,122.74871826171875,120.30048370361328,-0.019945092647610903,-0.022545092647610905,macd_bear_cross,1,64.4,0.1007,0.77,1.01,True,fib_pullback,ENGINERSIN
2021-02-08,2021-02-11,66.73839569091797,64.8033218383789,-0.028994911137823397,-0.031594911137823395,bb_mid_break,3,52.9,0.0307,0.66,2.55,True,fib_pullback,ENGINERSIN
2022-10-27,2022-10-31,62.54024124145508,64.8958969116211,0.03766623894319996,0.03506623894319996,rsi_overbought,4,62.3,0.4261,1.25,3.29,True,fib_pullback,ENGINERSIN
2023-03-10,2023-03-22,75.8672866821289,71.03678131103516,-0.06367046433771581,-0.06627046433771581,bb_mid_break,12,63.5,0.8038,0.98,5.09,True,fib_pullback,ENGINERSIN
2023-04-18,2023-04-20,73.4993896484375,76.34087371826172,0.03865996824484685,0.03605996824484685,rsi_overbought,2,59.6,0.3837,0.97,2.18,True,fib_pullback,ENGINERSIN
2024-04-02,2024-04-10,209.85888671875,214.42626953125,0.021764066720801507,0.019164066720801506,rsi_overbought,8,50.6,2.5095,0.71,1.13,True,fib_pullback,ENGINERSIN
2024-04-25,2024-05-09,213.5127716064453,205.339599609375,-0.03827954616286564,-0.04087954616286564,macd_bear_cross,14,51.2,0.2141,0.76,1.48,True,fib_pullback,ENGINERSIN
2025-10-29,2025-11-04,198.7991180419922,195.0657196044922,-0.018779753523410485,-0.021379753523410486,bb_mid_break,6,53.3,0.2932,0.69,1.29,True,fib_pullback,ENGINERSIN
2025-11-17,2025-11-20,202.46340942382812,195.6879425048828,-0.033465142853353044,-0.03606514285335304,bb_mid_break,3,54.6,0.414,0.93,5.18,True,fib_pullback,ENGINERSIN
2025-12-05,2025-12-08,201.2158203125,188.44996643066406,-0.06344358938581378,-0.06604358938581378,macd_bear_cross,3,48.1,0.6124,0.87,1.01,True,fib_pullback,ENGINERSIN
2020-07-30,2020-08-11,451.2375793457031,522.3262939453125,0.15754165400560916,0.15494165400560916,rsi_overbought,12,59.2,3.3802,1.0,3.25,True,fib_pullback,ERIS
2020-11-06,2020-11-12,500.85223388671875,488.5226135253906,-0.024617281359908642,-0.027217281359908644,bb_mid_break,6,64.1,2.3715,0.93,3.43,True,fib_pullback,ERIS
2020-11-20,2020-12-17,504.68695068359375,548.8598022460938,0.08752525006376385,0.08492525006376385,rsi_overbought,27,54.4,1.1416,0.81,2.04,True,fib_pullback,ERIS
2021-09-02,2021-09-07,740.9033203125,757.5396118164062,0.022454065257649748,0.019854065257649746,rsi_overbought,5,62.3,0.747,1.11,2.66,True,fib_pullback,ERIS
2021-09-21,2021-09-22,741.3436889648438,734.1998901367188,-0.009636284673981727,-0.012236284673981728,macd_bear_cross,1,60.5,0.1595,0.58,1.03,True,fib_pullback,ERIS
2023-12-29,2024-01-16,900.0328979492188,893.5052490234375,-0.007252678141715604,-0.009852678141715605,macd_bear_cross,18,61.0,2.677,0.71,1.42,True,fib_pullback,ERIS
2024-03-07,2024-03-12,897.3624267578125,868.4822998046875,-0.032183347655271734,-0.03478334765527173,bb_mid_break,5,58.8,4.0777,0.81,1.34,True,fib_pullback,ERIS
2024-11-19,2024-11-26,1353.4615478515625,1460.1302490234375,0.07881177070837156,0.07621177070837155,rsi_overbought,7,62.5,6.9848,0.94,2.43,True,fib_pullback,ERIS
2025-02-05,2025-02-06,1374.9732666015625,1264.9754052734374,-0.08000000000000004,-0.08260000000000005,stop_loss,1,61.7,17.1885,1.13,11.17,True,fib_pullback,ERIS
2025-11-20,2025-11-28,1660.6883544921875,1586.8843994140625,-0.04444178516606332,-0.04704178516606332,bb_mid_break,8,58.3,7.7954,1.08,1.61,True,fib_pullback,ERIS
2017-01-03,2017-01-10,309.14154052734375,319.03143310546875,0.03199147083647994,0.02939147083647994,rsi_overbought,7,56.1,3.6684,0.82,2.08,True,fib_pullback,ESCORTS
2017-08-01,2017-08-08,663.4735717773438,616.343017578125,-0.07103606866052439,-0.0736360686605244,bb_mid_break,7,57.8,3.067,1.13,3.61,True,fib_pullback,ESCORTS
2017-11-30,2017-12-01,681.3209228515625,654.713134765625,-0.03905323789936577,-0.041653237899365765,bb_mid_break,1,58.6,0.7146,0.92,2.38,True,fib_pullback,ESCORTS
2017-12-18,2017-12-22,666.9024047851562,706.7429809570312,0.05973973985700308,0.05713973985700308,rsi_overbought,4,53.8,2.6289,0.79,1.2,True,fib_pullback,ESCORTS
2018-06-01,2018-06-04,886.5947875976562,847.7975463867188,-0.043759834541847085,-0.046359834541847084,macd_bear_cross,3,48.7,0.9465,0.53,1.3,True,fib_pullback,ESCORTS
2018-07-13,2018-07-16,861.9788818359375,830.3912353515625,-0.03664549926918877,-0.039245499269188765,bb_mid_break,3,57.5,4.7159,0.83,1.69,True,fib_pullback,ESCORTS
2018-07-27,2018-08-06,874.1207885742188,834.8019409179688,-0.04498102341254588,-0.04758102341254588,bb_mid_break,10,56.4,4.7704,1.05,1.82,True,fib_pullback,ESCORTS
2018-08-28,2018-08-30,851.2077026367188,835.8065185546875,-0.01809333260768696,-0.02069333260768696,bb_mid_break,2,57.5,2.0835,0.64,1.35,True,fib_pullback,ESCORTS
2020-01-09,2020-01-20,614.20263671875,681.1100463867188,0.1089337714754982,0.10633377147549819,rsi_overbought,11,58.9,1.7693,1.11,1.65,True,fib_pullback,ESCORTS
2020-05-07,2020-05-20,716.498046875,828.4403686523438,0.15623534811515427,0.15363534811515428,rsi_overbought,13,57.8,2.4365,0.82,1.41,True,fib_pullback,ESCORTS
2020-11-03,2020-11-06,1181.8585205078125,1230.536376953125,0.041187549609911805,0.03858754960991181,rsi_overbought,3,50.5,1.5974,0.73,1.75,True,fib_pullback,ESCORTS
2021-01-08,2021-01-12,1291.3717041015625,1318.606201171875,0.021089587903941397,0.018489587903941396,rsi_overbought,4,51.9,7.3518,0.82,1.16,True,fib_pullback,ESCORTS
2021-03-09,2021-03-17,1304.390625,1273.3270263671875,-0.023814644200476756,-0.026414644200476758,bb_mid_break,8,47.2,0.5723,0.57,1.24,True,fib_pullback,ESCORTS
2022-03-02,2022-03-03,1800.03564453125,1760.153564453125,-0.02215627240454494,-0.024756272404544942,macd_bear_cross,1,53.3,0.5386,0.82,2.4,True,fib_pullback,ESCORTS
2023-11-17,2023-11-30,3145.55126953125,3059.174072265625,-0.027460114257968182,-0.030060114257968184,macd_bear_cross,13,59.7,8.8901,0.87,1.08,True,fib_pullback,ESCORTS
2023-12-01,2023-12-08,3112.486083984375,3054.31884765625,-0.018688352255591,-0.021288352255591003,macd_bear_cross,7,61.8,0.6923,0.67,1.38,True,fib_pullback,ESCORTS
2024-09-17,2024-09-18,3790.941162109375,3704.62255859375,-0.0227697027794531,-0.0253697027794531,bb_mid_break,1,53.4,17.7472,0.85,2.09,True,fib_pullback,ESCORTS
2026-02-05,2026-02-16,3654.112548828125,3481.6044921875,-0.047209289351513924,-0.04980928935151392,bb_mid_break,11,51.2,15.0457,0.7,1.43,True,fib_pullback,ESCORTS
2017-08-01,2017-08-04,204.78863525390625,197.46826171875,-0.03574599501617909,-0.03834599501617909,bb_mid_break,3,46.3,0.2015,0.63,2.2,True,fib_pullback,EXIDEIND
2018-03-21,2018-04-09,200.0077667236328,219.7411346435547,0.09866300815802365,0.09606300815802364,rsi_overbought,19,63.5,0.7784,0.95,1.49,True,fib_pullback,EXIDEIND
2018-12-26,2019-01-01,243.67788696289062,248.98330688476562,0.021772266609825598,0.019172266609825597,death_cross,6,56.7,0.5714,0.65,1.21,True,fib_pullback,EXIDEIND
2020-10-05,2020-10-12,159.00656127929688,154.0749969482422,-0.031014848012418415,-0.033614848012418416,bb_mid_break,7,58.0,0.5232,0.79,1.14,True,fib_pullback,EXIDEIND
2020-11-06,2020-11-18,157.23501586914062,163.17202758789062,0.03775883944128004,0.035158839441280045,rsi_overbought,12,61.0,0.5441,0.99,1.55,True,fib_pullback,EXIDEIND
2023-04-03,2023-04-19,176.41888427734375,184.0509796142578,0.043261215306836624,0.040661215306836626,rsi_overbought,16,53.4,0.1875,0.63,1.06,True,fib_pullback,EXIDEIND
2023-10-12,2023-10-20,261.19281005859375,254.53475952148438,-0.025490941100621282,-0.028090941100621283,bb_mid_break,8,59.7,0.3267,0.74,1.26,True,fib_pullback,EXIDEIND
2023-11-06,2023-11-15,264.1026611328125,268.59063720703125,0.016993301222216112,0.01439330122221611,rsi_overbought,9,52.8,0.8146,0.85,2.26,True,fib_pullback,EXIDEIND
2024-09-30,2024-10-07,497.545166015625,475.71478271484375,-0.043876184097215574,-0.04647618409721557,bb_mid_break,7,61.1,3.6887,1.01,1.65,True,fib_pullback,EXIDEIND
2016-12-05,2016-12-20,214.48643493652344,208.48043823242188,-0.028001755476419837,-0.03060175547641984,bb_mid_break,15,57.4,0.8589,0.86,2.87,True,fib_pullback,FDC
2017-11-22,2017-12-01,209.4171905517578,205.42739868164062,-0.019051883274745315,-0.021651883274745317,macd_bear_cross,9,61.7,1.1033,0.95,4.92,False,golden_cross,FDC
2018-06-13,2018-06-20,243.4280242919922,230.0475311279297,-0.054966938186264795,-0.05756693818626479,bb_mid_break,7,54.3,1.8326,0.88,2.25,True,fib_pullback,FDC
2018-07-10,2018-07-17,232.28570556640625,220.65684509277344,-0.050062746845644074,-0.05266274684564407,bb_mid_break,7,52.2,1.6563,0.61,1.09,True,fib_pullback,FDC
2020-11-27,2020-12-18,335.63299560546875,337.53857421875,0.005677566384209815,0.0030775663842098153,macd_bear_cross,21,55.0,1.2224,1.07,3.09,True,fib_pullback,FDC
2021-10-13,2021-10-19,349.21661376953125,333.1410217285156,-0.046033296833995596,-0.048633296833995594,macd_bear_cross,6,54.4,0.0686,0.72,3.36,True,fib_pullback,FDC
2023-02-20,2023-02-21,268.6431884765625,266.9819030761719,-0.006183984823183269,-0.00878398482318327,rsi_overbought,1,62.9,1.9017,1.06,2.0,True,fib_pullback,FDC
2023-11-09,2023-11-13,377.26336669921875,377.361083984375,0.0002590160979880063,-0.0023409839020119933,rsi_overbought,4,57.0,1.5225,0.87,6.28,True,fib_pullback,FDC
2024-04-05,2024-04-18,441.8589172363281,441.71234130859375,-0.00033172563009739803,-0.002931725630097398,rsi_overbought,13,59.9,2.1117,0.96,1.52,True,fib_pullback,FDC
2024-04-29,2024-05-02,451.0938415527344,436.6307067871094,-0.032062363600089655,-0.03466236360008965,macd_bear_cross,3,60.2,0.9752,0.89,1.94,True,fib_pullback,FDC
2024-10-15,2024-10-18,552.042724609375,527.07421875,-0.04522929973770182,-0.047829299737701815,bb_mid_break,3,49.4,0.3901,0.75,1.86,True,fib_pullback,FDC
2024-10-31,2024-11-07,534.1103515625,507.1385803222656,-0.05049849934817865,-0.053098499348178646,bb_mid_break,7,54.6,0.1351,0.74,1.3,True,fib_pullback,FDC
2025-10-31,2025-11-06,454.8498229980469,418.46183715820314,-0.07999999999999997,-0.08259999999999998,stop_loss,6,52.6,2.5303,0.86,2.11,True,fib_pullback,FDC
2021-04-30,2021-05-10,76.56514739990234,76.0394287109375,-0.006866292390439704,-0.009466292390439706,rsi_overbought,10,54.1,0.7419,0.9,2.57,True,fib_pullback,FEDERALBNK
2021-09-30,2021-10-13,81.23265838623047,90.19425964355469,0.11032017707355095,0.10772017707355094,rsi_overbought,13,55.2,0.1911,0.86,2.72,True,fib_pullback,FEDERALBNK
2023-03-01,2023-03-13,131.76422119140625,127.0075454711914,-0.03609990388289926,-0.03869990388289926,bb_mid_break,12,59.9,0.5113,0.94,1.59,True,fib_pullback,FEDERALBNK
2023-03-31,2023-04-05,129.753662109375,126.07584381103516,-0.028344620402618394,-0.030944620402618396,bb_mid_break,5,48.3,0.1967,0.69,1.24,True,fib_pullback,FEDERALBNK
2023-04-17,2023-04-28,128.8219451904297,132.35264587402344,0.027407602628376156,0.024807602628376155,rsi_overbought,11,54.7,0.2319,0.87,1.05,True,fib_pullback,FEDERALBNK
2023-12-01,2023-12-14,146.9822998046875,150.8359375,0.026218379358829445,0.023618379358829444,macd_bear_cross,13,52.7,0.0307,0.61,1.08,True,fib_pullback,FEDERALBNK
2024-03-06,2024-03-12,155.38128662109375,149.9466552734375,-0.03497609954092421,-0.03757609954092421,macd_bear_cross,6,50.9,0.1663,0.72,1.59,True,fib_pullback,FEDERALBNK
2024-04-25,2024-05-08,154.09674072265625,155.38128662109375,0.008335970588433337,0.005735970588433337,bb_mid_break,13,53.5,0.0129,0.76,1.28,True,fib_pullback,FEDERALBNK
2024-10-14,2024-10-22,195.5561981201172,188.20071411132812,-0.037613146908650155,-0.04021314690865015,bb_mid_break,8,61.5,0.2222,0.89,1.93,True,fib_pullback,FEDERALBNK
2025-10-07,2025-10-13,199.1699981689453,213.02000427246094,0.06953861641233436,0.06693861641233435,rsi_overbought,6,55.9,0.3877,0.92,2.38,True,fib_pullback,FEDERALBNK
2019-07-18,2019-07-24,1432.3150634765625,1376.2640380859375,-0.03913316756899568,-0.04173316756899568,bb_mid_break,6,57.6,6.5915,1.04,1.72,True,fib_pullback,FINEORG
2021-01-06,2021-01-11,2517.20703125,2575.083251953125,0.022992237024852383,0.02039223702485238,rsi_overbought,5,56.6,12.981,0.78,2.98,True,fib_pullback,FINEORG
2021-08-03,2021-08-05,3008.787109375,2947.061767578125,-0.020515024677068925,-0.023115024677068927,bb_mid_break,2,53.2,5.2366,0.76,1.67,True,fib_pullback,FINEORG
2024-10-15,2024-10-16,5301.9892578125,5190.2705078125,-0.02107110078266983,-0.023671100782669832,bb_mid_break,1,52.2,2.567,0.74,2.35,True,fib_pullback,FINEORG
2024-11-22,2024-12-12,5122.7119140625,4972.908203125,-0.02924304810627153,-0.03184304810627153,macd_bear_cross,20,58.3,12.6795,0.9,2.96,True,fib_pullback,FINEORG
2025-11-18,2025-11-25,4686.10693359375,4400.05322265625,-0.06104293286327697,-0.06364293286327698,bb_mid_break,7,61.6,40.4143,1.06,1.42,True,fib_pullback,FINEORG
2017-01-05,2017-01-13,380.90081787109375,377.33331298828125,-0.009365968030081342,-0.011965968030081344,bb_mid_break,8,54.2,0.0667,0.54,1.35,True,fib_pullback,FINCABLES
2017-01-24,2017-01-31,387.25836181640625,402.6717834472656,0.03980139139814536,0.037201391398145364,rsi_overbought,7,61.6,0.3343,1.05,1.86,True,fib_pullback,FINCABLES
2017-08-11,2017-08-18,452.845703125,480.15093994140625,0.06029699879667209,0.05769699879667209,rsi_overbought,7,55.2,1.4255,0.66,1.77,True,fib_pullback,FINCABLES
2018-03-08,2018-03-09,656.039794921875,643.8518676757812,-0.01857803038845404,-0.02117803038845404,bb_mid_break,1,50.1,0.454,0.7,1.77,True,fib_pullback,FINCABLES
2018-03-13,2018-03-14,652.682373046875,634.6072387695312,-0.027693614878803556,-0.030293614878803558,macd_bear_cross,1,48.6,0.5843,0.65,1.21,True,fib_pullback,FINCABLES
2020-10-26,2020-10-28,272.4523010253906,266.7134704589844,-0.021063615703768388,-0.02366361570376839,bb_mid_break,2,49.8,0.4519,0.76,2.96,True,golden_cross,FINCABLES
2020-11-18,2020-11-26,267.0003967285156,295.93377685546875,0.1083645585604594,0.1057645585604594,rsi_overbought,8,62.5,0.1978,0.6,1.74,True,fib_pullback,FINCABLES
2021-10-06,2021-10-12,485.2546691894531,481.05023193359375,-0.008664393199723914,-0.011264393199723916,bb_mid_break,6,41.1,0.0746,0.59,1.32,True,fib_pullback,FINCABLES
2021-11-03,2021-11-11,471.9646911621094,480.3253173828125,0.01771451631289815,0.01511451631289815,rsi_overbought,8,48.6,1.0987,0.62,1.25,True,fib_pullback,FINCABLES
2023-02-09,2023-02-15,549.80224609375,657.3158569335938,0.19554960279574954,0.19294960279574955,rsi_overbought,6,47.1,0.7297,0.84,2.57,True,fib_pullback,FINCABLES
2023-06-30,2023-07-07,840.4854125976562,805.104248046875,-0.04209610782111022,-0.04469610782111022,bb_mid_break,7,61.9,1.8038,0.9,2.98,True,fib_pullback,FINCABLES
2023-07-13,2023-07-19,846.6024780273438,956.8565673828125,0.13023123864741126,0.12763123864741127,rsi_overbought,6,59.2,2.6213,0.86,4.73,True,fib_pullback,FINCABLES
2024-09-23,2024-09-30,1512.3963623046875,1391.4046533203125,-0.08,-0.0826,stop_loss,7,64.6,10.3587,1.22,11.48,True,fib_pullback,FINCABLES
2017-01-05,2017-01-30,75.45487213134766,83.06709289550781,0.10088441672671879,0.09828441672671878,rsi_overbought,25,56.8,0.226,0.77,1.25,True,fib_pullback,FINPIPE
2017-07-11,2017-07-21,106.0148696899414,106.049072265625,0.000322620551094625,-0.002277379448905375,macd_bear_cross,10,53.9,0.0115,0.68,4.29,True,fib_pullback,FINPIPE
2018-03-21,2018-03-27,117.3265151977539,113.5876235961914,-0.03186740520896403,-0.034467405208964026,bb_mid_break,6,61.2,0.5572,0.87,1.58,True,fib_pullback,FINPIPE
2018-05-04,2018-05-07,115.06053161621094,114.38945007324219,-0.005832421713530489,-0.008432421713530489,macd_bear_cross,3,50.5,0.0256,0.72,1.06,True,fib_pullback,FINPIPE
2020-02-20,2020-02-26,102.58771514892578,100.1270523071289,-0.02398594059946408,-0.02658594059946408,bb_mid_break,6,53.9,0.1861,0.94,1.5,True,fib_pullback,FINPIPE
2020-03-09,2020-03-12,103.8623046875,95.5533203125,-0.07999999999999995,-0.08259999999999995,stop_loss,3,60.7,0.2855,1.15,2.35,True,fib_pullback,FINPIPE
2023-02-10,2023-02-22,172.31431579589844,164.4202117919922,-0.04581223543409242,-0.04841223543409242,macd_bear_cross,12,55.0,0.7301,0.86,1.38,True,fib_pullback,FINPIPE
2023-03-22,2023-03-24,166.40585327148438,158.3179931640625,-0.048603218867709304,-0.0512032188677093,bb_mid_break,2,55.3,0.2081,0.81,1.6,True,fib_pullback,FINPIPE
2023-03-29,2023-04-10,168.29461669921875,160.06149291992188,-0.04892089801072701,-0.051520898010727005,bb_mid_break,12,53.0,0.8044,0.95,1.46,True,fib_pullback,FINPIPE
2023-04-13,2023-04-19,165.1466522216797,161.0785369873047,-0.024633349690396912,-0.027233349690396914,bb_mid_break,6,55.8,0.3684,0.72,1.47,True,fib_pullback,FINPIPE
2023-05-02,2023-05-17,164.7592315673828,182.7752227783203,0.10934738551247349,0.10674738551247348,rsi_overbought,15,59.1,0.2291,0.68,1.28,True,fib_pullback,FINPIPE
2023-07-14,2023-07-21,170.81298828125,182.48463439941406,0.06832996855570643,0.06572996855570643,rsi_overbought,7,52.3,0.0983,0.72,1.02,True,fib_pullback,FINPIPE
2023-12-07,2023-12-14,209.21755981445312,208.29074096679688,-0.004429928579982529,-0.0070299285799825285,rsi_overbought,7,60.5,1.6567,0.93,4.21,True,fib_pullback,FINPIPE
2024-02-16,2024-02-21,220.53453063964844,213.9004364013672,-0.030081884315528364,-0.03268188431552836,bb_mid_break,5,59.5,0.0148,0.73,1.36,True,fib_pullback,FINPIPE
2024-03-01,2024-03-12,217.70529174804688,209.51023864746094,-0.03764287507567881,-0.04024287507567881,bb_mid_break,11,62.0,0.1926,0.82,1.1,True,fib_pullback,FINPIPE
2024-09-06,2024-09-11,301.5093994140625,305.52117919921875,0.013305654128702228,0.010705654128702228,rsi_overbought,5,64.3,2.6316,0.78,1.07,True,fib_pullback,FINPIPE
2024-10-11,2024-10-25,294.506103515625,279.3111877441406,-0.051594569993956715,-0.054194569993956714,macd_bear_cross,14,52.4,1.4373,0.68,1.11,True,fib_pullback,FINPIPE
2017-12-28,2018-01-05,31.3916015625,32.08918762207031,0.022222060195986933,0.019622060195986932,rsi_overbought,8,62.2,0.0984,0.67,1.43,True,fib_pullback,FSL
2018-08-03,2018-08-06,57.75063705444336,54.94221496582031,-0.0486301490661559,-0.051230149066155896,macd_bear_cross,3,50.0,0.0951,0.71,1.27,True,fib_pullback,FSL
2018-08-23,2018-08-31,56.01021957397461,59.6097297668457,0.06426523981247918,0.06166523981247918,rsi_overbought,8,48.0,0.2066,0.64,1.77,True,fib_pullback,FSL
2019-07-17,2019-07-22,42.12632369995117,40.1485595703125,-0.046948415051013916,-0.049548415051013914,bb_mid_break,5,64.2,0.2309,0.97,1.7,True,fib_pullback,FSL
2019-07-29,2019-07-30,42.06863784790039,40.420501708984375,-0.03917731172744098,-0.04177731172744098,bb_mid_break,1,60.2,0.0925,0.85,1.45,True,fib_pullback,FSL
2019-08-19,2019-08-22,41.53300094604492,38.21036087036133,-0.08000000000000002,-0.08260000000000002,stop_loss,3,48.2,0.0432,0.86,1.51,True,fib_pullback,FSL
2019-09-18,2019-09-25,43.2635383605957,41.368186950683594,-0.04380944050656729,-0.04640944050656729,bb_mid_break,7,60.3,0.4267,0.85,1.66,True,fib_pullback,FSL
2019-10-18,2019-11-06,41.53300094604492,38.21036087036133,-0.08000000000000002,-0.08260000000000002,stop_loss,19,62.1,0.2145,0.74,2.31,True,fib_pullback,FSL
2021-10-07,2021-10-22,185.87925720214844,180.6622314453125,-0.02806674523754035,-0.03066674523754035,macd_bear_cross,15,48.5,0.0897,0.93,2.84,True,fib_pullback,FSL
2021-12-24,2022-01-07,165.01112365722656,163.52696228027344,-0.008994311074665098,-0.0115943110746651,rsi_overbought,14,61.6,1.4559,0.99,4.36,True,fib_pullback,FSL
2023-11-15,2023-11-16,155.49212646484375,157.63194274902344,0.013761573224503382,0.011161573224503382,rsi_overbought,1,63.0,0.4175,0.7,1.29,True,fib_pullback,FSL
2024-03-27,2024-04-04,191.6937255859375,196.7752227783203,0.026508416886627546,0.023908416886627544,rsi_overbought,8,46.3,0.2022,0.57,1.08,True,fib_pullback,FSL
2024-06-12,2024-06-25,193.2714080810547,205.74771118164062,0.06455327885516099,0.061953278855160984,rsi_overbought,13,52.7,1.263,0.78,1.35,True,fib_pullback,FSL
2025-03-27,2025-04-04,348.4450378417969,320.56943481445313,-0.07999999999999997,-0.08259999999999998,stop_loss,8,50.2,3.9436,0.76,2.02,True,fib_pullback,FSL
2025-08-07,2025-08-26,361.9503173828125,346.3899230957031,-0.04299041481610888,-0.04559041481610888,bb_mid_break,19,60.7,3.1896,1.04,3.16,True,fib_pullback,FSL
2025-09-18,2025-09-24,366.5498962402344,349.22796630859375,-0.047256676674348165,-0.04985667667434816,macd_bear_cross,6,64.8,1.625,0.84,1.15,False,golden_cross,FSL
2016-10-18,2016-11-02,181.41343688964844,172.37997436523438,-0.04979489214963171,-0.05239489214963171,bb_mid_break,15,59.3,1.0962,1.08,5.77,True,fib_pullback,FORTIS
2016-11-23,2016-12-06,171.98291015625,167.61509704589844,-0.025396785682852526,-0.027996785682852528,bb_mid_break,13,49.5,0.05,0.65,1.32,True,fib_pullback,FORTIS
2016-12-15,2016-12-26,183.4484405517578,170.79168701171875,-0.06899351938872497,-0.07159351938872498,macd_bear_cross,11,59.6,1.2069,0.92,1.69,False,golden_cross,FORTIS
2017-04-05,2017-04-17,189.00746154785156,201.2671356201172,0.0648634396328412,0.0622634396328412,rsi_overbought,12,62.1,1.4466,1.11,1.8,True,fib_pullback,FORTIS
2021-11-09,2021-11-11,266.13922119140625,252.48976135253906,-0.051286915839625725,-0.053886915839625724,bb_mid_break,2,57.6,1.099,0.82,1.97,True,fib_pullback,FORTIS
2022-03-23,2022-03-30,264.99761962890625,278.29962158203125,0.050196684678725324,0.047596684678725326,death_cross,7,64.5,1.548,0.83,1.04,True,fib_pullback,FORTIS
2022-11-11,2022-11-22,280.1856994628906,278.3988952636719,-0.006377214121363123,-0.008977214121363122,macd_bear_cross,11,61.0,1.0713,0.77,1.13,True,fib_pullback,FORTIS
2023-01-05,2023-01-16,285.000244140625,280.5827941894531,-0.015499811112415097,-0.0180998111124151,bb_mid_break,11,59.5,0.6171,0.77,1.03,True,fib_pullback,FORTIS
2023-01-19,2023-01-23,283.8586730957031,281.3769226074219,-0.008742908790546365,-0.011342908790546367,macd_bear_cross,4,49.8,0.1328,0.68,1.3,True,fib_pullback,FORTIS
2025-03-27,2025-04-07,670.2953491210938,616.6717211914063,-0.07999999999999996,-0.08259999999999997,stop_loss,11,57.8,5.9288,1.02,1.15,True,fib_pullback,FORTIS
2017-06-07,2017-06-16,32.0,33.04999923706055,0.03281247615814209,0.030212476158142088,rsi_overbought,9,49.5,0.1328,0.65,1.3,True,fib_pullback,FCONSUMER
2024-03-12,2024-03-14,1.0,0.92,-0.07999999999999996,-0.08259999999999997,stop_loss,2,57.1,0.0039,0.72,2.97,True,fib_pullback,FCONSUMER
2024-04-05,2024-04-09,1.0,0.92,-0.07999999999999996,-0.08259999999999997,stop_loss,4,60.0,0.0173,0.94,1.43,True,fib_pullback,FCONSUMER
2024-04-25,2024-04-29,0.949999988079071,0.8999999761581421,-0.05263159215615413,-0.05523159215615413,bb_mid_break,4,53.8,0.006,0.71,1.02,True,fib_pullback,FCONSUMER
2024-05-02,2024-05-17,0.949999988079071,1.0499999523162842,0.10526312157057613,0.10266312157057612,macd_bear_cross,15,54.5,0.0026,0.68,2.55,True,fib_pullback,FCONSUMER
2016-09-21,2016-09-23,127.62095642089844,125.38896942138672,-0.017489188782996944,-0.020089188782996946,bb_mid_break,2,46.7,0.1592,0.63,2.16,True,fib_pullback,FLFL
2016-09-27,2016-10-07,130.59695434570312,127.9185791015625,-0.02050871138273791,-0.02310871138273791,macd_bear_cross,10,60.8,0.3824,0.97,1.29,True,fib_pullback,FLFL
2016-10-24,2016-11-01,131.73777770996094,144.28659057617188,0.0952559932644294,0.0926559932644294,rsi_overbought,8,51.2,0.128,0.79,2.87,True,fib_pullback,FLFL
2017-07-19,2017-07-25,314.1668395996094,308.0660095214844,-0.01941907709260537,-0.022019077092605373,bb_mid_break,6,57.8,0.2691,0.73,2.64,True,fib_pullback,FLFL
2017-08-02,2017-08-04,316.8948669433594,311.53802490234375,-0.016904161599982898,-0.0195041615999829,macd_bear_cross,2,50.6,0.1936,0.74,1.36,True,fib_pullback,FLFL
2017-08-16,2017-08-21,318.87884521484375,355.2835388183594,0.11416465579266653,0.11156465579266653,rsi_overbought,5,51.5,0.0516,0.86,1.46,True,fib_pullback,FLFL
2017-11-02,2017-11-08,361.1494140625,347.3298034667969,-0.038265632055854655,-0.04086563205585465,macd_bear_cross,6,61.2,1.078,0.87,2.14,True,fib_pullback,FLFL
2017-11-22,2017-12-01,369.1528625488281,352.4002990722656,-0.04538110137056468,-0.04798110137056468,bb_mid_break,9,55.7,1.3448,1.09,3.55,True,fib_pullback,FLFL
2017-12-27,2017-12-29,350.75982666015625,343.7008972167969,-0.0201246804988264,-0.0227246804988264,bb_mid_break,2,62.7,0.572,0.64,1.46,True,fib_pullback,FLFL
2018-01-03,2018-01-04,358.26617431640625,385.9054260253906,0.07714725444488796,0.07454725444488795,rsi_overbought,1,64.3,1.324,1.17,1.93,True,fib_pullback,FLFL
2018-06-06,2018-06-11,438.4497985839844,432.2359313964844,-0.01417235726317649,-0.01677235726317649,macd_bear_cross,5,49.8,0.3378,0.56,1.85,True,fib_pullback,FLFL
2019-09-20,2019-09-27,447.0,428.6000061035156,-0.04116329730757131,-0.04376329730757131,bb_mid_break,7,58.2,1.6149,0.92,4.18,True,fib_pullback,FLFL
2024-12-13,2024-12-18,2.3499999046325684,2.2799999713897705,-0.029787206844054157,-0.032387206844054155,bb_mid_break,5,58.7,0.0056,0.89,1.28,True,fib_pullback,FLFL
2018-01-04,2018-01-16,553.6500244140625,536.75,-0.0305247424705672,-0.0331247424705672,bb_mid_break,12,60.8,0.5071,1.18,1.83,True,fib_pullback,FRETAIL
2018-03-20,2018-03-27,537.6500244140625,568.4500122070312,0.05728631339045311,0.054686313390453115,rsi_overbought,7,57.0,4.8486,0.81,1.45,True,fib_pullback,FRETAIL
2023-09-13,2023-09-18,3.3499999046325684,3.75,0.11940301694166887,0.11680301694166886,rsi_overbought,5,60.7,0.0337,0.74,1.3,True,fib_pullback,FRETAIL
2016-08-30,2016-09-06,49.4698371887207,51.58066177368164,0.04266892120360996,0.04006892120360996,rsi_overbought,7,57.7,0.2392,1.01,1.27,True,fib_pullback,GAIL
2016-09-16,2016-09-20,50.066650390625,49.634822845458984,-0.008625053639435713,-0.011225053639435715,macd_bear_cross,4,63.7,0.0656,0.66,1.11,True,fib_pullback,GAIL
2017-08-07,2017-08-10,66.75700378417969,63.852996826171875,-0.04350115783201185,-0.046101157832011845,macd_bear_cross,3,53.7,0.0838,0.71,1.18,True,fib_pullback,GAIL
2017-08-22,2017-09-12,66.0834732055664,72.16671752929688,0.09205394372670563,0.08945394372670562,rsi_overbought,21,52.7,0.037,0.6,1.29,True,fib_pullback,GAIL
2018-05-07,2018-05-16,82.07121276855469,78.93206024169922,-0.038249130492418223,-0.04084913049241822,bb_mid_break,9,63.9,0.2537,1.2,1.72,True,fib_pullback,GAIL
2018-09-27,2018-10-04,90.51846313476562,88.18182373046875,-0.025813953566777216,-0.028413953566777218,macd_bear_cross,7,60.9,0.0264,0.66,1.78,True,fib_pullback,GAIL
2018-12-27,2018-12-31,85.42576599121094,86.34844970703125,0.010801000203091455,0.008201000203091453,rsi_overbought,4,55.5,0.3148,0.77,3.69,True,fib_pullback,GAIL
2019-05-27,2019-06-06,85.10420989990234,78.29587310791015,-0.08000000000000003,-0.08260000000000003,stop_loss,10,54.6,0.2329,0.74,1.68,True,fib_pullback,GAIL
2021-09-03,2021-09-07,79.44776153564453,77.72298431396484,-0.021709576057795662,-0.024309576057795663,bb_mid_break,4,47.9,0.1806,0.67,1.04,True,fib_pullback,GAIL
2022-03-14,2022-03-17,84.67691040039062,84.09332275390625,-0.0068919336301349375,-0.009491933630134938,macd_bear_cross,3,61.1,0.3581,0.68,1.13,False,golden_cross,GAIL
2023-06-16,2023-06-22,96.85144805908203,94.10356140136719,-0.028372179381753362,-0.030972179381753364,bb_mid_break,6,58.1,0.2537,0.81,1.05,True,fib_pullback,GAIL
2023-07-05,2023-07-28,96.7613525390625,105.86088562011719,0.09404098684318422,0.09144098684318422,rsi_overbought,23,51.0,0.143,0.76,1.06,True,fib_pullback,GAIL
2023-11-29,2023-12-01,113.4288101196289,122.57337951660156,0.0806194597944582,0.07801945979445819,rsi_overbought,2,54.1,0.0319,0.68,1.61,True,fib_pullback,GAIL
2024-09-26,2024-10-07,214.21847534179688,208.05865478515625,-0.02875485201177119,-0.03135485201177119,bb_mid_break,11,58.3,1.0413,0.77,1.83,True,fib_pullback,GAIL
2025-07-02,2025-07-09,183.9329071044922,178.4080047607422,-0.03003759594041161,-0.03263759594041161,bb_mid_break,7,47.5,0.239,0.57,1.1,True,fib_pullback,GAIL
2025-10-30,2025-11-06,177.55557250976562,173.56980895996094,-0.022447977799094247,-0.025047977799094248,bb_mid_break,7,58.9,0.4988,0.94,1.21,False,golden_cross,GAIL
2016-12-16,2016-12-22,203.87149047851562,191.21034240722656,-0.062103573391117765,-0.06470357339111776,bb_mid_break,6,63.9,2.1146,1.02,2.25,True,fib_pullback,GHCL
2017-01-06,2017-01-11,203.59707641601562,213.82789611816406,0.050250327176818176,0.04765032717681818,rsi_overbought,5,59.6,1.1186,0.88,1.6,True,fib_pullback,GHCL
2017-03-14,2017-03-22,212.5402374267578,207.61305236816406,-0.023182363576175438,-0.02578236357617544,bb_mid_break,8,61.0,0.4836,0.9,1.3,True,fib_pullback,GHCL
2017-04-05,2017-04-18,215.49658203125,206.66702270507812,-0.04097308292755876,-0.04357308292755876,macd_bear_cross,13,52.7,0.5931,1.02,2.38,True,fib_pullback,GHCL
2017-05-16,2017-05-19,208.28314208984375,202.21282958984375,-0.029144521438905252,-0.03174452143890525,bb_mid_break,3,52.4,0.3018,0.87,2.86,True,fib_pullback,GHCL
2018-05-15,2018-05-16,226.18312072753906,238.46218872070312,0.05428817125551764,0.05168817125551764,rsi_overbought,1,45.9,0.4507,0.63,1.83,True,fib_pullback,GHCL
2018-05-28,2018-06-01,229.2150421142578,225.9993133544922,-0.014029309464614748,-0.016629309464614748,macd_bear_cross,4,61.0,0.0461,0.67,1.06,True,fib_pullback,GHCL
2020-11-12,2020-12-03,137.846435546875,169.86959838867188,0.2323104164046906,0.22971041640469061,rsi_overbought,21,52.6,0.4195,0.82,1.0,True,fib_pullback,GHCL
2021-04-09,2021-04-12,204.74122619628906,190.8443603515625,-0.06787526920154024,-0.07047526920154025,macd_bear_cross,3,58.3,0.0623,0.73,1.61,True,fib_pullback,GHCL
2022-07-07,2022-07-12,555.7708740234375,580.8833618164062,0.04518496554374983,0.04258496554374983,rsi_overbought,5,60.0,3.6877,0.75,1.02,True,fib_pullback,GHCL
2023-12-29,2024-01-17,543.1353149414062,555.9891967773438,0.023666076357646133,0.02106607635764613,macd_bear_cross,19,53.3,0.4565,0.84,1.14,True,fib_pullback,GHCL
2025-12-03,2025-12-08,601.87158203125,570.9552001953125,-0.05136707357339938,-0.05396707357339938,bb_mid_break,5,42.2,0.5911,0.73,4.55,True,fib_pullback,GHCL
2019-12-27,2020-01-13,1426.86181640625,1378.8228759765625,-0.03366754921698042,-0.036267549216980416,bb_mid_break,17,58.7,9.7883,1.11,1.25,True,fib_pullback,GALAXYSURF
2021-08-31,2021-09-15,3016.1142578125,3287.491943359375,0.08997593007093085,0.08737593007093085,rsi_overbought,15,50.3,7.6605,0.68,1.21,True,fib_pullback,GALAXYSURF
2023-08-10,2023-08-14,2620.060791015625,2519.081787109375,-0.03854071029669014,-0.041140710296690135,macd_bear_cross,4,53.5,2.0105,0.77,1.23,True,fib_pullback,GALAXYSURF
2023-08-23,2023-09-13,2622.8779296875,2602.86669921875,-0.007629493634549061,-0.010229493634549062,bb_mid_break,21,56.3,3.7156,0.77,2.12,True,fib_pullback,GALAXYSURF
2023-10-06,2023-10-09,2599.2724609375,2536.907470703125,-0.023993248561515298,-0.0265932485615153,bb_mid_break,3,49.2,3.2654,0.59,1.03,True,fib_pullback,GALAXYSURF
2024-01-09,2024-01-16,2719.679931640625,2677.71435546875,-0.015430336372912678,-0.018030336372912677,bb_mid_break,7,54.3,7.4538,0.74,5.64,True,fib_pullback,GALAXYSURF
2024-11-04,2024-11-11,2988.113037109375,2867.65478515625,-0.040312481642144724,-0.04291248164214472,bb_mid_break,7,43.9,10.297,0.93,1.68,True,fib_pullback,GALAXYSURF
2016-09-23,2016-09-29,130.84031677246094,120.37309143066406,-0.08000000000000002,-0.08260000000000002,stop_loss,6,56.5,0.4091,0.79,3.33,True,fib_pullback,GAYAPROJ
2016-10-03,2016-10-13,130.0994415283203,124.97981262207031,-0.03935165936231593,-0.04195165936231593,bb_mid_break,10,62.1,0.0284,0.84,2.17,True,fib_pullback,GAYAPROJ
2016-11-07,2016-11-09,129.22560119628906,118.88755310058595,-0.07999999999999992,-0.08259999999999992,stop_loss,2,57.4,0.1048,0.9,9.01,True,fib_pullback,GAYAPROJ
2016-12-20,2016-12-26,122.1113052368164,115.4149398803711,-0.05483820964372402,-0.057438209643724016,bb_mid_break,6,51.1,0.5047,0.99,2.19,True,fib_pullback,GAYAPROJ
2016-12-29,2017-01-16,125.29325866699219,122.18728637695312,-0.024789620152622892,-0.027389620152622893,macd_bear_cross,18,59.6,0.6974,1.09,3.58,True,fib_pullback,GAYAPROJ
2018-04-03,2018-04-16,209.39999389648438,197.85000610351562,-0.05515753643564296,-0.05775753643564296,bb_mid_break,13,52.3,1.504,0.79,2.45,True,fib_pullback,GAYAPROJ
2018-04-30,2018-05-02,206.35000610351562,199.3000030517578,-0.0341652669892395,-0.0367652669892395,bb_mid_break,2,49.9,0.3041,0.63,2.45,True,fib_pullback,GAYAPROJ
2018-05-07,2018-05-09,208.4499969482422,198.3000030517578,-0.04869270350243566,-0.05129270350243566,bb_mid_break,2,62.2,0.4642,0.99,2.47,True,fib_pullback,GAYAPROJ
2018-05-11,2018-05-17,207.60000610351562,190.99200561523438,-0.07999999999999999,-0.08259999999999999,stop_loss,6,56.8,0.225,0.94,2.06,True,fib_pullback,GAYAPROJ
2023-11-17,2023-11-20,6.25,6.099999904632568,-0.024000015258789063,-0.026600015258789064,macd_bear_cross,3,56.3,0.0289,0.53,1.93,True,golden_cross,GAYAPROJ
2024-12-19,2024-12-30,8.920000076293945,8.20640007019043,-0.07999999999999999,-0.08259999999999999,stop_loss,11,62.2,0.1404,1.05,2.5,True,fib_pullback,GAYAPROJ
2025-01-09,2025-01-10,8.600000381469727,8.359999656677246,-0.027907059784509535,-0.030507059784509537,bb_mid_break,1,45.9,0.0039,0.61,2.24,True,fib_pullback,GAYAPROJ
2022-11-01,2022-11-10,115.77923583984375,130.1138153076172,0.12380958782283134,0.12120958782283134,rsi_overbought,9,60.2,0.2385,0.8,1.9,True,fib_pullback,GICRE
2024-09-25,2024-10-03,387.36407470703125,373.2047119140625,-0.03655311299499746,-0.039153112994997456,macd_bear_cross,8,56.6,0.4103,0.63,1.0,True,fib_pullback,GICRE
2024-10-14,2024-10-18,388.9698181152344,377.2432861328125,-0.03014766554187458,-0.03274766554187458,bb_mid_break,4,51.1,0.4602,0.72,1.96,True,fib_pullback,GICRE
2025-03-19,2025-03-21,407.2164611816406,433.3943176269531,0.06428486797746556,0.06168486797746556,rsi_overbought,2,61.7,4.2654,1.25,1.92,True,fib_pullback,GICRE
2026-04-06,2026-04-16,385.45001220703125,400.04998779296875,0.0378777406241088,0.0352777406241088,rsi_overbought,10,58.4,2.5717,1.12,1.79,True,fib_pullback,GICRE
2018-03-05,2018-03-06,5916.80126953125,5865.126953125,-0.008733488594986023,-0.011333488594986025,macd_bear_cross,1,62.6,3.4302,0.64,3.73,True,fib_pullback,GILLETTE
2018-05-25,2018-06-04,5815.4951171875,5775.408203125,-0.006893121437592558,-0.00949312143759256,bb_mid_break,10,49.1,1.5141,0.61,1.38,True,fib_pullback,GILLETTE
2018-06-12,2018-06-14,5814.20849609375,5797.42724609375,-0.002886248405311644,-0.005486248405311644,bb_mid_break,2,56.2,0.7049,0.64,1.06,True,fib_pullback,GILLETTE
2018-07-10,2018-07-18,5793.12158203125,5791.390625,-0.00029879521890563746,-0.0028987952189056376,rsi_overbought,8,48.1,7.7423,0.62,1.32,True,fib_pullback,GILLETTE
2019-08-30,2019-09-05,6522.8310546875,6362.33349609375,-0.02460550599090125,-0.02720550599090125,bb_mid_break,6,55.8,16.9636,1.14,1.9,True,fib_pullback,GILLETTE
2021-03-26,2021-04-05,5130.5556640625,5094.79541015625,-0.006970054755810631,-0.00957005475581063,bb_mid_break,10,52.6,2.9183,0.76,1.89,True,fib_pullback,GILLETTE
2021-05-06,2021-06-07,5066.9970703125,5332.48095703125,0.052394718811703725,0.04979471881170373,rsi_overbought,32,56.2,9.541,0.91,7.56,True,fib_pullback,GILLETTE
2024-03-18,2024-03-28,6444.49267578125,6275.328125,-0.026249475217340144,-0.028849475217340145,bb_mid_break,10,60.9,7.8321,1.11,1.43,True,fib_pullback,GILLETTE
2018-01-17,2018-01-22,1005.1270141601562,995.7078247070312,-0.009371143467868383,-0.011971143467868383,bb_mid_break,5,60.3,1.1073,0.72,1.16,True,fib_pullback,GLAXO
2021-07-15,2021-07-19,1322.244384765625,1401.0439453125,0.05959530738399971,0.05699530738399971,rsi_overbought,4,62.3,1.4805,1.06,1.09,True,fib_pullback,GLAXO
2024-04-24,2024-05-09,1965.937255859375,1870.0181884765625,-0.04879050289979024,-0.05139050289979024,bb_mid_break,15,64.8,18.8257,1.26,1.97,True,fib_pullback,GLAXO
2024-10-09,2024-10-14,2696.13232421875,2605.722900390625,-0.03353300689880741,-0.036133006898807406,bb_mid_break,5,51.9,1.7863,0.7,1.82,True,fib_pullback,GLAXO
2016-12-12,2016-12-20,883.1041259765625,905.2710571289062,0.025101152288050863,0.02250115228805086,rsi_overbought,8,60.2,3.604,0.97,1.5,True,fib_pullback,GLENMARK
2017-01-30,2017-02-20,885.9051513671875,908.5549926757812,0.025566891978942685,0.022966891978942684,macd_bear_cross,21,60.7,1.804,1.12,1.15,True,fib_pullback,GLENMARK
2021-02-05,2021-02-15,494.23516845703125,481.90875244140625,-0.024940386282318268,-0.02754038628231827,bb_mid_break,10,45.4,0.5833,0.55,1.16,True,fib_pullback,GLENMARK
2021-04-01,2021-04-09,474.640625,520.2139282226562,0.0960164402755374,0.0934164402755374,rsi_overbought,8,48.5,1.8811,0.82,1.45,True,fib_pullback,GLENMARK
2023-12-11,2023-12-20,815.9271240234375,786.7904052734375,-0.03570995238682989,-0.03830995238682989,bb_mid_break,9,59.8,4.6877,0.95,1.81,True,fib_pullback,GLENMARK
2024-12-31,2025-01-03,1605.162841796875,1632.0968017578125,0.016779581024182377,0.014179581024182375,rsi_overbought,3,64.0,12.1539,1.14,1.42,True,fib_pullback,GLENMARK
2025-02-07,2025-02-11,1536.381591796875,1449.49462890625,-0.05655298355209161,-0.05915298355209161,bb_mid_break,4,55.8,11.2962,0.96,1.36,True,fib_pullback,GLENMARK
2026-02-11,2026-02-26,2015.199951171875,2124.300048828125,0.05413859681408107,0.05153859681408107,rsi_overbought,15,58.1,1.2498,0.82,1.18,True,fib_pullback,GLENMARK
2026-07-10,2026-07-22,2282.89990234375,2199.89990234375,-0.036357266437651366,-0.038957266437651364,macd_bear_cross,12,63.1,15.0352,0.98,1.1,True,fib_pullback,GLENMARK
2020-02-20,2020-02-24,397.509033203125,377.69805908203125,-0.0498377960406511,-0.052437796040651095,macd_bear_cross,4,63.3,0.9927,0.62,1.76,True,fib_pullback,GODFRYPHLP
2022-06-07,2022-06-10,377.0052185058594,365.5780334472656,-0.030310416136630082,-0.03291041613663008,macd_bear_cross,3,58.3,0.4946,0.78,1.03,True,fib_pullback,GODFRYPHLP
2022-09-13,2022-09-16,372.8197326660156,349.5522766113281,-0.06240940061917609,-0.0650094006191761,bb_mid_break,3,58.2,1.09,0.81,1.81,False,golden_cross,GODFRYPHLP
2022-09-19,2022-09-26,356.94256591796875,355.4009704589844,-0.00431888938496245,-0.00691888938496245,bb_mid_break,7,52.7,0.417,0.53,1.34,True,fib_pullback,GODFRYPHLP
2023-06-14,2023-06-19,559.65869140625,545.0847778320312,-0.026040716954826508,-0.02864071695482651,bb_mid_break,5,47.4,0.3931,0.72,3.2,True,fib_pullback,GODFRYPHLP
2023-07-05,2023-07-07,552.6498413085938,547.9932250976562,-0.008425979459093512,-0.011025979459093511,death_cross,2,46.0,1.3456,0.77,1.33,True,fib_pullback,GODFRYPHLP
2023-08-18,2023-08-25,712.4866943359375,699.6869506835938,-0.017964887981906187,-0.02056488798190619,macd_bear_cross,7,61.3,2.5524,0.81,1.28,False,golden_cross,GODFRYPHLP
2024-01-02,2024-01-16,698.6325073242188,691.559326171875,-0.010124322985533873,-0.012724322985533873,macd_bear_cross,14,58.3,1.9323,1.16,3.87,True,fib_pullback,GODFRYPHLP
2024-01-24,2024-02-28,716.9317016601562,909.0577392578125,0.2679837384129637,0.2653837384129637,rsi_overbought,35,53.7,0.0218,0.73,2.05,True,fib_pullback,GODFRYPHLP
2018-08-01,2018-08-10,562.0010375976562,556.8348999023438,-0.009192398856407458,-0.011792398856407458,bb_mid_break,9,57.8,3.4979,0.68,1.43,True,fib_pullback,GODREJAGRO
2019-12-24,2020-01-07,453.2326965332031,481.2027893066406,0.06171243378375385,0.05911243378375385,rsi_overbought,14,54.6,0.0167,0.8,1.15,True,fib_pullback,GODREJAGRO
2020-11-19,2020-12-16,468.9971618652344,481.7896728515625,0.02727630788947937,0.024676307889479367,rsi_overbought,27,49.7,0.1574,0.6,2.2,True,fib_pullback,GODREJAGRO
2021-03-30,2021-04-09,467.08514404296875,469.1793212890625,0.004483502146882881,0.0018835021468828813,death_cross,10,59.8,2.6553,1.18,2.11,True,fib_pullback,GODREJAGRO
2021-10-13,2021-10-14,599.6776733398438,586.7402954101562,-0.021573886280664895,-0.024173886280664896,bb_mid_break,1,52.6,0.146,0.73,2.66,True,fib_pullback,GODREJAGRO
2021-11-09,2021-11-12,581.2154541015625,558.8857421875,-0.0384189920561895,-0.041018992056189495,bb_mid_break,3,50.4,3.0793,0.73,1.33,True,fib_pullback,GODREJAGRO
2023-10-10,2023-10-17,473.39984130859375,466.368408203125,-0.014853053364006497,-0.017453053364006498,macd_bear_cross,7,54.1,1.2885,0.74,1.19,True,fib_pullback,GODREJAGRO
2023-11-06,2023-11-08,462.30267333984375,452.73614501953125,-0.020693214363655735,-0.023293214363655737,bb_mid_break,2,48.0,0.4136,0.64,1.82,True,fib_pullback,GODREJAGRO
2023-11-28,2023-11-30,478.6135559082031,479.6180725097656,0.0020988051616222165,-0.0005011948383777834,rsi_overbought,2,65.0,2.8966,0.94,1.6,True,fib_pullback,GODREJAGRO
2024-04-03,2024-05-13,508.55682373046875,530.3206787109375,0.04279532584150995,0.04019532584150995,macd_bear_cross,40,64.3,3.1945,1.08,1.87,True,fib_pullback,GODREJAGRO
2024-11-28,2024-12-05,727.5574340820312,741.933349609375,0.019759148699349117,0.017159148699349116,rsi_overbought,7,53.7,4.3806,1.01,1.7,True,fib_pullback,GODREJAGRO
2025-01-03,2025-01-06,730.6552734375,716.9085693359375,-0.018814213215609384,-0.021414213215609386,bb_mid_break,3,44.9,0.2963,0.54,1.43,True,fib_pullback,GODREJAGRO
2025-02-01,2025-02-11,723.58837890625,696.9662475585938,-0.036791817176358335,-0.03939181717635833,bb_mid_break,10,62.8,2.3932,0.83,4.31,True,fib_pullback,GODREJAGRO
2025-02-12,2025-02-14,730.3648681640625,684.3812866210938,-0.06295973909391192,-0.06555973909391193,macd_bear_cross,2,62.0,1.2731,0.69,2.66,True,fib_pullback,GODREJAGRO
2025-02-24,2025-02-27,724.0723266601562,712.4070434570312,-0.01611066018353731,-0.01871066018353731,bb_mid_break,3,42.5,0.2817,0.6,1.39,True,fib_pullback,GODREJAGRO
2017-10-03,2017-10-23,589.0116577148438,579.34765625,-0.016407148039033127,-0.01900714803903313,macd_bear_cross,20,54.4,0.2051,0.87,2.09,True,fib_pullback,GODREJCP
2019-12-20,2019-12-26,673.0934448242188,650.620361328125,-0.03338776163830075,-0.035987761638300746,bb_mid_break,6,42.8,2.0622,0.67,2.2,True,fib_pullback,GODREJCP
2020-01-07,2020-01-14,674.7597045898438,715.84912109375,0.06089488780140283,0.05829488780140283,rsi_overbought,7,64.7,2.7086,0.93,1.6,True,fib_pullback,GODREJCP
2020-09-14,2020-09-18,660.5423583984375,681.7469482421875,0.03210178662147121,0.029501786621471206,rsi_overbought,4,56.0,2.4411,0.82,1.08,True,fib_pullback,GODREJCP
2021-03-30,2021-04-08,693.9253540039062,706.7244262695312,0.01844445110958282,0.015844451109582817,rsi_overbought,9,62.3,6.194,1.15,1.71,True,fib_pullback,GODREJCP
2022-08-24,2022-09-05,862.4635620117188,853.4373168945312,-0.010465653871954368,-0.01306565387195437,macd_bear_cross,12,60.9,0.7949,0.85,1.24,False,golden_cross,GODREJCP
2023-11-03,2023-11-10,974.9338989257812,944.8179931640625,-0.030890202704923465,-0.033490202704923464,bb_mid_break,7,61.1,3.6005,1.22,1.3,True,fib_pullback,GODREJCP
2023-12-15,2023-12-28,1000.3477172851562,1067.8756103515625,0.06750442061253481,0.0649044206125348,rsi_overbought,13,62.2,1.489,0.78,1.09,False,golden_cross,GODREJCP
2024-05-02,2024-05-07,1183.830078125,1269.308349609375,0.07220484853684331,0.0696048485368433,rsi_overbought,5,48.8,4.6966,0.82,1.17,True,fib_pullback,GODREJCP
2025-08-21,2025-09-01,1230.46630859375,1239.73876953125,0.007535729237558011,0.004935729237558011,rsi_overbought,11,48.5,3.7699,0.84,1.46,True,fib_pullback,GODREJCP
2026-02-16,2026-02-19,1197.845947265625,1182.7210693359375,-0.012626730477498977,-0.015226730477498979,bb_mid_break,3,62.0,2.7476,0.6,1.14,True,golden_cross,GODREJCP
2016-12-30,2017-01-11,426.70196533203125,439.0039978027344,0.02883050341971239,0.02623050341971239,rsi_overbought,12,64.2,2.0284,0.92,1.19,True,fib_pullback,GODREJIND
2017-09-15,2017-09-20,636.2476196289062,620.5304565429688,-0.024702902770944106,-0.027302902770944108,bb_mid_break,5,60.6,4.1679,0.8,1.77,True,fib_pullback,GODREJIND
2021-09-03,2021-09-09,571.2999877929688,559.75,-0.020217027900855316,-0.022817027900855318,bb_mid_break,6,56.4,0.6126,0.66,2.7,True,fib_pullback,GODREJIND
2021-09-22,2021-10-01,567.2999877929688,564.8499755859375,-0.004318724237176189,-0.006918724237176189,bb_mid_break,9,55.6,0.241,0.8,1.35,True,fib_pullback,GODREJIND
2021-11-01,2021-11-09,581.9500122070312,643.5,0.10576507689989029,0.10316507689989028,rsi_overbought,8,52.5,0.0227,0.79,1.03,True,fib_pullback,GODREJIND
2021-12-16,2022-01-06,604.5999755859375,628.25,0.03911681337919753,0.03651681337919753,macd_bear_cross,21,60.1,1.2778,0.73,3.73,True,fib_pullback,GODREJIND
2023-08-11,2023-08-24,500.0,535.3499755859375,0.070699951171875,0.06809995117187499,rsi_overbought,13,63.8,2.7741,1.05,2.74,True,fib_pullback,GODREJIND
2024-05-06,2024-05-08,885.2999877929688,864.0499877929688,-0.024003163100652165,-0.026603163100652166,macd_bear_cross,2,58.9,2.634,0.69,1.28,True,fib_pullback,GODREJIND
2024-06-13,2024-06-19,834.4500122070312,815.5499877929688,-0.022649678396041907,-0.02524967839604191,bb_mid_break,6,53.3,1.7683,0.76,2.4,True,fib_pullback,GODREJIND
2025-05-27,2025-05-29,1175.4000244140625,1180.5,0.004338927582105369,0.0017389275821053695,rsi_overbought,2,61.9,4.3058,0.81,1.08,True,fib_pullback,GODREJIND
2017-07-28,2017-08-02,519.2401733398438,502.6702575683594,-0.031911852399447015,-0.03451185239944701,macd_bear_cross,5,52.5,0.7532,0.86,1.0,True,fib_pullback,GODREJPROP
2018-06-07,2018-06-19,783.811279296875,731.3150024414062,-0.06697565886339504,-0.06957565886339505,bb_mid_break,12,52.6,0.2204,0.71,3.06,True,fib_pullback,GODREJPROP
2019-09-20,2019-09-26,956.6259765625,1088.23974609375,0.13758122061893557,0.13498122061893558,rsi_overbought,6,63.4,4.6879,0.93,2.71,True,fib_pullback,GODREJPROP
2019-10-03,2019-10-07,1001.7080078125,988.4720458984375,-0.013213393335016655,-0.015813393335016655,macd_bear_cross,4,58.2,4.8766,0.67,1.26,True,fib_pullback,GODREJPROP
2020-10-06,2020-10-14,898.556640625,869.3975830078125,-0.032450995628840525,-0.03505099562884052,bb_mid_break,8,51.4,1.0271,0.8,2.35,True,fib_pullback,GODREJPROP
2021-05-24,2021-05-26,1345.8446044921875,1342.0628662109375,-0.0028099368000044263,-0.005409936800004426,rsi_overbought,2,56.8,11.7545,0.78,2.12,True,fib_pullback,GODREJPROP
2023-08-24,2023-08-30,1604.942138671875,1650.8701171875,0.028616594585541517,0.026016594585541515,rsi_overbought,6,58.0,1.7298,0.57,1.06,True,fib_pullback,GODREJPROP
2023-09-14,2023-09-18,1666.146240234375,1613.550537109375,-0.03156727894281442,-0.03416727894281442,macd_bear_cross,4,64.2,1.5528,0.75,1.04,True,fib_pullback,GODREJPROP
2023-10-06,2023-10-23,1666.9425048828125,1622.35791015625,-0.026746330239924402,-0.029346330239924404,macd_bear_cross,17,50.1,3.78,0.82,1.59,True,fib_pullback,GODREJPROP
2024-11-25,2024-12-20,2928.892578125,2842.21142578125,-0.029595196830073226,-0.03219519683007323,bb_mid_break,25,53.6,23.5012,0.8,3.19,True,fib_pullback,GODREJPROP
2017-07-05,2017-07-27,136.44561767578125,130.36447143554688,-0.044568278144954766,-0.047168278144954764,macd_bear_cross,22,50.7,0.5836,0.8,1.36,True,fib_pullback,GRANULES
2021-03-10,2021-03-15,343.65997314453125,328.5540466308594,-0.043956025415036785,-0.046556025415036784,bb_mid_break,5,56.6,2.2943,0.71,1.05,True,fib_pullback,GRANULES
2024-05-22,2024-06-04,423.4870910644531,408.8019714355469,-0.03467666415048111,-0.03727666415048111,bb_mid_break,13,51.9,1.6967,0.84,3.74,True,fib_pullback,GRANULES
2024-11-26,2024-12-03,592.2518920898438,544.8717407226562,-0.08000000000000004,-0.08260000000000005,stop_loss,7,62.4,4.2781,1.01,1.31,True,fib_pullback,GRANULES
2026-03-18,2026-03-23,585.929443359375,578.9440307617188,-0.011921934759936283,-0.014521934759936284,bb_mid_break,5,46.1,0.0352,0.62,1.55,True,fib_pullback,GRANULES
2016-09-20,2016-09-29,59.42626953125,54.67216796875,-0.07999999999999995,-0.08259999999999995,stop_loss,9,64.5,0.2423,1.3,4.84,True,fib_pullback,GRAPHITE
2016-10-05,2016-10-17,59.38761520385742,58.498924255371094,-0.014964247098250288,-0.017564247098250288,bb_mid_break,12,58.3,0.0552,0.76,1.53,True,fib_pullback,GRAPHITE
2016-10-18,2016-10-21,59.07851028442383,61.08771896362305,0.03400912903061049,0.031409129030610494,rsi_overbought,3,51.5,0.0584,0.57,1.15,True,fib_pullback,GRAPHITE
2016-11-29,2016-12-02,59.310340881347656,56.87610626220703,-0.04104233061162797,-0.04364233061162797,bb_mid_break,3,49.8,0.0119,0.58,2.72,True,fib_pullback,GRAPHITE
2017-06-07,2017-06-16,92.34640502929688,97.25350189208984,0.053137930612850534,0.050537930612850536,rsi_overbought,9,56.9,0.4109,1.02,2.13,True,fib_pullback,GRAPHITE
2018-03-23,2018-04-04,581.5634765625,567.3358764648438,-0.024464397561127147,-0.02706439756112715,bb_mid_break,12,64.3,6.1238,0.7,1.23,True,fib_pullback,GRAPHITE
2018-05-02,2018-05-03,559.5538940429688,547.212890625,-0.02205507556886213,-0.024655075568862133,bb_mid_break,1,51.6,0.2727,0.73,1.11,True,fib_pullback,GRAPHITE
2018-05-08,2018-05-17,575.5108642578125,647.1991577148438,0.12456462233685467,0.12196462233685466,rsi_overbought,9,57.2,3.8902,0.99,1.38,True,fib_pullback,GRAPHITE
2018-11-01,2018-11-21,791.20068359375,790.9489135742188,-0.0003182125910049439,-0.0029182125910049437,macd_bear_cross,20,64.8,5.2391,0.73,1.99,True,fib_pullback,GRAPHITE
2021-08-06,2021-08-10,658.4827880859375,605.8041650390626,-0.07999999999999988,-0.08259999999999988,stop_loss,4,64.2,7.6066,0.87,1.78,True,fib_pullback,GRAPHITE
2025-12-22,2025-12-29,558.1724853515625,595.2158203125,0.06636539050757029,0.06376539050757028,rsi_overbought,7,60.1,2.3665,1.0,2.68,True,fib_pullback,GRAPHITE
2026-04-15,2026-04-16,659.1143798828125,674.5449829101562,0.023411115730910377,0.020811115730910375,rsi_overbought,1,62.8,5.5556,0.94,1.22,True,fib_pullback,GRAPHITE
2016-10-14,2016-10-17,727.3304443359375,709.3508911132812,-0.02471992388421445,-0.02731992388421445,macd_bear_cross,3,52.7,1.3125,0.68,1.12,True,fib_pullback,GRASIM
2018-01-19,2018-01-24,1159.7701416015625,1137.4951171875,-0.019206413077079418,-0.02180641307707942,macd_bear_cross,5,64.6,3.4904,0.68,1.04,True,fib_pullback,GRASIM
2018-03-01,2018-03-07,1105.7889404296875,1056.7838134765625,-0.0443168901057037,-0.0469168901057037,bb_mid_break,6,63.4,8.6369,0.81,1.45,True,fib_pullback,GRASIM
2021-09-03,2021-09-13,1471.3150634765625,1564.73046875,0.06349109554598506,0.06089109554598506,rsi_overbought,10,52.9,4.525,0.8,1.13,True,fib_pullback,GRASIM
2022-01-05,2022-01-13,1701.7847900390625,1808.739990234375,0.06284884012440696,0.06024884012440696,rsi_overbought,8,53.7,11.4227,0.88,1.81,True,fib_pullback,GRASIM
2022-10-25,2022-11-10,1680.706298828125,1670.757568359375,-0.005919374774573503,-0.008519374774573502,bb_mid_break,16,58.3,1.9086,0.98,1.22,True,fib_pullback,GRASIM
2022-11-30,2022-12-09,1724.86328125,1764.2174072265625,0.02281579439040685,0.020215794390406848,rsi_overbought,9,62.3,1.1531,0.81,1.55,True,fib_pullback,GRASIM
2025-05-16,2025-05-19,2785.358642578125,2708.677490234375,-0.027530082184595808,-0.03013008218459581,macd_bear_cross,3,57.3,0.1302,0.92,1.15,False,golden_cross,GRASIM
2025-09-16,2025-09-18,2834.1708984375,2869.859619140625,0.01259229664760176,0.009992296647601758,rsi_overbought,2,62.7,0.6789,0.82,1.03,True,fib_pullback,GRASIM
2025-12-11,2025-12-12,2789.111328125,2827.890380859375,0.013903730676983946,0.011303730676983946,rsi_overbought,1,64.4,8.5325,1.0,1.01,True,fib_pullback,GRASIM
2026-01-02,2026-01-08,2847.529052734375,2783.3291015625,-0.022545845883548125,-0.025145845883548127,macd_bear_cross,6,56.5,5.1702,0.83,1.33,True,fib_pullback,GRASIM
2026-02-03,2026-02-20,2800.1767578125,2824.00244140625,0.008508635580691927,0.0059086355806919275,macd_bear_cross,17,53.9,1.7261,0.57,1.78,True,fib_pullback,GRASIM
2017-01-03,2017-01-12,270.616455078125,281.6524658203125,0.04078100401914394,0.03818100401914394,rsi_overbought,9,52.0,0.5073,0.74,1.09,True,fib_pullback,GESHIP
2017-03-23,2017-04-03,281.2058410644531,316.45306396484375,0.12534313927110735,0.12274313927110735,rsi_overbought,11,56.6,0.9681,0.61,1.61,True,fib_pullback,GESHIP
2017-07-06,2017-07-18,303.428466796875,299.7124328613281,-0.012246820394852769,-0.014846820394852769,macd_bear_cross,12,58.2,1.7086,0.84,1.38,True,fib_pullback,GESHIP
2017-11-06,2017-11-08,302.7835693359375,290.0648193359375,-0.04200607723825524,-0.044606077238255236,bb_mid_break,2,58.6,1.0091,1.01,1.34,True,golden_cross,GESHIP
2020-01-03,2020-01-06,236.5311737060547,233.55245971679688,-0.01259332519509484,-0.01519332519509484,bb_mid_break,3,51.9,0.1932,0.77,1.62,True,fib_pullback,GESHIP
2020-01-08,2020-01-15,237.9420928955078,261.1837463378906,0.09767777176184365,0.09507777176184365,rsi_overbought,7,53.8,0.2208,0.88,1.15,True,fib_pullback,GESHIP
2021-02-18,2021-02-25,223.1151123046875,249.83526611328125,0.11975949783313883,0.11715949783313882,rsi_overbought,7,64.5,1.2029,1.17,2.25,True,fib_pullback,GESHIP
2021-04-29,2021-05-04,248.12710571289062,281.8830871582031,0.1360431031842678,0.1334431031842678,rsi_overbought,5,52.2,0.7816,0.61,2.95,True,fib_pullback,GESHIP
2021-08-30,2021-09-08,296.5945739746094,299.8017272949219,0.01081325688914004,0.008213256889140038,rsi_overbought,9,64.4,5.7269,0.99,2.15,True,fib_pullback,GESHIP
2022-07-05,2022-07-14,344.9983825683594,333.7438049316406,-0.032622117103661266,-0.035222117103661264,bb_mid_break,9,53.0,2.0778,0.79,1.64,True,fib_pullback,GESHIP
2022-07-18,2022-07-21,353.2574768066406,389.7599182128906,0.10333098038355183,0.10073098038355183,rsi_overbought,3,62.3,0.7666,0.86,1.06,True,fib_pullback,GESHIP
2022-10-28,2022-11-02,474.75811767578125,486.17401123046875,0.024045704811905013,0.02144570481190501,rsi_overbought,5,47.4,1.8029,0.91,1.98,True,fib_pullback,GESHIP
2023-11-23,2023-12-01,753.4815673828125,799.8035888671875,0.06147731210635007,0.05887731210635007,rsi_overbought,8,61.3,5.0674,0.95,3.36,True,fib_pullback,GESHIP
2024-10-09,2024-10-16,1219.16357421875,1262.9676513671875,0.03592961442971876,0.03332961442971876,rsi_overbought,7,61.3,8.9535,0.98,1.06,True,fib_pullback,GESHIP
2024-11-07,2024-11-08,1216.7144775390625,1119.3773193359375,-0.08,-0.0826,stop_loss,1,54.9,2.8345,0.66,3.26,True,fib_pullback,GESHIP
2025-08-12,2025-08-26,944.0936889648438,918.3576049804688,-0.0272600953540887,-0.029860095354088702,bb_mid_break,14,47.9,1.8653,0.71,1.33,True,fib_pullback,GESHIP
2025-09-04,2025-09-08,941.234130859375,922.7196044921875,-0.019670479172151548,-0.02227047917215155,bb_mid_break,4,54.8,1.0634,0.69,1.32,True,fib_pullback,GESHIP
2025-09-09,2025-09-16,945.2568969726562,1025.712646484375,0.08511522081393089,0.08251522081393088,rsi_overbought,7,47.5,1.7296,0.71,3.8,True,fib_pullback,GESHIP
2026-06-29,2026-07-01,1506.9873046875,1405.875244140625,-0.06709549591583476,-0.06969549591583477,bb_mid_break,2,64.7,13.5951,0.88,1.74,True,fib_pullback,GESHIP
2016-10-24,2016-11-01,115.48554229736328,121.1431884765625,0.048990081932778796,0.0463900819327788,rsi_overbought,8,60.2,0.5429,1.19,3.39,True,fib_pullback,GREAVESCOT
2017-06-15,2017-06-27,147.25857543945312,135.4778894042969,-0.0799999999999999,-0.08259999999999991,stop_loss,12,64.7,1.3655,1.13,1.07,True,fib_pullback,GREAVESCOT
2017-07-20,2017-07-31,144.33554077148438,143.7279510498047,-0.004209564175476632,-0.006809564175476632,macd_bear_cross,11,52.4,0.2007,0.76,1.07,True,fib_pullback,GREAVESCOT
2018-06-15,2018-06-25,123.01361083984375,126.60863494873047,0.029224604369732888,0.026624604369732886,rsi_overbought,10,57.7,0.474,0.78,1.62,True,fib_pullback,GREAVESCOT
2019-07-29,2019-07-31,138.91917419433594,128.95855712890625,-0.07170080820877645,-0.07430080820877645,bb_mid_break,2,59.8,1.1281,0.76,1.44,True,fib_pullback,GREAVESCOT
2019-11-13,2019-11-21,132.08628845214844,128.09243774414062,-0.03023667902860852,-0.03283667902860852,macd_bear_cross,8,58.5,0.0227,0.73,1.41,True,fib_pullback,GREAVESCOT
2020-02-19,2020-02-25,139.3522491455078,131.89382934570312,-0.0535220625826915,-0.0561220625826915,macd_bear_cross,6,59.4,0.4176,0.88,1.63,False,golden_cross,GREAVESCOT
2021-01-06,2021-01-11,93.20624542236328,91.13713073730469,-0.022199313744292765,-0.024799313744292766,rsi_overbought,5,61.4,1.1359,0.99,1.29,False,golden_cross,GREAVESCOT
2021-06-08,2021-06-14,131.7013397216797,145.6077117919922,0.1055902096341647,0.10299020963416469,rsi_overbought,6,53.3,0.3466,1.04,7.63,True,fib_pullback,GREAVESCOT
2021-10-13,2021-10-20,137.45054626464844,132.92185974121094,-0.03294775209345424,-0.03554775209345424,bb_mid_break,7,57.5,0.492,0.92,3.55,True,fib_pullback,GREAVESCOT
2021-11-09,2021-11-12,135.08982849121094,129.4049072265625,-0.042082526331864455,-0.04468252633186445,bb_mid_break,3,48.0,0.3336,0.79,2.51,True,fib_pullback,GREAVESCOT
2018-04-17,2018-04-18,474.9144592285156,468.0016174316406,-0.014555972475769017,-0.017155972475769016,macd_bear_cross,1,60.5,0.5156,0.65,3.71,True,fib_pullback,GRINDWELL
2018-07-05,2018-07-09,483.9011535644531,471.5962829589844,-0.0254284795868539,-0.0280284795868539,bb_mid_break,4,52.7,0.2073,0.7,6.36,True,fib_pullback,GRINDWELL
2019-07-02,2019-07-05,551.2434692382812,561.67236328125,0.018918852784559233,0.016318852784559232,rsi_overbought,3,51.9,2.4159,0.78,1.13,True,fib_pullback,GRINDWELL
2019-07-09,2019-07-15,557.4822387695312,543.654541015625,-0.02480383551667331,-0.027403835516673313,bb_mid_break,6,63.2,2.3343,0.8,1.14,True,fib_pullback,GRINDWELL
2019-08-22,2019-08-28,531.8961791992188,514.2556762695312,-0.03316531236649539,-0.03576531236649539,bb_mid_break,6,60.1,3.5727,0.97,1.41,True,fib_pullback,GRINDWELL
2019-09-11,2019-09-23,547.9844360351562,617.5584106445312,0.1269634136194909,0.12436341361949091,rsi_overbought,12,57.6,2.2259,1.13,3.03,True,fib_pullback,GRINDWELL
2019-09-30,2019-10-07,580.6310424804688,564.495849609375,-0.027789063433749334,-0.030389063433749336,macd_bear_cross,7,63.9,3.1198,0.79,1.54,True,fib_pullback,GRINDWELL
2022-05-18,2022-05-31,1702.2677001953125,1649.0643310546875,-0.031254407949184854,-0.03385440794918485,bb_mid_break,13,50.8,7.3588,0.89,1.77,True,fib_pullback,GRINDWELL
2023-01-24,2023-02-08,1884.50341796875,2074.440673828125,0.10078902168514117,0.09818902168514117,rsi_overbought,15,59.0,4.0549,0.64,1.01,True,fib_pullback,GRINDWELL
2023-11-08,2023-11-09,2105.595458984375,2044.5150146484375,-0.029008632249520234,-0.031608632249520235,bb_mid_break,1,47.2,4.1388,0.67,1.47,True,fib_pullback,GRINDWELL
2023-12-04,2023-12-20,2092.336181640625,2106.0830078125,0.006570084813567557,0.0039700848135675575,macd_bear_cross,16,64.5,2.9237,0.94,1.24,True,fib_pullback,GRINDWELL
2017-01-06,2017-01-13,307.42822265625,307.68267822265625,0.0008276909784264302,-0.0017723090215735697,rsi_overbought,7,58.0,2.4914,1.05,2.4,True,fib_pullback,GUJALKALI
2017-08-21,2017-08-29,348.26885986328125,372.9936828613281,0.07099349338253502,0.06839349338253502,rsi_overbought,8,60.1,0.9883,0.91,1.75,True,fib_pullback,GUJALKALI
2020-11-26,2020-12-03,292.3511962890625,310.2677917480469,0.06128449510864777,0.058684495108647775,rsi_overbought,7,56.7,0.9435,0.89,1.04,True,fib_pullback,GUJALKALI
2021-03-01,2021-03-04,308.5077209472656,334.8184509277344,0.08528386226342173,0.08268386226342173,rsi_overbought,3,53.8,2.343,0.93,3.61,True,fib_pullback,GUJALKALI
2021-09-09,2021-09-13,419.1661071777344,447.6430969238281,0.06793724315601445,0.06533724315601444,rsi_overbought,4,58.2,0.4107,0.63,1.35,True,fib_pullback,GUJALKALI
2022-03-11,2022-03-17,651.4252319335938,679.0381469726562,0.0423884640714644,0.0397884640714644,rsi_overbought,6,51.7,3.6996,0.78,2.09,True,fib_pullback,GUJALKALI
2023-12-04,2023-12-12,714.293701171875,697.6232299804688,-0.02333839870638165,-0.025938398706381652,bb_mid_break,8,64.1,1.0542,1.14,2.74,True,fib_pullback,GUJALKALI
2023-12-13,2023-12-20,723.0122680664062,694.9405517578125,-0.03882605807459889,-0.04142605807459889,macd_bear_cross,7,59.6,1.5533,0.94,1.71,True,fib_pullback,GUJALKALI
2017-12-28,2018-01-16,132.22047424316406,126.8899917602539,-0.0403151063662574,-0.0429151063662574,macd_bear_cross,19,58.1,0.3483,0.93,5.05,True,fib_pullback,GMDCLTD
2021-04-08,2021-04-12,52.31821823120117,49.1177864074707,-0.06117241626210079,-0.0637724162621008,bb_mid_break,4,55.1,0.119,0.66,2.79,True,fib_pullback,GMDCLTD
2021-04-29,2021-05-07,51.38475799560547,60.185943603515625,0.1712800828732686,0.1686800828732686,rsi_overbought,8,52.1,0.2705,0.72,1.33,True,fib_pullback,GMDCLTD
2021-08-27,2021-09-20,62.76408004760742,58.85243225097656,-0.0623230324361294,-0.0649230324361294,macd_bear_cross,24,50.4,0.3494,0.85,6.68,True,fib_pullback,GMDCLTD
2021-12-09,2021-12-20,64.46292877197266,61.0748291015625,-0.05255888516010526,-0.05515888516010526,bb_mid_break,11,61.9,0.5829,1.03,2.07,True,fib_pullback,GMDCLTD
2021-12-29,2022-01-10,65.30994415283203,72.08613586425781,0.10375436389240804,0.10115436389240803,rsi_overbought,12,52.0,0.1157,0.78,1.04,True,fib_pullback,GMDCLTD
2022-07-19,2022-08-02,137.03944396972656,157.72463989257812,0.1509433731168753,0.14834337311687532,rsi_overbought,14,62.3,1.7754,1.03,1.71,True,fib_pullback,GMDCLTD
2024-04-23,2024-05-07,384.7492980957031,389.6261901855469,0.012675506138625014,0.010075506138625012,bb_mid_break,14,64.9,2.4054,0.77,1.09,True,fib_pullback,GMDCLTD
2024-06-14,2024-06-25,384.07989501953125,381.8805236816406,-0.005726338104156122,-0.008326338104156122,rsi_overbought,11,49.6,1.2993,0.59,1.64,True,fib_pullback,GMDCLTD
2026-03-20,2026-04-13,575.7000122070312,614.5999755859375,0.06756984984206875,0.06496984984206874,rsi_overbought,24,51.4,2.3343,0.89,8.64,True,fib_pullback,GMDCLTD
2016-08-22,2016-08-25,123.1081771850586,124.57157897949219,0.011887120968689024,0.009287120968689024,rsi_overbought,3,62.1,0.9835,0.84,1.25,True,fib_pullback,GNFC
2016-12-16,2016-12-22,169.85609436035156,163.510009765625,-0.03736153606159856,-0.03996153606159856,bb_mid_break,6,55.4,0.6117,0.8,1.85,True,fib_pullback,GNFC
2017-01-03,2017-01-09,176.86814880371094,201.273193359375,0.13798439527259873,0.13538439527259874,rsi_overbought,6,64.5,0.9856,1.12,1.67,True,fib_pullback,GNFC
2017-08-23,2017-09-01,225.88909912109375,248.88113403320312,0.10178461466962553,0.09918461466962553,rsi_overbought,9,44.9,0.0188,0.55,2.18,True,fib_pullback,GNFC
2018-01-17,2018-01-18,395.2160339355469,393.300048828125,-0.004847943764686278,-0.007447943764686278,macd_bear_cross,1,50.8,0.1954,0.63,2.63,True,fib_pullback,GNFC
2018-07-10,2018-07-13,369.0705871582031,339.54494018554686,-0.08000000000000003,-0.08260000000000003,stop_loss,3,52.4,3.4453,0.73,1.49,True,fib_pullback,GNFC
2020-11-24,2020-12-02,178.99810791015625,186.28997802734375,0.04073713517043139,0.038137135170431394,rsi_overbought,8,54.0,0.3601,0.76,3.46,True,fib_pullback,GNFC
2021-02-04,2021-02-23,200.0924530029297,218.84298706054688,0.09370935173323428,0.09110935173323427,rsi_overbought,19,58.0,1.4259,1.03,2.35,True,fib_pullback,GNFC
2021-07-26,2021-08-06,323.6202392578125,316.4151611328125,-0.022263991095007086,-0.024863991095007087,macd_bear_cross,11,49.6,0.4861,0.76,1.43,True,fib_pullback,GNFC
2021-12-29,2022-01-14,399.36590576171875,434.4407958984375,0.08782645095809993,0.08522645095809993,rsi_overbought,16,61.8,2.3153,1.1,3.78,True,fib_pullback,GNFC
2023-07-06,2023-07-13,547.9304809570312,527.9869384765625,-0.03639794312160693,-0.038997943121606926,bb_mid_break,7,62.5,2.0073,0.98,1.58,True,fib_pullback,GNFC
2023-07-17,2023-07-19,543.2484741210938,537.5310668945312,-0.01052447912681675,-0.01312447912681675,macd_bear_cross,2,62.2,0.1891,0.77,1.81,True,fib_pullback,GNFC
2023-08-01,2023-08-02,547.6154174804688,527.7619018554688,-0.036254486253042895,-0.03885448625304289,macd_bear_cross,1,51.9,0.0936,0.93,2.4,True,fib_pullback,GNFC
2024-05-28,2024-05-30,633.0228881835938,604.5643920898438,-0.04495650414064691,-0.04755650414064691,macd_bear_cross,2,60.0,0.1233,0.52,1.2,True,fib_pullback,GNFC
2024-06-11,2024-06-27,644.2551879882812,634.5802612304688,-0.015017227549261866,-0.017617227549261868,death_cross,16,54.7,2.6273,0.87,2.34,True,fib_pullback,GNFC
2016-09-16,2016-09-19,117.81767272949219,114.70613098144531,-0.026409804878686865,-0.029009804878686866,macd_bear_cross,3,62.1,0.0175,0.57,3.23,True,fib_pullback,GPPL
2017-05-11,2017-05-12,108.04165649414062,105.41290283203125,-0.02433092704619851,-0.02693092704619851,bb_mid_break,1,50.4,0.1576,0.85,4.36,True,fib_pullback,GPPL
2017-05-16,2017-05-17,107.12159729003906,104.4271240234375,-0.02515340822734459,-0.02775340822734459,bb_mid_break,1,59.3,0.174,0.75,2.26,True,fib_pullback,GPPL
2018-01-24,2018-01-25,99.93671417236328,102.66592407226562,0.027309381967423996,0.024709381967423994,macd_bear_cross,1,60.1,0.0019,0.56,1.85,True,golden_cross,GPPL
2018-03-28,2018-04-10,97.9487533569336,93.0631103515625,-0.04987958333239214,-0.05247958333239214,bb_mid_break,13,57.3,0.7676,0.9,2.61,True,fib_pullback,GPPL
2018-04-17,2018-04-23,98.85848999023438,94.78152465820312,-0.04124041680622462,-0.043840416806224615,bb_mid_break,6,61.9,0.3164,0.9,2.77,True,fib_pullback,GPPL
2021-02-04,2021-02-10,74.4771499633789,75.95890808105469,0.01989547288536652,0.01729547288536652,rsi_overbought,6,59.1,0.4843,0.92,2.07,True,fib_pullback,GPPL
2021-09-15,2021-09-17,83.63790130615234,79.80899810791016,-0.04577952266194102,-0.04837952266194102,bb_mid_break,2,61.7,0.3339,1.14,1.86,True,fib_pullback,GPPL
2021-09-28,2021-10-18,82.80032348632812,93.01077270507812,0.12331412232267348,0.12071412232267348,rsi_overbought,20,57.6,0.1473,0.89,1.04,True,fib_pullback,GPPL
2022-11-04,2022-11-11,74.12289428710938,79.84070587158203,0.07713961576196889,0.07453961576196888,rsi_overbought,7,59.5,0.3949,0.84,1.55,True,fib_pullback,GPPL
2023-02-09,2023-02-23,84.66954040527344,90.04470825195312,0.06348407964601291,0.06088407964601291,rsi_overbought,14,54.6,0.1969,1.02,9.15,True,fib_pullback,GPPL
2023-06-08,2023-06-30,97.9139404296875,105.6111831665039,0.07861232734621518,0.07601232734621517,rsi_overbought,22,53.9,0.1718,0.69,1.86,True,fib_pullback,GPPL
2023-10-10,2023-10-17,116.4210433959961,123.36297607421875,0.059627817065771124,0.057027817065771126,rsi_overbought,7,59.2,0.1668,0.8,1.5,True,fib_pullback,GPPL
2024-06-21,2024-06-25,186.13832092285156,193.42984008789062,0.03917258482234384,0.036572584822343844,rsi_overbought,4,59.8,1.2816,0.86,1.84,True,fib_pullback,GPPL
2025-10-03,2025-10-14,155.05645751953125,153.4366455078125,-0.010446594986311453,-0.013046594986311454,macd_bear_cross,11,47.0,0.0915,0.69,1.23,True,fib_pullback,GPPL
2016-12-28,2017-01-10,75.50121307373047,90.6175765991211,0.20021351856464595,0.19761351856464596,rsi_overbought,13,57.0,0.1381,0.84,1.42,True,fib_pullback,GSFC
2017-04-27,2017-05-09,99.445556640625,115.48905181884766,0.16132943210525152,0.15872943210525153,rsi_overbought,12,52.4,0.0494,0.62,1.38,True,fib_pullback,GSFC
2017-07-24,2017-08-07,102.67035675048828,101.90447235107422,-0.007459644863953588,-0.010059644863953589,macd_bear_cross,14,61.1,0.3906,0.75,1.09,True,fib_pullback,GSFC
2017-10-17,2017-10-19,111.89212036132812,112.71066284179688,0.00731546133745136,0.00471546133745136,rsi_overbought,2,61.0,0.3365,0.62,1.02,True,fib_pullback,GSFC
2017-12-19,2017-12-26,119.4634780883789,125.2750015258789,0.048646862878047495,0.0460468628780475,rsi_overbought,7,52.8,0.6264,0.93,1.77,True,fib_pullback,GSFC
2020-10-01,2020-10-14,56.52572250366211,53.19810485839844,-0.05886908645967483,-0.061469086459674825,bb_mid_break,13,56.1,0.2627,0.85,4.8,True,fib_pullback,GSFC
2022-01-04,2022-01-13,111.77153778076172,116.9598159790039,0.04641859905711346,0.04381859905711346,rsi_overbought,9,53.9,0.6637,0.99,2.1,True,fib_pullback,GSFC
2023-08-23,2023-08-30,148.7548065185547,158.48089599609375,0.06538336276432113,0.06278336276432113,rsi_overbought,7,47.7,0.6183,0.67,1.66,True,fib_pullback,GSFC
2023-11-30,2023-12-04,185.42884826660156,206.639892578125,0.11438912828184705,0.11178912828184705,rsi_overbought,4,60.7,0.4419,0.81,1.89,True,fib_pullback,GSFC
2024-09-02,2024-09-06,229.54017639160156,222.69696044921875,-0.029812715359720323,-0.032412715359720325,bb_mid_break,4,63.1,1.0567,0.9,2.59,True,fib_pullback,GSFC
2025-07-04,2025-07-09,203.51629638671875,201.58261108398438,-0.009501378204426508,-0.01210137820442651,rsi_overbought,5,58.5,0.5736,0.73,1.21,False,golden_cross,GSFC
2025-08-05,2025-08-07,201.5337677001953,194.2873077392578,-0.035956554792929016,-0.038556554792929014,macd_bear_cross,2,51.7,0.0934,0.79,1.55,True,fib_pullback,GSFC
2017-02-02,2017-02-20,536.2531127929688,573.5154418945312,0.06948645744448735,0.06688645744448735,rsi_overbought,18,63.1,1.3195,0.76,2.25,True,fib_pullback,GULFOILLUB
2017-09-08,2017-09-12,657.2723999023438,641.1478881835938,-0.024532464349858216,-0.027132464349858217,bb_mid_break,4,52.8,0.2663,0.81,3.44,True,fib_pullback,GULFOILLUB
2018-02-16,2018-03-01,799.1860961914062,793.6815795898438,-0.006887653110827094,-0.009487653110827093,macd_bear_cross,13,62.4,10.1442,0.71,1.19,True,fib_pullback,GULFOILLUB
2018-05-23,2018-05-28,744.94921875,733.7779541015625,-0.014996008274473407,-0.01759600827447341,bb_mid_break,5,64.9,2.3114,0.69,2.41,True,fib_pullback,GULFOILLUB
2019-10-23,2019-10-24,733.6876831054688,706.847900390625,-0.0365820271116443,-0.0391820271116443,bb_mid_break,1,59.0,1.388,0.92,1.93,False,golden_cross,GULFOILLUB
2020-10-26,2020-11-18,557.092529296875,628.094482421875,0.12745091594499378,0.12485091594499378,rsi_overbought,23,60.8,0.8421,0.83,6.07,True,fib_pullback,GULFOILLUB
2021-01-11,2021-01-18,627.5440673828125,605.8244018554688,-0.03461058219851577,-0.037210582198515765,bb_mid_break,7,64.9,0.1383,0.63,1.27,True,fib_pullback,GULFOILLUB
2021-02-11,2021-02-24,637.7901000976562,586.7668920898437,-0.08000000000000002,-0.08260000000000002,stop_loss,13,63.8,5.8282,0.98,1.4,True,fib_pullback,GULFOILLUB
2021-02-25,2021-03-10,624.3915405273438,635.0774536132812,0.017114122137068793,0.014514122137068791,bb_mid_break,13,61.9,0.6434,0.65,1.38,True,fib_pullback,GULFOILLUB
2021-06-07,2021-06-14,618.6212768554688,591.4794311523438,-0.043874736803574683,-0.04647473680357468,bb_mid_break,7,60.3,1.1487,1.01,7.5,True,fib_pullback,GULFOILLUB
2023-02-20,2023-02-22,384.5602111816406,377.8089599609375,-0.017555771565546295,-0.020155771565546297,bb_mid_break,2,54.8,0.8144,0.82,6.71,True,fib_pullback,GULFOILLUB
2023-10-26,2023-10-31,523.5612182617188,570.18212890625,0.08904576775055616,0.08644576775055615,rsi_overbought,5,57.1,1.0991,0.84,9.86,True,fib_pullback,GULFOILLUB
2024-06-18,2024-06-25,940.0567016601562,1070.67431640625,0.13894652792264636,0.13634652792264637,rsi_overbought,7,57.2,5.9339,0.76,1.06,True,fib_pullback,GULFOILLUB
2024-12-24,2025-01-06,1141.141357421875,1068.5164794921875,-0.06364231517624191,-0.06624231517624192,macd_bear_cross,13,64.4,8.5582,0.97,1.66,True,fib_pullback,GULFOILLUB
2025-12-19,2026-01-01,1189.5316162109375,1193.7537841796875,0.0035494373677927454,0.0009494373677927455,rsi_overbought,13,58.0,8.3256,0.93,1.14,True,fib_pullback,GULFOILLUB
2016-08-29,2016-08-31,28.70365333557129,29.697755813598633,0.03463330839476773,0.03203330839476773,rsi_overbought,2,58.2,0.0778,0.65,2.78,True,fib_pullback,HEG
2018-05-07,2018-05-15,493.7380676269531,553.4418334960938,0.12092194178199396,0.11832194178199396,rsi_overbought,8,55.5,3.3557,0.9,1.1,True,fib_pullback,HEG
2021-07-15,2021-07-20,419.49371337890625,407.8648681640625,-0.02772114299682016,-0.03032114299682016,macd_bear_cross,5,59.2,1.1108,0.8,1.79,True,fib_pullback,HEG
2021-07-30,2021-08-10,420.9427185058594,415.5183410644531,-0.01288626029845613,-0.01548626029845613,bb_mid_break,11,55.4,0.6296,0.83,1.93,True,fib_pullback,HEG
2021-09-29,2021-10-21,429.617919921875,407.0289001464844,-0.05257932392461279,-0.05517932392461279,macd_bear_cross,22,58.4,0.7487,1.02,3.3,True,fib_pullback,HEG
2021-11-10,2021-11-12,418.388427734375,399.236083984375,-0.04577646627014114,-0.04837646627014114,bb_mid_break,2,43.7,0.177,0.59,4.71,True,fib_pullback,HEG
2024-03-12,2024-04-10,354.7865905761719,462.27093505859375,0.30295492371306304,0.30035492371306305,rsi_overbought,29,62.4,2.6354,1.2,5.58,True,fib_pullback,HEG
2024-07-31,2024-08-05,440.7991638183594,407.6156311035156,-0.07528038943494396,-0.07788038943494396,bb_mid_break,5,59.5,3.3669,0.86,1.26,True,fib_pullback,HEG
2024-09-13,2024-09-18,410.0729064941406,453.9081115722656,0.1068961259910775,0.1042961259910775,rsi_overbought,5,59.2,1.9077,1.07,1.9,True,fib_pullback,HEG
2025-09-11,2025-09-17,507.58111572265625,515.7350463867188,0.016064290832517557,0.013464290832517555,rsi_overbought,6,56.7,3.7184,0.81,1.14,True,fib_pullback,HEG
2025-10-06,2025-10-07,517.1768798828125,507.8794250488281,-0.01797732109774724,-0.02057732109774724,macd_bear_cross,1,54.9,0.1377,0.71,1.25,True,fib_pullback,HEG
2025-10-09,2025-10-10,532.3411254882812,512.304443359375,-0.037638801831303054,-0.04023880183130305,bb_mid_break,1,60.5,1.0357,1.2,3.82,True,fib_pullback,HEG
2025-10-28,2025-10-31,531.7942504882812,587.6784057617188,0.1050860463837771,0.10248604638377709,rsi_overbought,3,61.0,0.9486,1.07,1.51,True,fib_pullback,HEG
2025-12-23,2025-12-29,535.9706420898438,596.8764038085938,0.11363637657702244,0.11103637657702244,rsi_overbought,6,59.6,0.5173,0.76,1.63,True,fib_pullback,HEG
2026-02-24,2026-03-04,561.575927734375,540.1470947265625,-0.03815838954184717,-0.04075838954184717,bb_mid_break,8,57.9,3.6782,0.85,1.55,True,fib_pullback,HEG
2026-03-27,2026-04-16,569.08349609375,623.326904296875,0.09531713461286008,0.09271713461286007,rsi_overbought,20,58.0,3.4348,0.88,14.2,True,fib_pullback,HEG
2016-11-25,2016-12-06,302.1259460449219,294.19561767578125,-0.026248418823193346,-0.028848418823193347,bb_mid_break,11,52.2,0.4469,0.87,1.39,True,fib_pullback,HCLTECH
2017-05-12,2017-06-12,321.72271728515625,330.8114318847656,0.02825014868798857,0.02565014868798857,macd_bear_cross,31,63.4,1.6795,0.92,1.35,True,fib_pullback,HCLTECH
2017-09-13,2017-09-18,333.76593017578125,343.744873046875,0.029898027236747133,0.02729802723674713,rsi_overbought,5,44.7,0.2472,0.69,1.11,True,fib_pullback,HCLTECH
2017-09-22,2017-09-28,338.80328369140625,335.25994873046875,-0.010458384353101171,-0.013058384353101173,macd_bear_cross,6,62.3,0.8045,0.76,2.52,True,fib_pullback,HCLTECH
2017-10-05,2017-10-12,342.135986328125,350.8889465332031,0.025583278447311918,0.022983278447311916,rsi_overbought,7,56.9,0.4129,0.83,1.23,True,fib_pullback,HCLTECH
2017-12-14,2018-01-19,338.98248291015625,367.95269775390625,0.08546227697384662,0.08286227697384661,rsi_overbought,36,60.8,1.6377,0.97,2.12,True,fib_pullback,HCLTECH
2018-03-16,2018-03-19,372.26092529296875,356.44879150390625,-0.04247594285276752,-0.04507594285276752,macd_bear_cross,3,55.0,0.9549,0.86,2.27,True,fib_pullback,HCLTECH
2018-10-31,2018-11-01,408.6641540527344,390.5848083496094,-0.04424010651247877,-0.04684010651247877,bb_mid_break,1,50.7,1.3545,0.72,1.48,True,fib_pullback,HCLTECH
2018-12-05,2018-12-06,406.90283203125,391.9784851074219,-0.036677913617180084,-0.03927791361718008,bb_mid_break,1,60.7,1.6905,0.89,1.07,True,fib_pullback,HCLTECH
2019-10-11,2019-10-22,420.2881164550781,414.4285583496094,-0.013941764889502986,-0.016541764889502986,bb_mid_break,11,58.0,0.6873,0.86,1.03,True,fib_pullback,HCLTECH
2019-12-18,2020-01-02,440.48419189453125,447.3876037597656,0.015672326027280716,0.013072326027280715,rsi_overbought,15,48.6,0.0746,0.72,1.45,True,fib_pullback,HCLTECH
2020-07-07,2020-07-08,463.3653869628906,449.9430236816406,-0.028967125423904293,-0.031567125423904295,macd_bear_cross,1,56.5,0.1696,0.96,1.55,False,golden_cross,HCLTECH
2020-12-01,2020-12-18,659.6680908203125,704.3922729492188,0.06779800743930284,0.06519800743930283,rsi_overbought,17,58.1,0.2607,0.62,1.12,True,fib_pullback,HCLTECH
2021-03-03,2021-03-05,766.4597778320312,747.600830078125,-0.02460526735956021,-0.027205267359560213,bb_mid_break,2,48.5,1.2488,0.78,1.05,True,fib_pullback,HCLTECH
2021-03-08,2021-03-18,763.7994995117188,752.5635375976562,-0.014710617015650598,-0.0173106170156506,bb_mid_break,10,52.5,2.4276,0.73,1.0,True,fib_pullback,HCLTECH
2021-12-21,2021-12-24,987.5838012695312,1036.922119140625,0.049958613950198176,0.04735861395019818,rsi_overbought,3,61.0,4.4792,1.05,2.0,True,fib_pullback,HCLTECH
2022-03-14,2022-03-17,994.1114501953125,989.1942749023438,-0.004946301837688999,-0.007546301837688999,rsi_overbought,3,59.1,7.679,0.93,1.67,True,fib_pullback,HCLTECH
2023-04-05,2023-04-13,962.2724609375,928.1964111328125,-0.035412059669138504,-0.0380120596691385,bb_mid_break,8,57.3,2.8754,0.74,1.3,True,fib_pullback,HCLTECH
2023-05-09,2023-05-10,950.3566284179688,949.7401733398438,-0.0006486565776378021,-0.003248656577637802,rsi_overbought,1,63.1,4.0754,0.82,1.04,True,fib_pullback,HCLTECH
2025-12-09,2025-12-10,1598.4449462890625,1606.545166015625,0.005067562536556488,0.002467562536556488,macd_bear_cross,1,48.8,0.7605,0.74,1.01,False,golden_cross,HCLTECH
2020-02-06,2020-02-18,1461.113525390625,1418.2015380859375,-0.029369372440252436,-0.031969372440252435,bb_mid_break,12,54.8,3.7621,1.03,2.62,True,fib_pullback,HDFCAMC
2020-02-19,2020-02-25,1478.8153076171875,1437.510986328125,-0.027930682808265002,-0.030530682808265003,macd_bear_cross,6,62.0,2.2029,0.86,1.44,True,fib_pullback,HDFCAMC
2021-04-08,2021-04-12,1338.0692138671875,1231.0236767578126,-0.07999999999999992,-0.08259999999999992,stop_loss,4,58.0,3.8076,0.69,1.93,True,fib_pullback,HDFCAMC
2021-08-27,2021-09-03,1364.7625732421875,1425.0445556640625,0.04417030742473146,0.04157030742473146,rsi_overbought,7,62.6,2.766,1.01,1.84,True,fib_pullback,HDFCAMC
2024-05-31,2024-06-04,1833.039794921875,1686.3966113281251,-0.07999999999999993,-0.08259999999999994,stop_loss,4,63.1,3.1612,0.7,1.74,True,fib_pullback,HDFCAMC
2025-10-15,2025-10-23,2820.313720703125,2745.9404296875,-0.02637057376619903,-0.02897057376619903,bb_mid_break,8,48.7,1.4655,0.67,3.24,True,fib_pullback,HDFCAMC
2025-12-18,2026-01-06,2664.619140625,2565.976806640625,-0.037019299486544234,-0.03961929948654423,bb_mid_break,19,54.5,9.14,0.92,3.67,True,fib_pullback,HDFCAMC
2016-11-10,2016-11-15,291.5186462402344,286.092041015625,-0.01861495068873716,-0.02121495068873716,bb_mid_break,5,58.1,0.4552,1.09,1.86,True,fib_pullback,HDFCBANK
2017-12-21,2018-01-01,428.8164367675781,425.6490173339844,-0.007386422632186826,-0.009986422632186825,macd_bear_cross,11,55.1,0.8833,0.71,1.22,True,fib_pullback,HDFCBANK
2018-03-26,2018-04-25,434.5888977050781,440.85491943359375,0.014418273825227559,0.011818273825227557,macd_bear_cross,30,60.4,0.7266,0.83,1.87,True,fib_pullback,HDFCBANK
2019-03-07,2019-03-15,491.19647216796875,520.41650390625,0.05948746254083277,0.056887462540832774,rsi_overbought,8,53.7,0.2567,0.77,1.2,True,fib_pullback,HDFCBANK
2021-05-18,2021-06-09,687.9685668945312,689.6456909179688,0.002437791643603698,-0.00016220835639630185,macd_bear_cross,22,56.6,3.4576,1.01,1.08,True,fib_pullback,HDFCBANK
2021-08-05,2021-08-13,694.7594604492188,714.10693359375,0.027847728956467217,0.025247728956467215,rsi_overbought,8,41.2,0.7987,0.63,1.25,True,fib_pullback,HDFCBANK
2022-01-05,2022-01-07,732.1912841796875,725.5004272460938,-0.009138126986979734,-0.011738126986979736,rsi_overbought,2,63.5,6.532,1.03,1.47,True,fib_pullback,HDFCBANK
2023-07-20,2023-07-27,808.5181274414062,801.0493774414062,-0.009237578907024894,-0.011837578907024894,bb_mid_break,7,46.6,0.4471,0.69,1.3,True,fib_pullback,HDFCBANK
2024-10-21,2024-11-12,838.9466552734375,833.8509521484375,-0.006073929841628798,-0.008673929841628798,macd_bear_cross,22,49.5,0.5546,0.64,1.4,True,fib_pullback,HDFCBANK
2025-02-28,2025-03-03,840.7423706054688,825.770751953125,-0.01780761761960658,-0.02040761761960658,bb_mid_break,3,49.9,0.5328,0.79,2.47,True,fib_pullback,HDFCBANK
2025-10-07,2025-10-16,966.514404296875,978.1715698242188,0.01206103652001355,0.009461036520013549,rsi_overbought,9,59.8,3.1234,1.0,1.24,True,fib_pullback,HDFCBANK
2025-11-24,2025-11-25,982.8934936523438,973.6956176757812,-0.009357957943524502,-0.011957957943524503,macd_bear_cross,1,54.8,0.426,0.67,1.66,True,fib_pullback,HDFCBANK
2020-09-10,2020-09-18,590.4265747070312,574.2329711914062,-0.0274269557119109,-0.030026955711910903,bb_mid_break,8,51.8,0.4801,0.83,1.45,True,fib_pullback,HDFCLIFE
2020-10-27,2020-11-10,576.3921508789062,598.3271484375,0.03805568400809479,0.03545568400809479,rsi_overbought,14,54.6,2.1039,1.01,1.2,True,fib_pullback,HDFCLIFE
2021-04-07,2021-04-12,686.8517456054688,674.5348510742188,-0.017932391684310996,-0.020532391684310997,bb_mid_break,5,48.7,1.1634,0.56,1.1,True,fib_pullback,HDFCLIFE
2021-04-13,2021-04-19,692.9856567382812,653.5813598632812,-0.056861634136075284,-0.05946163413607528,macd_bear_cross,6,61.3,1.9537,0.88,1.7,True,fib_pullback,HDFCLIFE
2021-04-26,2021-04-27,691.3663330078125,666.1436157226562,-0.036482420506974894,-0.03908242050697489,bb_mid_break,1,54.4,0.8488,0.84,1.14,True,fib_pullback,HDFCLIFE
2021-08-25,2021-08-30,676.7715454101562,701.1828002929688,0.03607015550279689,0.03347015550279689,rsi_overbought,5,59.1,1.699,1.3,3.06,True,fib_pullback,HDFCLIFE
2023-10-17,2023-10-23,635.5963134765625,619.206298828125,-0.025786830887655675,-0.028386830887655676,bb_mid_break,6,48.5,0.4759,0.64,1.48,True,fib_pullback,HDFCLIFE
2025-09-18,2025-09-24,781.8134765625,767.5144653320312,-0.0182895430420809,-0.0208895430420809,bb_mid_break,6,55.7,0.4744,0.71,1.67,True,fib_pullback,HDFCLIFE
2025-11-20,2025-11-26,759.4930419921875,784.7529907226562,0.033258960034986844,0.030658960034986846,rsi_overbought,6,57.7,1.7286,0.63,1.11,True,fib_pullback,HDFCLIFE
2026-01-06,2026-01-08,775.0874633789062,755.4574584960938,-0.025326180347747737,-0.02792618034774774,bb_mid_break,2,57.8,1.1691,0.91,1.24,True,fib_pullback,HDFCLIFE
2017-06-15,2017-06-21,41.0,39.79999923706055,-0.029268311291206175,-0.031868311291206174,bb_mid_break,6,52.2,0.0625,0.81,1.04,True,fib_pullback,HATHWAY
2018-04-11,2018-04-19,37.650001525878906,40.099998474121094,0.06507295747539799,0.06247295747539798,rsi_overbought,8,60.9,0.3141,0.86,1.13,True,fib_pullback,HATHWAY
2019-04-16,2019-04-22,29.350000381469727,29.100000381469727,-0.008517887453174916,-0.011117887453174918,macd_bear_cross,6,47.2,0.0393,0.65,1.78,True,fib_pullback,HATHWAY
2024-04-23,2024-05-06,22.649999618530273,21.450000762939453,-0.0529800828168264,-0.0555800828168264,macd_bear_cross,13,62.9,0.2139,0.85,1.15,True,fib_pullback,HATHWAY
2024-05-24,2024-05-27,21.399999618530273,21.0,-0.018691571292548694,-0.021291571292548696,bb_mid_break,3,42.5,0.0203,0.52,1.52,True,fib_pullback,HATHWAY
2024-06-11,2024-06-25,21.68000030517578,22.290000915527344,0.02813655912200028,0.02553655912200028,rsi_overbought,14,54.1,0.0996,0.93,1.86,True,fib_pullback,HATHWAY
2016-08-19,2016-09-14,223.03021240234375,224.3089141845703,0.005733311951117189,0.003133311951117189,macd_bear_cross,26,54.4,0.0286,0.69,1.1,True,fib_pullback,HATSUN
2016-11-30,2016-12-26,234.94216918945312,237.49957275390625,0.010885247094108853,0.008285247094108852,rsi_overbought,26,64.8,0.3825,1.01,2.04,True,fib_pullback,HATSUN
2019-06-04,2019-06-10,505.3644104003906,495.75457763671875,-0.0190156500258065,-0.021615650025806503,bb_mid_break,6,55.0,0.7939,0.84,1.36,True,fib_pullback,HATSUN
2021-01-19,2021-01-25,709.4207763671875,684.64111328125,-0.034929429629661495,-0.03752942962966149,bb_mid_break,6,64.8,0.687,1.31,9.98,True,fib_pullback,HATSUN
2021-04-07,2021-04-19,714.9796752929688,698.5384521484375,-0.02299537135484911,-0.02559537135484911,macd_bear_cross,12,49.4,1.1291,0.67,1.38,True,fib_pullback,HATSUN
2023-07-12,2023-07-20,947.4384155273438,1020.3182373046875,0.0769230174573182,0.07432301745731819,rsi_overbought,8,65.0,1.7995,1.01,1.08,False,golden_cross,HATSUN
2024-01-05,2024-01-23,1092.3013916015625,1080.953857421875,-0.010388647553629343,-0.012988647553629343,macd_bear_cross,18,59.8,2.3149,0.72,1.92,True,fib_pullback,HATSUN
2024-02-29,2024-03-12,1104.3826904296875,1078.2637939453125,-0.023650222618223755,-0.026250222618223757,macd_bear_cross,12,48.7,1.4717,0.76,1.08,True,fib_pullback,HATSUN
2017-07-28,2017-08-01,451.0572509765625,440.920654296875,-0.022472971352840994,-0.025072971352840995,bb_mid_break,4,52.9,0.5598,0.82,1.28,True,fib_pullback,HAVELLS
2017-08-03,2017-08-10,458.4122314453125,437.1960144042969,-0.04628196105091639,-0.04888196105091639,bb_mid_break,7,55.4,2.0563,0.99,1.64,True,fib_pullback,HAVELLS
2017-11-24,2017-12-01,489.85943603515625,479.2984313964844,-0.02155925529198938,-0.02415925529198938,bb_mid_break,7,60.1,1.0073,0.97,1.26,True,fib_pullback,HAVELLS
2017-12-07,2017-12-12,495.7527770996094,515.13037109375,0.03908721219376482,0.03648721219376482,rsi_overbought,5,61.2,0.6557,1.01,1.66,True,fib_pullback,HAVELLS
2018-04-06,2018-04-12,502.7305603027344,516.9691162109375,0.02832243955813816,0.025722439558138157,rsi_overbought,6,56.8,3.3492,1.11,2.26,True,fib_pullback,HAVELLS
2021-05-18,2021-05-24,1033.7689208984375,979.6901245117188,-0.05231226756141928,-0.05491226756141928,bb_mid_break,6,59.3,7.6359,1.32,2.79,True,fib_pullback,HAVELLS
2021-07-05,2021-07-19,989.8361206054688,1054.995849609375,0.06582880503900884,0.06322880503900884,rsi_overbought,14,53.0,1.1701,0.82,2.06,True,fib_pullback,HAVELLS
2021-12-02,2021-12-13,1338.412109375,1329.532470703125,-0.006634457809875567,-0.009234457809875567,bb_mid_break,11,56.7,0.5659,0.68,1.18,True,fib_pullback,HAVELLS
2021-12-28,2022-01-07,1358.5008544921875,1327.979736328125,-0.02246676405328534,-0.025066764053285343,bb_mid_break,10,46.9,2.6701,0.76,1.03,True,fib_pullback,HAVELLS
2023-06-02,2023-06-07,1305.14453125,1319.2601318359375,0.01081535435191864,0.008215354351918638,rsi_overbought,5,61.6,3.9736,1.02,1.44,False,golden_cross,HAVELLS
2023-08-23,2023-08-25,1313.329833984375,1282.4521484375,-0.023510990725915663,-0.026110990725915665,bb_mid_break,2,57.0,2.2759,0.93,1.81,True,fib_pullback,HAVELLS
2023-08-29,2023-09-08,1312.447509765625,1421.597412109375,0.08316515634460828,0.08056515634460827,rsi_overbought,10,53.4,3.5632,0.89,1.24,True,fib_pullback,HAVELLS
2023-12-21,2024-01-11,1314.6041259765625,1401.8455810546875,0.06636329017552497,0.06376329017552497,rsi_overbought,21,59.4,1.866,0.67,1.09,True,fib_pullback,HAVELLS
2024-02-13,2024-02-15,1338.8310546875,1356.5166015625,0.013209692748819625,0.010609692748819625,rsi_overbought,2,64.2,2.3057,0.58,1.2,True,fib_pullback,HAVELLS
2024-08-16,2024-09-05,1849.61474609375,1852.57177734375,0.0015987281979909773,-0.0010012718020090225,macd_bear_cross,20,56.5,6.0163,1.01,1.7,True,fib_pullback,HAVELLS
2017-07-06,2017-07-25,101.20486450195312,102.49506378173828,0.012748391948691923,0.010148391948691923,macd_bear_cross,19,53.4,0.2754,0.8,1.32,True,fib_pullback,HEIDELBERG
2018-04-06,2018-04-19,120.12564086914062,120.78121185302734,0.005457377618495853,0.002857377618495853,rsi_overbought,13,51.7,0.5791,0.96,1.73,True,fib_pullback,HEIDELBERG
2018-05-31,2018-06-01,117.81183624267578,114.18682861328125,-0.03076946888364872,-0.03336946888364872,bb_mid_break,1,53.7,0.4915,0.81,1.5,True,fib_pullback,HEIDELBERG
2019-02-20,2019-03-05,120.99969482421875,134.08499145507812,0.10814322011199223,0.10554322011199223,rsi_overbought,13,62.3,0.6781,1.11,1.05,True,fib_pullback,HEIDELBERG
2019-08-16,2019-08-22,156.3142547607422,147.76150512695312,-0.05471509714120492,-0.05731509714120492,bb_mid_break,6,50.9,0.298,0.66,1.14,True,fib_pullback,HEIDELBERG
2019-08-28,2019-09-03,157.96961975097656,148.1556396484375,-0.06212574365887459,-0.0647257436588746,bb_mid_break,6,60.8,0.4255,0.9,1.06,True,fib_pullback,HEIDELBERG
2019-09-04,2019-09-06,154.93479919433594,150.0869140625,-0.03128984035249045,-0.03388984035249045,macd_bear_cross,2,56.3,0.2062,0.67,1.04,True,fib_pullback,HEIDELBERG
2019-09-12,2019-09-16,153.96414184570312,153.24337768554688,-0.004681376790178662,-0.007281376790178662,bb_mid_break,4,45.6,0.0813,0.58,1.0,True,fib_pullback,HEIDELBERG
2019-09-23,2019-09-30,156.8071746826172,150.80078125,-0.03830432787769005,-0.04090432787769005,bb_mid_break,7,52.1,0.0568,0.83,4.46,True,fib_pullback,HEIDELBERG
2019-10-18,2019-10-23,154.1243133544922,150.24017333984375,-0.02520134513569418,-0.027801345135694183,bb_mid_break,5,46.5,0.214,0.74,1.04,True,fib_pullback,HEIDELBERG
2019-11-04,2019-11-13,152.96307373046875,151.20118713378906,-0.01151837861067208,-0.01411837861067208,bb_mid_break,9,62.3,0.3442,0.9,1.43,True,fib_pullback,HEIDELBERG
2021-03-24,2021-04-12,195.3488006591797,193.30393981933594,-0.010467741972019419,-0.01306774197201942,bb_mid_break,19,56.0,0.358,0.84,1.45,True,fib_pullback,HEIDELBERG
2021-11-08,2021-11-12,217.52001953125,211.41690063476562,-0.028057734224355247,-0.03065773422435525,bb_mid_break,4,42.8,0.8415,0.74,2.44,True,fib_pullback,HEIDELBERG
2022-12-01,2022-12-08,186.91543579101562,181.6020050048828,-0.0284269234568385,-0.031026923456838502,bb_mid_break,7,54.0,0.1303,0.81,1.14,True,fib_pullback,HEIDELBERG
2022-12-14,2022-12-15,186.10491943359375,184.6189422607422,-0.007984620596672574,-0.010584620596672575,macd_bear_cross,1,64.1,0.0267,0.8,1.16,True,fib_pullback,HEIDELBERG
2024-05-21,2024-05-22,189.50033569335938,186.78782653808594,-0.014314007124835354,-0.016914007124835356,death_cross,1,52.8,0.4739,0.92,4.8,True,fib_pullback,HEIDELBERG
2024-09-19,2024-09-23,220.12001037597656,216.67352294921875,-0.015657310849981475,-0.018257310849981476,bb_mid_break,4,54.7,0.6548,0.72,1.2,True,fib_pullback,HEIDELBERG
2024-12-03,2024-12-11,217.24472045898438,218.7743377685547,0.007040987262376777,0.004440987262376777,rsi_overbought,8,47.7,0.7524,0.63,1.92,True,fib_pullback,HEIDELBERG
2025-01-23,2025-02-10,212.8494873046875,207.05047607421875,-0.027244656794346154,-0.029844656794346155,macd_bear_cross,18,59.6,0.915,1.1,3.38,True,fib_pullback,HEIDELBERG
2016-12-30,2017-01-02,208.99322509765625,203.302001953125,-0.027231615483573272,-0.029831615483573274,bb_mid_break,3,55.1,0.1737,0.74,1.64,True,fib_pullback,HERITGFOOD
2017-01-03,2017-01-16,207.7416229248047,204.84877014160156,-0.013925243976024189,-0.01652524397602419,macd_bear_cross,13,57.5,0.3892,0.71,2.51,True,fib_pullback,HERITGFOOD
2018-04-04,2018-04-11,345.9458923339844,360.51629638671875,0.04211758074198425,0.03951758074198425,death_cross,7,57.2,0.6725,0.66,1.08,True,fib_pullback,HERITGFOOD
2021-09-23,2021-09-30,230.9427490234375,222.276611328125,-0.03752504779629607,-0.04012504779629607,bb_mid_break,7,56.8,1.5133,0.85,1.11,True,fib_pullback,HERITGFOOD
2021-10-13,2021-10-19,227.46168518066406,223.85891723632812,-0.01583901016768779,-0.018439010167687793,bb_mid_break,6,44.9,0.1661,0.6,1.14,True,fib_pullback,HERITGFOOD
2022-11-04,2022-11-25,160.4317626953125,156.9779052734375,-0.021528513829486926,-0.024128513829486928,macd_bear_cross,21,54.3,0.1249,0.79,1.79,True,fib_pullback,HERITGFOOD
2022-11-28,2022-11-29,159.61766052246094,157.8660430908203,-0.01097383225582449,-0.013573832255824491,macd_bear_cross,1,56.8,0.0119,0.66,1.31,True,fib_pullback,HERITGFOOD
2023-12-01,2023-12-06,234.5548858642578,233.37547302246094,-0.005028302170944449,-0.007628302170944449,macd_bear_cross,5,64.7,0.5243,0.62,1.08,True,fib_pullback,HERITGFOOD
2024-04-24,2024-05-03,326.9910583496094,326.8927307128906,-0.0003007043593639216,-0.0029007043593639215,rsi_overbought,9,44.2,1.4287,0.67,1.18,True,fib_pullback,HERITGFOOD
2024-09-10,2024-09-27,566.3284912109375,625.0248413085938,0.10364364676788602,0.10104364676788602,rsi_overbought,17,60.2,1.3617,0.98,1.72,True,fib_pullback,HERITGFOOD
2017-12-19,2018-01-03,2736.91943359375,2777.000244140625,0.014644497771805558,0.012044497771805558,rsi_overbought,15,53.7,9.545,0.86,2.83,True,fib_pullback,HEROMOTOCO
2019-11-01,2019-11-04,2121.889404296875,2071.999267578125,-0.023512128680091112,-0.026112128680091114,bb_mid_break,3,63.6,3.6383,0.81,1.62,True,fib_pullback,HEROMOTOCO
2020-11-11,2020-12-09,2488.993896484375,2595.177734375,0.04266134924661981,0.04006134924661981,rsi_overbought,28,48.6,2.6819,0.55,1.3,True,fib_pullback,HEROMOTOCO
2021-01-08,2021-01-13,2571.1025390625,2648.940673828125,0.0302742242221141,0.0276742242221141,rsi_overbought,5,52.4,1.6288,0.9,1.58,True,fib_pullback,HEROMOTOCO
2023-01-16,2023-01-27,2399.10546875,2379.580810546875,-0.008138307572321063,-0.010738307572321065,bb_mid_break,11,59.3,1.1611,0.78,1.62,True,fib_pullback,HEROMOTOCO
2023-09-11,2023-09-25,2756.275146484375,2684.3984375,-0.026077479629003527,-0.02867747962900353,bb_mid_break,14,64.0,10.4381,1.15,1.07,True,fib_pullback,HEROMOTOCO
2023-10-11,2023-10-27,2798.2373046875,2808.4794921875,0.003660228345481164,0.001060228345481164,macd_bear_cross,16,52.8,1.483,0.97,2.1,True,fib_pullback,HEROMOTOCO
2024-04-30,2024-05-09,4189.53173828125,4394.11865234375,0.048832883205804645,0.04623288320580465,rsi_overbought,9,46.7,15.6581,0.68,1.08,True,fib_pullback,HEROMOTOCO
2024-08-30,2024-09-04,5067.82177734375,5279.9482421875,0.0418575226524509,0.0392575226524509,rsi_overbought,5,63.8,25.9127,0.99,2.13,True,fib_pullback,HEROMOTOCO
2025-07-16,2025-07-24,4213.28857421875,4158.484375,-0.013007463944933342,-0.015607463944933342,macd_bear_cross,8,60.3,6.5662,0.97,1.27,False,golden_cross,HEROMOTOCO
2026-02-04,2026-02-16,5656.42431640625,5412.3876953125,-0.043143266389321394,-0.04574326638932139,bb_mid_break,12,58.1,31.1433,0.81,1.11,True,fib_pullback,HEROMOTOCO
2026-02-25,2026-03-02,5654.32861328125,5510.4453125,-0.02544657564530078,-0.028046575645300782,bb_mid_break,5,54.3,6.3759,0.87,1.86,True,fib_pullback,HEROMOTOCO
2026-03-10,2026-03-11,5628.70556640625,5494.18408203125,-0.023899186551498322,-0.026499186551498324,bb_mid_break,1,55.3,2.5725,0.78,1.05,True,fib_pullback,HEROMOTOCO
2026-04-10,2026-04-16,5387.25732421875,5084.70751953125,-0.056160266064768906,-0.058760266064768904,bb_mid_break,6,51.2,33.1112,0.87,1.53,True,fib_pullback,HEROMOTOCO
2017-07-27,2017-08-04,16.799745559692383,16.603256225585938,-0.011695970835289437,-0.014295970835289436,macd_bear_cross,8,64.8,0.2971,0.8,1.73,False,golden_cross,HFCL
2018-04-30,2018-05-09,27.410110473632812,26.62415885925293,-0.028673784993895952,-0.03127378499389595,bb_mid_break,9,57.7,0.0342,0.8,1.41,True,fib_pullback,HFCL
2019-05-28,2019-05-31,21.967544555664062,20.83469009399414,-0.0515694623401972,-0.0541694623401972,bb_mid_break,3,53.3,0.1026,0.76,1.73,True,fib_pullback,HFCL
2021-04-23,2021-05-04,27.33087921142578,30.994800567626953,0.13405793966077226,0.13145793966077227,rsi_overbought,11,62.1,0.1963,1.03,4.68,True,fib_pullback,HFCL
2021-09-06,2021-09-08,71.4959945678711,74.07064056396484,0.0360110522506214,0.0334110522506214,rsi_overbought,2,61.0,0.8945,0.88,1.71,True,fib_pullback,HFCL
2021-12-15,2021-12-20,81.21607208251953,74.71878631591797,-0.08000000000000002,-0.08260000000000002,stop_loss,5,55.1,0.8557,0.67,1.24,True,fib_pullback,HFCL
2022-03-31,2022-04-18,78.09046936035156,77.99124908447266,-0.0012705811181778195,-0.0038705811181778196,death_cross,18,62.6,0.641,1.19,3.69,True,fib_pullback,HFCL
2023-12-07,2023-12-18,70.16243743896484,77.89177703857422,0.11016349889972425,0.10756349889972425,rsi_overbought,11,53.6,0.3503,1.11,5.14,True,fib_pullback,HFCL
2024-04-30,2024-05-07,100.23206329345703,96.34245300292969,-0.038806048311501244,-0.04140604831150124,bb_mid_break,7,58.1,0.5899,0.92,3.4,True,fib_pullback,HFCL
2024-05-22,2024-06-04,102.67552185058594,94.46148010253907,-0.07999999999999992,-0.08259999999999992,stop_loss,13,54.4,0.5444,0.97,1.01,True,fib_pullback,HFCL
2024-12-06,2024-12-10,132.07061767578125,126.7282943725586,-0.040450505928104834,-0.04305050592810483,bb_mid_break,4,62.0,0.6408,0.84,1.87,True,fib_pullback,HFCL
2018-01-02,2018-01-08,165.80796813964844,181.1541748046875,0.09255409638765989,0.08995409638765989,rsi_overbought,6,63.0,0.6858,1.26,5.72,True,fib_pullback,HSCL
2022-06-07,2022-06-13,69.74356842041016,64.16408294677734,-0.08000000000000003,-0.08260000000000003,stop_loss,6,58.5,0.8864,0.86,1.03,True,fib_pullback,HSCL
2022-11-18,2022-11-21,101.73743438720703,97.61226654052734,-0.0405471975141375,-0.043147197514137495,macd_bear_cross,3,47.0,0.0724,0.64,1.24,True,fib_pullback,HSCL
2022-11-25,2022-12-09,102.28414916992188,99.20269775390625,-0.03012638264113136,-0.03272638264113136,macd_bear_cross,14,53.5,0.2799,0.76,1.9,True,fib_pullback,HSCL
2024-12-26,2025-01-10,564.3193359375,573.594970703125,0.016436854410128352,0.01383685441012835,macd_bear_cross,15,45.8,1.0849,0.73,2.2,True,fib_pullback,HSCL
2026-02-18,2026-03-02,470.411865234375,456.830322265625,-0.028871599490763736,-0.03147159949076374,bb_mid_break,12,59.6,2.0133,0.99,1.7,True,fib_pullback,HSCL
2016-09-30,2016-10-13,251.10594177246094,252.27452087402344,0.004653729391323624,0.0020537293913236243,macd_bear_cross,13,57.4,0.2322,0.67,1.05,True,fib_pullback,HIMATSEIDE
2017-04-24,2017-04-27,337.9085998535156,320.52001953125,-0.05145941929209149,-0.05405941929209149,bb_mid_break,3,60.5,1.2486,1.18,3.09,True,fib_pullback,HIMATSEIDE
2017-06-21,2017-06-23,321.5951232910156,329.635009765625,0.025000026095961587,0.022400026095961586,rsi_overbought,2,57.2,1.4729,0.69,1.0,True,fib_pullback,HIMATSEIDE
2018-04-04,2018-04-05,339.6278076171875,348.2444763183594,0.025370916361725535,0.022770916361725534,death_cross,1,62.4,3.0427,1.01,2.02,True,fib_pullback,HIMATSEIDE
2021-04-29,2021-05-10,153.65211486816406,167.70594787597656,0.09146527543646835,0.08886527543646834,rsi_overbought,11,61.2,1.751,1.12,2.73,True,fib_pullback,HIMATSEIDE
2021-12-30,2022-01-06,239.202880859375,248.87014770507812,0.04041450843305861,0.03781450843305861,rsi_overbought,7,64.2,3.5275,1.06,7.17,True,fib_pullback,HIMATSEIDE
2023-10-12,2023-10-23,141.25668334960938,132.8859100341797,-0.059259308069070815,-0.06185930806907081,bb_mid_break,11,57.5,0.0275,0.62,1.1,True,fib_pullback,HIMATSEIDE
2018-11-02,2018-11-12,228.10621643066406,217.48121643066406,-0.0465791777455991,-0.0491791777455991,bb_mid_break,10,60.9,1.0896,1.05,1.84,True,fib_pullback,HINDALCO
2018-12-03,2018-12-05,221.08612060546875,209.98675537109375,-0.05020380838009262,-0.05280380838009262,bb_mid_break,2,53.3,0.1601,0.59,1.17,True,fib_pullback,HINDALCO
2021-07-05,2021-07-20,373.9915466308594,367.70318603515625,-0.016814178428235762,-0.019414178428235764,bb_mid_break,15,49.2,0.8311,0.79,1.08,True,fib_pullback,HINDALCO
2021-12-31,2022-01-07,459.7152404785156,477.0675354003906,0.03774574648387352,0.03514574648387352,rsi_overbought,7,57.7,1.9969,0.99,2.31,True,fib_pullback,HINDALCO
2024-03-26,2024-04-04,548.5601806640625,567.3152465820312,0.03418962327025761,0.03158962327025761,rsi_overbought,9,64.9,4.8331,1.05,1.02,True,fib_pullback,HINDALCO
2024-08-20,2024-08-26,664.5345458984375,703.000244140625,0.057883669825144514,0.055283669825144516,rsi_overbought,6,54.6,4.6508,0.87,1.47,True,fib_pullback,HINDALCO
2025-12-10,2025-12-11,817.4854125976562,820.0718994140625,0.003163954703714386,0.000563954703714386,rsi_overbought,1,59.8,1.4901,0.82,1.18,True,fib_pullback,HINDALCO
2026-03-05,2026-03-13,949.994140625,905.3271484375,-0.04701817651013473,-0.049618176510134726,bb_mid_break,8,48.1,1.02,0.74,2.76,True,fib_pullback,HINDALCO
2026-04-07,2026-04-15,949.5464477539062,1006.200927734375,0.059664780079459453,0.057064780079459455,rsi_overbought,8,59.2,6.0204,0.76,1.66,True,fib_pullback,HINDALCO
2026-08-04,2026-08-05,1020.0,1040.0,0.0196078431372549,0.0170078431372549,rsi_overbought,1,64.4,9.2644,1.26,1.59,True,fib_pullback,HINDALCO
2021-05-19,2021-06-03,467.7977294921875,483.6330261230469,0.03385073426510471,0.03125073426510471,rsi_overbought,15,63.9,3.6501,0.98,1.19,True,fib_pullback,HAL
2022-01-12,2022-01-14,611.3888549804688,636.0986938476562,0.04041591315559207,0.037815913155592074,rsi_overbought,2,64.5,5.3999,1.07,1.38,True,fib_pullback,HAL
2024-10-16,2024-10-22,4569.27685546875,4221.349609375,-0.07614492557554976,-0.07874492557554977,bb_mid_break,6,63.3,45.0075,1.05,1.34,True,fib_pullback,HAL
2024-11-26,2024-12-05,4283.025390625,4483.509765625,0.04680905591613697,0.04420905591613697,rsi_overbought,9,56.6,13.5418,0.75,1.28,True,fib_pullback,HAL
2026-07-10,2026-07-15,4506.7998046875,4420.5,-0.01914879924281083,-0.021748799242810833,bb_mid_break,5,49.2,4.4795,0.89,1.36,True,fib_pullback,HAL
2026-07-21,2026-08-03,4581.7001953125,4690.0,0.023637470823232965,0.021037470823232964,rsi_overbought,13,64.4,10.4827,1.11,1.13,True,fib_pullback,HAL
2016-11-25,2016-12-09,58.164546966552734,60.58806610107422,0.04166660381477945,0.03906660381477945,rsi_overbought,14,57.7,0.3009,0.84,2.1,True,fib_pullback,HINDCOPPER
2017-05-15,2017-05-23,63.43927001953125,60.873191833496094,-0.04044936496345449,-0.04304936496345449,bb_mid_break,8,51.4,0.0482,0.88,2.6,True,fib_pullback,HINDCOPPER
2017-06-15,2017-06-23,62.48887252807617,60.54054641723633,-0.031178768827433447,-0.03377876882743345,bb_mid_break,8,55.0,0.2673,0.81,2.03,True,fib_pullback,HINDCOPPER
2017-07-05,2017-07-14,62.631431579589844,61.11079406738281,-0.024279143456503272,-0.026879143456503274,bb_mid_break,9,58.2,0.181,0.92,1.13,True,fib_pullback,HINDCOPPER
2017-07-25,2017-07-27,62.86902618408203,67.57351684570312,0.07483002278174679,0.07223002278174678,rsi_overbought,2,52.0,0.0654,0.88,1.77,True,fib_pullback,HINDCOPPER
2020-11-12,2020-11-18,34.11186599731445,37.02741241455078,0.08547015333215316,0.08287015333215315,rsi_overbought,6,53.1,0.2191,0.72,1.68,True,fib_pullback,HINDCOPPER
2021-10-06,2021-10-11,121.82321166992188,122.651611328125,0.006800014930222503,0.004200014930222503,death_cross,5,60.4,1.8398,0.89,5.0,True,fib_pullback,HINDCOPPER
2022-11-07,2022-11-10,111.05345153808594,102.16917541503906,-0.07999999999999999,-0.08259999999999999,stop_loss,3,61.5,0.6676,1.12,2.76,True,fib_pullback,HINDCOPPER
2022-11-11,2022-11-21,111.89029693603516,107.50919342041016,-0.03915534801136122,-0.041755348011361215,bb_mid_break,10,62.1,1.0647,1.0,1.43,True,fib_pullback,HINDCOPPER
2024-08-19,2024-09-04,320.5506286621094,309.7549743652344,-0.03367846864607038,-0.03627846864607038,bb_mid_break,16,53.4,2.5364,0.83,2.04,True,fib_pullback,HINDCOPPER
2024-09-19,2024-09-26,321.9211120605469,341.43902587890625,0.06062949302526157,0.05802949302526157,rsi_overbought,7,44.3,0.7716,0.68,1.65,True,fib_pullback,HINDCOPPER
2017-07-12,2017-07-14,164.62754821777344,177.5273895263672,0.07835773203358114,0.07575773203358113,rsi_overbought,2,54.6,0.5842,0.93,1.82,True,fib_pullback,HINDPETRO
2017-12-14,2017-12-28,200.371337890625,193.68081665039062,-0.03339061020736645,-0.03599061020736645,bb_mid_break,14,53.6,1.3401,1.05,1.62,True,fib_pullback,HINDPETRO
2021-09-08,2021-09-13,155.17312622070312,155.63314819335938,0.002964572435061723,0.00036457243506172327,rsi_overbought,5,64.8,1.2087,0.82,1.1,True,fib_pullback,HINDPETRO
2022-01-05,2022-01-07,180.73341369628906,184.0111083984375,0.018135521457345975,0.015535521457345974,rsi_overbought,2,60.6,1.6045,1.05,2.82,True,fib_pullback,HINDPETRO
2023-01-17,2023-01-18,147.7804718017578,147.75009155273438,-0.0002055768847740012,-0.002805576884774001,macd_bear_cross,1,62.1,0.0304,0.59,1.17,False,golden_cross,HINDPETRO
2023-04-20,2023-04-26,145.56390380859375,150.14883422851562,0.03149771543603787,0.028897715436037866,rsi_overbought,6,53.9,0.2783,0.68,1.2,True,fib_pullback,HINDPETRO
2024-07-11,2024-07-29,328.04901123046875,357.1006164550781,0.08855873430509856,0.08595873430509855,rsi_overbought,18,60.6,0.9418,0.81,2.31,True,fib_pullback,HINDPETRO
2026-02-04,2026-02-19,458.8500061035156,434.3500061035156,-0.053394354743612774,-0.05599435474361277,macd_bear_cross,15,57.6,2.8037,0.77,1.45,True,fib_pullback,HINDPETRO
2019-02-01,2019-02-15,1589.72412109375,1566.3106689453125,-0.014727997039089244,-0.017327997039089243,macd_bear_cross,14,58.0,1.7785,0.99,1.46,True,fib_pullback,HINDUNILVR
2019-08-07,2019-08-09,1581.591064453125,1638.6343994140625,0.036067056929574695,0.0334670569295747,rsi_overbought,2,59.4,5.8608,1.07,1.96,True,fib_pullback,HINDUNILVR
2020-06-23,2020-07-10,1941.7340087890625,2002.8427734375,0.03147123363541807,0.028871233635418065,death_cross,17,60.5,7.8289,1.0,1.13,True,fib_pullback,HINDUNILVR
2020-10-27,2020-10-29,1968.8048095703125,1931.844970703125,-0.018772728859421016,-0.021372728859421018,death_cross,2,59.4,3.6613,0.75,1.0,True,fib_pullback,HINDUNILVR
2020-12-08,2020-12-09,2057.38134765625,2086.694580078125,0.014247836190052158,0.011647836190052156,rsi_overbought,1,63.5,10.2424,1.11,1.0,False,golden_cross,HINDUNILVR
2023-01-10,2023-01-11,2477.175537109375,2429.765625,-0.01913869703585794,-0.021738697035857943,bb_mid_break,1,45.6,0.1542,0.63,1.28,True,fib_pullback,HINDUNILVR
2023-01-13,2023-01-16,2458.576904296875,2433.372314453125,-0.010251698777329166,-0.012851698777329168,bb_mid_break,3,51.1,1.9418,0.6,1.18,True,fib_pullback,HINDUNILVR
2023-01-25,2023-01-30,2457.031005859375,2406.247802734375,-0.020668523516347726,-0.023268523516347728,macd_bear_cross,5,53.9,0.1276,0.64,1.03,True,fib_pullback,HINDUNILVR
2025-10-23,2025-10-24,2555.31689453125,2471.63232421875,-0.032749194626935374,-0.03534919462693537,bb_mid_break,1,63.0,11.4309,0.94,2.4,True,fib_pullback,HINDUNILVR
2025-12-02,2025-12-05,2452.850830078125,2315.052490234375,-0.05617885040296602,-0.058778850402966015,macd_bear_cross,3,63.0,9.6024,1.08,1.46,True,fib_pullback,HINDUNILVR
2017-01-09,2017-01-16,121.57463073730469,128.6903076171875,0.05852929050023753,0.05592929050023753,rsi_overbought,7,55.8,0.2663,0.65,1.22,True,fib_pullback,HINDZINC
2018-02-12,2018-02-23,152.28382873535156,162.35687255859375,0.06614651015077745,0.06354651015077745,rsi_overbought,11,59.4,0.0204,0.63,1.65,True,fib_pullback,HINDZINC
2020-10-19,2020-11-20,131.34005737304688,144.7584686279297,0.10216541338009565,0.09956541338009564,macd_bear_cross,32,56.6,0.7007,1.02,1.61,True,fib_pullback,HINDZINC
2021-04-06,2021-04-19,196.89895629882812,184.84390258789062,-0.06122456887299025,-0.06382456887299025,bb_mid_break,13,50.3,0.9286,0.7,1.54,True,fib_pullback,HINDZINC
2021-04-26,2021-05-03,198.72842407226562,194.5141143798828,-0.02120637604840222,-0.02380637604840222,bb_mid_break,7,61.7,0.7486,0.72,1.47,True,fib_pullback,HINDZINC
2022-01-04,2022-01-06,227.08694458007812,227.7052764892578,0.0027228862069683794,0.0001228862069683795,rsi_overbought,2,47.5,0.0572,0.6,2.19,True,fib_pullback,HINDZINC
2022-02-04,2022-02-14,226.46865844726562,215.5110626220703,-0.04838460165006384,-0.05098460165006384,macd_bear_cross,10,49.6,0.2814,0.73,1.63,True,fib_pullback,HINDZINC
2022-03-08,2022-03-09,221.48794555664062,217.7438201904297,-0.0169044204947644,-0.0195044204947644,bb_mid_break,1,53.1,0.75,0.54,3.2,True,fib_pullback,HINDZINC
2023-03-27,2023-04-05,265.55609130859375,267.8550720214844,0.008657232080656954,0.006057232080656954,rsi_overbought,9,64.8,2.5974,1.06,1.18,True,fib_pullback,HINDZINC
2023-06-22,2023-06-27,272.236083984375,267.4607849121094,-0.017541021757202853,-0.020141021757202855,bb_mid_break,5,58.7,0.767,0.99,1.12,True,fib_pullback,HINDZINC
2023-08-30,2023-09-12,286.4033508300781,282.15130615234375,-0.014846351013040677,-0.01744635101304068,macd_bear_cross,13,48.5,0.0017,0.85,1.72,True,fib_pullback,HINDZINC
2023-10-10,2023-10-20,283.80731201171875,276.24334716796875,-0.026651761683425812,-0.029251761683425814,bb_mid_break,10,48.9,0.3082,0.69,1.11,True,fib_pullback,HINDZINC
2024-10-24,2024-10-25,519.4908447265625,491.1330871582031,-0.05458759833060325,-0.057187598330603245,bb_mid_break,1,59.1,2.5886,1.13,2.03,True,fib_pullback,HINDZINC
2024-10-29,2024-11-06,529.745849609375,494.0699462890625,-0.06734531916884155,-0.06994531916884156,bb_mid_break,8,64.9,3.369,1.17,1.7,True,fib_pullback,HINDZINC
2019-03-01,2019-03-12,21535.38671875,22297.921875,0.03540847286415763,0.03280847286415763,rsi_overbought,11,58.7,51.6368,1.06,5.87,True,fib_pullback,HONAUT
2020-01-10,2020-01-13,26862.26171875,26563.40234375,-0.0111256221880749,-0.0137256221880749,bb_mid_break,3,44.4,33.7236,0.66,1.1,True,fib_pullback,HONAUT
2020-11-26,2020-12-08,32043.53515625,30271.32421875,-0.05530634896737775,-0.05790634896737775,macd_bear_cross,12,64.3,302.0218,1.01,1.47,True,fib_pullback,HONAUT
2021-07-02,2021-07-14,41337.3046875,43582.8515625,0.05432252760492707,0.05172252760492707,rsi_overbought,12,60.4,224.4804,0.94,1.51,True,fib_pullback,HONAUT
2021-09-08,2021-09-13,41019.37109375,42008.3828125,0.024110845495159062,0.02151084549515906,rsi_overbought,5,61.0,236.1493,1.09,1.41,True,fib_pullback,HONAUT
2022-11-01,2022-11-09,40473.30078125,38224.3984375,-0.05556508365613326,-0.05816508365613326,bb_mid_break,8,62.8,244.3854,1.08,1.73,True,fib_pullback,HONAUT
2020-01-03,2020-01-27,26.562978744506836,30.431703567504883,0.14564348600392155,0.14304348600392155,rsi_overbought,24,61.2,0.256,1.05,1.44,True,golden_cross,HUDCO
2020-10-22,2020-10-27,25.83047103881836,24.75420379638672,-0.04166657436537694,-0.04426657436537694,bb_mid_break,5,57.4,0.066,0.94,2.16,True,fib_pullback,HUDCO
2020-11-12,2020-11-23,25.253894805908203,26.791431427001953,0.06088314823953571,0.05828314823953571,rsi_overbought,11,47.1,0.1262,0.84,2.61,True,fib_pullback,HUDCO
2022-11-02,2022-11-04,32.60042953491211,35.07081985473633,0.07577784572373976,0.07317784572373975,rsi_overbought,2,60.2,0.1353,0.98,1.37,True,fib_pullback,HUDCO
2023-03-09,2023-03-15,43.27606964111328,40.18808364868164,-0.0713555093621067,-0.07395550936210671,bb_mid_break,6,58.4,0.5331,1.05,3.04,True,fib_pullback,HUDCO
2023-04-17,2023-04-20,40.60857391357422,40.60857391357422,0.0,-0.0026,rsi_overbought,3,56.7,0.2503,0.79,1.23,True,fib_pullback,HUDCO
2023-11-08,2023-11-09,75.7389144897461,74.24373626708984,-0.019741215367678325,-0.022341215367678326,bb_mid_break,1,52.0,0.0539,0.54,1.4,True,fib_pullback,HUDCO
2025-06-05,2025-06-11,233.88816833496094,231.0170135498047,-0.012275758990272438,-0.01487575899027244,macd_bear_cross,6,58.5,0.7926,0.71,1.22,False,golden_cross,HUDCO
2026-06-19,2026-06-26,207.32681274414062,206.94923400878906,-0.0018211765779543798,-0.004421176577954379,macd_bear_cross,7,59.5,0.5696,0.65,1.23,False,golden_cross,HUDCO
2026-07-03,2026-07-08,214.1929931640625,202.5473175048828,-0.054370012235925975,-0.056970012235925974,macd_bear_cross,5,59.1,0.2397,1.04,2.83,True,fib_pullback,HUDCO
2016-08-30,2016-09-06,220.1608123779297,234.29409790039062,0.064195282392943,0.061595282392943,rsi_overbought,7,63.0,0.4526,1.0,1.07,True,fib_pullback,ICICIBANK
2017-01-11,2017-01-13,227.4207763671875,230.29896545410156,0.012655787799558891,0.010055787799558891,rsi_overbought,2,64.9,1.3787,1.1,1.72,True,fib_pullback,ICICIBANK
2019-03-05,2019-03-11,347.5445861816406,359.599853515625,0.034686966257859685,0.032086966257859686,rsi_overbought,6,61.8,1.7121,1.0,1.24,True,fib_pullback,ICICIBANK
2019-09-20,2019-10-04,400.425048828125,396.9722595214844,-0.008622810477879645,-0.011222810477879645,bb_mid_break,14,55.4,1.1481,0.89,3.19,True,fib_pullback,ICICIBANK
2021-04-29,2021-06-04,596.0338745117188,616.414794921875,0.03419423170680132,0.03159423170680132,macd_bear_cross,36,62.7,7.2093,1.03,1.22,True,fib_pullback,ICICIBANK
2023-03-03,2023-03-09,840.4805908203125,828.2879028320312,-0.014506804941659792,-0.01710680494165979,bb_mid_break,6,59.6,1.9916,0.85,1.16,True,fib_pullback,ICICIBANK
2023-03-22,2023-03-27,832.4005737304688,821.2721557617188,-0.013369065711808821,-0.01596906571180882,death_cross,5,51.8,1.2187,0.72,1.23,True,fib_pullback,ICICIBANK
2023-12-01,2023-12-05,923.6458740234375,988.7703247070312,0.07050802966282857,0.06790802966282856,rsi_overbought,4,55.8,2.1195,0.88,1.34,True,fib_pullback,ICICIBANK
2024-11-25,2024-12-05,1280.1959228515625,1315.1787109375,0.027326120526938846,0.024726120526938844,rsi_overbought,10,52.6,0.1489,0.74,1.7,True,fib_pullback,ICICIBANK
2025-03-11,2025-03-18,1225.5321044921875,1248.755615234375,0.0189497367364443,0.016349736736444298,rsi_overbought,7,50.9,1.0301,0.67,1.12,True,fib_pullback,ICICIBANK
2025-11-13,2025-11-25,1374.3138427734375,1346.4488525390625,-0.020275565425537725,-0.022875565425537727,bb_mid_break,12,57.2,2.535,0.65,1.31,True,fib_pullback,ICICIBANK
2018-12-03,2018-12-20,818.5322265625,825.6370239257812,0.008679923810841863,0.006079923810841863,macd_bear_cross,17,59.8,1.0342,0.92,1.83,True,fib_pullback,ICICIGI
2019-01-31,2019-02-11,839.4651489257812,818.0554809570312,-0.02550393902134807,-0.02810393902134807,bb_mid_break,11,48.9,0.1555,0.79,1.24,True,fib_pullback,ICICIGI
2019-08-07,2019-08-20,1117.764892578125,1088.0137939453125,-0.026616597846611183,-0.029216597846611184,macd_bear_cross,13,61.9,7.364,0.77,1.31,True,fib_pullback,ICICIGI
2019-09-26,2019-10-04,1140.6279296875,1128.4312744140625,-0.010692930583226241,-0.013292930583226243,macd_bear_cross,8,53.2,2.2545,0.55,2.16,True,fib_pullback,ICICIGI
2020-02-06,2020-02-17,1321.27294921875,1283.869140625,-0.028308918770997577,-0.03090891877099758,bb_mid_break,11,43.6,1.3945,0.75,1.1,True,fib_pullback,ICICIGI
2020-09-14,2020-09-21,1251.9317626953125,1223.78271484375,-0.02248449052124037,-0.02508449052124037,bb_mid_break,7,58.3,2.5212,0.76,1.73,True,fib_pullback,ICICIGI
2020-09-30,2020-10-05,1246.321044921875,1203.06689453125,-0.03470546418746894,-0.03730546418746894,bb_mid_break,5,59.1,1.0866,0.74,1.32,True,fib_pullback,ICICIGI
2020-11-06,2020-11-17,1208.8690185546875,1274.8056640625,0.054544077559904494,0.051944077559904496,rsi_overbought,11,52.6,2.0323,0.82,1.1,True,fib_pullback,ICICIGI
2021-02-09,2021-02-18,1450.892578125,1436.889892578125,-0.009651083586746843,-0.012251083586746845,rsi_overbought,9,50.4,6.681,0.67,1.42,True,fib_pullback,ICICIGI
2021-04-26,2021-05-10,1395.9822998046875,1440.0274658203125,0.031551378568186274,0.028951378568186272,rsi_overbought,14,51.7,3.5123,0.88,2.61,True,fib_pullback,ICICIGI
2023-10-17,2023-10-19,1332.1153564453125,1343.2298583984375,0.008343498105737274,0.0057434981057372745,rsi_overbought,2,62.2,5.1266,0.84,1.23,True,fib_pullback,ICICIGI
2025-10-01,2025-10-08,1890.2576904296875,1864.9364013671875,-0.013395681017832041,-0.015995681017832043,bb_mid_break,7,57.7,4.4673,0.77,1.42,True,fib_pullback,ICICIGI
2020-01-22,2020-01-24,500.81463623046875,514.1137084960938,0.026554879397544064,0.023954879397544062,rsi_overbought,2,62.9,1.802,1.18,3.99,True,fib_pullback,ICICIPRULI
2020-11-09,2020-11-13,417.31256103515625,427.7935791015625,0.025115510638854897,0.022515510638854895,rsi_overbought,4,50.4,1.6748,0.83,1.3,True,fib_pullback,ICICIPRULI
2021-03-04,2021-03-08,492.0639953613281,473.6727294921875,-0.03737576015013192,-0.03997576015013192,bb_mid_break,4,55.5,1.9892,0.96,1.11,True,fib_pullback,ICICIPRULI
2023-11-21,2023-12-05,552.5225830078125,541.2384643554688,-0.020422909396599624,-0.023022909396599626,bb_mid_break,14,64.1,4.735,0.95,1.97,True,fib_pullback,ICICIPRULI
2024-05-17,2024-05-21,586.7724609375,576.83056640625,-0.016943355718101707,-0.01954335571810171,bb_mid_break,4,62.0,0.9142,0.72,1.07,True,fib_pullback,ICICIPRULI
2024-06-13,2024-06-20,593.302001953125,602.6072998046875,0.015683914466713165,0.013083914466713163,rsi_overbought,7,56.8,3.8905,0.89,2.01,True,fib_pullback,ICICIPRULI
2025-08-18,2025-08-26,634.1990966796875,614.1685791015625,-0.03158395791320677,-0.03418395791320677,bb_mid_break,8,64.0,2.6376,1.01,2.64,True,fib_pullback,ICICIPRULI
2025-12-10,2026-01-06,640.6267700195312,686.069091796875,0.07093415995706567,0.06833415995706567,rsi_overbought,27,62.5,1.0417,1.14,2.07,False,golden_cross,ICICIPRULI
2017-04-12,2017-05-15,3691.595703125,3726.029052734375,0.009327497477642681,0.006727497477642681,bb_mid_break,33,62.1,4.0517,0.71,3.09,True,fib_pullback,ICRA
2021-06-21,2021-06-24,3100.089599609375,2986.350830078125,-0.03668886523330861,-0.03928886523330861,macd_bear_cross,3,61.1,5.6808,0.73,1.02,True,fib_pullback,ICRA
2021-10-18,2021-10-21,3420.39794921875,3306.5439453125,-0.033286771187620225,-0.03588677118762022,bb_mid_break,3,57.1,9.1037,1.1,3.14,True,fib_pullback,ICRA
2021-10-22,2021-10-25,3392.98779296875,3281.680419921875,-0.032805120394932163,-0.03540512039493216,bb_mid_break,3,58.7,13.5154,0.81,1.37,True,fib_pullback,ICRA
2021-10-26,2021-10-27,3389.0986328125,3299.04345703125,-0.026572013841484516,-0.029172013841484518,bb_mid_break,1,56.6,8.0545,0.78,1.57,True,fib_pullback,ICRA
2021-11-17,2021-11-26,3394.23828125,3223.94287109375,-0.050171907817130365,-0.05277190781713036,bb_mid_break,9,61.6,8.3785,0.94,3.28,True,fib_pullback,ICRA
2022-01-14,2022-01-17,3248.204345703125,3273.16064453125,0.007683106163298608,0.005083106163298608,rsi_overbought,3,60.8,10.7474,1.43,1.01,True,fib_pullback,ICRA
2022-01-27,2022-02-01,3287.69970703125,3466.51416015625,0.05438892510242887,0.05178892510242887,rsi_overbought,5,62.8,10.6569,0.86,3.23,True,fib_pullback,ICRA
2022-05-20,2022-05-30,3733.5322265625,3655.8388671875,-0.020809612629628497,-0.0234096126296285,bb_mid_break,10,45.1,4.3685,0.54,1.65,True,fib_pullback,ICRA
2022-09-16,2022-09-28,3657.512939453125,3585.097412109375,-0.019799117198633243,-0.022399117198633245,bb_mid_break,12,59.9,14.5393,1.04,7.68,True,fib_pullback,ICRA
2023-03-02,2023-03-14,4331.5400390625,4205.9208984375,-0.029001034156938894,-0.03160103415693889,bb_mid_break,12,53.7,2.4456,0.92,4.36,True,fib_pullback,ICRA
2023-11-17,2023-11-20,5393.34326171875,5201.5556640625,-0.035560057713651096,-0.038160057713651094,bb_mid_break,3,63.2,25.8287,0.83,2.07,True,fib_pullback,ICRA
2023-11-24,2023-11-29,5320.53369140625,5238.7001953125,-0.015380693148495203,-0.017980693148495205,bb_mid_break,5,59.8,9.0788,0.74,1.12,True,fib_pullback,ICRA
2024-02-29,2024-03-01,5612.77392578125,5475.79638671875,-0.02440460650540702,-0.027004606505407022,macd_bear_cross,1,56.6,4.5371,0.6,1.13,True,fib_pullback,ICRA
2025-02-11,2025-02-13,6150.46142578125,5828.83740234375,-0.052292665732253794,-0.05489266573225379,bb_mid_break,2,61.7,23.613,0.79,2.4,True,fib_pullback,ICRA
2025-09-26,2025-09-29,6346.32421875,6277.267578125,-0.010881360334691772,-0.013481360334691772,macd_bear_cross,3,60.2,3.1436,0.53,1.33,True,fib_pullback,ICRA
2025-12-24,2025-12-29,6170.5,6071.07861328125,-0.016112371237136373,-0.018712371237136375,death_cross,5,64.7,31.6476,1.09,1.95,True,fib_pullback,ICRA
2016-10-19,2016-11-02,68.94400024414062,66.3887710571289,-0.03706238654506969,-0.039662386545069685,macd_bear_cross,14,54.4,0.0304,0.72,1.58,True,fib_pullback,IDBI
2017-04-28,2017-05-09,73.91251373291016,77.6034164428711,0.0499361004457021,0.0473361004457021,rsi_overbought,11,62.2,0.4307,1.02,3.21,True,fib_pullback,IDBI
2018-01-25,2018-01-30,61.60953903198242,57.58740997314453,-0.06528419335762184,-0.06788419335762184,bb_mid_break,5,54.2,0.2933,0.94,6.48,False,golden_cross,IDBI
2018-02-19,2018-02-23,60.52119827270508,73.0134506225586,0.20641118659885313,0.20381118659885314,rsi_overbought,4,51.7,0.2404,0.67,1.31,True,fib_pullback,IDBI
2020-02-07,2020-02-12,34.30638885498047,32.886810302734375,-0.04137942230664143,-0.043979422306641425,bb_mid_break,5,56.1,0.0713,0.85,2.99,True,fib_pullback,IDBI
2020-11-18,2020-12-04,35.631324768066406,37.5714111328125,0.05444889791144793,0.05184889791144793,rsi_overbought,16,59.0,0.0664,0.6,1.13,True,fib_pullback,IDBI
2021-05-07,2021-05-27,36.81430435180664,36.57771301269531,-0.006426614417330897,-0.009026614417330898,macd_bear_cross,20,63.2,0.4689,0.91,1.54,False,golden_cross,IDBI
2021-08-09,2021-08-10,36.48306655883789,35.536685943603516,-0.025940270500784363,-0.028540270500784365,bb_mid_break,1,57.1,0.0386,0.91,3.01,True,fib_pullback,IDBI
2021-09-02,2021-09-16,36.62502670288086,39.89004898071289,0.08914730095132492,0.08654730095132492,rsi_overbought,14,57.3,0.1214,0.85,2.21,True,fib_pullback,IDBI
2021-12-15,2021-12-17,48.64409255981445,44.7525651550293,-0.07999999999999989,-0.0825999999999999,stop_loss,2,55.5,0.5787,0.77,1.3,True,fib_pullback,IDBI
2022-01-05,2022-01-21,48.07625961303711,46.04153823852539,-0.04232278864639361,-0.04492278864639361,macd_bear_cross,16,54.7,0.2808,0.77,3.23,True,fib_pullback,IDBI
2022-04-13,2022-04-20,44.81123733520508,44.054134368896484,-0.016895381858018692,-0.019495381858018693,death_cross,7,58.2,0.3588,0.8,1.21,True,fib_pullback,IDBI
2023-12-07,2023-12-13,64.61735534667969,63.36545944213867,-0.019373988579762316,-0.021973988579762318,rsi_overbought,6,56.0,0.5747,1.04,3.13,True,fib_pullback,IDBI
2024-04-23,2024-05-07,84.26258087158203,81.99952697753906,-0.026857163294011978,-0.02945716329401198,macd_bear_cross,14,61.2,0.0115,0.69,1.35,True,fib_pullback,IDBI
2024-07-10,2024-07-15,82.71215057373047,88.09532165527344,0.06508319568772854,0.06248319568772853,rsi_overbought,5,45.0,0.1158,0.63,1.79,True,fib_pullback,IDBI
2025-08-21,2025-08-28,97.58000183105469,89.77360168457032,-0.07999999999999989,-0.0825999999999999,stop_loss,7,62.6,0.5505,1.08,7.34,True,fib_pullback,IDBI
2025-09-10,2025-09-25,94.76000213623047,90.88999938964844,-0.040840044948694414,-0.04344004494869441,macd_bear_cross,15,57.2,0.5708,0.84,1.77,True,fib_pullback,IDBI
2025-10-10,2025-10-14,93.45999908447266,91.73999786376953,-0.018403608362423836,-0.021003608362423837,bb_mid_break,4,48.7,0.0718,0.74,1.51,True,fib_pullback,IDBI
2025-12-22,2025-12-31,100.16999816894531,102.98999786376953,0.02815213882771613,0.025552138827716127,rsi_overbought,9,51.1,0.1307,0.69,1.79,True,fib_pullback,IDBI
2026-02-06,2026-02-27,106.86000061035156,116.01000213623047,0.08562606656950124,0.08302606656950123,rsi_overbought,21,52.7,0.7156,0.86,1.68,True,fib_pullback,IDBI
2017-02-07,2017-02-09,60.64175796508789,60.064674377441406,-0.009516274049619695,-0.012116274049619697,bb_mid_break,2,44.6,0.0017,0.53,2.34,True,fib_pullback,IDFCFIRSTB
2017-02-13,2017-02-14,60.930301666259766,59.9684944152832,-0.015785368276112845,-0.018385368276112847,bb_mid_break,1,50.0,0.1466,0.58,1.05,True,fib_pullback,IDFCFIRSTB
2017-02-17,2017-02-27,60.49748992919922,59.72804260253906,-0.012718665312571608,-0.01531866531257161,bb_mid_break,10,55.3,0.0557,0.59,1.15,True,fib_pullback,IDFCFIRSTB
2017-02-28,2017-03-01,60.112770080566406,59.77614212036133,-0.005599940906963878,-0.008199940906963878,macd_bear_cross,1,45.9,0.0268,0.56,1.07,True,fib_pullback,IDFCFIRSTB
2021-05-21,2021-06-15,56.89608383178711,59.2315559387207,0.041048029137442946,0.03844802913744295,macd_bear_cross,25,59.9,0.2633,0.86,1.48,True,fib_pullback,IDFCFIRSTB
2023-02-06,2023-02-09,59.3806266784668,58.386810302734375,-0.016736373987996486,-0.019336373987996487,bb_mid_break,3,47.2,0.0724,0.68,1.01,True,fib_pullback,IDFCFIRSTB
2023-04-18,2023-04-27,56.15072250366211,59.08248519897461,0.052212377055723416,0.04961237705572342,rsi_overbought,9,56.9,0.2131,0.96,2.02,True,fib_pullback,IDFCFIRSTB
2023-12-05,2024-01-01,88.6982650756836,87.25723266601562,-0.016246455423207868,-0.01884645542320787,macd_bear_cross,27,60.1,0.6206,1.09,2.33,True,fib_pullback,IDFCFIRSTB
2024-01-16,2024-01-17,87.75414276123047,84.67329406738281,-0.0351077293550723,-0.0377077293550723,macd_bear_cross,1,47.8,0.0353,0.66,1.7,True,fib_pullback,IDFCFIRSTB
2025-09-04,2025-09-22,72.0184326171875,70.71226501464844,-0.018136573583626425,-0.020736573583626426,macd_bear_cross,18,59.4,0.3057,1.09,2.35,True,fib_pullback,IDFCFIRSTB
2025-10-07,2025-10-20,71.77912902832031,76.70466613769531,0.06862074221368218,0.06602074221368218,rsi_overbought,13,52.5,0.0312,0.68,1.35,True,fib_pullback,IDFCFIRSTB
2016-12-28,2017-01-09,456.6000061035156,485.04998779296875,0.0623083252500072,0.0597083252500072,rsi_overbought,12,54.2,1.7557,0.93,1.45,True,fib_pullback,IFBIND
2017-08-22,2017-09-06,702.5,728.0,0.036298932384341634,0.033698932384341636,rsi_overbought,15,50.0,2.8956,0.71,9.16,True,fib_pullback,IFBIND
2017-09-15,2017-09-25,727.1500244140625,722.0999755859375,-0.006944988872405429,-0.00954498887240543,macd_bear_cross,10,64.6,1.204,0.79,4.47,True,fib_pullback,IFBIND
2018-02-09,2018-02-14,1379.550048828125,1320.9000244140625,-0.042513879408640126,-0.045113879408640124,bb_mid_break,5,44.8,0.2001,0.56,1.13,True,fib_pullback,IFBIND
2018-05-22,2018-05-24,1329.8499755859375,1274.5999755859375,-0.04154603978968125,-0.04414603978968125,macd_bear_cross,2,62.4,4.7434,0.66,1.47,True,fib_pullback,IFBIND
2022-01-17,2022-01-24,1200.75,1149.0,-0.043098063710181135,-0.04569806371018113,bb_mid_break,7,64.8,8.5344,1.08,6.26,True,fib_pullback,IFBIND
2023-10-18,2023-10-23,909.5,897.5,-0.013194062671797692,-0.01579406267179769,bb_mid_break,5,54.3,0.3525,0.68,3.65,True,fib_pullback,IFBIND
2023-11-10,2023-11-16,921.7000122070312,983.1500244140625,0.06667029553345434,0.06407029553345434,rsi_overbought,6,50.6,1.6835,0.89,14.41,True,fib_pullback,IFBIND
2024-01-03,2024-01-25,982.75,1241.1500244140625,0.2629356646289112,0.2603356646289112,rsi_overbought,22,60.7,3.1856,0.94,4.04,True,fib_pullback,IFBIND
2024-06-07,2024-06-20,1456.25,1597.4000244140625,0.0969270553916309,0.0943270553916309,rsi_overbought,13,49.5,2.74,0.73,4.72,True,fib_pullback,IFBIND
2024-12-23,2025-01-06,1821.1500244140625,1832.449951171875,0.006204830248100039,0.0036048302481000395,bb_mid_break,14,56.6,2.8032,0.67,1.38,True,fib_pullback,IFBIND
2016-08-29,2016-08-31,27.799999237060547,28.350000381469727,0.019784214370623648,0.017184214370623646,rsi_overbought,2,62.1,0.0166,0.59,1.0,True,fib_pullback,IFCI
2017-03-30,2017-04-12,29.899999618530273,29.549999237060547,-0.011705698526257398,-0.014305698526257397,macd_bear_cross,13,64.5,0.07,0.75,2.43,True,fib_pullback,IFCI
2021-03-01,2021-03-03,9.5,12.800000190734863,0.3473684411299856,0.3447684411299856,rsi_overbought,2,58.6,0.0425,1.07,2.71,True,fib_pullback,IFCI
2021-06-02,2021-06-07,12.449999809265137,14.100000381469727,0.1325301684725071,0.1299301684725071,rsi_overbought,5,61.8,0.1191,0.95,1.35,True,fib_pullback,IFCI
2021-11-15,2021-11-22,13.0,12.149999618530273,-0.06538464472844051,-0.06798464472844051,bb_mid_break,7,58.5,0.0141,0.71,3.4,True,fib_pullback,IFCI
2023-07-06,2023-07-20,12.449999809265137,12.600000381469727,0.012048238915872212,0.009448238915872213,macd_bear_cross,14,58.3,0.0225,0.83,1.16,False,golden_cross,IFCI
2024-05-02,2024-05-17,50.04999923706055,61.45000076293945,0.22777226173137566,0.22517226173137567,rsi_overbought,15,59.8,0.5159,1.04,2.48,True,fib_pullback,IFCI
2024-11-06,2024-11-11,65.22000122070312,60.00240112304688,-0.07999999999999992,-0.08259999999999992,stop_loss,5,58.5,1.2356,1.02,2.99,True,fib_pullback,IFCI
2024-11-25,2024-12-12,64.55000305175781,62.93000030517578,-0.02509686553047987,-0.027696865530479873,macd_bear_cross,17,57.7,0.412,0.82,3.12,True,fib_pullback,IFCI
2025-10-03,2025-10-13,58.150001525878906,56.709999084472656,-0.02476358389716285,-0.02736358389716285,bb_mid_break,10,63.1,0.0199,0.77,1.37,True,fib_pullback,IFCI
2016-09-21,2016-09-23,10.960264205932617,11.49287223815918,0.04859445194197693,0.04599445194197693,rsi_overbought,2,63.6,0.025,0.83,2.16,False,golden_cross,IRB
2020-11-17,2020-12-04,5.511338710784912,5.798084735870361,0.052028380060243386,0.04942838006024339,rsi_overbought,17,47.2,0.0098,0.57,1.41,True,fib_pullback,IRB
2021-01-08,2021-01-22,5.56965970993042,5.528350353240967,-0.00741685468069093,-0.01001685468069093,bb_mid_break,14,55.6,0.028,0.64,1.34,True,fib_pullback,IRB
2021-03-02,2021-03-08,5.479748249053955,6.028937816619873,0.10022167855261091,0.0976216785526109,rsi_overbought,6,52.1,0.023,1.09,4.23,True,fib_pullback,IRB
2021-12-03,2021-12-15,11.093148231506348,10.43460750579834,-0.05936463769930027,-0.061964637699300266,bb_mid_break,12,50.3,0.0021,0.72,1.59,True,fib_pullback,IRB
2022-05-20,2022-06-09,11.384754180908203,10.794252395629883,-0.051867767708904,-0.054467767708904,bb_mid_break,20,49.1,0.0858,0.71,2.66,True,fib_pullback,IRB
2023-02-21,2023-02-22,14.525979995727539,16.628326416015625,0.14473009193916278,0.1421300919391628,rsi_overbought,1,62.5,0.0712,0.87,2.54,True,fib_pullback,IRB
2023-03-06,2023-03-13,14.967934608459473,13.770499839782715,-0.07999999999999996,-0.08259999999999997,stop_loss,7,54.7,0.0309,0.77,1.75,True,fib_pullback,IRB
2023-05-10,2023-05-22,13.869147300720215,13.454050064086914,-0.02992954272046307,-0.03252954272046307,macd_bear_cross,12,63.2,0.085,0.84,1.44,True,fib_pullback,IRB
2026-06-22,2026-07-06,21.646100997924805,20.638608932495117,-0.0465438124642528,-0.0491438124642528,macd_bear_cross,14,52.4,0.0802,0.76,1.03,True,fib_pullback,IRB
2019-11-13,2019-11-14,34.59275436401367,32.28762435913086,-0.06663620886114825,-0.06923620886114826,macd_bear_cross,1,63.9,0.0369,0.77,1.37,False,golden_cross,IRCON
2020-04-03,2020-04-13,36.760128021240234,33.81931777954102,-0.07999999999999997,-0.08259999999999998,stop_loss,10,63.1,1.0639,0.96,1.38,True,fib_pullback,IRCON
2020-05-04,2020-05-05,36.03180694580078,34.372840881347656,-0.046041711617420406,-0.048641711617420404,macd_bear_cross,1,53.9,0.0575,0.65,2.65,True,fib_pullback,IRCON
2021-01-08,2021-01-11,37.44474792480469,38.5631103515625,0.029867003751865847,0.027267003751865845,rsi_overbought,3,55.3,0.0781,0.69,1.3,False,golden_cross,IRCON
2021-04-06,2021-04-22,38.13030242919922,36.53453826904297,-0.04185028857610776,-0.044450288576107756,bb_mid_break,16,61.6,0.3739,0.87,1.54,True,fib_pullback,IRCON
2021-06-28,2021-06-29,40.943878173828125,40.229984283447266,-0.017435912820715403,-0.020035912820715405,macd_bear_cross,1,51.0,0.0031,0.84,1.28,True,fib_pullback,IRCON
2021-06-30,2021-07-02,40.98586654663086,39.81004333496094,-0.028688504373383255,-0.03128850437338326,macd_bear_cross,2,52.0,0.0365,0.83,2.66,True,fib_pullback,IRCON
2021-10-19,2021-10-20,41.13080596923828,40.337284088134766,-0.019292641182304827,-0.02189264118230483,macd_bear_cross,1,58.5,0.0153,0.68,1.2,False,golden_cross,IRCON
2021-12-10,2021-12-16,42.20563507080078,40.99720001220703,-0.02863207854985659,-0.03123207854985659,bb_mid_break,6,52.4,0.0937,0.77,1.43,True,fib_pullback,IRCON
2022-01-04,2022-01-07,41.489524841308594,41.4000129699707,-0.002157457133583972,-0.004757457133583972,rsi_overbought,3,47.7,0.1088,0.73,2.59,True,fib_pullback,IRCON
2023-03-31,2023-04-03,53.45640563964844,55.46101379394531,0.037499867982333325,0.03489986798233333,rsi_overbought,3,58.9,0.1861,1.06,1.52,True,fib_pullback,IRCON
2016-11-04,2016-11-11,167.1209716796875,163.02764892578125,-0.024493172297679788,-0.02709317229767979,bb_mid_break,7,61.7,0.6745,1.25,3.46,True,fib_pullback,ITC
2016-12-28,2016-12-29,157.99490356445312,158.36398315429688,0.002336022121708414,-0.00026397787829158604,death_cross,1,52.6,0.5033,0.84,1.74,True,fib_pullback,ITC
2018-07-05,2018-07-27,189.41275024414062,210.30029296875,0.11027527290368098,0.10767527290368098,rsi_overbought,22,59.9,0.5404,1.08,1.47,True,fib_pullback,ITC
2018-11-29,2018-12-05,199.8739013671875,191.3937530517578,-0.04242749182070971,-0.04502749182070971,bb_mid_break,6,59.5,0.8972,0.97,1.45,True,fib_pullback,ITC
2018-12-19,2018-12-21,197.02401733398438,192.3668975830078,-0.02363732002825862,-0.026237320028258623,bb_mid_break,2,44.5,0.416,0.7,1.39,True,fib_pullback,ITC
2018-12-27,2019-01-04,195.1472625732422,195.28627014160156,0.0007123213850217501,-0.0018876786149782498,death_cross,8,61.1,0.2588,0.63,1.19,True,fib_pullback,ITC
2021-03-18,2021-03-19,166.55967712402344,170.6155548095703,0.024350897861832387,0.021750897861832385,rsi_overbought,1,64.9,0.4699,1.23,2.73,True,fib_pullback,ITC
2021-05-14,2021-06-03,162.42721557617188,159.97840881347656,-0.015076332830115653,-0.017676332830115653,bb_mid_break,20,64.7,0.6604,1.2,3.25,True,fib_pullback,ITC
2021-07-15,2021-07-23,162.3992462158203,167.24169921875,0.029818198764877974,0.027218198764877972,rsi_overbought,8,54.1,0.1468,1.04,1.79,True,fib_pullback,ITC
2021-09-07,2021-09-16,166.72987365722656,181.69027709960938,0.08972839188458405,0.08712839188458404,rsi_overbought,9,56.6,0.201,0.86,2.38,True,fib_pullback,ITC
2021-11-15,2021-11-22,187.47763061523438,181.80841064453125,-0.030239447512211335,-0.03283944751221134,bb_mid_break,7,54.9,0.169,0.6,1.46,True,fib_pullback,ITC
2021-12-09,2021-12-15,185.35165405273438,176.41477966308594,-0.04821577900300695,-0.05081577900300695,bb_mid_break,6,48.1,0.3505,0.76,1.91,True,fib_pullback,ITC
2022-01-17,2022-01-20,176.8478546142578,172.24159240722656,-0.026046469249392207,-0.02864646924939221,bb_mid_break,3,60.2,0.8005,0.89,1.02,True,fib_pullback,ITC
2022-02-01,2022-02-17,179.32810974121094,179.52320861816406,0.0010879436427154276,-0.0015120563572845723,macd_bear_cross,16,58.5,0.4894,1.01,2.86,True,fib_pullback,ITC
2022-12-12,2022-12-15,283.469970703125,279.8770446777344,-0.012674802965826166,-0.015274802965826166,bb_mid_break,3,57.5,0.0679,0.79,1.13,True,fib_pullback,ITC
2023-01-25,2023-01-31,280.20745849609375,291.02752685546875,0.038614490911296845,0.03601449091129685,rsi_overbought,6,59.9,0.9457,0.93,1.38,True,fib_pullback,ITC
2023-12-13,2023-12-20,391.10894775390625,387.11761474609375,-0.01020516925203135,-0.012805169252031352,macd_bear_cross,7,62.9,1.0342,0.79,1.06,True,fib_pullback,ITC
2024-12-27,2025-01-02,424.7653503417969,434.0399169921875,0.021834564996715572,0.01923456499671557,rsi_overbought,6,58.2,1.6523,0.89,1.14,True,fib_pullback,ITC
2016-08-17,2016-08-29,31.049999237060547,28.899999618530273,-0.06924314561541388,-0.07184314561541388,macd_bear_cross,12,61.0,0.1279,1.05,6.04,True,fib_pullback,ITI
2016-10-19,2016-11-09,29.700000762939453,27.324000701904296,-0.08000000000000002,-0.08260000000000002,stop_loss,21,52.0,0.2044,1.0,3.0,True,fib_pullback,ITI
2017-03-03,2017-03-17,48.349998474121094,52.54999923706055,0.08686661624586123,0.08426661624586122,rsi_overbought,14,55.4,0.2705,0.8,3.66,True,fib_pullback,ITI
2018-01-02,2018-01-12,144.8000030517578,136.4499969482422,-0.05766578679235918,-0.06026578679235918,macd_bear_cross,10,62.4,1.0638,0.96,5.72,True,fib_pullback,ITI
2018-03-15,2018-03-16,122.30000305175781,116.69999694824219,-0.045789092099578134,-0.04838909209957813,bb_mid_break,1,44.1,0.2824,0.7,2.96,True,fib_pullback,ITI
2019-01-25,2019-01-29,105.0,96.60000000000001,-0.07999999999999992,-0.08259999999999992,stop_loss,4,62.7,0.6392,0.72,1.54,False,golden_cross,ITI
2019-03-05,2019-03-18,96.44999694824219,93.1500015258789,-0.03421457259489757,-0.036814572594897566,bb_mid_break,13,51.4,0.2545,0.91,1.52,True,fib_pullback,ITI
2019-04-01,2019-04-18,100.05000305175781,97.44999694824219,-0.025987066708739542,-0.028587066708739544,macd_bear_cross,17,62.7,0.3648,1.05,3.27,True,fib_pullback,ITI
2019-05-22,2019-06-11,93.75,93.6500015258789,-0.001066650390625,-0.003666650390625,macd_bear_cross,20,56.1,1.0071,0.79,2.76,True,fib_pullback,ITI
2019-12-19,2020-01-01,94.5999984741211,91.80000305175781,-0.029598260756095594,-0.032198260756095595,macd_bear_cross,13,55.2,0.4148,0.99,2.06,False,golden_cross,ITI
2020-11-12,2020-12-21,126.25,121.55000305175781,-0.03722769859993812,-0.039827698599938115,macd_bear_cross,39,57.7,1.0491,0.97,2.83,True,fib_pullback,ITI
2021-03-02,2021-03-09,130.89999389648438,127.0,-0.02979369043797273,-0.03239369043797273,bb_mid_break,7,57.7,0.4232,0.9,1.68,True,fib_pullback,ITI
2021-03-12,2021-03-17,129.0500030517578,124.0,-0.03913214205607123,-0.04173214205607123,macd_bear_cross,5,54.4,0.1176,0.64,1.14,True,fib_pullback,ITI
2022-11-11,2022-11-21,110.9000015258789,109.19999694824219,-0.015329166404384734,-0.017929166404384734,macd_bear_cross,10,62.3,0.5956,0.71,1.13,True,fib_pullback,ITI
2024-04-23,2024-05-09,293.29998779296875,277.29998779296875,-0.05455165586741823,-0.05715165586741823,macd_bear_cross,16,62.7,3.5505,1.12,7.89,True,fib_pullback,ITI
2024-08-22,2024-09-06,302.8500061035156,289.1499938964844,-0.04523695536049789,-0.04783695536049789,macd_bear_cross,15,49.0,1.2738,0.69,3.16,True,fib_pullback,ITI
2025-08-07,2025-08-08,320.29998779296875,303.6499938964844,-0.05198249931637955,-0.05458249931637955,bb_mid_break,1,52.5,0.6255,0.8,13.92,True,fib_pullback,ITI
2025-09-03,2025-09-09,315.25,309.0,-0.019825535289452814,-0.022425535289452816,death_cross,6,59.8,1.9075,0.98,2.99,True,fib_pullback,ITI
2025-10-09,2025-10-23,337.70001220703125,328.70001220703125,-0.026650872593046982,-0.029250872593046984,macd_bear_cross,14,60.2,2.9941,0.88,1.92,False,golden_cross,ITI
2017-10-24,2017-10-25,177.03517150878906,183.9596710205078,0.039113693921408024,0.036513693921408026,death_cross,1,50.7,0.5139,0.71,1.0,True,fib_pullback,INDIACEM
2019-06-25,2019-07-08,102.32327270507812,94.13741088867188,-0.07999999999999995,-0.08259999999999995,stop_loss,13,54.1,0.251,0.69,2.43,True,fib_pullback,INDIACEM
2020-09-14,2020-09-21,122.976318359375,113.138212890625,-0.08000000000000002,-0.08260000000000002,stop_loss,7,58.2,0.563,1.01,3.11,True,fib_pullback,INDIACEM
2020-11-05,2020-11-10,120.33616638183594,117.21633911132812,-0.025925932031176397,-0.0285259320311764,bb_mid_break,5,56.8,0.0973,0.84,1.22,True,fib_pullback,INDIACEM
2021-04-01,2021-04-05,168.1735076904297,163.1223602294922,-0.03003533392569505,-0.03263533392569505,macd_bear_cross,4,48.5,0.0501,0.55,1.18,True,fib_pullback,INDIACEM
2021-05-11,2021-05-19,167.0840301513672,176.64161682128906,0.0572022751741344,0.0546022751741344,rsi_overbought,8,57.7,0.2085,0.72,1.21,True,fib_pullback,INDIACEM
2022-01-03,2022-01-07,199.6089630126953,239.02252197265625,0.19745385360002196,0.19485385360002197,rsi_overbought,4,55.3,1.6843,0.99,1.36,True,fib_pullback,INDIACEM
2022-12-02,2022-12-09,248.85000610351562,241.5500030517578,-0.029334952271293843,-0.031934952271293844,bb_mid_break,7,50.1,1.1225,0.82,1.38,True,fib_pullback,INDIACEM
2024-11-28,2024-12-03,363.1000061035156,370.75,0.021068558986207922,0.01846855898620792,rsi_overbought,5,53.2,0.6192,0.85,1.3,True,fib_pullback,INDIACEM
2017-11-01,2017-11-08,531.851806640625,514.7108154296875,-0.03222888593573916,-0.03482888593573916,bb_mid_break,7,64.9,0.6034,1.18,3.87,True,fib_pullback,ITDC
2020-02-10,2020-02-13,331.8651428222656,305.3159313964844,-0.07999999999999988,-0.08259999999999988,stop_loss,3,63.0,3.0257,1.01,6.74,True,fib_pullback,ITDC
2020-02-14,2020-02-18,314.81353759765625,289.6284545898438,-0.07999999999999989,-0.0825999999999999,stop_loss,4,55.4,3.4839,0.78,2.03,True,fib_pullback,ITDC
2021-02-18,2021-02-24,305.3020935058594,280.87792602539065,-0.07999999999999992,-0.08259999999999992,stop_loss,6,58.3,0.0916,0.89,1.33,True,fib_pullback,ITDC
2021-09-09,2021-09-21,389.18011474609375,416.28521728515625,0.0696466790363794,0.0670466790363794,rsi_overbought,12,58.9,2.938,0.94,2.82,True,fib_pullback,ITDC
2023-02-07,2023-02-09,352.5142822265625,336.49761962890625,-0.045435499794480014,-0.04803549979448001,bb_mid_break,2,56.2,0.669,0.92,7.37,True,fib_pullback,ITDC
2023-10-25,2023-10-26,416.3326416015625,409.2450866699219,-0.0170237791213679,-0.019623779121367903,macd_bear_cross,1,58.8,1.7638,0.58,1.06,True,fib_pullback,ITDC
2023-12-01,2023-12-20,425.35321044921875,427.0383605957031,0.003961766609695211,0.0013617666096952113,bb_mid_break,19,52.8,0.3573,0.76,1.04,True,fib_pullback,ITDC
2024-05-17,2024-05-29,663.059326171875,646.25732421875,-0.025340118583551403,-0.027940118583551405,bb_mid_break,12,46.9,2.1188,0.67,1.32,True,fib_pullback,ITDC
2024-06-03,2024-06-04,678.2752685546875,624.0132470703126,-0.07999999999999992,-0.08259999999999992,stop_loss,1,56.7,0.434,0.78,1.29,True,fib_pullback,ITDC
2016-09-09,2016-09-12,88.30000305175781,81.8499984741211,-0.07304648193336973,-0.07564648193336973,bb_mid_break,3,60.3,0.7097,1.0,2.22,True,fib_pullback,IBREALEST
2016-09-15,2016-09-29,88.44999694824219,84.94999694824219,-0.03957038011033597,-0.04217038011033597,bb_mid_break,14,54.2,0.8028,0.97,2.42,True,fib_pullback,IBREALEST
2017-11-01,2017-11-09,234.4499969482422,215.69399719238282,-0.07999999999999995,-0.08259999999999995,stop_loss,8,63.6,2.54,1.12,2.94,True,fib_pullback,IBREALEST
2017-11-20,2017-11-22,233.0500030517578,214.4060028076172,-0.07999999999999995,-0.08259999999999995,stop_loss,2,55.6,0.2739,0.83,1.87,True,fib_pullback,IBREALEST
2017-12-20,2018-01-08,218.10000610351562,229.25,0.051123308502762324,0.048523308502762326,rsi_overbought,19,54.3,0.8906,0.9,1.19,True,fib_pullback,IBREALEST
2018-02-12,2018-02-16,234.64999389648438,215.87799438476563,-0.07999999999999999,-0.08259999999999999,stop_loss,4,45.9,0.3413,0.64,1.42,True,fib_pullback,IBREALEST
2021-09-08,2021-09-13,148.5,141.3000030517578,-0.048484827934290826,-0.051084827934290825,bb_mid_break,5,54.1,0.45,0.71,1.16,True,fib_pullback,IBREALEST
2022-01-10,2022-01-19,170.89999389648438,159.8000030517578,-0.06495021206056874,-0.06755021206056874,bb_mid_break,9,64.3,1.2933,0.86,1.36,True,fib_pullback,IBREALEST
2024-06-28,2024-07-04,145.05999755859375,148.97999572753906,0.027023288535227754,0.024423288535227752,macd_bear_cross,6,62.9,0.5181,0.61,1.03,True,fib_pullback,IBREALEST
2024-08-22,2024-09-02,142.1699981689453,130.79639831542968,-0.08000000000000003,-0.08260000000000003,stop_loss,11,58.9,1.348,1.03,2.89,True,fib_pullback,IBREALEST
2024-10-11,2024-10-22,129.3800048828125,119.0296044921875,-0.07999999999999999,-0.08259999999999999,stop_loss,11,57.1,0.263,0.82,2.01,True,fib_pullback,IBREALEST
2017-01-06,2017-01-11,193.43235778808594,205.65870666503906,0.0632073610473572,0.06060736104735721,rsi_overbought,5,53.3,1.803,0.71,2.31,True,fib_pullback,INDIANB
2017-04-24,2017-04-28,235.5223846435547,263.6099548339844,0.11925647845718826,0.11665647845718825,rsi_overbought,4,54.6,0.5277,0.95,4.06,True,fib_pullback,INDIANB
2017-07-14,2017-07-19,266.14202880859375,277.5469055175781,0.04285259551089779,0.04025259551089779,rsi_overbought,5,63.0,2.9865,0.93,2.25,True,fib_pullback,INDIANB
2018-07-26,2018-08-13,303.2980651855469,287.630126953125,-0.0516585498916282,-0.0542585498916282,macd_bear_cross,18,54.3,0.1302,0.87,2.01,False,golden_cross,INDIANB
2021-09-22,2021-09-27,114.66361999511719,108.58296966552734,-0.05303033629889568,-0.05563033629889568,bb_mid_break,5,58.2,1.0158,0.73,1.03,True,fib_pullback,INDIANB
2022-01-28,2022-02-14,130.3864288330078,129.430908203125,-0.007328374880997729,-0.00992837488099773,macd_bear_cross,17,58.0,0.5167,0.94,2.13,True,fib_pullback,INDIANB
2022-03-10,2022-03-29,129.2137451171875,128.6490936279297,-0.0043699026658945185,-0.006969902665894518,macd_bear_cross,19,47.5,0.0257,0.58,1.03,True,fib_pullback,INDIANB
2022-07-05,2022-07-08,137.76748657226562,145.1470947265625,0.0535656731345383,0.0509656731345383,rsi_overbought,3,48.7,0.1672,0.59,1.62,True,fib_pullback,INDIANB
2023-03-10,2023-03-14,261.7265319824219,240.78840942382814,-0.07999999999999993,-0.08259999999999994,stop_loss,4,50.2,1.7047,0.68,1.26,True,fib_pullback,INDIANB
2024-07-12,2024-08-06,533.455810546875,539.8047485351562,0.011901525604853011,0.00930152560485301,macd_bear_cross,25,60.1,1.22,1.14,1.09,True,fib_pullback,INDIANB
2024-10-28,2024-10-31,526.4862670898438,565.7256469726562,0.07453068073305773,0.07193068073305772,rsi_overbought,3,61.5,1.4999,1.17,5.85,True,fib_pullback,INDIANB
2025-01-29,2025-01-31,520.0895385742188,530.591552734375,0.02019270410427141,0.017592704104271408,rsi_overbought,2,62.9,3.454,1.01,2.89,True,fib_pullback,INDIANB
2018-12-20,2018-12-27,49.9525032043457,49.32624053955078,-0.012537162797087597,-0.015137162797087596,rsi_overbought,7,60.0,0.3764,1.0,9.15,True,fib_pullback,IEX
2019-02-06,2019-02-14,48.77452850341797,48.19298553466797,-0.011923087451460392,-0.014523087451460394,bb_mid_break,8,47.9,0.0786,0.82,1.2,True,fib_pullback,IEX
2019-02-19,2019-02-21,49.1622200012207,47.76055908203125,-0.02851093622612343,-0.03111093622612343,macd_bear_cross,2,61.9,0.0368,0.78,7.91,True,fib_pullback,IEX
2020-05-15,2020-05-22,48.61947250366211,50.03158950805664,0.0290442683080975,0.0264442683080975,rsi_overbought,7,54.9,0.3097,0.82,4.81,True,fib_pullback,IEX
2020-11-09,2020-11-23,59.734230041503906,62.74067306518555,0.05033032185386395,0.04773032185386395,rsi_overbought,14,47.3,0.0322,0.69,1.25,True,fib_pullback,IEX
2021-06-15,2021-07-12,115.17214965820312,121.14016723632812,0.05181823553555535,0.04921823553555535,rsi_overbought,27,63.1,0.3238,0.9,1.37,True,fib_pullback,IEX
2022-01-19,2022-01-20,240.26719665527344,239.99002075195312,-0.0011536152549280138,-0.0037536152549280137,macd_bear_cross,1,63.6,0.0098,0.59,1.25,True,fib_pullback,IEX
2024-02-06,2024-02-07,144.8681640625,137.52285766601562,-0.050703385688766055,-0.05330338568876605,bb_mid_break,1,41.3,0.4069,0.58,1.42,True,fib_pullback,IEX
2016-10-03,2016-10-05,115.23410034179688,113.39107513427734,-0.01599374839611641,-0.01859374839611641,bb_mid_break,2,63.6,0.2761,0.67,1.04,True,fib_pullback,INDHOTEL
2016-10-20,2016-10-24,114.00540161132812,113.52271270751953,-0.004233912577705717,-0.006833912577705717,bb_mid_break,4,48.1,0.0367,0.58,4.33,True,fib_pullback,INDHOTEL
2017-06-30,2017-07-04,117.42820739746094,111.46025085449219,-0.05082217190601337,-0.053422171906013366,bb_mid_break,4,53.1,0.2421,0.7,1.16,True,fib_pullback,INDHOTEL
2017-08-02,2017-08-10,113.47882843017578,109.48555755615234,-0.03518956733396769,-0.03778956733396769,bb_mid_break,8,59.0,0.4491,1.04,1.46,True,fib_pullback,INDHOTEL
2018-04-13,2018-04-17,130.01190185546875,138.4285888671875,0.0647378193196142,0.06213781931961419,rsi_overbought,4,64.2,0.5227,0.85,1.64,True,fib_pullback,INDHOTEL
2018-12-17,2018-12-18,138.72288513183594,136.78897094726562,-0.013940844603487075,-0.016540844603487075,macd_bear_cross,1,62.4,0.2497,0.73,1.24,False,golden_cross,INDHOTEL
2019-02-01,2019-02-08,135.60975646972656,129.4306640625,-0.045565249640470956,-0.048165249640470954,bb_mid_break,7,57.2,0.4993,0.88,1.29,True,fib_pullback,INDHOTEL
2019-02-21,2019-02-27,134.3833770751953,129.19482421875,-0.03861007938163375,-0.04121007938163375,bb_mid_break,6,50.8,0.3308,0.79,1.77,True,fib_pullback,INDHOTEL
2019-03-07,2019-03-13,134.1475372314453,145.23214721679688,0.08262999242563238,0.08002999242563237,rsi_overbought,6,60.6,0.265,0.84,1.98,True,fib_pullback,INDHOTEL
2019-05-24,2019-05-31,142.9208984375,148.2509307861328,0.03729358272235926,0.03469358272235926,rsi_overbought,7,47.6,0.3937,0.68,1.03,True,fib_pullback,INDHOTEL
2022-06-29,2022-07-07,228.7537384033203,240.944091796875,0.0532902914664574,0.0506902914664574,rsi_overbought,8,58.2,1.7273,0.81,1.27,True,fib_pullback,INDHOTEL
2023-03-06,2023-03-13,315.56671142578125,308.1142883300781,-0.023615998854986563,-0.026215998854986565,bb_mid_break,7,54.6,0.5537,0.71,1.05,True,fib_pullback,INDHOTEL
2024-05-27,2024-05-29,575.0973510742188,560.0048828125,-0.02624332773143134,-0.02884332773143134,bb_mid_break,2,55.6,1.8025,0.86,2.6,True,fib_pullback,INDHOTEL
2024-06-07,2024-06-25,580.7978515625,654.8989868164062,0.12758507121635276,0.12498507121635277,rsi_overbought,18,54.6,2.316,0.89,1.1,True,fib_pullback,INDHOTEL
2025-06-25,2025-06-30,776.15087890625,756.928955078125,-0.024765705161878437,-0.02736570516187844,bb_mid_break,5,53.5,2.1031,0.83,1.49,True,fib_pullback,INDHOTEL
2016-11-30,2016-12-01,54.38134765625,52.812137603759766,-0.028855666880662278,-0.03145566688066228,bb_mid_break,1,44.6,0.0161,0.58,1.39,True,fib_pullback,IOC
2016-12-21,2017-01-03,54.78028869628906,61.216697692871094,0.11749498131100664,0.11489498131100663,rsi_overbought,13,59.0,0.2158,0.98,1.36,True,fib_pullback,IOC
2017-10-06,2017-10-23,77.36885833740234,75.3203353881836,-0.02647735785741115,-0.02907735785741115,bb_mid_break,17,49.8,0.0042,0.57,1.14,True,fib_pullback,IOC
2019-03-28,2019-04-02,67.51656341552734,66.19803619384766,-0.01952894452824675,-0.022128944528246753,macd_bear_cross,5,64.6,0.1467,0.79,1.3,False,golden_cross,IOC
2021-08-30,2021-09-09,53.58001708984375,56.30018997192383,0.05076842132242796,0.04816842132242796,rsi_overbought,10,57.9,0.1642,0.94,1.19,True,fib_pullback,IOC
2023-09-08,2023-09-12,80.51435852050781,78.41584777832031,-0.02606380750897976,-0.02866380750897976,bb_mid_break,4,60.0,0.1893,0.96,2.92,True,fib_pullback,IOC
2023-10-17,2023-10-20,78.67280578613281,77.34517669677734,-0.016875324021931374,-0.019475324021931376,bb_mid_break,3,49.4,0.1937,0.71,1.11,True,fib_pullback,IOC
2023-11-01,2023-11-07,79.18672943115234,89.12254333496094,0.12547321975770107,0.12287321975770106,rsi_overbought,6,59.8,0.1831,0.95,4.15,True,fib_pullback,IOC
2024-04-29,2024-04-30,159.12075805664062,152.0087127685547,-0.044695898730914375,-0.047295898730914374,bb_mid_break,1,62.4,0.5034,1.13,1.86,True,fib_pullback,IOC
2024-05-02,2024-05-06,156.10488891601562,149.6680450439453,-0.04123409533658701,-0.043834095336587005,macd_bear_cross,4,55.1,0.3388,0.78,2.28,True,fib_pullback,IOC
2024-06-11,2024-06-25,150.95541381835938,147.9755401611328,-0.01974009134122321,-0.022340091341223212,macd_bear_cross,14,50.6,0.2578,0.67,1.04,True,fib_pullback,IOC
2024-07-02,2024-07-15,151.51356506347656,159.1608123779297,0.050472360750334885,0.04787236075033489,rsi_overbought,13,51.7,0.0473,0.67,1.22,True,fib_pullback,IOC
2025-09-11,2025-09-18,137.91165161132812,140.99700927734375,0.022371986920372667,0.019771986920372665,rsi_overbought,7,59.0,0.5049,1.07,2.04,True,fib_pullback,IOC
2026-01-28,2026-02-04,160.82235717773438,170.62872314453125,0.060976384993283464,0.058376384993283466,rsi_overbought,7,50.3,0.0286,0.65,1.47,True,fib_pullback,IOC
2020-08-28,2020-08-31,11.050000190734863,10.600000381469727,-0.04072396393643955,-0.04332396393643955,macd_bear_cross,3,61.7,0.0268,0.71,1.48,True,fib_pullback,IOB
2021-12-09,2021-12-16,21.75,21.100000381469727,-0.029885039932426364,-0.032485039932426366,bb_mid_break,7,57.9,0.0539,0.75,1.23,True,fib_pullback,IOB
2022-01-28,2022-02-07,21.200000762939453,21.0,-0.009433997912353016,-0.012033997912353017,death_cross,10,57.5,0.0321,0.88,1.54,True,fib_pullback,IOB
2023-07-03,2023-07-07,24.950000762939453,26.399999618530273,0.05811618481970702,0.05551618481970702,rsi_overbought,4,55.2,0.0186,0.74,2.33,True,fib_pullback,IOB
2023-12-05,2023-12-15,42.25,44.54999923706055,0.05443785176474667,0.05183785176474667,rsi_overbought,10,57.4,0.2192,1.1,3.31,True,fib_pullback,IOB
2023-12-21,2023-12-26,43.599998474121094,42.900001525878906,-0.016054976438993975,-0.018654976438993977,macd_bear_cross,5,62.0,0.127,0.66,1.37,True,fib_pullback,IOB
2024-04-05,2024-04-15,66.5,61.18,-0.08,-0.0826,stop_loss,10,63.3,0.7769,0.84,1.19,True,fib_pullback,IOB
2024-04-25,2024-05-06,66.9000015258789,64.75,-0.03213754075995382,-0.03473754075995382,bb_mid_break,11,50.3,0.1239,0.82,2.47,True,fib_pullback,IOB
2024-07-18,2024-07-19,67.4800033569336,64.4800033569336,-0.044457614860088014,-0.04705761486008801,bb_mid_break,1,63.7,0.5076,0.9,3.31,True,fib_pullback,IOB
2024-07-24,2024-08-02,65.69999694824219,65.25,-0.006849268936750343,-0.009449268936750344,bb_mid_break,9,56.4,0.122,0.69,1.23,True,fib_pullback,IOB
2019-05-24,2019-06-11,377.2825012207031,358.4059753417969,-0.050032868786203895,-0.05263286878620389,macd_bear_cross,18,49.5,0.9783,0.65,1.44,True,fib_pullback,INDOSTAR
2020-05-08,2020-05-15,275.54998779296875,277.25,0.006169523797288404,0.0035695237972884044,rsi_overbought,7,59.9,1.188,0.9,3.37,True,fib_pullback,INDOSTAR
2021-02-01,2021-02-08,336.0,328.3999938964844,-0.022619065784272693,-0.025219065784272694,bb_mid_break,7,56.3,0.3494,0.85,1.21,True,fib_pullback,INDOSTAR
2021-02-25,2021-03-02,336.75,327.54998779296875,-0.02732000655391611,-0.02992000655391611,bb_mid_break,5,46.4,0.2126,0.63,1.26,True,fib_pullback,INDOSTAR
2021-03-12,2021-03-15,336.29998779296875,366.0,0.08831404485603198,0.08571404485603197,rsi_overbought,3,60.1,0.5594,0.89,1.51,True,fib_pullback,INDOSTAR
2021-07-26,2021-07-27,348.25,341.6499938964844,-0.018951919895235102,-0.021551919895235104,macd_bear_cross,1,46.8,0.0397,0.55,2.02,True,fib_pullback,INDOSTAR
2023-11-08,2023-11-17,175.9499969482422,167.5,-0.04802499059279811,-0.05062499059279811,bb_mid_break,9,46.4,0.6485,0.67,1.57,True,fib_pullback,INDOSTAR
2023-11-28,2023-12-01,177.10000610351562,168.6999969482422,-0.04743088010038577,-0.05003088010038577,bb_mid_break,3,60.8,0.523,0.9,3.01,True,fib_pullback,INDOSTAR
2023-12-04,2023-12-13,173.64999389648438,170.1999969482422,-0.019867532792997317,-0.02246753279299732,bb_mid_break,9,51.0,0.6642,0.68,1.92,True,fib_pullback,INDOSTAR
2024-01-01,2024-01-10,172.6999969482422,184.25,0.06687899974439099,0.06427899974439098,rsi_overbought,9,48.6,0.2552,0.67,1.18,True,fib_pullback,INDOSTAR
2024-06-07,2024-06-27,237.10000610351562,237.1300048828125,0.00012652373903262497,-0.002473476260967375,macd_bear_cross,20,47.4,0.0142,0.73,1.52,True,fib_pullback,INDOSTAR
2024-12-03,2024-12-06,284.0,312.20001220703125,0.09929581763039172,0.09669581763039171,rsi_overbought,3,61.0,2.0975,0.84,3.46,True,fib_pullback,INDOSTAR
2025-01-20,2025-01-22,281.95001220703125,266.54998779296875,-0.054619697631913974,-0.05721969763191397,bb_mid_break,2,56.4,1.5363,0.68,3.82,True,fib_pullback,INDOSTAR
2020-07-30,2020-08-03,208.0498046875,236.6315460205078,0.13737932307092934,0.13477932307092935,rsi_overbought,4,64.6,1.1517,1.19,2.76,True,fib_pullback,INDOCO
2021-04-08,2021-04-23,297.58721923828125,322.1819763183594,0.08264722236066477,0.08004722236066476,rsi_overbought,15,64.0,2.0647,1.06,1.18,True,fib_pullback,INDOCO
2021-10-13,2021-10-18,452.8519287109375,470.74188232421875,0.039505084287055535,0.03690508428705554,rsi_overbought,5,50.2,0.5687,0.64,2.28,True,fib_pullback,INDOCO
2021-12-15,2021-12-17,431.66900634765625,405.5712890625,-0.06045770463339161,-0.06305770463339161,bb_mid_break,2,63.0,5.5759,0.88,1.13,True,fib_pullback,INDOCO
2021-12-30,2022-01-10,436.8787536621094,421.0038757324219,-0.03633703355133961,-0.03893703355133961,bb_mid_break,11,56.1,3.1405,0.87,1.63,True,fib_pullback,INDOCO
2025-09-16,2025-09-26,304.70001220703125,285.79998779296875,-0.06202830212300977,-0.06462830212300977,bb_mid_break,10,64.3,4.2469,0.99,4.13,True,fib_pullback,INDOCO
2019-07-16,2019-07-24,141.7639923095703,136.6725311279297,-0.03591505218421326,-0.03851505218421326,bb_mid_break,8,56.4,0.5954,0.69,1.29,True,fib_pullback,IGL
2019-08-16,2019-08-21,144.81883239746094,144.44252014160156,-0.002598503589827125,-0.005198503589827125,rsi_overbought,5,59.9,0.868,1.01,3.1,True,fib_pullback,IGL
2021-04-08,2021-04-19,236.08453369140625,223.62596130371094,-0.05277165849407279,-0.05537165849407279,macd_bear_cross,11,59.5,0.769,0.94,1.31,True,fib_pullback,IGL
2021-05-17,2021-05-20,230.47251892089844,225.6013641357422,-0.021135512415812584,-0.023735512415812586,macd_bear_cross,3,53.3,0.3611,0.6,1.0,True,fib_pullback,IGL
2021-05-27,2021-06-10,232.24594116210938,241.3822479248047,0.03933892974395666,0.036738929743956664,rsi_overbought,14,47.9,0.0675,0.74,2.86,True,fib_pullback,IGL
2023-01-23,2023-01-25,197.56564331054688,189.05441284179688,-0.04308051909294512,-0.04568051909294512,bb_mid_break,2,61.1,0.6282,1.08,1.46,True,fib_pullback,IGL
2023-06-21,2023-07-24,226.572021484375,221.9264373779297,-0.020503785401260077,-0.02310378540126008,macd_bear_cross,33,56.5,0.4337,0.85,2.2,True,fib_pullback,IGL
2023-08-31,2023-09-07,220.58230590820312,225.08639526367188,0.0204190872741314,0.0178190872741314,rsi_overbought,7,64.4,1.9432,0.95,2.27,True,fib_pullback,IGL
2023-10-11,2023-10-19,217.13938903808594,215.84239196777344,-0.005973108223515396,-0.008573108223515397,bb_mid_break,8,45.7,0.0481,0.53,2.09,True,fib_pullback,IGL
2025-08-25,2025-09-02,205.44041442871094,211.29592895507812,0.02850225230829198,0.02590225230829198,rsi_overbought,8,60.5,0.8359,1.18,1.42,True,fib_pullback,IGL
2025-09-11,2025-09-22,208.899169921875,207.57200622558594,-0.006353130540372185,-0.008953130540372185,bb_mid_break,11,60.6,0.3811,0.75,2.1,True,fib_pullback,IGL
2017-01-05,2017-01-09,1068.9404296875,1098.9923095703125,0.028113708723317758,0.025513708723317756,death_cross,4,63.5,6.8752,1.06,2.08,True,fib_pullback,INDUSINDBK
2017-11-28,2017-12-04,1597.07568359375,1570.287353515625,-0.01677336293659279,-0.01937336293659279,bb_mid_break,6,50.8,5.6257,0.83,1.04,True,fib_pullback,INDUSINDBK
2017-12-15,2017-12-20,1595.9337158203125,1580.56494140625,-0.009629957849573299,-0.0122299578495733,bb_mid_break,5,55.6,1.0569,0.85,2.62,True,fib_pullback,INDUSINDBK
2018-01-12,2018-01-16,1622.769775390625,1584.0859375,-0.023838155280722566,-0.026438155280722568,bb_mid_break,4,61.7,6.4745,0.76,1.58,True,fib_pullback,INDUSINDBK
2018-03-06,2018-03-14,1627.5755615234375,1649.5106201171875,0.013477136860680326,0.010877136860680325,rsi_overbought,8,54.2,6.0359,0.82,1.49,True,fib_pullback,INDUSINDBK
2021-05-21,2021-06-09,979.5687255859375,967.5651245117188,-0.012253965199877826,-0.014853965199877826,macd_bear_cross,19,64.8,11.1062,1.04,1.66,True,fib_pullback,INDUSINDBK
2022-11-23,2022-12-22,1146.9945068359375,1152.6593017578125,0.004938816086837001,0.0023388160868370008,macd_bear_cross,29,62.1,2.9316,1.12,1.33,True,fib_pullback,INDUSINDBK
2023-03-08,2023-03-13,1146.8968505859375,1055.1451025390625,-0.08000000000000003,-0.08260000000000003,stop_loss,5,56.4,8.0176,0.9,2.7,True,fib_pullback,INDUSINDBK
2024-03-06,2024-03-13,1534.9951171875,1483.747802734375,-0.03338597880820824,-0.03598597880820824,bb_mid_break,7,63.5,10.8411,1.03,1.63,True,fib_pullback,INDUSINDBK
2024-03-27,2024-04-10,1514.2591552734375,1533.3162841796875,0.012585117177520883,0.009985117177520882,rsi_overbought,14,48.3,3.6066,0.7,2.14,True,fib_pullback,INDUSINDBK
2016-12-27,2017-01-04,175.29420471191406,165.8495330810547,-0.05387897247590786,-0.05647897247590786,bb_mid_break,8,61.3,0.8781,0.96,3.78,True,fib_pullback,NAUKRI
2018-05-29,2018-06-04,242.93421936035156,232.5940704345703,-0.0425635752468589,-0.0451635752468589,bb_mid_break,6,55.7,0.5226,0.98,1.25,True,fib_pullback,NAUKRI
2018-07-30,2018-08-03,262.1737060546875,265.13568115234375,0.011297758048392557,0.008697758048392557,macd_bear_cross,4,53.9,1.6364,0.66,4.34,True,golden_cross,NAUKRI
2018-11-27,2018-11-29,287.880615234375,301.3255615234375,0.046703201179823926,0.04410320117982393,rsi_overbought,2,63.6,1.6732,0.66,1.11,True,fib_pullback,NAUKRI
2018-12-11,2018-12-24,301.42291259765625,303.0475769042969,0.005389982774167042,0.002789982774167042,macd_bear_cross,13,63.0,0.7825,0.72,1.14,True,fib_pullback,NAUKRI
2019-09-05,2019-09-06,423.89154052734375,400.5694885253906,-0.055018913500701726,-0.057618913500701724,bb_mid_break,1,49.6,1.9997,0.7,1.27,True,fib_pullback,NAUKRI
2020-04-29,2020-04-30,475.629150390625,497.6744384765625,0.04634974132227205,0.04374974132227205,death_cross,1,53.7,4.7708,0.73,1.17,True,fib_pullback,NAUKRI
2021-04-08,2021-04-13,945.8861694335938,890.1820068359375,-0.058890979060421685,-0.06149097906042168,bb_mid_break,5,52.0,6.8238,0.77,1.8,True,fib_pullback,NAUKRI
2023-06-12,2023-06-23,839.4659423828125,846.9979858398438,0.008972422914087078,0.006372422914087078,macd_bear_cross,11,63.4,0.6906,0.84,1.09,False,golden_cross,NAUKRI
2024-03-21,2024-04-01,1047.060302734375,1127.348876953125,0.07667999064531254,0.07407999064531254,rsi_overbought,11,51.8,0.4675,0.75,1.09,True,fib_pullback,NAUKRI
2024-11-11,2024-11-13,1572.75732421875,1506.18994140625,-0.04232527281064586,-0.04492527281064586,bb_mid_break,2,57.1,3.0902,0.66,2.38,True,fib_pullback,NAUKRI
2024-11-22,2024-12-05,1584.8460693359375,1688.1788330078125,0.06520050475007469,0.06260050475007468,rsi_overbought,13,60.7,2.5123,0.97,3.56,True,fib_pullback,NAUKRI
2018-04-25,2018-05-10,456.3135986328125,459.32208251953125,0.006593018257033414,0.003993018257033414,macd_bear_cross,15,52.6,1.3773,0.71,1.0,True,fib_pullback,INFY
2019-01-09,2019-01-11,550.7267456054688,556.7545776367188,0.010945232058092629,0.008345232058092629,rsi_overbought,2,56.8,0.9821,0.61,2.16,True,fib_pullback,INFY
2019-05-30,2019-06-11,600.8082275390625,618.294677734375,0.029104878052249362,0.02650487805224936,rsi_overbought,12,58.7,1.7842,0.92,1.67,True,fib_pullback,INFY
2022-03-09,2022-04-05,1593.3751220703125,1635.33251953125,0.0263324040144553,0.023732404014455297,macd_bear_cross,27,63.9,11.0452,1.16,1.32,True,fib_pullback,INFY
2023-02-08,2023-02-21,1427.7945556640625,1417.919921875,-0.006916004651992696,-0.009516004651992697,macd_bear_cross,13,59.6,5.4464,0.88,1.24,True,fib_pullback,INFY
2020-11-14,2020-11-19,10.074999809265137,12.0,0.1910670200672958,0.18846702006729582,rsi_overbought,5,51.9,0.0714,0.82,1.38,True,fib_pullback,INOXWIND
2022-02-07,2022-02-14,33.88750076293945,31.1765007019043,-0.07999999999999993,-0.08259999999999994,stop_loss,7,59.4,0.2543,1.02,2.27,True,fib_pullback,INOXWIND
2023-10-16,2023-10-23,50.837501525878906,50.73749923706055,-0.001967096844195875,-0.004567096844195874,bb_mid_break,7,62.9,0.2,0.68,1.73,True,fib_pullback,INOXWIND
2018-07-30,2018-08-07,199.90748596191406,227.2273712158203,0.1366626423340203,0.13406264233402032,rsi_overbought,8,54.3,1.6813,0.88,1.18,True,fib_pullback,INTELLECT
2018-12-17,2018-12-24,230.39276123046875,219.7764892578125,-0.0460790170487886,-0.048679017048788596,bb_mid_break,7,56.1,1.236,0.78,1.11,True,fib_pullback,INTELLECT
2021-07-15,2021-07-23,752.3436889648438,831.332763671875,0.10499067894849096,0.10239067894849095,rsi_overbought,8,60.9,2.6214,1.18,4.86,True,fib_pullback,INTELLECT
2021-10-14,2021-10-19,687.9154663085938,668.8256225585938,-0.027750275557020896,-0.030350275557020898,macd_bear_cross,5,57.6,0.0159,0.73,2.0,True,fib_pullback,INTELLECT
2021-12-10,2021-12-13,679.4419555664062,674.6696166992188,-0.007023909589464657,-0.009623909589464658,death_cross,3,64.9,5.2801,0.78,1.12,True,fib_pullback,INTELLECT
2024-09-25,2024-09-27,996.8804931640625,972.8544921875,-0.024101184787260553,-0.026701184787260555,bb_mid_break,2,59.6,1.4109,1.17,2.4,True,fib_pullback,INTELLECT
2025-09-19,2025-09-25,1051.02587890625,1049.2430419921875,-0.0016962826033530298,-0.004296282603353029,rsi_overbought,6,63.1,13.5823,0.92,1.13,True,fib_pullback,INTELLECT
2025-10-24,2025-11-03,988.4288940429688,1186.5703125,0.20046097362307347,0.19786097362307348,rsi_overbought,10,52.5,0.0872,0.68,1.37,True,fib_pullback,INTELLECT
2017-12-22,2018-01-11,1166.5126953125,1221.733642578125,0.04733848803148406,0.044738488031484065,rsi_overbought,20,56.4,2.3031,0.83,1.79,True,fib_pullback,INDIGO
2021-02-05,2021-02-10,1678.0142822265625,1620.910888671875,-0.034030338215546546,-0.036630338215546544,bb_mid_break,5,55.8,3.9906,0.71,1.45,True,fib_pullback,INDIGO
2021-02-25,2021-02-26,1657.399169921875,1617.217041015625,-0.024244086539601722,-0.026844086539601724,bb_mid_break,1,47.3,0.208,0.71,1.06,True,fib_pullback,INDIGO
2022-02-07,2022-02-21,2166.43896484375,2083.030029296875,-0.03850047792733025,-0.04110047792733025,macd_bear_cross,14,50.4,6.4837,0.84,4.37,True,fib_pullback,INDIGO
2023-04-17,2023-04-20,1933.732177734375,1986.9921875,0.027542598907376203,0.024942598907376202,rsi_overbought,3,57.2,7.5628,0.95,1.46,True,fib_pullback,INDIGO
2023-10-05,2023-10-20,2469.22705078125,2434.935302734375,-0.013887644733207211,-0.016487644733207213,bb_mid_break,15,52.8,7.7804,0.79,1.4,True,fib_pullback,INDIGO
2023-11-15,2023-12-04,2539.059326171875,2815.4921875,0.10887215532096338,0.10627215532096337,rsi_overbought,19,62.1,4.2765,0.65,1.11,True,fib_pullback,INDIGO
2025-10-29,2025-10-30,5813.0,5725.0,-0.01513848271116463,-0.01773848271116463,macd_bear_cross,1,63.4,3.3371,0.62,1.07,True,fib_pullback,INDIGO
2025-11-13,2025-11-18,5905.5,5739.5,-0.028109389552112438,-0.03070938955211244,bb_mid_break,5,56.5,10.283,0.8,1.59,True,fib_pullback,INDIGO
2017-01-11,2017-01-25,269.5504150390625,261.3909606933594,-0.030270605758557927,-0.03287060575855793,bb_mid_break,14,61.5,1.6723,1.02,6.99,True,fib_pullback,IPCALAB
2017-02-20,2017-03-17,266.13653564453125,265.3133239746094,-0.0030931930030884914,-0.005693193003088491,macd_bear_cross,25,62.1,0.7774,0.95,2.72,True,fib_pullback,IPCALAB
2017-12-12,2017-12-21,267.21026611328125,290.33099365234375,0.08652634449778471,0.0839263444977847,rsi_overbought,9,55.9,0.0268,0.99,5.13,True,fib_pullback,IPCALAB
2018-06-29,2018-07-13,339.45941162109375,362.3375244140625,0.06739572393563627,0.06479572393563626,rsi_overbought,14,54.3,1.5131,0.93,2.35,True,fib_pullback,IPCALAB
2019-06-21,2019-06-27,457.09564208984375,449.3218994140625,-0.01700681861730218,-0.019606818617302183,bb_mid_break,6,50.8,0.0772,0.82,1.32,True,fib_pullback,IPCALAB
2019-07-30,2019-08-07,466.2054748535156,453.5654296875,-0.0271126055951771,-0.0297126055951771,macd_bear_cross,8,54.0,0.39,0.78,1.78,True,fib_pullback,IPCALAB
2021-07-06,2021-07-08,1030.946044921875,1035.488525390625,0.00440612822671455,0.0018061282267145505,rsi_overbought,2,60.7,4.324,1.08,1.78,True,fib_pullback,IPCALAB
2024-12-19,2025-01-03,1587.2291259765625,1726.60107421875,0.08780833589884962,0.08520833589884962,rsi_overbought,15,57.5,5.0521,0.91,2.84,True,fib_pullback,IPCALAB
2026-02-13,2026-02-20,1480.2608642578125,1444.7840576171875,-0.023966590955177825,-0.026566590955177827,bb_mid_break,7,53.7,1.1228,0.75,2.42,True,fib_pullback,IPCALAB
2026-02-23,2026-03-10,1468.6011962890625,1486.0406494140625,0.01187487329376206,0.00927487329376206,macd_bear_cross,15,56.6,1.4648,0.67,1.25,True,fib_pullback,IPCALAB
2026-04-23,2026-04-28,1520.8199462890625,1531.6822509765625,0.007142400199316823,0.004542400199316823,rsi_overbought,5,55.0,3.5307,0.67,1.03,True,fib_pullback,IPCALAB
2017-01-03,2017-01-20,160.149658203125,156.20989990234375,-0.02460047898312888,-0.02720047898312888,bb_mid_break,17,57.2,1.0515,0.82,2.2,True,fib_pullback,JBCHEPHARM
2017-01-24,2017-01-25,158.27037048339844,155.82496643066406,-0.015450801342446358,-0.018050801342446358,bb_mid_break,1,50.8,0.1647,0.72,1.67,True,fib_pullback,JBCHEPHARM
2017-03-21,2017-04-03,153.4927978515625,161.46292114257812,0.05192506360280989,0.049325063602809895,rsi_overbought,13,59.9,0.7432,1.06,1.33,True,fib_pullback,JBCHEPHARM
2018-03-28,2018-04-11,140.93453979492188,142.50254821777344,0.011125792336876533,0.008525792336876531,rsi_overbought,14,52.6,0.5557,0.72,1.67,True,fib_pullback,JBCHEPHARM
2019-01-28,2019-01-29,141.68092346191406,139.09739685058594,-0.018234823349543,-0.020834823349543,macd_bear_cross,1,55.6,0.0184,0.52,1.14,True,fib_pullback,JBCHEPHARM
2019-05-21,2019-05-27,157.8677978515625,171.65406799316406,0.08732794356556683,0.08472794356556683,rsi_overbought,6,50.7,0.5051,0.73,3.1,True,fib_pullback,JBCHEPHARM
2019-11-07,2019-11-14,176.8048095703125,183.68701171875,0.0389254238341325,0.0363254238341325,rsi_overbought,7,59.8,2.06,1.0,3.95,True,fib_pullback,JBCHEPHARM
2020-11-27,2020-12-15,470.2538146972656,505.54534912109375,0.07504784293253992,0.07244784293253992,rsi_overbought,18,48.1,0.5882,0.76,3.45,True,fib_pullback,JBCHEPHARM
2021-09-06,2021-09-28,844.8899536132812,936.4434814453125,0.1083614823924592,0.1057614823924592,rsi_overbought,22,57.6,1.4013,0.82,2.35,True,fib_pullback,JBCHEPHARM
2021-12-23,2022-01-07,813.9096069335938,789.7714233398438,-0.029657081558099135,-0.032257081558099136,bb_mid_break,15,63.4,4.0996,1.22,4.19,True,fib_pullback,JBCHEPHARM
2022-08-17,2022-08-18,872.9121704101562,872.405029296875,-0.0005809761055834048,-0.0031809761055834047,macd_bear_cross,1,63.8,0.3685,0.66,1.13,False,golden_cross,JBCHEPHARM
2023-01-25,2023-02-09,968.0128784179688,948.6884155273438,-0.01996302251908789,-0.022563022519087893,macd_bear_cross,15,51.6,2.9865,0.87,1.52,True,fib_pullback,JBCHEPHARM
2023-02-27,2023-02-28,969.5255126953125,940.6795654296875,-0.02975264383237562,-0.03235264383237562,macd_bear_cross,1,48.8,0.0443,0.61,1.75,True,fib_pullback,JBCHEPHARM
2023-03-31,2023-04-05,958.9478149414062,948.85546875,-0.010524395628372034,-0.013124395628372035,bb_mid_break,5,55.9,0.9768,0.98,4.41,True,fib_pullback,JBCHEPHARM
2023-05-29,2023-06-09,1019.7447509765625,1047.7900390625,0.027502262756518063,0.02490226275651806,rsi_overbought,11,53.3,2.3674,0.8,1.44,True,fib_pullback,JBCHEPHARM
2024-12-17,2024-12-19,1793.5498046875,1875.9105224609375,0.04592050778750895,0.043320507787508955,rsi_overbought,2,64.7,11.3504,0.8,1.17,True,fib_pullback,JBCHEPHARM
2025-01-03,2025-01-06,1831.1514892578125,1791.5399169921875,-0.021632056385285765,-0.024232056385285767,macd_bear_cross,3,54.0,1.7653,0.69,1.25,True,fib_pullback,JBCHEPHARM
2025-08-22,2025-08-26,1729.031005859375,1700.4429931640625,-0.016534123794444903,-0.019134123794444905,bb_mid_break,4,52.7,2.1066,0.7,1.12,True,fib_pullback,JBCHEPHARM
2017-10-27,2017-11-10,950.5635986328125,981.7962646484375,0.0328569977438087,0.030256997743808703,rsi_overbought,14,60.5,5.2966,1.03,2.46,True,fib_pullback,JKCEMENT
2019-08-19,2019-09-03,993.8218383789062,957.9769897460938,-0.03606768059281289,-0.038667680592812885,bb_mid_break,15,62.2,6.2914,1.17,1.0,True,fib_pullback,JKCEMENT
2021-05-19,2021-05-24,2773.10791015625,2852.125244140625,0.028494143230049347,0.025894143230049346,rsi_overbought,5,63.2,1.6517,0.94,1.1,True,fib_pullback,JKCEMENT
2021-06-07,2021-06-11,2797.5146484375,2777.29736328125,-0.007226873742213286,-0.009826873742213287,macd_bear_cross,4,59.5,0.4086,0.68,1.46,True,fib_pullback,JKCEMENT
2021-07-02,2021-07-06,2791.619873046875,2941.665283203125,0.05374851053502675,0.05114851053502675,rsi_overbought,4,62.9,3.8542,0.72,1.47,True,fib_pullback,JKCEMENT
2021-10-06,2021-10-20,3278.269775390625,3145.148193359375,-0.04060726881923187,-0.04320726881923187,macd_bear_cross,14,43.2,7.9011,0.61,1.96,True,fib_pullback,JKCEMENT
2021-12-10,2021-12-16,3344.439453125,3495.2783203125,0.04510138972513261,0.042501389725132614,rsi_overbought,6,53.1,5.4912,0.56,1.67,True,fib_pullback,JKCEMENT
2021-12-22,2021-12-27,3452.600830078125,3307.439208984375,-0.042044136648853585,-0.04464413664885358,bb_mid_break,5,61.2,11.2158,0.87,1.53,True,fib_pullback,JKCEMENT
2022-01-04,2022-01-18,3451.524169921875,3376.398681640625,-0.0217658879331998,-0.0243658879331998,bb_mid_break,14,52.2,7.0393,0.78,1.59,True,fib_pullback,JKCEMENT
2022-10-20,2022-11-16,2643.500732421875,2882.033203125,0.09023355574582746,0.08763355574582746,rsi_overbought,27,59.6,8.668,0.91,1.66,True,fib_pullback,JKCEMENT
2023-03-23,2023-03-24,2794.349609375,2768.69970703125,-0.009179203009421216,-0.011779203009421216,bb_mid_break,1,44.8,0.8847,0.67,1.59,True,fib_pullback,JKCEMENT
2023-03-27,2023-04-19,2795.629638671875,2983.058837890625,0.06704364434617753,0.06444364434617753,rsi_overbought,23,44.7,1.5042,0.67,1.21,True,fib_pullback,JKCEMENT
2023-08-31,2023-09-05,3260.0576171875,3384.39794921875,0.038140532049406,0.035540532049406,rsi_overbought,5,46.5,18.2986,0.78,1.95,True,fib_pullback,JKCEMENT
2023-10-12,2023-10-23,3229.788330078125,3140.76171875,-0.02756422471994366,-0.03016422471994366,bb_mid_break,11,55.0,4.7363,0.76,1.57,True,fib_pullback,JKCEMENT
2024-04-01,2024-04-08,4236.779296875,4343.2646484375,0.025133561156004132,0.02253356115600413,rsi_overbought,7,51.5,2.4932,0.64,1.79,True,fib_pullback,JKCEMENT
2017-06-21,2017-06-28,463.2544250488281,453.09716796875,-0.02192587168273142,-0.02452587168273142,macd_bear_cross,7,54.7,0.3393,0.76,1.26,True,fib_pullback,JKLAKSHMI
2021-05-17,2021-05-20,399.4559631347656,443.543701171875,0.11036945772727234,0.10776945772727234,rsi_overbought,3,64.7,0.8878,0.91,1.85,True,fib_pullback,JKLAKSHMI
2021-11-29,2021-11-30,620.0493774414062,607.984619140625,-0.01945773794752556,-0.022057737947525562,bb_mid_break,1,47.1,0.3518,0.67,1.84,True,fib_pullback,JKLAKSHMI
2022-01-05,2022-01-07,588.498779296875,596.6377563476562,0.013830066156646094,0.011230066156646092,rsi_overbought,2,59.6,7.0393,0.78,1.47,True,fib_pullback,JKLAKSHMI
2022-11-01,2022-11-04,566.9910888671875,606.484375,0.06965415666711376,0.06705415666711376,rsi_overbought,3,63.5,1.3288,0.98,5.12,True,fib_pullback,JKLAKSHMI
2023-03-23,2023-03-31,713.832763671875,766.0550537109375,0.07315759754488844,0.07055759754488844,rsi_overbought,8,63.0,6.5012,0.93,2.26,True,fib_pullback,JKLAKSHMI
2024-06-10,2024-06-18,801.880859375,816.5661010742188,0.018313495736342535,0.015713495736342533,death_cross,8,60.8,3.6636,1.06,3.85,True,fib_pullback,JKLAKSHMI
2025-01-24,2025-02-04,803.3786010742188,779.5867919921875,-0.02961469106871728,-0.03221469106871728,bb_mid_break,11,56.5,2.2735,0.67,2.62,True,golden_cross,JKLAKSHMI
2016-08-18,2016-08-25,47.93239974975586,50.49872589111328,0.053540531138762636,0.05094053113876264,rsi_overbought,7,51.9,0.1539,0.7,1.06,True,fib_pullback,JKPAPER
2017-04-03,2017-04-20,79.05655670166016,92.37178802490234,0.16842665401543566,0.16582665401543567,rsi_overbought,17,60.1,0.3712,0.65,1.25,True,fib_pullback,JKPAPER
2018-04-05,2018-04-23,124.46863555908203,122.3948745727539,-0.01666091202023151,-0.019260912020231512,macd_bear_cross,18,53.6,0.6519,1.0,1.75,True,fib_pullback,JKPAPER
2018-10-31,2018-11-13,145.38307189941406,157.8923797607422,0.08604377179471705,0.08344377179471704,rsi_overbought,13,53.8,0.7903,0.78,1.03,True,fib_pullback,JKPAPER
2020-02-20,2020-02-24,114.88758087158203,109.65130615234375,-0.045577378159709324,-0.04817737815970932,macd_bear_cross,4,51.1,0.0124,0.61,2.36,True,fib_pullback,JKPAPER
2021-10-05,2021-10-20,230.76524353027344,217.25953674316406,-0.05852574062063033,-0.06112574062063033,bb_mid_break,15,46.6,0.0719,0.69,3.95,True,fib_pullback,JKPAPER
2022-07-18,2022-07-27,298.10687255859375,319.3701171875,0.07132758948630713,0.06872758948630713,rsi_overbought,9,57.9,2.6317,1.0,2.35,True,fib_pullback,JKPAPER
2022-10-27,2022-11-07,382.28741455078125,373.95318603515625,-0.021800949229307993,-0.024400949229307994,bb_mid_break,11,58.6,1.8365,0.91,1.63,True,fib_pullback,JKPAPER
2023-12-05,2023-12-20,381.20703125,369.6494445800781,-0.030318398461916814,-0.03291839846191681,macd_bear_cross,15,64.6,1.4259,1.38,6.25,True,fib_pullback,JKPAPER
2024-10-07,2024-10-10,484.6993713378906,490.8616638183594,0.01271363827739098,0.01011363827739098,rsi_overbought,3,64.0,5.0024,1.14,3.5,True,fib_pullback,JKPAPER
2024-12-02,2024-12-06,459.3108215332031,476.36798095703125,0.037136419662159165,0.03453641966215917,rsi_overbought,4,60.4,5.4759,0.92,5.37,True,fib_pullback,JKPAPER
2017-02-23,2017-03-08,106.33756256103516,103.33966827392578,-0.028192241903124846,-0.030792241903124847,bb_mid_break,13,48.2,0.1354,0.58,1.3,True,fib_pullback,JKTYRE
2017-03-14,2017-03-29,109.42365264892578,115.24313354492188,0.05318302537996317,0.05058302537996317,rsi_overbought,15,59.2,0.0126,0.83,2.44,True,fib_pullback,JKTYRE
2017-08-02,2017-08-03,151.36782836914062,146.2655487060547,-0.03370782099511272,-0.03630782099511272,bb_mid_break,1,55.4,0.5146,0.94,3.09,True,fib_pullback,JKTYRE
2017-09-20,2017-09-26,141.4318084716797,132.8832244873047,-0.06044314978894418,-0.06304314978894418,bb_mid_break,6,62.8,1.1054,1.17,4.75,True,fib_pullback,JKTYRE
2017-11-06,2017-11-07,136.95611572265625,132.2118682861328,-0.0346406395325259,-0.0372406395325259,bb_mid_break,1,57.7,0.2958,0.97,3.22,True,fib_pullback,JKTYRE
2017-11-10,2017-11-15,134.04690551757812,128.8103790283203,-0.03906488157289931,-0.041664881572899305,death_cross,5,56.1,0.3144,0.75,1.25,True,fib_pullback,JKTYRE
2018-04-05,2018-04-16,145.72845458984375,147.33970642089844,0.01105653549671953,0.008456535496719528,rsi_overbought,11,60.5,1.6333,0.91,1.5,True,fib_pullback,JKTYRE
2021-04-30,2021-05-14,114.40501403808594,107.10757446289062,-0.06378601179810146,-0.06638601179810147,bb_mid_break,14,51.4,1.3151,0.92,3.62,True,fib_pullback,JKTYRE
2021-05-17,2021-06-03,111.67435455322266,125.9396743774414,0.12774033824766876,0.12514033824766876,rsi_overbought,17,62.5,0.1924,0.69,1.68,True,fib_pullback,JKTYRE
2021-12-28,2022-01-06,136.54141235351562,129.723876953125,-0.04993016611502107,-0.052530166115021065,bb_mid_break,9,55.3,0.3375,0.95,4.01,True,fib_pullback,JKTYRE
2017-01-04,2017-01-13,59.04153060913086,59.5889778137207,0.009272239370182931,0.006672239370182931,rsi_overbought,9,57.5,0.4033,0.89,1.63,True,fib_pullback,JMFINANCIL
2017-12-11,2017-12-14,135.67312622070312,124.81927612304688,-0.07999999999999999,-0.08259999999999999,stop_loss,3,57.7,0.6655,0.91,1.5,True,fib_pullback,JMFINANCIL
2017-12-29,2018-01-15,134.5179443359375,144.2302703857422,0.0722009698984819,0.0696009698984819,rsi_overbought,17,53.9,0.6087,0.86,2.98,True,fib_pullback,JMFINANCIL
2021-05-26,2021-06-01,75.02323913574219,75.71993255615234,0.009286368176527334,0.006686368176527334,death_cross,6,64.4,0.6231,1.1,2.45,True,fib_pullback,JMFINANCIL
2021-10-13,2021-10-19,83.11045837402344,81.25176239013672,-0.02236416475435615,-0.02496416475435615,bb_mid_break,6,61.4,0.2493,0.94,2.93,True,fib_pullback,JMFINANCIL
2022-11-04,2022-11-17,63.55038833618164,64.14092254638672,0.009292377681174052,0.006692377681174052,bb_mid_break,13,56.8,0.0104,0.8,2.42,True,fib_pullback,JMFINANCIL
2023-12-07,2023-12-11,82.13851165771484,82.60494232177734,0.005678586751196515,0.003078586751196515,rsi_overbought,4,64.4,0.4983,1.01,1.23,True,fib_pullback,JMFINANCIL
2025-10-08,2025-10-10,173.4352264404297,166.64723205566406,-0.03913849870111086,-0.041738498701110856,bb_mid_break,2,52.3,0.705,0.72,1.26,True,fib_pullback,JMFINANCIL
2025-10-13,2025-10-21,173.30844116210938,166.67648315429688,-0.03826679164235915,-0.04086679164235915,bb_mid_break,8,56.6,1.019,0.75,1.15,True,fib_pullback,JMFINANCIL
2016-09-09,2016-09-22,75.64361572265625,72.77867889404297,-0.03787413916221875,-0.04047413916221875,bb_mid_break,13,59.6,0.2624,1.13,1.81,True,fib_pullback,JSWENERGY
2017-06-30,2017-07-14,59.653621673583984,59.04823303222656,-0.010148397102694304,-0.012748397102694306,macd_bear_cross,14,51.8,0.1703,0.8,1.43,True,golden_cross,JSWENERGY
2017-07-21,2017-08-10,62.354557037353516,60.445274353027344,-0.030619777848512587,-0.033219777848512586,macd_bear_cross,20,57.0,0.1456,0.95,1.87,True,fib_pullback,JSWENERGY
2017-08-31,2017-09-11,62.82024002075195,68.920654296875,0.09710905711451985,0.09450905711451985,rsi_overbought,11,42.5,0.2003,0.64,1.14,True,fib_pullback,JSWENERGY
2019-05-24,2019-06-11,66.63883209228516,65.56775665283203,-0.016072842302665813,-0.018672842302665815,macd_bear_cross,18,52.3,0.1375,0.97,2.5,True,fib_pullback,JSWENERGY
2019-07-02,2019-07-24,66.31283569335938,65.00894927978516,-0.019662655049221354,-0.022262655049221355,bb_mid_break,22,53.6,0.2308,0.77,2.84,True,fib_pullback,JSWENERGY
2019-08-07,2019-08-13,66.36762237548828,64.19319152832031,-0.03276342845108546,-0.035363428451085456,bb_mid_break,6,48.0,0.023,0.79,2.57,True,fib_pullback,JSWENERGY
2019-08-19,2019-08-21,66.0840072631836,63.720489501953125,-0.03576535169572292,-0.038365351695722916,bb_mid_break,2,61.8,0.0922,0.77,2.4,True,fib_pullback,JSWENERGY
2022-01-19,2022-01-24,305.8584289550781,293.5773010253906,-0.04015298179502271,-0.04275298179502271,bb_mid_break,5,60.4,1.0759,0.81,1.13,True,fib_pullback,JSWENERGY
2022-02-09,2022-03-04,301.7647705078125,320.72247314453125,0.06282278280800159,0.06022278280800159,macd_bear_cross,23,46.8,0.3077,0.66,1.16,True,fib_pullback,JSWENERGY
2022-04-04,2022-04-28,316.433837890625,322.038330078125,0.017711418680315682,0.01511141868031568,macd_bear_cross,24,55.5,1.6927,1.09,1.51,True,fib_pullback,JSWENERGY
2022-11-07,2022-11-10,326.2904052734375,317.259521484375,-0.027677442067272708,-0.03027744206727271,bb_mid_break,3,54.4,1.2065,0.66,1.43,True,fib_pullback,JSWENERGY
2024-11-07,2024-11-22,709.5730590820312,683.8624877929688,-0.03623386057289724,-0.03883386057289724,bb_mid_break,15,58.3,4.2249,1.01,2.76,True,fib_pullback,JSWENERGY
2026-07-20,2026-07-24,567.7000122070312,551.6500244140625,-0.028271952523960087,-0.030871952523960088,bb_mid_break,4,43.3,0.026,0.65,2.06,True,fib_pullback,JSWENERGY
2016-11-10,2016-11-17,157.63232421875,148.49156188964844,-0.05798786749104021,-0.060587867491040205,bb_mid_break,7,52.1,0.5379,0.78,1.01,True,fib_pullback,JSWSTEEL
2016-11-30,2016-12-02,155.17324829101562,148.68003845214844,-0.04184490503601282,-0.04444490503601282,bb_mid_break,2,54.6,0.8413,0.83,1.21,True,fib_pullback,JSWSTEEL
2017-06-08,2017-06-27,178.64219665527344,176.1165313720703,-0.014138122629990446,-0.016738122629990446,macd_bear_cross,19,57.7,0.0643,0.71,1.54,True,fib_pullback,JSWSTEEL
2018-07-27,2018-08-07,296.4317321777344,312.2506408691406,0.0533644241633401,0.0507644241633401,rsi_overbought,11,57.2,1.6381,0.99,1.49,True,fib_pullback,JSWSTEEL
2021-07-22,2021-07-29,681.0213012695312,711.2921142578125,0.044449142680047855,0.04184914268004786,rsi_overbought,7,63.9,2.4541,1.05,1.47,True,fib_pullback,JSWSTEEL
2021-12-08,2021-12-20,639.5831909179688,610.7379760742188,-0.04510002022152832,-0.04770002022152832,bb_mid_break,12,52.8,2.0681,0.72,1.64,True,fib_pullback,JSWSTEEL
2023-09-04,2023-09-20,796.7713012695312,774.0921630859375,-0.028463799019189155,-0.031063799019189157,macd_bear_cross,16,55.2,0.4947,0.69,1.62,True,fib_pullback,JSWSTEEL
2024-02-07,2024-02-09,823.14013671875,798.68994140625,-0.029703563490373362,-0.03230356349037336,bb_mid_break,2,51.2,1.9076,0.95,1.94,True,fib_pullback,JSWSTEEL
2024-03-01,2024-03-06,822.74658203125,799.821533203125,-0.027864046267474192,-0.030464046267474194,bb_mid_break,5,61.5,0.3955,0.96,2.42,True,fib_pullback,JSWSTEEL
2024-03-07,2024-03-12,816.6463012695312,804.6426391601562,-0.014698728312017706,-0.017298728312017706,bb_mid_break,5,53.7,1.1107,0.83,2.09,True,fib_pullback,JSWSTEEL
2024-03-22,2024-04-08,811.5299682617188,862.3489990234375,0.06262126199796678,0.06002126199796678,rsi_overbought,17,46.3,0.8541,0.73,1.39,True,fib_pullback,JSWSTEEL
2024-08-12,2024-08-14,909.661376953125,882.8380737304688,-0.029487129938944808,-0.03208712993894481,bb_mid_break,2,54.8,0.9354,0.67,1.64,True,fib_pullback,JSWSTEEL
2024-11-08,2024-11-12,988.048828125,949.2269287109375,-0.039291478628373074,-0.04189147862837307,bb_mid_break,4,54.1,3.2226,0.74,2.12,True,fib_pullback,JSWSTEEL
2024-12-03,2024-12-17,990.4287109375,958.7465209960938,-0.03198835977949101,-0.034588359779491006,macd_bear_cross,14,55.1,4.3357,0.84,1.06,True,fib_pullback,JSWSTEEL
2025-02-12,2025-02-14,948.3840942382812,956.5153198242188,0.008573768408113486,0.0059737684081134865,death_cross,2,58.2,3.2112,0.75,1.47,True,fib_pullback,JSWSTEEL
2025-06-20,2025-07-15,997.1221313476562,1029.0889892578125,0.032059119846183315,0.029459119846183313,macd_bear_cross,25,60.2,0.9819,0.64,4.4,True,fib_pullback,JSWSTEEL
2026-04-09,2026-04-20,1202.791259765625,1267.22119140625,0.05356701016698422,0.050967010166984225,rsi_overbought,11,56.2,8.3785,0.96,1.16,True,fib_pullback,JSWSTEEL
2016-12-30,2017-01-04,118.87686157226562,119.87081909179688,0.008361236210185613,0.005761236210185613,death_cross,5,59.2,0.9808,1.18,4.73,True,fib_pullback,JAGRAN
2021-05-24,2021-06-08,42.044498443603516,46.29619216918945,0.10112366380797613,0.09852366380797613,rsi_overbought,15,63.6,0.1177,0.98,4.0,True,fib_pullback,JAGRAN
2021-09-22,2021-09-29,45.42404556274414,42.952980041503906,-0.054399943700015815,-0.056999943700015814,bb_mid_break,7,57.7,0.5222,0.91,1.26,True,fib_pullback,JAGRAN
2021-10-05,2021-10-20,45.20601272583008,44.29753112792969,-0.0200964770640189,-0.0226964770640189,bb_mid_break,15,53.7,0.1306,0.8,1.27,True,fib_pullback,JAGRAN
2021-10-22,2021-11-18,45.09699249267578,46.91395950317383,0.04029020362706318,0.037690203627063185,macd_bear_cross,27,58.5,0.0156,0.72,2.29,True,fib_pullback,JAGRAN
2022-11-10,2022-11-11,51.82708740234375,51.86565017700195,0.0007440660201263639,-0.001855933979873636,macd_bear_cross,1,55.2,0.0259,0.54,2.21,True,fib_pullback,JAGRAN
2023-03-24,2023-03-27,57.18717956542969,54.71921920776367,-0.043155832765669845,-0.04575583276566984,bb_mid_break,3,61.3,0.1864,0.87,1.3,True,fib_pullback,JAGRAN
2023-04-03,2023-04-06,56.37738037109375,55.529022216796875,-0.015047846294253356,-0.017647846294253356,bb_mid_break,3,55.1,0.0126,0.69,2.52,True,fib_pullback,JAGRAN
2023-04-10,2023-04-11,56.261695861816406,55.683265686035156,-0.010281065419747114,-0.012881065419747116,bb_mid_break,1,51.6,0.0316,0.65,2.21,True,fib_pullback,JAGRAN
2023-04-24,2023-05-04,56.22313690185547,56.300254821777344,0.0013716402920828483,-0.0012283597079171516,macd_bear_cross,10,57.5,0.0296,0.65,1.26,True,fib_pullback,JAGRAN
2023-10-10,2023-10-16,80.9412612915039,91.16014099121094,0.12625056166229606,0.12365056166229606,rsi_overbought,6,49.9,0.1774,0.83,1.25,True,fib_pullback,JAGRAN
2025-10-23,2025-11-06,62.75795364379883,61.36255645751953,-0.022234587096311056,-0.024834587096311058,macd_bear_cross,14,55.3,0.0281,0.74,1.71,True,fib_pullback,JAGRAN
2025-12-23,2026-01-05,62.06026077270508,62.679466247558594,0.009977487479811725,0.0073774874798117245,death_cross,13,58.2,0.1077,1.24,1.7,True,fib_pullback,JAGRAN
2016-09-08,2016-09-12,71.40034484863281,67.89464569091797,-0.04909919083929987,-0.051699190839299865,bb_mid_break,4,53.7,0.1728,0.88,3.47,True,fib_pullback,JAICORPLTD
2016-09-23,2016-09-27,70.25018310546875,68.49507141113281,-0.024983731240969646,-0.027583731240969647,bb_mid_break,4,58.7,0.1377,0.77,1.49,True,fib_pullback,JAICORPLTD
2016-10-20,2016-10-26,68.58744049072266,66.60140991210938,-0.02895618446181729,-0.03155618446181729,bb_mid_break,6,49.6,0.1661,0.66,1.02,True,fib_pullback,JAICORPLTD
2017-06-22,2017-06-27,77.50151062011719,73.0213851928711,-0.05780694326341532,-0.060406943263415315,bb_mid_break,5,57.7,0.4882,1.06,2.72,True,fib_pullback,JAICORPLTD
2017-07-05,2017-07-18,77.40913391113281,74.77647399902344,-0.034009680500129605,-0.0366096805001296,macd_bear_cross,13,63.0,0.3075,1.03,1.89,True,fib_pullback,JAICORPLTD
2017-07-21,2017-08-02,77.45530700683594,77.22439575195312,-0.0029812192838178674,-0.005581219283817868,macd_bear_cross,12,62.4,0.0033,0.71,1.71,True,fib_pullback,JAICORPLTD
2018-04-06,2018-04-30,148.50552368164062,147.6693878173828,-0.005630335111643944,-0.008230335111643944,macd_bear_cross,24,55.8,3.015,1.08,2.89,True,fib_pullback,JAICORPLTD
2020-11-12,2020-11-18,80.41226196289062,84.91346740722656,0.05597660523979781,0.053376605239797814,rsi_overbought,6,47.7,0.3849,0.75,1.31,True,fib_pullback,JAICORPLTD
2021-03-01,2021-03-16,87.00115203857422,89.87605285644531,0.03304439941894599,0.030444399418945993,macd_bear_cross,15,54.2,0.3043,0.76,1.43,True,fib_pullback,JAICORPLTD
2021-10-07,2021-10-19,128.8521728515625,123.8093490600586,-0.03913650565530805,-0.04173650565530805,bb_mid_break,12,60.4,0.6962,0.81,1.47,True,fib_pullback,JAICORPLTD
2021-11-25,2021-11-26,122.97731018066406,115.07534790039062,-0.06425544898213163,-0.06685544898213164,bb_mid_break,1,55.7,0.1388,0.89,7.93,True,fib_pullback,JAICORPLTD
2023-06-08,2023-06-12,165.0919952392578,160.06333923339844,-0.03045972034302238,-0.03305972034302238,macd_bear_cross,4,57.4,0.413,0.94,1.54,False,golden_cross,JAICORPLTD
2024-04-30,2024-05-07,307.71734619140625,283.09995849609373,-0.08000000000000006,-0.08260000000000006,stop_loss,7,60.2,2.6578,0.86,2.83,True,fib_pullback,JAICORPLTD
2024-05-24,2024-05-27,292.69512939453125,283.615234375,-0.031021681291089155,-0.03362168129108915,bb_mid_break,3,44.8,0.645,0.55,1.16,True,fib_pullback,JAICORPLTD
2024-11-25,2024-12-05,326.0134582519531,369.9007568359375,0.13461805785351025,0.13201805785351026,rsi_overbought,10,53.0,1.0214,0.85,9.05,True,fib_pullback,JAICORPLTD
2017-01-03,2017-01-09,85.48612213134766,87.77886199951172,0.026820024244886383,0.02422002424488638,rsi_overbought,6,62.4,0.9872,0.97,1.43,True,fib_pullback,JISLJALEQS
2017-03-28,2017-03-30,88.43392181396484,87.03020477294922,-0.0158730610632487,-0.0184730610632487,bb_mid_break,2,60.9,0.1862,0.68,1.03,True,fib_pullback,JISLJALEQS
2017-06-02,2017-06-12,96.2479248046875,98.21311950683594,0.020418047517765575,0.017818047517765574,rsi_overbought,10,57.6,0.9207,0.73,1.03,True,fib_pullback,JISLJALEQS
2021-04-28,2021-05-12,20.049999237060547,20.200000762939453,0.007481373146470872,0.004881373146470872,rsi_overbought,14,57.0,0.2644,0.91,3.56,True,fib_pullback,JISLJALEQS
2021-05-18,2021-05-21,20.950000762939453,22.549999237060547,0.07637223942022431,0.0737722394202243,rsi_overbought,3,64.6,0.288,0.91,2.83,True,fib_pullback,JISLJALEQS
2021-12-07,2021-12-17,44.25,40.71,-0.07999999999999997,-0.08259999999999998,stop_loss,10,51.1,0.1954,0.68,1.17,True,fib_pullback,JISLJALEQS
2022-01-03,2022-01-07,43.54999923706055,48.20000076293945,0.10677386009967615,0.10417386009967615,rsi_overbought,4,51.7,0.3281,0.76,2.11,True,fib_pullback,JISLJALEQS
2022-02-11,2022-02-14,45.0,41.4,-0.08000000000000003,-0.08260000000000003,stop_loss,3,53.7,0.1489,0.64,1.51,True,fib_pullback,JISLJALEQS
2022-03-30,2022-04-22,41.95000076293945,44.099998474121094,0.0512514343761597,0.0486514343761597,macd_bear_cross,23,61.7,0.1384,0.78,2.37,True,fib_pullback,JISLJALEQS
2024-01-29,2024-02-12,65.05000305175781,59.84600280761719,-0.07999999999999997,-0.08259999999999998,stop_loss,14,55.9,0.5576,1.02,2.54,True,fib_pullback,JISLJALEQS
2024-11-05,2024-11-13,65.81999969482422,64.48999786376953,-0.020206652039217083,-0.022806652039217085,death_cross,8,57.1,1.1828,0.81,1.13,True,fib_pullback,JISLJALEQS
2023-04-13,2023-04-28,49.00395965576172,55.59513854980469,0.1345029858881618,0.13190298588816182,rsi_overbought,15,60.3,0.4429,0.85,1.06,True,fib_pullback,J&KBANK
2024-04-29,2024-05-07,130.88206481933594,124.39324188232422,-0.049577632702911704,-0.0521776327029117,bb_mid_break,8,45.2,0.1227,0.62,2.03,True,fib_pullback,J&KBANK
2025-09-23,2025-09-26,105.29000091552734,99.55000305175781,-0.0545160776318603,-0.0571160776318603,macd_bear_cross,3,60.4,0.5731,0.93,1.47,True,fib_pullback,J&KBANK
2025-09-30,2025-10-08,105.02999877929688,102.0199966430664,-0.02865849920226591,-0.03125849920226591,bb_mid_break,8,60.1,0.0342,0.84,4.27,True,fib_pullback,J&KBANK
2025-10-10,2025-10-14,107.51000213623047,103.56999969482422,-0.036647775677780256,-0.039247775677780254,bb_mid_break,4,53.9,0.2311,1.0,2.79,True,fib_pullback,J&KBANK
2025-10-16,2025-10-31,106.87999725341797,106.12999725341797,-0.007017215749189359,-0.009617215749189358,macd_bear_cross,15,57.6,0.2693,0.83,1.26,True,fib_pullback,J&KBANK
2026-01-21,2026-01-27,102.94999694824219,103.69000244140625,0.007188008888782174,0.004588008888782174,death_cross,6,55.2,0.1367,0.71,4.41,True,fib_pullback,J&KBANK
2017-09-13,2017-09-26,45.35537338256836,44.17845916748047,-0.02594872729104727,-0.028548727291047273,bb_mid_break,13,64.6,0.2502,0.77,1.66,True,fib_pullback,JAMNAAUTO
2018-03-20,2018-03-23,70.39547729492188,68.8948974609375,-0.021316423890382834,-0.023916423890382836,bb_mid_break,3,55.3,0.155,0.76,1.14,True,fib_pullback,JAMNAAUTO
2018-08-21,2018-08-24,76.79505920410156,73.70561218261719,-0.04022976287150737,-0.04282976287150737,bb_mid_break,3,55.0,0.1701,0.89,2.11,True,fib_pullback,JAMNAAUTO
2022-01-21,2022-01-24,105.37833404541016,100.41333770751953,-0.04711591223060221,-0.049715912230602205,macd_bear_cross,3,60.4,0.1593,0.71,4.43,True,fib_pullback,JAMNAAUTO
2022-04-06,2022-04-22,100.3205337524414,105.93515014648438,0.05596677154746828,0.05336677154746828,rsi_overbought,16,60.6,0.7801,1.18,1.82,True,fib_pullback,JAMNAAUTO
2022-06-24,2022-07-01,102.82623291015625,115.91151428222656,0.12725625554622322,0.12465625554622323,rsi_overbought,7,47.3,0.1408,0.64,1.17,True,fib_pullback,JAMNAAUTO
2023-12-28,2024-01-08,106.8524169921875,104.73652648925781,-0.019801990095220687,-0.02240199009522069,bb_mid_break,11,51.1,0.1403,0.71,1.56,True,fib_pullback,JAMNAAUTO
2024-07-15,2024-07-19,124.07767486572266,119.77857971191406,-0.034648418085373466,-0.037248418085373464,bb_mid_break,4,51.7,0.2995,0.84,1.71,True,fib_pullback,JAMNAAUTO
2024-09-12,2024-09-18,123.99468994140625,120.2837905883789,-0.029927889289298848,-0.032527889289298846,bb_mid_break,6,52.8,0.1203,0.78,2.93,True,fib_pullback,JAMNAAUTO
2025-08-18,2025-08-20,91.18077087402344,104.50084686279297,0.14608426602548388,0.1434842660254839,rsi_overbought,2,58.8,0.0205,0.6,2.35,True,fib_pullback,JAMNAAUTO
2026-05-07,2026-05-11,131.11000061035156,125.2300033569336,-0.044847816536076834,-0.04744781653607683,bb_mid_break,4,54.5,0.581,1.15,2.68,True,fib_pullback,JAMNAAUTO
2026-05-26,2026-06-02,123.62000274658203,120.66999816894531,-0.023863489015480414,-0.026463489015480415,bb_mid_break,7,48.6,0.0642,0.64,2.54,True,fib_pullback,JAMNAAUTO
2026-06-15,2026-07-01,124.95999908447266,134.58999633789062,0.07706463927635046,0.07446463927635046,rsi_overbought,16,51.9,0.2217,0.77,1.02,True,fib_pullback,JAMNAAUTO
2020-10-06,2020-10-12,28.850000381469727,33.150001525878906,0.1490468314576196,0.1464468314576196,rsi_overbought,6,56.9,0.3305,0.92,2.15,True,fib_pullback,JETAIRWAYS
2021-02-10,2021-02-18,105.55000305175781,97.10600280761719,-0.08,-0.0826,stop_loss,8,48.4,0.7278,0.58,1.93,True,fib_pullback,JETAIRWAYS
2021-03-04,2021-03-08,122.69999694824219,112.88399719238282,-0.07999999999999993,-0.08259999999999994,stop_loss,4,54.2,1.1292,0.68,1.78,True,fib_pullback,JETAIRWAYS
2022-06-28,2022-07-06,111.0999984741211,102.2119985961914,-0.08,-0.0826,stop_loss,8,54.6,0.1383,0.84,1.5,True,fib_pullback,JETAIRWAYS
2023-12-26,2023-12-28,59.54999923706055,56.75,-0.047019299293592366,-0.049619299293592364,macd_bear_cross,2,60.5,0.0635,0.67,1.8,True,fib_pullback,JETAIRWAYS
2017-01-04,2017-01-11,24.691808700561523,26.078989028930664,0.0561797778847037,0.0535797778847037,rsi_overbought,7,46.8,0.023,0.68,1.21,True,fib_pullback,JINDALSAW
2019-05-24,2019-06-11,37.849342346191406,37.19488525390625,-0.01729110868820713,-0.01989110868820713,macd_bear_cross,18,61.6,0.5242,1.0,1.95,True,fib_pullback,JINDALSAW
2020-11-12,2020-11-17,29.620403289794922,30.38405418395996,0.025781245673590768,0.023181245673590766,rsi_overbought,5,59.1,0.1547,1.05,3.09,True,fib_pullback,JINDALSAW
2021-04-08,2021-04-12,36.14614486694336,33.25445327758789,-0.07999999999999996,-0.08259999999999997,stop_loss,4,54.7,0.0871,0.64,3.0,True,fib_pullback,JINDALSAW
2017-06-12,2017-06-19,74.14141845703125,74.58391571044922,0.005968286858099681,0.0033682868580996814,rsi_overbought,7,61.0,0.2828,0.95,3.67,True,fib_pullback,JSL
2019-11-11,2019-12-03,36.77571487426758,36.77571487426758,0.0,-0.0026,macd_bear_cross,22,61.7,0.1672,0.93,1.68,False,golden_cross,JSL
2023-04-28,2023-05-04,278.1871643066406,288.4008483886719,0.03671515221591207,0.03411515221591207,rsi_overbought,6,44.9,1.1571,0.7,1.03,True,fib_pullback,JSL
2023-05-18,2023-05-22,292.1507568359375,281.5423583984375,-0.03631138441122484,-0.03891138441122484,macd_bear_cross,4,64.0,0.3799,0.85,5.33,True,fib_pullback,JSL
2023-05-23,2023-05-30,291.904052734375,279.0753173828125,-0.04394846605037139,-0.04654846605037139,macd_bear_cross,7,54.4,0.5327,0.83,1.88,True,fib_pullback,JSL
2023-11-08,2023-11-20,464.21673583984375,525.3187255859375,0.1316238408241579,0.1290238408241579,rsi_overbought,12,52.6,0.7926,0.85,1.48,True,fib_pullback,JSL
2024-09-20,2024-10-07,772.5200805664062,754.4180297851562,-0.023432466335344584,-0.026032466335344586,macd_bear_cross,17,61.4,2.842,0.94,1.15,True,fib_pullback,JSL
2026-02-25,2026-02-27,803.4000244140625,776.3499755859375,-0.033669464782320864,-0.03626946478232086,bb_mid_break,2,57.3,2.9915,0.71,1.18,True,fib_pullback,JSL
2017-02-01,2017-02-15,82.23776245117188,88.49925994873047,0.07613895746830802,0.07353895746830802,macd_bear_cross,14,52.7,0.1958,0.87,1.18,False,golden_cross,JINDALSTEL
2017-05-25,2017-06-22,116.8486099243164,120.00402069091797,0.027004264480727177,0.024404264480727175,macd_bear_cross,28,64.9,0.3927,1.07,1.3,True,fib_pullback,JINDALSTEL
2018-06-07,2018-06-15,241.14202880859375,230.73902893066406,-0.04314055052670664,-0.04574055052670664,bb_mid_break,8,48.9,0.277,0.61,1.3,True,fib_pullback,JINDALSTEL
2021-06-11,2021-06-17,415.231689453125,389.9884338378906,-0.06079318187029667,-0.06339318187029666,bb_mid_break,6,62.0,0.8623,0.79,1.28,True,fib_pullback,JINDALSTEL
2021-07-27,2021-08-10,413.9497985839844,394.86944580078125,-0.04609339791557357,-0.04869339791557357,macd_bear_cross,14,62.9,2.4908,1.24,1.99,True,fib_pullback,JINDALSTEL
2021-09-07,2021-09-20,394.2778015136719,362.73557739257814,-0.07999999999999997,-0.08259999999999998,stop_loss,13,43.8,1.5499,0.59,1.24,True,fib_pullback,JINDALSTEL
2021-10-01,2021-10-08,396.10205078125,410.0548400878906,0.03522523874622943,0.03262523874622943,rsi_overbought,7,49.3,2.6799,0.75,1.8,True,fib_pullback,JINDALSTEL
2024-09-12,2024-09-17,1002.6609497070312,1050.6656494140625,0.047877300617978395,0.0452773006179784,rsi_overbought,5,63.9,4.4152,1.2,2.21,True,fib_pullback,JINDALSTEL
2024-09-20,2024-10-07,1007.4015502929688,998.618896484375,-0.008718126159364766,-0.011318126159364766,macd_bear_cross,17,61.0,5.2823,0.69,1.63,True,fib_pullback,JINDALSTEL
2025-12-31,2026-01-08,1053.800048828125,1013.5999755859375,-0.03814772383707124,-0.04074772383707124,bb_mid_break,8,61.6,4.6269,1.17,3.49,True,fib_pullback,JINDALSTEL
2026-01-21,2026-01-29,1041.4000244140625,1159.5999755859375,0.11350100672254113,0.11090100672254112,rsi_overbought,8,42.2,0.3747,0.53,1.08,True,fib_pullback,JINDALSTEL
2017-07-03,2017-07-06,97.54894256591797,105.22203826904297,0.07865893264747553,0.07605893264747553,rsi_overbought,3,61.7,0.7163,1.12,2.07,True,fib_pullback,JUBLFOOD
2020-05-06,2020-05-18,307.4247741699219,306.01312255859375,-0.004591860285625086,-0.007191860285625086,death_cross,12,64.3,2.6318,0.75,1.02,True,fib_pullback,JUBLFOOD
2021-04-29,2021-05-04,580.1099243164062,548.93408203125,-0.05374126691918509,-0.05634126691918509,bb_mid_break,5,55.8,3.2826,0.8,1.01,True,fib_pullback,JUBLFOOD
2021-05-18,2021-05-25,585.2236328125,606.9223022460938,0.037077568671164365,0.03447756867116437,rsi_overbought,7,51.0,1.789,0.96,2.57,True,fib_pullback,JUBLFOOD
2022-11-07,2022-11-09,607.1200561523438,561.291259765625,-0.07548555828835771,-0.07808555828835771,macd_bear_cross,2,60.0,1.5859,0.78,1.15,True,fib_pullback,JUBLFOOD
2024-11-12,2024-12-06,633.938720703125,691.3252563476562,0.09052379002955004,0.08792379002955003,rsi_overbought,24,60.9,6.2885,0.98,7.52,True,fib_pullback,JUBLFOOD
2025-06-20,2025-07-07,692.6192626953125,680.9727172851562,-0.016815220190143105,-0.019415220190143107,macd_bear_cross,17,63.0,1.4212,0.81,1.69,True,fib_pullback,JUBLFOOD
2018-08-20,2018-08-21,584.1500244140625,567.8499755859375,-0.027903874256403442,-0.030503874256403444,bb_mid_break,1,56.3,0.9388,0.95,1.37,True,fib_pullback,JUSTDIAL
2019-09-12,2019-09-17,727.2999877929688,700.0999755859375,-0.03739861496433014,-0.03999861496433014,bb_mid_break,5,64.7,5.8909,0.85,1.02,True,fib_pullback,JUSTDIAL
2021-02-11,2021-02-19,660.0499877929688,636.5,-0.035679097384296046,-0.038279097384296044,bb_mid_break,8,48.5,0.9665,0.63,1.77,True,fib_pullback,JUSTDIAL
2021-05-26,2021-06-04,857.2000122070312,952.75,0.11146755300079426,0.10886755300079426,rsi_overbought,9,57.6,5.619,0.77,4.17,True,fib_pullback,JUSTDIAL
2023-10-16,2023-10-26,750.4000244140625,721.75,-0.03817966881921866,-0.040779668819218656,macd_bear_cross,10,60.8,3.9531,0.86,2.3,True,fib_pullback,JUSTDIAL
2023-11-28,2023-12-05,729.0,772.0,0.05898491083676269,0.05638491083676269,rsi_overbought,7,56.5,2.196,0.84,3.1,True,fib_pullback,JUSTDIAL
2024-04-02,2024-04-04,862.2000122070312,904.7000122070312,0.04929250684097057,0.04669250684097057,rsi_overbought,2,54.2,4.3691,0.67,1.13,True,fib_pullback,JUSTDIAL
2024-06-11,2024-06-13,1022.5499877929688,1051.9000244140625,0.02870278907776597,0.02610278907776597,rsi_overbought,2,64.1,5.6883,1.1,2.39,True,fib_pullback,JUSTDIAL
2024-10-09,2024-10-17,1242.449951171875,1194.4000244140625,-0.038673531044443245,-0.04127353104444324,bb_mid_break,8,57.9,7.3867,1.15,1.46,True,fib_pullback,JUSTDIAL
2017-02-07,2017-02-14,148.73350524902344,149.5870819091797,0.005738966877215142,0.0031389668772151425,bb_mid_break,7,52.3,0.0007,0.56,1.25,True,fib_pullback,JYOTHYLAB
2017-04-11,2017-04-26,154.49505615234375,175.74880981445312,0.13756915069924033,0.13496915069924034,rsi_overbought,15,54.1,0.0167,0.72,1.24,True,fib_pullback,JYOTHYLAB
2017-07-11,2017-07-14,159.44503784179688,157.187744140625,-0.014157190036930386,-0.016757190036930388,bb_mid_break,3,43.3,0.5159,0.59,5.01,True,fib_pullback,JYOTHYLAB
2017-08-01,2017-08-09,161.76747131347656,162.41864013671875,0.004025338456211251,0.001425338456211251,bb_mid_break,8,54.3,0.0103,0.57,2.54,True,fib_pullback,JYOTHYLAB
2020-11-27,2020-12-04,128.85081481933594,133.2403564453125,0.034066851902576,0.031466851902576004,rsi_overbought,7,64.2,0.8675,0.85,1.66,True,fib_pullback,JYOTHYLAB
2020-12-10,2020-12-18,130.1768341064453,130.77125549316406,0.0045662608927229936,0.0019662608927229937,macd_bear_cross,8,58.9,0.2502,0.65,1.12,True,fib_pullback,JYOTHYLAB
2021-04-27,2021-05-03,138.1785888671875,131.9600830078125,-0.04500339676613729,-0.047603396766137285,bb_mid_break,6,62.7,1.1836,1.0,8.41,True,fib_pullback,JYOTHYLAB
2023-01-27,2023-02-06,194.9525146484375,203.09141540527344,0.04174811887660444,0.039148118876604444,rsi_overbought,10,52.5,0.0498,0.67,1.14,True,fib_pullback,JYOTHYLAB
2023-04-05,2023-04-28,186.71841430664062,185.38575744628906,-0.007137254594305789,-0.00973725459430579,death_cross,23,62.4,1.295,1.06,3.69,True,fib_pullback,JYOTHYLAB
2024-05-07,2024-05-21,440.722900390625,416.9757385253906,-0.053882296209674156,-0.056482296209674154,macd_bear_cross,14,60.8,2.5492,1.04,8.12,True,fib_pullback,JYOTHYLAB
2024-07-02,2024-07-15,460.705322265625,488.517822265625,0.06036939157382771,0.05776939157382771,rsi_overbought,13,59.0,2.4657,1.03,3.51,False,golden_cross,JYOTHYLAB
2016-10-24,2016-11-02,114.51721954345703,108.57515716552734,-0.05188793791552712,-0.05448793791552712,bb_mid_break,9,46.4,0.1286,0.6,6.27,True,fib_pullback,KPRMILL
2017-01-19,2017-01-23,111.40652465820312,109.65377807617188,-0.01573288985908772,-0.018332889859087723,bb_mid_break,4,60.1,0.1076,0.62,2.89,True,fib_pullback,KPRMILL
2017-09-08,2017-09-12,152.8021240234375,154.0457000732422,0.008138473583089343,0.005538473583089343,rsi_overbought,4,59.9,0.9904,0.98,1.05,True,fib_pullback,KPRMILL
2017-10-30,2017-11-06,147.26882934570312,145.2540740966797,-0.013680798971342011,-0.016280798971342013,bb_mid_break,7,52.0,0.3387,0.7,1.58,True,fib_pullback,KPRMILL
2022-04-04,2022-04-06,645.78173828125,664.2061157226562,0.0285303475605284,0.025930347560528397,rsi_overbought,2,60.3,2.9234,1.02,1.02,True,fib_pullback,KPRMILL
2022-04-18,2022-04-19,658.3903198242188,633.2218017578125,-0.0382273513272885,-0.0408273513272885,bb_mid_break,1,60.6,3.1424,0.82,1.16,True,fib_pullback,KPRMILL
2022-04-27,2022-04-28,656.97314453125,641.4322509765625,-0.02365529502088844,-0.02625529502088844,macd_bear_cross,1,53.9,0.34,0.73,1.39,True,fib_pullback,KPRMILL
2024-02-26,2024-03-06,769.5158081054688,789.0166015625,0.025341641135406667,0.022741641135406665,rsi_overbought,9,47.7,3.1079,0.76,2.59,True,fib_pullback,KPRMILL
2024-06-07,2024-06-18,827.6725463867188,859.91064453125,0.038950305027356115,0.03635030502735612,rsi_overbought,11,52.0,4.131,0.93,2.12,True,fib_pullback,KPRMILL
2024-09-16,2024-09-20,861.1417236328125,951.6032104492188,0.10504831473591295,0.10244831473591294,rsi_overbought,4,49.8,1.1487,0.69,1.44,True,fib_pullback,KPRMILL
2024-11-08,2024-11-13,923.7269897460938,870.4998168945312,-0.057622190801411066,-0.060222190801411064,macd_bear_cross,5,52.7,0.6449,0.65,1.27,True,fib_pullback,KPRMILL
2024-11-25,2024-12-09,931.3026733398438,994.2839965820312,0.06762712600869432,0.06502712600869431,rsi_overbought,14,52.8,2.1575,0.83,3.0,True,fib_pullback,KPRMILL
2025-06-27,2025-07-01,1133.561279296875,1099.999267578125,-0.02960758481408948,-0.03220758481408948,macd_bear_cross,4,58.0,0.5537,0.89,2.76,True,fib_pullback,KPRMILL
2025-10-23,2025-11-10,1077.218505859375,1038.412353515625,-0.03602440185781206,-0.03862440185781206,bb_mid_break,18,56.3,2.241,0.78,5.56,True,fib_pullback,KPRMILL
2025-11-13,2025-11-25,1084.283203125,1073.6363525390625,-0.009819252530383515,-0.012419252530383517,macd_bear_cross,12,51.5,2.8898,0.78,1.71,True,fib_pullback,KPRMILL
2016-10-03,2016-10-13,115.06109619140625,111.30220794677734,-0.03266862883329329,-0.035268628833293285,bb_mid_break,10,56.5,0.0306,0.78,1.47,True,fib_pullback,KEI
2016-11-29,2016-12-05,123.75048828125,117.453125,-0.05088758330341184,-0.053487583303411836,bb_mid_break,6,44.4,0.1923,0.73,1.34,True,fib_pullback,KEI
2016-12-16,2016-12-22,122.13953399658203,116.08625793457031,-0.04956033369327506,-0.05216033369327506,macd_bear_cross,6,55.5,0.1843,0.76,4.91,True,fib_pullback,KEI
2016-12-23,2016-12-27,122.2859878540039,118.96643829345703,-0.027145788481588374,-0.029745788481588376,bb_mid_break,4,57.1,0.126,0.79,1.1,True,fib_pullback,KEI
2018-07-24,2018-08-06,427.60406494140625,439.2032470703125,0.027125986584097754,0.024525986584097752,rsi_overbought,13,64.0,3.6982,1.15,1.32,True,fib_pullback,KEI
2021-03-19,2021-04-05,508.3258361816406,505.4468994140625,-0.005663565694798546,-0.008263565694798546,macd_bear_cross,17,55.6,1.9719,0.73,2.35,True,fib_pullback,KEI
2022-07-08,2022-07-14,1205.0811767578125,1160.2569580078125,-0.03719601601495134,-0.039796016014951335,macd_bear_cross,6,50.7,2.7591,0.56,1.55,True,fib_pullback,KEI
2023-01-19,2023-02-01,1532.0345458984375,1652.5777587890625,0.07868178508986189,0.07608178508986188,rsi_overbought,13,64.0,6.2983,0.98,2.36,True,fib_pullback,KEI
2024-10-09,2024-10-17,4385.62451171875,4135.75537109375,-0.05697458593578385,-0.059574585935783846,bb_mid_break,8,45.4,2.2412,0.7,1.02,True,fib_pullback,KEI
2025-11-28,2025-12-08,4140.697265625,4090.35693359375,-0.012157452912378417,-0.014757452912378417,bb_mid_break,10,63.3,7.6562,0.75,1.18,True,fib_pullback,KEI
2025-12-19,2025-12-31,4279.3330078125,4454.92529296875,0.04103262934566732,0.038432629345667324,rsi_overbought,12,60.3,10.6597,1.1,1.97,True,fib_pullback,KEI
2026-04-08,2026-04-17,4507.2001953125,4839.2998046875,0.07368201876641389,0.07108201876641389,rsi_overbought,9,60.3,24.6906,0.84,1.47,True,fib_pullback,KEI
2018-04-04,2018-04-11,272.6239929199219,274.5531005859375,0.007076074432606025,0.004476074432606025,rsi_overbought,7,64.2,8.6505,1.08,6.29,True,fib_pullback,KIOCL
2020-12-11,2020-12-16,128.08644104003906,153.4276580810547,0.1978446495604801,0.1952446495604801,rsi_overbought,5,61.0,1.0877,1.04,2.02,True,fib_pullback,KIOCL
2021-02-08,2021-03-02,132.326416015625,180.98744201660156,0.3677347839242522,0.3651347839242522,rsi_overbought,22,50.3,0.1658,0.61,1.07,True,fib_pullback,KIOCL
2021-04-06,2021-04-12,153.08253479003906,145.1942138671875,-0.05152985566688466,-0.054129855666884656,bb_mid_break,6,50.8,0.2509,0.62,1.05,True,fib_pullback,KIOCL
2021-04-28,2021-05-10,152.63882446289062,181.77626037597656,0.19089138045720339,0.1882913804572034,rsi_overbought,12,49.6,0.2397,0.7,1.33,True,fib_pullback,KIOCL
2021-09-07,2021-09-17,269.71783447265625,253.59234619140625,-0.059786511013548815,-0.062386511013548814,bb_mid_break,10,51.8,1.2553,0.79,2.54,True,fib_pullback,KIOCL
2021-10-07,2021-10-12,261.6302795410156,303.7054748535156,0.16081928814322846,0.15821928814322847,rsi_overbought,5,55.2,1.8863,0.8,2.39,True,fib_pullback,KIOCL
2021-12-24,2022-01-04,264.3922119140625,251.5412139892578,-0.0486058111612673,-0.051205811161267295,macd_bear_cross,11,61.4,3.0772,0.83,1.56,True,fib_pullback,KIOCL
2023-08-08,2023-08-16,219.1999969482422,210.4499969482422,-0.0399178837674257,-0.0425178837674257,macd_bear_cross,8,63.0,2.2384,0.75,1.36,True,golden_cross,KIOCL
2024-01-01,2024-01-08,391.04998779296875,374.70001220703125,-0.04181044903802316,-0.04441044903802316,macd_bear_cross,7,60.8,1.8603,0.85,3.06,True,fib_pullback,KIOCL
2024-04-03,2024-04-15,451.6000061035156,415.47200561523437,-0.08000000000000002,-0.08260000000000002,stop_loss,12,59.3,4.2206,0.8,2.05,True,fib_pullback,KIOCL
2024-04-24,2024-04-30,446.75,434.6000061035156,-0.027196404916585058,-0.02979640491658506,bb_mid_break,6,58.0,1.2544,0.71,1.54,True,fib_pullback,KIOCL
2024-05-03,2024-05-08,444.8999938964844,435.6000061035156,-0.020903546685893174,-0.023503546685893176,bb_mid_break,5,46.5,0.1075,0.61,1.12,True,fib_pullback,KIOCL
2024-05-22,2024-05-29,472.95001220703125,435.11401123046875,-0.08,-0.0826,stop_loss,7,61.6,3.4104,1.01,5.77,True,fib_pullback,KIOCL
2026-02-09,2026-02-11,372.6000061035156,366.70001220703125,-0.015834658614700185,-0.018434658614700186,death_cross,2,53.5,1.0628,0.75,1.57,True,fib_pullback,KIOCL
2016-11-18,2016-11-21,72.999755859375,71.66736602783203,-0.018251976542355195,-0.020851976542355197,bb_mid_break,3,45.2,0.0178,0.52,3.69,True,fib_pullback,KNRCON
2016-11-30,2016-12-12,73.5080337524414,79.3655776977539,0.07968576557277257,0.07708576557277257,rsi_overbought,12,64.1,0.2517,0.9,4.17,True,fib_pullback,KNRCON
2017-09-20,2017-09-27,105.20886993408203,101.49909973144531,-0.035261002280140945,-0.03786100228014094,bb_mid_break,7,55.7,0.2148,0.76,2.17,True,fib_pullback,KNRCON
2017-10-16,2017-10-24,105.40672302246094,111.19395446777344,0.054903817132037284,0.052303817132037286,rsi_overbought,8,59.1,0.2883,0.97,3.44,True,fib_pullback,KNRCON
2018-04-09,2018-04-18,150.814208984375,161.20155334472656,0.06887510421135276,0.06627510421135276,rsi_overbought,9,59.2,0.9504,1.09,1.27,True,fib_pullback,KNRCON
2021-10-20,2021-10-22,301.3578186035156,291.2976379394531,-0.03338284273054908,-0.03598284273054908,bb_mid_break,2,64.4,1.6619,0.76,1.17,True,fib_pullback,KNRCON
2021-11-09,2021-11-11,300.2621765136719,290.401123046875,-0.03284147734254458,-0.035441477342544575,bb_mid_break,2,49.6,1.2226,0.67,2.25,True,fib_pullback,KNRCON
2021-11-16,2021-11-18,295.9292907714844,285.9189147949219,-0.03382691841846936,-0.03642691841846936,macd_bear_cross,2,62.1,0.2146,0.68,2.71,True,fib_pullback,KNRCON
2021-12-08,2021-12-20,288.7078857421875,275.06182861328125,-0.04726596606055994,-0.04986596606055994,bb_mid_break,12,49.0,1.4746,0.75,1.29,True,fib_pullback,KNRCON
2016-10-03,2016-10-07,240.31248474121094,233.3095245361328,-0.029141058620485376,-0.031741058620485374,bb_mid_break,4,54.0,0.7779,0.69,1.74,True,fib_pullback,KRBL
2016-11-18,2016-11-28,231.23626708984375,246.57833862304688,0.06634803323149205,0.06374803323149204,rsi_overbought,10,53.8,1.1884,0.99,1.25,True,fib_pullback,KRBL
2019-04-16,2019-04-30,326.09521484375,309.6041259765625,-0.05057139177920559,-0.05317139177920559,bb_mid_break,14,56.6,0.1487,0.68,1.29,True,fib_pullback,KRBL
2019-05-21,2019-05-27,320.5516357421875,326.5145263671875,0.018601965986521495,0.016001965986521493,rsi_overbought,6,61.6,2.0932,0.75,2.05,True,fib_pullback,KRBL
2020-09-16,2020-09-21,262.09814453125,251.18731689453125,-0.04162878625574494,-0.04422878625574494,bb_mid_break,5,45.7,0.3041,0.58,1.47,True,fib_pullback,KRBL
2020-09-25,2020-10-13,271.4842834472656,257.0477294921875,-0.05317638933556295,-0.05577638933556295,macd_bear_cross,18,61.8,0.9479,1.02,2.11,True,fib_pullback,KRBL
2020-11-06,2020-11-09,253.71253967285156,233.41553649902346,-0.0799999999999999,-0.08259999999999991,stop_loss,3,56.3,0.5279,0.73,2.5,True,fib_pullback,KRBL
2025-02-07,2025-02-13,298.6887512207031,279.20904541015625,-0.06521740685223593,-0.06781740685223593,death_cross,6,63.7,3.0705,1.13,4.37,True,fib_pullback,KRBL
2025-11-12,2025-11-13,389.6499938964844,379.1000061035156,-0.027075549745219533,-0.029675549745219534,bb_mid_break,1,55.6,1.7793,1.09,1.43,True,fib_pullback,KRBL
2017-12-21,2018-01-16,675.4501953125,676.84765625,0.002068932612941889,-0.0005310673870581109,macd_bear_cross,26,53.1,1.269,0.75,1.24,True,fib_pullback,KAJARIACER
2021-05-21,2021-05-31,894.3301391601562,928.16015625,0.037827213473553174,0.035227213473553176,rsi_overbought,10,55.5,3.4703,0.83,1.39,True,fib_pullback,KAJARIACER
2024-07-09,2024-07-10,1415.953369140625,1402.5023193359375,-0.009499641794596142,-0.012099641794596144,macd_bear_cross,1,64.7,0.201,0.64,1.2,False,golden_cross,KAJARIACER
2025-10-10,2025-10-27,1233.90283203125,1214.5,-0.015724764971411138,-0.01832476497141114,macd_bear_cross,17,59.8,4.4635,0.93,1.38,True,fib_pullback,KAJARIACER
2017-01-04,2017-01-18,208.1222686767578,198.23057556152344,-0.04752827834390715,-0.05012827834390715,bb_mid_break,14,59.0,1.1644,0.84,1.12,True,fib_pullback,KANSAINER
2017-01-19,2017-01-20,203.69544982910156,203.20697021484375,-0.0023980880018068247,-0.004998088001806824,death_cross,1,61.1,0.1644,0.61,2.97,True,fib_pullback,KANSAINER
2017-01-31,2017-02-15,210.41201782226562,210.90048217773438,0.002321466048015158,-0.00027853395198484173,macd_bear_cross,15,55.4,0.9848,0.78,4.29,True,golden_cross,KANSAINER
2017-10-23,2017-11-07,301.30767822265625,306.5657653808594,0.01745089003114476,0.014850890031144759,macd_bear_cross,15,54.7,0.3537,0.76,2.52,True,fib_pullback,KANSAINER
2018-03-28,2018-04-10,311.05511474609375,301.30767822265625,-0.031336686205575115,-0.03393668620557511,bb_mid_break,13,57.2,0.7314,0.88,1.36,True,fib_pullback,KANSAINER
2021-03-30,2021-04-09,371.5154113769531,374.53179931640625,0.008119146197121249,0.005519146197121249,rsi_overbought,10,53.3,1.9753,0.88,1.52,True,fib_pullback,KANSAINER
2021-05-04,2021-05-10,358.821533203125,355.7737731933594,-0.008493804657036346,-0.011093804657036348,bb_mid_break,6,46.9,0.4697,0.54,2.47,True,fib_pullback,KANSAINER
2021-05-25,2021-06-16,361.1466369628906,363.3775329589844,0.0061772581211187744,0.0035772581211187746,macd_bear_cross,22,51.9,0.3996,0.67,1.15,True,fib_pullback,KANSAINER
2023-07-07,2023-07-10,301.2122497558594,295.9809265136719,-0.017367564720318075,-0.019967564720318076,macd_bear_cross,3,60.0,0.2911,0.73,1.01,False,golden_cross,KANSAINER
2023-11-17,2023-12-20,312.346923828125,308.98736572265625,-0.01075585462566429,-0.013355854625664292,macd_bear_cross,33,63.5,1.8016,0.98,1.94,True,fib_pullback,KANSAINER
2017-07-14,2017-07-17,121.04656982421875,115.86144256591797,-0.04283580497845178,-0.04543580497845178,macd_bear_cross,3,60.6,0.1905,0.56,1.09,True,fib_pullback,KTKBANK
2017-10-12,2017-11-07,111.99087524414062,115.53279876708984,0.03162689384494772,0.029026893844947717,bb_mid_break,26,40.9,0.4178,0.66,1.35,True,fib_pullback,KTKBANK
2022-02-02,2022-02-11,59.683250427246094,58.09405517578125,-0.026627156532000103,-0.029227156532000104,bb_mid_break,9,57.8,0.13,0.93,1.65,True,fib_pullback,KTKBANK
2023-03-01,2023-03-13,137.54620361328125,133.27255249023438,-0.0310706585189547,-0.0336706585189547,bb_mid_break,12,54.5,0.3067,0.76,1.15,True,fib_pullback,KTKBANK
2023-05-18,2023-05-29,127.97696685791016,136.19908142089844,0.06424683101074824,0.061646831010748235,rsi_overbought,11,63.2,0.4695,1.12,4.02,True,fib_pullback,KTKBANK
2023-12-12,2023-12-13,219.1187286376953,231.51361083984375,0.056566968415752886,0.05396696841575289,rsi_overbought,1,64.8,1.5898,1.09,3.78,True,fib_pullback,KTKBANK
2024-03-05,2024-03-07,239.34945678710938,228.47425842285156,-0.04543648650905782,-0.04803648650905782,bb_mid_break,2,56.4,0.3075,0.77,1.86,True,fib_pullback,KTKBANK
2026-02-04,2026-02-10,199.0500030517578,206.6999969482422,0.03843252338205286,0.03583252338205286,rsi_overbought,6,59.4,1.5827,0.98,1.72,True,fib_pullback,KTKBANK
2016-10-20,2016-10-27,60.80616760253906,59.094024658203125,-0.028157389486004117,-0.03075738948600412,bb_mid_break,7,58.4,0.1928,0.96,2.86,True,fib_pullback,KARURVYSYA
2023-03-31,2023-04-03,83.22525787353516,79.59809875488281,-0.043582431719995256,-0.046182431719995254,bb_mid_break,3,58.3,0.4838,0.97,1.15,True,fib_pullback,KARURVYSYA
2024-10-17,2024-10-30,177.58203125,185.94903564453125,0.047116278238490135,0.04451627823849014,rsi_overbought,13,49.6,0.517,0.73,5.97,True,fib_pullback,KARURVYSYA
2025-01-21,2025-02-11,186.51394653320312,185.92449951171875,-0.003160337510629222,-0.005760337510629222,macd_bear_cross,21,52.2,1.2791,0.96,3.11,True,fib_pullback,KARURVYSYA
2025-10-06,2025-10-20,215.64285278320312,239.4477081298828,0.11039018933130113,0.10779018933130112,rsi_overbought,14,59.0,0.3556,0.87,2.95,True,fib_pullback,KARURVYSYA
2026-04-22,2026-05-07,298.1313171386719,311.13018798828125,0.043601158624885825,0.041001158624885826,rsi_overbought,15,55.9,2.876,0.98,1.03,True,fib_pullback,KARURVYSYA
2026-06-16,2026-08-03,292.2768249511719,348.1000061035156,0.19099420955345892,0.18839420955345892,rsi_overbought,48,50.4,0.6563,0.8,1.14,True,fib_pullback,KARURVYSYA
2020-02-05,2020-02-06,475.75341796875,462.1153564453125,-0.028666239712298442,-0.031266239712298444,bb_mid_break,1,49.5,0.2417,0.81,3.38,True,fib_pullback,KSCL
2020-12-07,2020-12-21,498.3902893066406,481.0281677246094,-0.03483639620303476,-0.03743639620303476,bb_mid_break,14,55.8,1.4826,0.8,4.74,True,fib_pullback,KSCL
2022-05-23,2022-06-09,556.9306030273438,540.3058471679688,-0.029850677569174217,-0.03245067756917422,macd_bear_cross,17,51.1,0.8916,0.76,3.7,True,fib_pullback,KSCL
2023-01-24,2023-01-27,519.4828491210938,499.6234130859375,-0.03822924292641455,-0.04082924292641455,bb_mid_break,3,59.4,0.8074,1.16,8.8,True,fib_pullback,KSCL
2023-01-31,2023-02-06,518.9434204101562,500.99639892578125,-0.03458377306371906,-0.03718377306371906,bb_mid_break,6,59.5,1.447,1.08,2.5,True,fib_pullback,KSCL
2023-06-08,2023-06-14,506.292236328125,496.9264831542969,-0.018498709839505096,-0.021098709839505098,bb_mid_break,6,52.5,0.2188,0.61,1.57,True,fib_pullback,KSCL
2023-12-05,2023-12-29,611.7794189453125,605.8455810546875,-0.009699309435506577,-0.012299309435506577,macd_bear_cross,24,59.5,1.9799,1.01,1.59,True,fib_pullback,KSCL
2024-03-12,2024-03-13,678.88134765625,647.3824462890625,-0.0463982424556712,-0.0489982424556712,macd_bear_cross,1,51.4,0.8768,0.81,1.07,True,fib_pullback,KSCL
2024-04-04,2024-04-12,663.7005004882812,676.4583129882812,0.01922224330193233,0.016622243301932328,rsi_overbought,8,55.1,1.8881,0.68,1.32,True,fib_pullback,KSCL
2017-11-03,2017-11-13,291.51409912109375,268.1929711914063,-0.07999999999999988,-0.08259999999999988,stop_loss,10,59.6,1.5883,1.04,1.57,True,fib_pullback,KEC
2021-06-17,2021-06-25,397.4948425292969,434.9610290527344,0.09425578023864825,0.09165578023864825,rsi_overbought,8,51.6,0.1616,0.68,4.11,True,fib_pullback,KEC
2021-08-30,2021-09-09,403.0240173339844,415.4410400390625,0.030809634590060146,0.028209634590060144,rsi_overbought,10,51.5,1.6618,0.81,1.3,True,fib_pullback,KEC
2022-01-10,2022-01-24,464.9647521972656,470.0181579589844,0.010868363113199591,0.00826836311319959,macd_bear_cross,14,64.5,0.3793,0.97,2.39,True,fib_pullback,KEC
2022-09-21,2022-10-06,427.37677001953125,419.15423583984375,-0.019239544019464903,-0.021839544019464904,bb_mid_break,15,59.6,2.5871,0.86,1.11,True,fib_pullback,KEC
2022-12-07,2022-12-08,422.7059631347656,466.7865295410156,0.10428186552976634,0.10168186552976634,rsi_overbought,1,57.3,1.4963,0.97,1.25,True,fib_pullback,KEC
2023-04-06,2023-04-21,455.35284423828125,452.3849182128906,-0.006517859859545626,-0.009117859859545625,bb_mid_break,15,53.3,0.0678,0.73,1.71,True,fib_pullback,KEC
2024-01-08,2024-02-02,598.586669921875,651.3327026367188,0.0881176199959948,0.08551761999599479,rsi_overbought,25,50.7,0.6725,0.64,2.81,True,fib_pullback,KEC
2017-01-18,2017-01-30,276.4110107421875,274.77496337890625,-0.005918893603001998,-0.008518893603001999,macd_bear_cross,12,55.4,0.2047,0.6,2.52,True,fib_pullback,KIRLOSENG
2017-02-01,2017-02-07,285.89178466796875,289.5834655761719,0.012912861111034016,0.010312861111034015,rsi_overbought,6,63.4,0.5096,1.21,1.11,True,fib_pullback,KIRLOSENG
2017-07-20,2017-07-31,335.5610656738281,342.9963684082031,0.022157823105742127,0.019557823105742125,rsi_overbought,11,49.9,0.1432,0.63,1.58,True,fib_pullback,KIRLOSENG
2021-10-21,2021-10-29,211.99952697753906,195.03956481933594,-0.08,-0.0826,stop_loss,8,62.2,2.5876,1.01,1.03,True,fib_pullback,KIRLOSENG
2023-01-18,2023-01-24,313.8224792480469,304.47125244140625,-0.029797823371503506,-0.03239782337150351,bb_mid_break,6,58.4,0.6001,0.91,1.57,True,fib_pullback,KIRLOSENG
2023-02-09,2023-02-27,316.8748779296875,299.3068542480469,-0.05544151621113636,-0.05804151621113636,bb_mid_break,18,54.1,0.9986,0.89,1.82,True,fib_pullback,KIRLOSENG
2023-02-28,2023-03-01,307.80401611328125,303.1159362792969,-0.015230729907887293,-0.017830729907887293,macd_bear_cross,1,56.3,0.1844,0.63,1.28,True,fib_pullback,KIRLOSENG
2023-03-03,2023-03-08,312.2968444824219,380.9581604003906,0.2198591408496715,0.21725914084967152,rsi_overbought,5,54.4,0.168,0.77,1.07,True,fib_pullback,KIRLOSENG
2023-07-11,2023-07-12,402.29888916015625,390.67626953125,-0.02889050887803783,-0.03149050887803783,bb_mid_break,1,46.2,0.0981,0.66,2.19,True,fib_pullback,KIRLOSENG
2023-07-17,2023-08-01,398.5875244140625,437.2156066894531,0.0969124217627615,0.0943124217627615,rsi_overbought,15,60.1,1.0744,0.69,1.33,True,fib_pullback,KIRLOSENG
2024-12-09,2024-12-10,1161.84130859375,1159.7177734375,-0.0018277325315797636,-0.004427732531579763,death_cross,1,55.6,6.0457,0.91,1.8,True,fib_pullback,KIRLOSENG
2025-09-16,2025-09-24,927.6019897460938,969.240478515625,0.044888313338923166,0.04228831333892317,rsi_overbought,8,52.1,0.5904,0.65,7.62,True,fib_pullback,KIRLOSENG
2026-02-03,2026-02-11,1176.436767578125,1319.48193359375,0.12159188658316532,0.11899188658316531,rsi_overbought,8,59.9,3.6114,0.65,2.34,True,fib_pullback,KIRLOSENG
2021-05-07,2021-05-31,230.5074005126953,219.36166381835938,-0.04835305360932254,-0.050953053609322535,bb_mid_break,24,50.8,0.5677,0.78,10.05,True,fib_pullback,KOLTEPATIL
2021-07-12,2021-08-09,223.10934448242188,232.30821228027344,0.04123031161779203,0.03863031161779203,macd_bear_cross,28,57.7,0.5469,0.82,5.81,True,fib_pullback,KOLTEPATIL
2021-12-09,2021-12-17,309.0142822265625,288.6209716796875,-0.06599471843156775,-0.06859471843156775,bb_mid_break,8,57.0,1.3002,0.71,1.4,True,fib_pullback,KOLTEPATIL
2022-03-10,2022-03-15,303.07635498046875,278.83024658203124,-0.08000000000000004,-0.08260000000000005,stop_loss,5,63.0,3.7862,1.18,3.9,True,fib_pullback,KOLTEPATIL
2022-04-01,2022-04-12,287.64752197265625,287.9882507324219,0.0011845357033808018,-0.0014154642966191981,death_cross,11,46.1,1.0549,0.77,1.85,True,fib_pullback,KOLTEPATIL
2023-01-20,2023-01-30,299.3612976074219,275.41239379882813,-0.07999999999999997,-0.08259999999999998,stop_loss,10,64.7,5.059,0.95,1.85,True,fib_pullback,KOLTEPATIL
2017-09-06,2017-09-25,197.85147094726562,198.516845703125,0.0033630013093848606,0.0007630013093848607,bb_mid_break,19,48.3,0.2469,0.81,1.14,True,fib_pullback,KOTAKBANK
2017-12-15,2017-12-20,204.59454345703125,201.13856506347656,-0.01689184049173095,-0.01949184049173095,bb_mid_break,5,46.8,0.4652,0.73,4.54,True,fib_pullback,KOTAKBANK
2018-01-11,2018-01-19,202.12173461914062,210.64236450195312,0.04215593092384637,0.03955593092384637,rsi_overbought,8,54.9,0.1603,0.69,1.17,True,fib_pullback,KOTAKBANK
2020-01-31,2020-02-07,336.36163330078125,328.6670837402344,-0.022875824109422897,-0.0254758241094229,bb_mid_break,7,50.1,0.3167,0.79,2.77,True,fib_pullback,KOTAKBANK
2021-02-04,2021-02-16,379.8345947265625,401.5562438964844,0.05718712690074736,0.054587126900747365,rsi_overbought,12,51.9,0.8743,0.69,1.89,True,fib_pullback,KOTAKBANK
2021-05-28,2021-06-14,358.03350830078125,351.53192138671875,-0.018159157630018713,-0.020759157630018715,macd_bear_cross,17,52.9,1.3932,0.92,1.0,True,fib_pullback,KOTAKBANK
2022-02-02,2022-02-04,386.4285583496094,374.81146240234375,-0.03006272620450431,-0.03266272620450431,bb_mid_break,2,48.0,0.1936,0.75,1.03,True,fib_pullback,KOTAKBANK
2022-10-28,2022-11-16,375.04705810546875,391.2989501953125,0.043332941129946095,0.0407329411299461,rsi_overbought,19,60.7,1.4033,0.81,1.53,True,fib_pullback,KOTAKBANK
2024-09-12,2024-09-19,364.4399108886719,373.3143310546875,0.024350846054088073,0.02175084605408807,rsi_overbought,7,53.5,0.4795,0.98,1.6,True,fib_pullback,KOTAKBANK
2024-12-13,2024-12-19,360.0924377441406,351.407470703125,-0.0241187154482445,-0.0267187154482445,bb_mid_break,6,54.6,1.1049,0.89,1.14,True,fib_pullback,KOTAKBANK
2025-06-09,2025-06-23,426.4113464355469,435.5649719238281,0.02146665553062351,0.01886665553062351,rsi_overbought,14,60.2,0.6554,1.04,1.59,True,fib_pullback,KOTAKBANK
2026-02-09,2026-02-19,428.06097412109375,415.6823425292969,-0.028917916699164208,-0.031517916699164206,bb_mid_break,10,51.4,1.1556,0.86,1.2,True,fib_pullback,KOTAKBANK
2018-04-25,2018-05-15,1161.1400146484375,1136.7779541015625,-0.020981156655987942,-0.023581156655987943,macd_bear_cross,20,62.2,9.6624,1.07,6.99,True,fib_pullback,LTTS
2018-05-29,2018-06-15,1190.0501708984375,1207.792724609375,0.014909080427712239,0.012309080427712237,macd_bear_cross,17,49.2,2.8554,0.78,1.51,True,fib_pullback,LTTS
2019-04-01,2019-04-12,1470.163330078125,1508.8768310546875,0.026332789142894247,0.023732789142894246,death_cross,11,62.0,8.877,1.09,1.63,True,fib_pullback,LTTS
2022-03-30,2022-04-05,4835.16015625,4893.55029296875,0.01207615359819551,0.009476153598195508,rsi_overbought,6,63.6,27.6439,0.95,1.18,True,fib_pullback,LTTS
2024-03-21,2024-04-04,5273.30712890625,5632.2685546875,0.06807140509862605,0.06547140509862605,rsi_overbought,14,57.8,8.2137,0.92,1.39,True,fib_pullback,LTTS
2024-12-10,2024-12-17,5239.73974609375,5106.47607421875,-0.02543326163753623,-0.028033261637536232,macd_bear_cross,7,64.8,6.8473,0.7,1.29,True,fib_pullback,LTTS
2016-11-30,2016-12-09,483.6123962402344,488.5821228027344,0.010276259668148146,0.0076762596681481466,rsi_overbought,9,58.0,5.2086,0.88,1.02,True,fib_pullback,LICHSGFIN
2017-01-16,2017-01-17,463.6045837402344,455.7643737792969,-0.0169114159693695,-0.019511415969369502,bb_mid_break,1,51.0,0.4749,0.62,2.49,True,fib_pullback,LICHSGFIN
2017-10-06,2017-10-11,573.3115234375,551.219482421875,-0.03853409553529301,-0.04113409553529301,bb_mid_break,5,56.2,3.0806,0.78,1.15,True,fib_pullback,LICHSGFIN
2026-06-29,2026-07-06,560.75,548.8499755859375,-0.021221621781654036,-0.023821621781654038,bb_mid_break,7,55.0,0.8856,0.96,3.59,True,fib_pullback,LICHSGFIN
2026-07-20,2026-07-21,552.4500122070312,548.5999755859375,-0.006969022601181416,-0.009569022601181417,bb_mid_break,1,41.5,0.268,0.6,1.59,True,fib_pullback,LICHSGFIN
2026-07-29,2026-07-30,553.4500122070312,540.9000244140625,-0.02267591926310072,-0.025275919263100723,macd_bear_cross,1,59.1,0.3948,0.76,1.43,True,fib_pullback,LICHSGFIN
2016-08-31,2016-09-12,864.8841552734375,836.4444580078125,-0.03288266653079527,-0.035482666530795265,bb_mid_break,12,61.3,1.0883,0.99,1.96,True,fib_pullback,LT
2017-07-11,2017-07-17,995.3071899414062,1016.597412109375,0.021390604210567498,0.018790604210567496,rsi_overbought,6,46.5,1.2666,0.69,1.12,True,fib_pullback,LT
2017-12-20,2018-01-03,1082.85498046875,1120.4583740234375,0.034726158380330496,0.0321261583803305,rsi_overbought,14,55.5,0.8298,0.92,1.41,True,fib_pullback,LT
2018-04-27,2018-05-08,1210.46923828125,1199.1793212890625,-0.00932689293964884,-0.01192689293964884,macd_bear_cross,11,63.6,0.3747,0.8,1.09,True,fib_pullback,LT
2021-05-18,2021-05-25,1331.9267578125,1363.5498046875,0.023742331693175345,0.021142331693175344,rsi_overbought,7,58.8,9.7595,0.97,1.06,True,fib_pullback,LT
2023-02-16,2023-02-23,2096.76904296875,2078.3359375,-0.008791194972361449,-0.011391194972361449,macd_bear_cross,7,53.5,0.267,0.52,1.05,True,fib_pullback,LT
2023-03-15,2023-03-27,2095.180908203125,2073.378662109375,-0.010405901470555163,-0.013005901470555165,bb_mid_break,12,46.9,0.8304,0.59,1.43,True,fib_pullback,LT
2023-04-18,2023-04-19,2133.6357421875,2136.523681640625,0.0013535297501925767,-0.0012464702498074232,macd_bear_cross,1,51.4,1.5829,0.52,1.29,True,fib_pullback,LT
2024-02-26,2024-03-01,3378.272705078125,3537.298095703125,0.04707298803496754,0.04447298803496754,rsi_overbought,4,54.2,10.0772,0.79,1.28,True,fib_pullback,LT
2024-05-23,2024-05-30,3490.471435546875,3538.466064453125,0.013750185266515544,0.011150185266515542,rsi_overbought,7,49.1,16.8431,0.72,1.36,True,fib_pullback,LT
2024-07-18,2024-07-19,3587.376708984375,3550.386474609375,-0.010311221088758291,-0.012911221088758293,macd_bear_cross,1,61.6,2.6675,0.79,1.2,True,fib_pullback,LT
2024-07-22,2024-07-23,3582.71630859375,3471.450927734375,-0.031056151611135438,-0.033656151611135436,macd_bear_cross,1,64.6,0.1327,0.73,1.38,True,fib_pullback,LT
2024-08-27,2024-09-03,3633.00146484375,3620.687744140625,-0.003389407029499944,-0.005989407029499944,rsi_overbought,7,64.6,8.9183,0.74,1.67,True,fib_pullback,LT
2024-09-18,2024-09-30,3660.229248046875,3606.36279296875,-0.014716688881405047,-0.017316688881405046,bb_mid_break,12,55.1,8.8636,0.91,1.14,True,fib_pullback,LT
2024-10-31,2024-11-14,3554.114990234375,3459.873291015625,-0.026516221190844267,-0.02911622119084427,bb_mid_break,14,59.9,3.987,0.91,3.12,True,fib_pullback,LT
2026-02-03,2026-02-10,3999.733154296875,4128.673828125,0.03223731905454874,0.02963731905454874,rsi_overbought,7,63.9,19.8559,0.76,1.71,True,fib_pullback,LT
2017-10-12,2017-10-13,105.22541809082031,104.96461486816406,-0.0024785192341184154,-0.005078519234118415,death_cross,1,49.7,0.551,0.69,1.35,True,fib_pullback,LAURUSLABS
2024-02-29,2024-03-13,404.0513916015625,398.6282653808594,-0.013421872398971718,-0.01602187239897172,bb_mid_break,13,63.9,1.4824,0.92,2.5,True,fib_pullback,LAURUSLABS
2024-07-02,2024-07-05,436.0015563964844,475.244140625,0.0900056058351081,0.08740560583510809,rsi_overbought,3,44.9,0.2001,0.7,1.54,True,fib_pullback,LAURUSLABS
2024-10-18,2024-10-22,473.25213623046875,446.7085876464844,-0.05608754097849006,-0.058687540978490056,macd_bear_cross,4,54.4,1.7446,0.7,1.83,True,fib_pullback,LAURUSLABS
2025-06-04,2025-06-09,622.216552734375,666.1365966796875,0.07058642807283531,0.06798642807283531,rsi_overbought,5,63.7,2.6274,1.01,1.12,True,fib_pullback,LAURUSLABS
2026-04-01,2026-04-13,1037.766845703125,1086.7181396484375,0.04716983795348194,0.04456983795348194,rsi_overbought,12,50.1,3.268,0.72,1.23,True,fib_pullback,LAURUSLABS
2022-07-04,2022-07-12,64.19999694824219,65.75,0.024143350863512027,0.021543350863512025,rsi_overbought,8,55.7,0.0589,0.67,1.74,True,fib_pullback,LEMONTREE
2022-07-25,2022-08-03,66.6500015258789,65.44999694824219,-0.018004569394807594,-0.020604569394807596,bb_mid_break,9,62.0,0.1962,0.83,2.15,True,fib_pullback,LEMONTREE
2023-03-06,2023-03-13,80.80000305175781,75.4000015258789,-0.0668316995287716,-0.06943169952877161,death_cross,7,56.0,0.5791,0.96,1.89,True,fib_pullback,LEMONTREE
2023-08-03,2023-08-18,95.25,102.1500015258789,0.07244096090161581,0.0698409609016158,rsi_overbought,15,61.1,0.4799,0.96,1.06,True,fib_pullback,LEMONTREE
2024-04-01,2024-04-04,137.5500030517578,142.14999389648438,0.03344231728585031,0.03084231728585031,rsi_overbought,3,47.7,0.2776,0.65,1.24,True,fib_pullback,LEMONTREE
2024-06-19,2024-06-25,144.89999389648438,150.74000549316406,0.040303739424942656,0.03770373942494266,rsi_overbought,6,57.9,0.642,0.64,1.22,True,fib_pullback,LEMONTREE
2024-07-05,2024-07-15,148.14999389648438,146.77000427246094,-0.009314813910742827,-0.011914813910742828,bb_mid_break,10,46.4,0.0355,0.74,1.08,True,fib_pullback,LEMONTREE
2025-02-03,2025-02-07,143.58999633789062,138.91000366210938,-0.03259274876481274,-0.03519274876481274,bb_mid_break,4,52.3,0.3058,0.73,1.68,True,fib_pullback,LEMONTREE
2025-06-03,2025-06-12,138.8800048828125,137.80999755859375,-0.0077045455544275535,-0.010304545554427554,macd_bear_cross,9,48.8,0.1081,0.57,1.02,True,fib_pullback,LEMONTREE
2025-06-30,2025-07-03,140.11000061035156,137.9499969482422,-0.015416484567125114,-0.018016484567125114,bb_mid_break,3,46.2,0.2234,0.69,1.17,True,fib_pullback,LEMONTREE
2025-12-22,2025-12-26,163.6999969482422,161.5800018310547,-0.012950489656134746,-0.015550489656134748,bb_mid_break,4,52.5,0.2102,0.72,1.16,True,fib_pullback,LEMONTREE
2016-12-21,2016-12-23,363.4862365722656,342.3516540527344,-0.058144106689798775,-0.06074410668979877,bb_mid_break,2,58.9,0.9824,1.01,17.93,True,fib_pullback,LINDEINDIA
2017-01-18,2017-01-25,349.4447326660156,342.64117431640625,-0.019469626277388838,-0.02206962627738884,bb_mid_break,7,63.8,0.9349,0.96,1.12,True,fib_pullback,LINDEINDIA
2017-01-27,2017-01-30,347.27337646484375,343.8957824707031,-0.00972603782220131,-0.012326037822201312,bb_mid_break,3,58.4,0.3934,0.66,1.33,True,fib_pullback,LINDEINDIA
2017-02-01,2017-02-15,347.4664001464844,355.2350769042969,0.022358066145496062,0.01975806614549606,bb_mid_break,14,47.0,0.0947,0.64,1.32,True,fib_pullback,LINDEINDIA
2017-07-06,2017-07-24,430.1973571777344,422.7535095214844,-0.01730333190581318,-0.01990333190581318,macd_bear_cross,18,58.3,0.8172,1.05,1.5,True,fib_pullback,LINDEINDIA
2018-04-09,2018-04-18,482.5255126953125,450.89324951171875,-0.06555562835817913,-0.06815562835817914,bb_mid_break,9,51.3,3.6752,0.87,4.43,True,fib_pullback,LINDEINDIA
2022-01-05,2022-01-07,2506.760498046875,2565.501708984375,0.023433116559506903,0.0208331165595069,rsi_overbought,2,62.7,13.9088,0.74,6.12,True,fib_pullback,LINDEINDIA
2022-06-28,2022-07-08,3203.876220703125,3411.271484375,0.06473260806135635,0.06213260806135634,rsi_overbought,10,59.9,35.175,1.08,3.84,True,fib_pullback,LINDEINDIA
2022-09-21,2022-09-26,3459.410400390625,3213.45458984375,-0.07109760973115606,-0.07369760973115606,macd_bear_cross,5,59.6,10.3582,0.94,3.82,True,fib_pullback,LINDEINDIA
2023-06-02,2023-06-08,3977.227783203125,3927.55029296875,-0.01249048154701525,-0.015090481547015252,bb_mid_break,6,55.4,5.2302,0.77,1.65,True,fib_pullback,LINDEINDIA
2024-01-19,2024-01-31,5792.97119140625,5564.17724609375,-0.03949509461602553,-0.04209509461602553,bb_mid_break,12,58.7,19.4269,1.1,7.06,True,fib_pullback,LINDEINDIA
2024-02-06,2024-02-08,5677.15673828125,5566.01806640625,-0.019576467058869163,-0.022176467058869165,bb_mid_break,2,56.6,10.3602,0.77,2.23,True,fib_pullback,LINDEINDIA
2024-02-16,2024-02-21,5758.2470703125,5601.986328125,-0.027136859582341563,-0.029736859582341565,bb_mid_break,5,53.6,12.5927,0.9,1.64,True,fib_pullback,LINDEINDIA
2025-09-23,2025-09-24,6469.029296875,6360.712890625,-0.01674384227975664,-0.01934384227975664,macd_bear_cross,1,53.2,2.4871,0.72,1.29,True,fib_pullback,LINDEINDIA
2026-06-18,2026-06-25,7263.1826171875,7009.6123046875,-0.03491173578645187,-0.037511735786451866,bb_mid_break,7,52.4,28.6764,0.83,1.62,True,fib_pullback,LINDEINDIA
2026-06-29,2026-07-08,7284.64599609375,6923.75830078125,-0.04954086931691932,-0.05214086931691932,macd_bear_cross,9,63.8,24.8195,0.81,5.96,True,fib_pullback,LINDEINDIA
2018-08-01,2018-08-08,805.5850830078125,787.7880859375,-0.022092014171692285,-0.024692014171692287,bb_mid_break,7,41.7,0.0565,0.52,1.21,True,golden_cross,LUPIN
2018-11-30,2018-12-05,846.1887817382812,820.0420532226562,-0.030899403395437536,-0.033499403395437534,bb_mid_break,5,63.9,3.8333,1.28,1.42,True,fib_pullback,LUPIN
2019-01-16,2019-01-25,823.7158813476562,825.4812622070312,0.0021431914806434404,-0.00045680851935655945,rsi_overbought,9,61.7,3.0658,1.04,1.3,True,fib_pullback,LUPIN
2020-12-22,2021-01-05,922.7601318359375,1005.31591796875,0.08946613890714834,0.08686613890714834,rsi_overbought,14,61.1,3.0242,0.7,1.3,True,fib_pullback,LUPIN
2021-04-06,2021-04-20,1007.2012329101562,1053.505859375,0.045973560150490984,0.043373560150490986,rsi_overbought,14,44.2,2.6799,0.68,1.02,True,fib_pullback,LUPIN
2024-06-10,2024-06-11,1605.3204345703125,1585.574951171875,-0.01230002619615483,-0.014900026196154832,bb_mid_break,1,42.0,0.5806,0.54,1.35,True,fib_pullback,LUPIN
2024-12-19,2025-01-02,2134.008056640625,2364.147705078125,0.10784385172368466,0.10524385172368465,rsi_overbought,14,64.9,6.0723,0.92,2.3,True,fib_pullback,LUPIN
2025-02-05,2025-02-11,2155.96142578125,2040.0283203125,-0.0537732744577003,-0.056373274457700295,bb_mid_break,6,57.4,4.335,0.9,2.01,True,fib_pullback,LUPIN
2026-06-18,2026-06-30,2310.348388671875,2401.586669921875,0.039491135491668924,0.036891135491668926,rsi_overbought,12,62.9,6.5373,1.27,1.09,True,fib_pullback,LUPIN
2017-10-27,2017-11-14,1171.62060546875,1301.6429443359375,0.11097648697904837,0.10837648697904836,rsi_overbought,18,48.8,0.3135,0.77,1.37,True,fib_pullback,LUXIND
2018-07-31,2018-08-14,1850.95751953125,1838.6214599609375,-0.006664690810103829,-0.00926469081010383,macd_bear_cross,14,46.6,1.4063,0.59,1.36,True,fib_pullback,LUXIND
2020-11-06,2020-11-14,1404.566650390625,1512.564453125,0.07689047914126372,0.07429047914126372,rsi_overbought,8,53.8,0.9696,0.58,1.37,True,fib_pullback,LUXIND
2021-03-31,2021-04-23,1733.0703125,1839.085693359375,0.0611720021367425,0.058572002136742504,macd_bear_cross,23,49.9,1.6653,0.67,3.66,True,fib_pullback,LUXIND
2021-11-01,2021-11-10,3769.31787109375,3992.549072265625,0.059223235823064074,0.056623235823064076,rsi_overbought,9,56.6,21.6822,0.98,4.55,True,fib_pullback,LUXIND
2024-12-04,2024-12-10,2010.035400390625,2068.94580078125,0.02930814073183811,0.02670814073183811,rsi_overbought,6,61.2,26.2858,0.9,1.71,True,fib_pullback,LUXIND
2020-11-12,2020-11-13,273.3946228027344,300.77630615234375,0.10015443269843095,0.09755443269843095,rsi_overbought,1,56.7,0.2453,1.03,1.77,True,fib_pullback,MASFIN
2021-03-01,2021-03-10,305.1586608886719,280.74596801757815,-0.07999999999999992,-0.08259999999999992,stop_loss,9,62.1,2.5599,1.08,3.65,True,fib_pullback,MASFIN
2023-02-06,2023-02-13,270.4018859863281,264.81005859375,-0.020679690794985266,-0.023279690794985267,bb_mid_break,7,49.8,0.0818,0.76,2.59,True,fib_pullback,MASFIN
2025-09-03,2025-09-23,311.27294921875,313.1654968261719,0.006080025945627126,0.0034800259456271264,macd_bear_cross,20,58.9,0.3833,0.79,1.24,True,fib_pullback,MASFIN
2025-11-18,2025-11-25,316.0541076660156,306.4420166015625,-0.030412802211102808,-0.03301280221110281,bb_mid_break,7,61.7,1.007,0.99,1.43,True,fib_pullback,MASFIN
2026-01-29,2026-02-02,319.6897888183594,307.6372985839844,-0.03770057929883696,-0.04030057929883696,bb_mid_break,4,49.7,0.5969,0.64,1.41,True,fib_pullback,MASFIN
2026-02-03,2026-02-04,317.1000061035156,311.29998779296875,-0.018290817404315943,-0.020890817404315944,bb_mid_break,1,54.1,0.9048,0.59,1.08,True,fib_pullback,MASFIN
2026-02-06,2026-02-27,324.45001220703125,324.3500061035156,-0.000308232700733607,-0.0029082327007336067,macd_bear_cross,21,57.9,1.1832,0.98,1.12,True,fib_pullback,MASFIN
2026-04-16,2026-04-22,317.70001220703125,323.04998779296875,0.0168397084682866,0.014239708468286597,rsi_overbought,6,64.1,3.1097,0.97,1.21,True,fib_pullback,MASFIN
2026-06-18,2026-07-09,320.04998779296875,313.29998779296875,-0.021090455420877514,-0.023690455420877516,bb_mid_break,21,57.8,2.1475,0.97,1.5,True,fib_pullback,MASFIN
2016-09-08,2016-09-12,29.778579711914062,28.940656661987305,-0.028138449114532973,-0.030738449114532974,bb_mid_break,4,61.8,0.06,0.74,1.09,True,fib_pullback,MMTC
2017-04-05,2017-04-24,41.91542434692383,44.67301559448242,0.06578941500710282,0.06318941500710282,rsi_overbought,19,58.8,0.1857,0.92,1.6,True,fib_pullback,MMTC
2017-06-08,2017-06-23,40.84482955932617,37.57724319458008,-0.08000000000000002,-0.08260000000000002,stop_loss,15,49.6,0.1258,0.7,8.95,True,fib_pullback,MMTC
2017-07-26,2017-08-03,40.03376770019531,37.503273010253906,-0.06320900667885578,-0.06580900667885578,bb_mid_break,8,64.7,0.1712,1.22,4.49,True,fib_pullback,MMTC
2022-04-08,2022-04-22,51.54999923706055,52.400001525878906,0.01648889042479892,0.01388889042479892,rsi_overbought,14,64.1,0.8397,0.95,1.69,True,fib_pullback,MMTC
2024-01-04,2024-01-10,64.69999694824219,66.69999694824219,0.030911902539963527,0.028311902539963525,rsi_overbought,6,64.0,0.2884,1.2,3.24,True,fib_pullback,MMTC
2024-04-26,2024-04-30,76.55000305175781,74.0999984741211,-0.03200528386628797,-0.034605283866287966,bb_mid_break,4,52.9,0.4142,0.73,2.33,True,fib_pullback,MMTC
2024-05-17,2024-05-28,74.8499984741211,71.75,-0.041416146123141186,-0.044016146123141184,bb_mid_break,11,45.2,0.1239,0.72,1.57,True,fib_pullback,MMTC
2025-09-15,2025-09-18,66.2699966430664,66.33999633789062,0.0010562803435956198,-0.00154371965640438,rsi_overbought,3,59.6,0.4462,0.89,2.58,True,fib_pullback,MMTC
2017-05-09,2017-05-18,126.43749237060547,121.6965560913086,-0.037496285242675856,-0.040096285242675854,bb_mid_break,9,58.0,0.6185,0.75,1.77,True,fib_pullback,MOIL
2017-05-31,2017-06-13,124.79420471191406,130.78175354003906,0.04797938207104396,0.045379382071043965,rsi_overbought,13,50.7,0.3061,0.71,4.63,True,fib_pullback,MOIL
2018-01-05,2018-01-18,188.3466033935547,185.16143798828125,-0.01691119111194142,-0.019511191111941422,macd_bear_cross,13,60.0,0.7828,0.84,1.2,True,fib_pullback,MOIL
2020-08-26,2020-08-31,126.42823791503906,123.86605834960938,-0.020265880531780373,-0.022865880531780375,macd_bear_cross,5,63.2,0.127,0.66,1.28,True,fib_pullback,MOIL
2020-09-01,2020-09-04,128.78038024902344,124.9161376953125,-0.030006453981876954,-0.032606453981876955,macd_bear_cross,3,54.4,0.0377,0.73,2.26,True,fib_pullback,MOIL
2021-04-01,2021-04-05,136.19696044921875,131.4387969970703,-0.034935900452216964,-0.03753590045221696,bb_mid_break,4,47.4,0.0667,0.61,1.82,True,fib_pullback,MOIL
2021-10-06,2021-10-18,151.28070068359375,154.0198211669922,0.018106212299527594,0.015506212299527592,rsi_overbought,12,48.8,0.9201,0.8,3.22,True,fib_pullback,MOIL
2021-11-03,2021-11-11,151.14598083496094,158.33058166503906,0.04753418377643215,0.04493418377643215,rsi_overbought,8,49.3,0.0897,0.74,3.65,True,fib_pullback,MOIL
2022-01-20,2022-01-24,156.13027954101562,151.10107421875,-0.032211594938856475,-0.03481159493885647,macd_bear_cross,4,63.9,0.0137,0.57,1.47,True,fib_pullback,MOIL
2022-02-03,2022-02-17,156.84877014160156,152.40328979492188,-0.028342462249887904,-0.030942462249887906,macd_bear_cross,14,57.4,0.3427,0.99,2.0,True,fib_pullback,MOIL
2022-03-11,2022-04-12,161.6522674560547,166.45111083984375,0.029686211392572222,0.02708621139257222,macd_bear_cross,32,54.1,0.3453,0.82,3.08,True,fib_pullback,MOIL
2023-01-03,2023-01-13,158.81771850585938,160.30677795410156,0.009375902526815675,0.006775902526815675,rsi_overbought,10,57.0,0.4926,0.86,1.0,False,golden_cross,MOIL
2024-04-01,2024-04-10,300.4695129394531,323.7710266113281,0.07755034260853756,0.07495034260853756,rsi_overbought,9,51.9,3.0943,0.98,2.13,True,fib_pullback,MOIL
2025-09-23,2025-09-24,356.7800598144531,356.8785400390625,0.00027602502410193714,-0.002323974975898063,rsi_overbought,1,56.0,1.6703,0.86,1.8,True,fib_pullback,MOIL
2017-02-28,2017-03-15,51084.140625,56013.234375,0.09648970677971545,0.09388970677971545,rsi_overbought,15,59.9,103.9155,0.78,1.16,True,fib_pullback,MRF
2017-10-27,2017-11-06,63882.08203125,66474.3046875,0.040578243128987716,0.03797824312898772,rsi_overbought,10,53.4,82.3498,0.92,1.22,True,fib_pullback,MRF
2018-02-08,2018-03-07,69210.9375,69290.96875,0.0011563381871543064,-0.0014436618128456935,macd_bear_cross,27,54.8,19.2973,0.6,1.24,True,fib_pullback,MRF
2018-07-10,2018-07-16,74907.9921875,73318.078125,-0.021224892245413983,-0.023824892245413985,bb_mid_break,6,56.3,122.471,0.83,1.09,True,fib_pullback,MRF
2019-12-13,2019-12-27,63170.17578125,64863.02734375,0.026798272152385994,0.024198272152385993,rsi_overbought,14,50.4,51.3187,0.83,1.16,True,fib_pullback,MRF
2020-08-13,2020-08-14,63222.40625,60709.625,-0.03974510619010171,-0.042345106190101706,bb_mid_break,1,56.0,137.0944,0.73,2.19,True,fib_pullback,MRF
2021-07-16,2021-07-26,81613.5625,80097.0,-0.018582236255156735,-0.021182236255156736,bb_mid_break,10,60.4,200.0968,0.86,1.13,True,fib_pullback,MRF
2022-11-10,2022-11-11,86898.9921875,85595.28125,-0.015002601349932946,-0.017602601349932946,macd_bear_cross,1,60.5,84.768,0.53,1.41,True,fib_pullback,MRF
2023-02-01,2023-02-09,91365.6640625,88237.640625,-0.034236312619150125,-0.03683631261915012,macd_bear_cross,8,53.7,85.104,0.72,1.15,True,fib_pullback,MRF
2023-11-02,2023-11-03,109968.765625,107205.3125,-0.025129436611333246,-0.027729436611333248,macd_bear_cross,1,59.0,44.496,0.91,1.07,True,fib_pullback,MRF
2024-06-28,2024-07-19,128842.8046875,127513.5546875,-0.010316835334530407,-0.012916835334530408,bb_mid_break,21,58.4,367.193,1.08,2.32,True,fib_pullback,MRF
2024-07-22,2024-08-06,130350.9375,135218.46875,0.037341743322712964,0.034741743322712966,macd_bear_cross,15,53.7,122.6702,0.7,1.93,True,fib_pullback,MRF
2025-09-19,2025-09-26,149438.25,148280.3125,-0.007748601847251289,-0.010348601847251289,bb_mid_break,7,58.0,217.9301,0.68,1.28,True,fib_pullback,MRF
2026-02-10,2026-02-13,148378.0625,149843.46875,0.00987616515076142,0.007276165150761419,death_cross,3,56.4,1657.6276,0.86,1.44,True,fib_pullback,MRF
2017-07-12,2017-07-18,805.0101928710938,784.0868530273438,-0.025991397412157308,-0.02859139741215731,macd_bear_cross,6,53.7,0.9204,1.04,5.47,True,fib_pullback,MGL
2019-03-01,2019-03-06,769.738037109375,743.7662963867188,-0.03374101248807824,-0.036341012488078236,bb_mid_break,5,48.8,2.3047,0.67,1.15,True,fib_pullback,MGL
2019-03-12,2019-03-26,756.982177734375,836.2351684570312,0.10469597971230721,0.1020959797123072,rsi_overbought,14,60.8,0.8536,0.78,1.3,True,fib_pullback,MGL
2021-05-24,2021-06-18,1010.9354248046875,1052.2938232421875,0.040911019064833375,0.038311019064833376,bb_mid_break,25,51.0,0.2142,0.64,1.8,True,fib_pullback,MGL
2021-09-02,2021-09-13,1046.18310546875,1046.4930419921875,0.00029625456750100227,-0.002303745432498998,rsi_overbought,11,59.9,5.7169,0.99,1.43,True,fib_pullback,MGL
2023-01-23,2023-01-27,816.9852905273438,786.6991577148438,-0.03707059743138221,-0.03967059743138221,bb_mid_break,4,64.0,2.6225,1.06,1.54,True,fib_pullback,MGL
2023-01-31,2023-02-02,817.4476318359375,787.7625732421875,-0.036314324536091895,-0.03891432453609189,bb_mid_break,2,56.4,1.3717,1.02,1.52,True,fib_pullback,MGL
2023-02-06,2023-02-23,815.644287109375,818.720947265625,0.0037720611850953,0.0011720611850953,macd_bear_cross,17,59.0,0.9468,0.87,2.33,True,fib_pullback,MGL
2017-01-23,2017-02-06,1369.1923828125,1518.49853515625,0.10904687625931402,0.10644687625931401,rsi_overbought,14,51.3,1.0936,0.6,1.02,True,fib_pullback,MAHSCOOTER
2017-07-14,2017-07-17,1661.217529296875,1689.78466796875,0.017196506880087097,0.014596506880087096,rsi_overbought,3,63.8,6.7331,0.78,1.36,True,fib_pullback,MAHSCOOTER
2017-11-08,2017-11-15,2431.01318359375,2284.281982421875,-0.06035804419413443,-0.06295804419413442,macd_bear_cross,7,52.7,3.2915,0.85,1.26,True,fib_pullback,MAHSCOOTER
2017-12-14,2017-12-28,2437.63525390625,2375.956298828125,-0.025302782678124632,-0.027902782678124634,macd_bear_cross,14,61.3,0.7404,1.05,4.17,True,fib_pullback,MAHSCOOTER
2019-03-06,2019-03-11,2854.951416015625,2911.157470703125,0.019687219324362886,0.017087219324362884,rsi_overbought,5,64.8,9.1939,0.86,1.41,True,fib_pullback,MAHSCOOTER
2019-09-11,2019-09-19,3678.090087890625,3494.91796875,-0.049800878924549055,-0.05240087892454905,bb_mid_break,8,59.5,31.338,1.07,1.06,True,fib_pullback,MAHSCOOTER
2019-09-20,2019-10-09,3650.56103515625,3986.37646484375,0.09199008767514733,0.08939008767514732,rsi_overbought,19,63.2,12.9563,0.81,3.98,True,fib_pullback,MAHSCOOTER
2020-02-05,2020-02-12,3914.069580078125,4149.123046875,0.0600534717096632,0.0574534717096632,rsi_overbought,7,62.7,14.9751,1.03,1.11,True,fib_pullback,MAHSCOOTER
2021-04-28,2021-05-11,3248.4912109375,3112.96435546875,-0.04171993909432113,-0.04431993909432113,bb_mid_break,13,54.8,15.3761,0.91,1.86,True,fib_pullback,MAHSCOOTER
2023-03-08,2023-03-09,4275.25,4257.15771484375,-0.004231866009297702,-0.006831866009297702,bb_mid_break,1,40.3,0.7672,0.55,1.46,True,fib_pullback,MAHSCOOTER
2024-01-12,2024-01-16,7569.26171875,7592.55810546875,0.003077762083591582,0.00047776208359158207,rsi_overbought,4,61.3,33.6866,0.77,2.42,True,fib_pullback,MAHSCOOTER
2024-04-01,2024-04-08,7257.51513671875,7295.35888671875,0.0052144224692736675,0.0026144224692736676,rsi_overbought,7,53.0,47.3977,0.83,1.46,True,fib_pullback,MAHSCOOTER
2025-02-03,2025-02-10,9582.1640625,9089.3818359375,-0.05142702873258177,-0.05402702873258177,bb_mid_break,7,63.1,36.475,1.11,3.37,True,fib_pullback,MAHSCOOTER
2025-04-23,2025-04-30,11450.4775390625,11268.802734375,-0.015866133448821602,-0.018466133448821604,rsi_overbought,7,56.3,65.7413,0.92,3.99,False,golden_cross,MAHSCOOTER
2016-12-29,2017-01-03,106.11935424804688,121.9443588256836,0.1491245841983436,0.1465245841983436,rsi_overbought,5,56.2,0.0067,0.67,2.44,True,fib_pullback,MAHSEAMLES
2017-05-26,2017-05-29,157.28765869140625,151.19937133789062,-0.0387079787706718,-0.0413079787706718,bb_mid_break,3,54.7,0.2813,0.93,4.25,True,fib_pullback,MAHSEAMLES
2017-06-12,2017-06-19,156.23562622070312,174.97047424316406,0.11991405850030344,0.11731405850030344,rsi_overbought,7,54.1,0.4389,0.9,1.78,True,fib_pullback,MAHSEAMLES
2021-03-04,2021-03-10,141.79910278320312,134.0731658935547,-0.05448509008876195,-0.05708509008876195,bb_mid_break,6,63.9,0.9186,1.37,4.6,True,fib_pullback,MAHSEAMLES
2021-04-29,2021-05-07,133.48431396484375,141.6577911376953,0.06123174274247865,0.05863174274247865,rsi_overbought,8,53.2,0.6088,0.84,3.26,True,fib_pullback,MAHSEAMLES
2021-10-01,2021-10-04,153.56671142578125,173.28652954101562,0.12841206230274038,0.1258120623027404,rsi_overbought,3,58.8,0.1396,0.93,1.66,True,fib_pullback,MAHSEAMLES
2022-03-10,2022-03-17,256.4049987792969,266.0267333984375,0.0375255344667544,0.0349255344667544,rsi_overbought,7,54.9,1.253,0.93,3.23,True,fib_pullback,MAHSEAMLES
2022-06-03,2022-06-10,273.12396240234375,298.726318359375,0.09373895915919661,0.0911389591591966,rsi_overbought,7,59.4,0.5236,0.84,4.02,True,fib_pullback,MAHSEAMLES
2023-08-03,2023-08-07,476.8832702636719,465.37939453125,-0.024123043205229882,-0.026723043205229884,macd_bear_cross,4,60.5,0.6126,0.67,1.42,True,fib_pullback,MAHSEAMLES
2025-02-21,2025-02-28,654.3087158203125,601.9640185546875,-0.07999999999999996,-0.08259999999999997,stop_loss,7,64.9,5.9984,1.13,4.06,True,fib_pullback,MAHSEAMLES
2025-05-14,2025-05-28,676.1846923828125,692.0496826171875,0.023462510188552534,0.020862510188552532,rsi_overbought,14,48.9,1.1946,0.65,1.16,True,fib_pullback,MAHSEAMLES
2017-10-31,2017-11-07,230.58038330078125,226.81443786621094,-0.016332462374554275,-0.018932462374554277,bb_mid_break,7,56.0,0.3023,0.91,1.06,True,fib_pullback,M&MFIN
2018-05-31,2018-06-01,260.4946594238281,252.58876037597656,-0.03034956288677137,-0.03294956288677137,bb_mid_break,1,45.5,0.3309,0.56,1.66,True,fib_pullback,M&MFIN
2018-06-21,2018-06-27,262.28424072265625,251.27996826171875,-0.041955522873269396,-0.044555522873269394,bb_mid_break,6,62.8,0.5658,0.79,1.18,True,fib_pullback,M&MFIN
2018-07-24,2018-07-26,260.00238037109375,275.75604248046875,0.060590453390812274,0.057990453390812276,rsi_overbought,2,62.7,0.7018,0.92,2.12,True,fib_pullback,M&MFIN
2022-07-04,2022-07-08,161.4115753173828,178.5590057373047,0.10623420523717066,0.10363420523717065,rsi_overbought,4,56.6,0.3141,0.59,1.64,True,fib_pullback,M&MFIN
2023-04-06,2023-04-12,231.47393798828125,234.22793579101562,0.011897658227397507,0.009297658227397507,rsi_overbought,6,57.5,2.1205,0.89,2.19,True,fib_pullback,M&MFIN
2023-09-20,2023-09-26,289.3784484863281,277.7378234863281,-0.040226302479985716,-0.042826302479985714,bb_mid_break,6,63.5,1.2579,1.13,3.2,True,fib_pullback,M&MFIN
2026-02-17,2026-02-20,375.94171142578125,365.9172668457031,-0.026664890528001865,-0.029264890528001866,macd_bear_cross,3,56.1,0.3655,0.78,1.84,True,fib_pullback,M&MFIN
2016-10-03,2016-10-04,657.6493530273438,644.6681518554688,-0.01973878802148729,-0.022338788021487293,bb_mid_break,1,54.8,0.3292,0.63,1.74,True,fib_pullback,M&M
2017-07-19,2017-08-09,635.662353515625,640.2146606445312,0.007161517594567367,0.004561517594567367,macd_bear_cross,21,63.5,1.062,0.8,1.8,True,fib_pullback,M&M
2017-11-01,2017-11-02,621.1089477539062,614.027587890625,-0.011401155769675054,-0.014001155769675054,macd_bear_cross,1,57.9,0.1814,0.55,2.1,True,fib_pullback,M&M
2018-04-02,2018-04-16,687.9445190429688,737.0538940429688,0.07138566212914714,0.06878566212914713,rsi_overbought,14,61.5,1.7082,0.83,1.57,True,fib_pullback,M&M
2020-11-10,2020-11-13,585.283935546875,594.6303100585938,0.015968957875096515,0.013368957875096513,rsi_overbought,3,59.6,2.2207,0.85,1.76,True,fib_pullback,M&M
2021-05-20,2021-06-08,758.334228515625,762.677001953125,0.005726727443123082,0.0031267274431230818,macd_bear_cross,19,57.1,5.7183,0.93,2.27,True,fib_pullback,M&M
2021-08-10,2021-08-23,750.687255859375,731.2113037109375,-0.025944162494328928,-0.02854416249432893,bb_mid_break,13,60.4,3.8034,0.88,1.76,True,fib_pullback,M&M
2022-11-30,2022-12-02,1259.2215576171875,1219.6778564453125,-0.03140329113067533,-0.03400329113067533,bb_mid_break,2,51.7,0.5422,0.63,2.49,True,fib_pullback,M&M
2022-12-19,2022-12-21,1244.802490234375,1220.73876953125,-0.019331356493827556,-0.021931356493827558,bb_mid_break,2,57.7,1.9891,0.8,1.15,True,fib_pullback,M&M
2023-01-09,2023-01-12,1263.802734375,1273.0135498046875,0.007288174949425639,0.0046881749494256395,rsi_overbought,3,57.9,4.6052,1.05,1.93,True,fib_pullback,M&M
2023-10-23,2023-10-26,1525.3709716796875,1467.8216552734375,-0.037728078922911856,-0.040328078922911854,macd_bear_cross,3,58.1,0.9542,0.57,2.09,True,fib_pullback,M&M
2023-11-16,2023-11-30,1529.6103515625,1605.87158203125,0.04985663858174665,0.047256638581746654,rsi_overbought,14,62.7,9.2609,0.8,1.25,True,fib_pullback,M&M
2024-01-31,2024-02-09,1609.574951171875,1604.555908203125,-0.0031182412257943076,-0.0057182412257943075,bb_mid_break,9,53.9,0.9116,0.79,1.31,True,fib_pullback,M&M
2024-08-30,2024-09-04,2754.118408203125,2699.338623046875,-0.019890134350465376,-0.022490134350465377,bb_mid_break,5,56.2,4.851,0.79,1.91,True,fib_pullback,M&M
2024-09-18,2024-09-24,2756.867431640625,3018.103271484375,0.09475821609901906,0.09215821609901906,rsi_overbought,6,56.4,7.6013,0.83,1.13,True,fib_pullback,M&M
2024-11-08,2024-11-13,2920.52001953125,2747.786376953125,-0.059144824011803605,-0.061744824011803603,bb_mid_break,5,48.6,13.156,0.65,1.13,True,fib_pullback,M&M
2024-11-19,2024-12-18,2895.04443359375,2995.42529296875,0.03467333979754939,0.032073339797549394,rsi_overbought,29,64.1,7.393,0.83,1.32,True,fib_pullback,M&M
2025-02-01,2025-02-07,3020.50830078125,3139.983642578125,0.039554713942011974,0.036954713942011976,rsi_overbought,6,52.0,15.5375,0.78,1.05,True,fib_pullback,M&M
2026-01-12,2026-01-13,3643.7353515625,3623.4482421875,-0.0055676681804842166,-0.008167668180484217,macd_bear_cross,1,58.1,0.6636,0.53,1.15,True,fib_pullback,M&M
2019-09-20,2019-10-01,150.26666259765625,146.63333129882812,-0.024179224027597424,-0.026779224027597425,bb_mid_break,11,57.7,0.981,0.93,1.18,True,fib_pullback,MHRIL
2021-04-05,2021-04-08,152.06666564941406,143.89999389648438,-0.053704549370193644,-0.05630454937019364,bb_mid_break,3,49.2,0.3636,0.7,2.51,True,fib_pullback,MHRIL
2021-05-19,2021-05-25,144.60000610351562,155.93333435058594,0.07837709383606152,0.07577709383606152,rsi_overbought,6,54.0,0.6954,0.87,1.74,True,fib_pullback,MHRIL
2022-07-04,2022-07-26,229.60000610351562,225.25,-0.018946019110968212,-0.021546019110968213,bb_mid_break,22,57.0,2.9802,0.91,1.04,True,fib_pullback,MHRIL
2023-02-09,2023-02-17,275.3999938964844,280.04998779296875,0.016884509802248527,0.014284509802248525,rsi_overbought,8,60.8,2.1709,1.1,1.35,True,fib_pullback,MHRIL
2023-06-28,2023-07-13,297.6000061035156,319.54998779296875,0.07375665739004776,0.07115665739004776,rsi_overbought,15,52.4,0.0781,0.59,1.21,True,fib_pullback,MHRIL
2024-04-01,2024-04-04,412.29998779296875,417.6000061035156,0.012854762230088187,0.010254762230088185,rsi_overbought,3,54.6,2.0493,0.84,1.04,True,fib_pullback,MHRIL
2024-06-11,2024-06-20,410.79998779296875,474.8500061035156,0.15591533645036576,0.15331533645036577,rsi_overbought,9,55.1,0.7738,0.86,1.12,True,fib_pullback,MHRIL
2025-09-10,2025-09-16,357.25,356.04998779296875,-0.0033590264717459762,-0.005959026471745976,bb_mid_break,6,42.3,0.0086,0.57,2.63,True,fib_pullback,MHRIL
2025-09-22,2025-09-23,360.5,354.54998779296875,-0.016504888230322468,-0.01910488823032247,bb_mid_break,1,58.8,0.365,0.78,1.6,True,fib_pullback,MHRIL
2018-08-31,2018-09-05,566.3737182617188,577.052734375,0.018855070016413657,0.016255070016413655,rsi_overbought,5,61.5,2.0889,1.06,1.1,True,fib_pullback,MAHLOG
2018-10-16,2018-10-19,537.84814453125,494.82029296875004,-0.07999999999999993,-0.08259999999999994,stop_loss,3,59.0,4.8039,0.89,1.21,True,fib_pullback,MAHLOG
2021-05-18,2021-05-19,536.7636108398438,515.618896484375,-0.03939297286264396,-0.04199297286264396,bb_mid_break,1,51.1,1.0457,0.83,6.71,True,fib_pullback,MAHLOG
2021-05-31,2021-06-09,531.9139404296875,565.8131713867188,0.06373066840407864,0.06113066840407864,rsi_overbought,9,48.2,0.2957,0.79,1.89,True,fib_pullback,MAHLOG
2022-01-03,2022-01-24,674.8616333007812,624.080322265625,-0.07524699661289437,-0.07784699661289438,macd_bear_cross,21,56.3,3.0631,0.84,1.06,True,fib_pullback,MAHLOG
2022-11-30,2022-12-01,515.709716796875,496.01385498046875,-0.03819176016061755,-0.04079176016061755,bb_mid_break,1,53.6,0.844,0.72,3.74,True,fib_pullback,MAHLOG
2024-09-20,2024-09-30,495.03765869140625,474.8905029296875,-0.04069822852462618,-0.04329822852462618,bb_mid_break,10,61.1,2.6508,0.88,3.09,True,fib_pullback,MAHLOG
2024-10-11,2024-10-18,494.54388427734375,481.606201171875,-0.02616083934467018,-0.02876083934467018,bb_mid_break,7,49.7,1.1478,0.78,1.08,True,fib_pullback,MAHLOG
2026-07-14,2026-08-07,393.70001220703125,402.70001220703125,0.022860045011294683,0.02026004501129468,macd_bear_cross,24,61.1,1.4003,0.81,1.04,True,fib_pullback,MAHLOG
2017-05-10,2017-05-12,81.68022155761719,79.1105728149414,-0.03145986499146739,-0.03405986499146739,bb_mid_break,2,59.0,0.1151,0.93,1.39,True,fib_pullback,MANAPPURAM
2017-06-08,2017-08-02,80.06639099121094,89.93702697753906,0.12328064077987037,0.12068064077987037,macd_bear_cross,55,61.3,0.6648,0.87,2.17,True,fib_pullback,MANAPPURAM
2017-11-16,2017-12-05,88.9223861694336,88.1945571899414,-0.008184991551006908,-0.010784991551006907,macd_bear_cross,19,62.1,0.0873,0.97,2.9,True,fib_pullback,MANAPPURAM
2019-09-09,2019-09-23,109.75572204589844,118.97591400146484,0.0840064807893172,0.0814064807893172,rsi_overbought,14,53.7,0.2913,0.87,1.13,True,fib_pullback,MANAPPURAM
2020-10-01,2020-10-15,149.11558532714844,142.71022033691406,-0.042955704302682265,-0.045555704302682264,bb_mid_break,14,59.0,1.1386,0.94,1.2,True,fib_pullback,MANAPPURAM
2023-03-08,2023-03-23,107.6125259399414,115.19087219238281,0.07042252921998025,0.06782252921998025,rsi_overbought,15,52.4,0.7999,0.82,1.84,True,fib_pullback,MANAPPURAM
2024-06-12,2024-06-25,180.09414672851562,188.2948760986328,0.045535790691073615,0.042935790691073616,rsi_overbought,13,55.9,1.7419,0.85,1.16,True,fib_pullback,MANAPPURAM
2025-12-17,2025-12-24,285.3122863769531,313.51953125,0.0988644591203465,0.0962644591203465,rsi_overbought,7,50.6,0.8832,0.78,1.34,True,fib_pullback,MANAPPURAM
2026-02-16,2026-02-25,303.2693786621094,296.1307067871094,-0.023539046066875163,-0.026139046066875164,macd_bear_cross,9,56.0,1.0711,0.66,1.57,True,fib_pullback,MANAPPURAM
2017-03-31,2017-04-11,88.79669952392578,94.20860290527344,0.060947123151682554,0.058347123151682556,rsi_overbought,11,64.2,0.3932,1.01,2.24,True,fib_pullback,MRPL
2017-07-27,2017-08-11,106.62003326416016,108.67020416259766,0.019228758758291026,0.016628758758291024,bb_mid_break,15,58.4,0.363,0.82,1.54,True,fib_pullback,MRPL
2018-01-04,2018-01-17,117.46643829345703,117.78713989257812,0.002730155130096909,0.00013015513009690923,macd_bear_cross,13,59.9,0.2145,0.73,1.08,True,fib_pullback,MRPL
2021-09-24,2021-10-01,42.907772064208984,49.03055953979492,0.14269646688771306,0.14009646688771307,rsi_overbought,7,56.6,0.1652,0.84,1.75,True,fib_pullback,MRPL
2024-06-24,2024-07-19,217.550048828125,209.5504608154297,-0.03677125358411375,-0.039371253584113745,bb_mid_break,25,62.1,1.8322,0.99,4.8,True,fib_pullback,MRPL
2025-10-28,2025-11-03,149.74090576171875,165.1067352294922,0.1026161114066248,0.1000161114066248,rsi_overbought,6,54.8,0.3306,0.88,1.05,False,golden_cross,MRPL
2026-01-14,2026-01-19,155.07830810546875,142.67204345703126,-0.0799999999999999,-0.08259999999999991,stop_loss,5,62.4,0.8797,1.11,3.44,True,fib_pullback,MRPL
2026-01-28,2026-02-06,160.58218383789062,181.42251586914062,0.1297798518688009,0.1271798518688009,rsi_overbought,9,62.2,1.8271,1.0,2.51,True,fib_pullback,MRPL
2017-09-08,2017-09-13,284.9104309082031,295.8600769042969,0.038431888791118626,0.03583188879111863,rsi_overbought,5,58.8,0.8618,1.13,1.09,True,fib_pullback,MARICO
2018-05-31,2018-06-08,285.82525634765625,305.1851806640625,0.06773342763264524,0.06513342763264524,rsi_overbought,8,63.5,0.7371,0.86,1.4,True,fib_pullback,MARICO
2018-12-13,2018-12-26,334.4134826660156,328.5175476074219,-0.017630673893857682,-0.020230673893857683,macd_bear_cross,13,64.0,0.3567,1.07,1.43,False,golden_cross,MARICO
2019-04-03,2019-04-08,319.462890625,323.4685974121094,0.012538879803136367,0.009938879803136368,rsi_overbought,5,53.6,1.8653,1.08,2.79,True,fib_pullback,MARICO
2019-08-02,2019-08-09,335.4405517578125,352.9034423828125,0.05205956922467793,0.04945956922467793,rsi_overbought,7,53.7,0.3362,0.85,4.01,True,fib_pullback,MARICO
2020-10-07,2020-10-21,339.1424255371094,331.1923828125,-0.023441604842032573,-0.026041604842032575,macd_bear_cross,14,52.9,1.8858,0.73,2.11,True,fib_pullback,MARICO
2021-04-07,2021-04-09,382.32769775390625,394.1348571777344,0.03088230199693266,0.028282301996932657,rsi_overbought,2,61.3,1.2399,0.84,1.03,True,fib_pullback,MARICO
2021-04-22,2021-04-23,385.4668884277344,385.701171875,0.000607791367557495,-0.001992208632442505,macd_bear_cross,1,52.1,0.3642,0.55,1.12,True,fib_pullback,MARICO
2022-10-31,2022-11-04,500.4410400390625,514.417724609375,0.027928733760967193,0.02532873376096719,rsi_overbought,4,59.5,0.5809,0.68,1.14,True,fib_pullback,MARICO
2023-12-28,2024-01-08,528.6448974609375,507.0557861328125,-0.04083858830722992,-0.043438588307229915,death_cross,11,57.9,0.1866,0.91,1.02,True,fib_pullback,MARICO
2024-12-16,2024-12-20,632.4664306640625,615.65234375,-0.02658494759383266,-0.029184947593832663,bb_mid_break,4,57.7,2.8075,0.74,1.13,True,fib_pullback,MARICO
2025-08-04,2025-08-08,720.0073852539062,700.7454833984375,-0.02675236705895198,-0.029352367058951983,bb_mid_break,4,44.9,0.0588,0.72,2.5,True,fib_pullback,MARICO
2025-09-10,2025-09-11,731.2061767578125,730.7582397460938,-0.0006126001474781224,-0.003212600147478122,macd_bear_cross,1,40.7,0.0473,0.65,1.37,True,fib_pullback,MARICO
2025-10-29,2025-11-04,718.5142211914062,714.0347290039062,-0.006234382083728723,-0.008834382083728724,macd_bear_cross,6,58.6,0.7739,0.63,1.22,True,fib_pullback,MARICO
2025-11-14,2025-11-26,735.3373413085938,730.7582397460938,-0.00622721206344711,-0.00882721206344711,macd_bear_cross,12,60.4,1.1082,1.12,1.97,True,fib_pullback,MARICO
2025-12-16,2026-01-13,735.4368286132812,752.6083374023438,0.023348720272060086,0.020748720272060085,macd_bear_cross,28,52.9,0.9811,0.75,1.03,True,fib_pullback,MARICO
2026-04-10,2026-04-16,759.7755737304688,741.0113525390625,-0.024697057710442897,-0.0272970577104429,bb_mid_break,6,52.5,1.7412,0.87,1.1,True,fib_pullback,MARICO
2026-04-24,2026-05-05,779.7342529296875,803.5255126953125,0.030512010568003577,0.027912010568003576,rsi_overbought,11,61.2,4.1523,1.05,1.18,True,fib_pullback,MARICO
2016-12-29,2017-01-03,4837.7177734375,5013.939453125,0.03642661435420684,0.03382661435420684,rsi_overbought,5,56.3,23.0002,1.11,1.17,True,fib_pullback,MARUTI
2018-04-02,2018-04-09,8281.5986328125,8543.1044921875,0.0315767366869107,0.0289767366869107,rsi_overbought,7,63.1,32.8775,1.08,1.05,True,fib_pullback,MARUTI
2018-08-28,2018-08-31,8744.529296875,8437.0126953125,-0.035166741527459466,-0.037766741527459465,bb_mid_break,3,58.9,15.6489,1.01,1.37,True,fib_pullback,MARUTI
2019-12-23,2019-12-27,6922.54541015625,6907.49951171875,-0.002173463306636568,-0.004773463306636568,rsi_overbought,4,61.8,28.621,0.93,1.06,True,fib_pullback,MARUTI
2022-04-21,2022-05-02,7524.30419921875,7290.86474609375,-0.03102472294371592,-0.03362472294371592,bb_mid_break,11,60.3,29.526,1.05,1.38,True,fib_pullback,MARUTI
2022-05-23,2022-06-02,7541.732421875,7568.4228515625,0.003539031643456838,0.000939031643456838,rsi_overbought,10,56.1,41.3013,0.86,1.75,True,golden_cross,MARUTI
2023-01-24,2023-01-31,8361.6796875,8550.5654296875,0.022589449637716703,0.019989449637716702,rsi_overbought,7,64.6,37.9859,1.3,2.21,True,fib_pullback,MARUTI
2023-08-23,2023-08-31,9315.716796875,9706.5966796875,0.041959184820176416,0.03935918482017642,rsi_overbought,8,52.4,5.9653,0.7,1.12,True,fib_pullback,MARUTI
2024-08-29,2024-09-06,12197.9462890625,11935.7958984375,-0.02149135472584116,-0.02409135472584116,macd_bear_cross,8,62.3,21.0609,0.62,1.05,True,fib_pullback,MARUTI
2024-09-12,2024-09-16,12146.083984375,12036.5322265625,-0.009019512622622228,-0.01161951262262223,bb_mid_break,4,54.1,1.1089,0.74,1.01,True,fib_pullback,MARUTI
2024-09-20,2024-09-26,12355.3447265625,13108.8408203125,0.06098543670174369,0.05838543670174369,rsi_overbought,6,57.9,23.2034,1.11,1.6,True,fib_pullback,MARUTI
2025-11-21,2025-11-26,15818.1376953125,15995.357421875,0.011203577183110295,0.008603577183110295,rsi_overbought,5,44.4,6.0608,0.6,1.59,True,fib_pullback,MARUTI
2016-10-21,2016-10-26,561.7999877929688,550.0,-0.02100389471228898,-0.02360389471228898,bb_mid_break,5,55.3,0.2005,0.73,3.12,True,fib_pullback,MFSL
2016-11-08,2016-11-15,565.1500244140625,519.9380224609375,-0.07999999999999995,-0.08259999999999995,stop_loss,7,57.2,0.3713,0.92,1.42,True,fib_pullback,MFSL
2017-03-23,2017-04-10,578.7000122070312,654.0499877929688,0.1302055883817415,0.12760558838174152,rsi_overbought,18,58.4,2.6458,0.89,1.67,True,fib_pullback,MFSL
2017-07-04,2017-07-05,620.4500122070312,597.0,-0.03779516761328787,-0.04039516761328787,bb_mid_break,1,62.2,2.8203,0.73,1.35,True,fib_pullback,MFSL
2017-07-31,2017-08-08,609.4500122070312,600.0,-0.01550580362253084,-0.01810580362253084,bb_mid_break,8,58.3,1.7063,0.8,1.13,True,fib_pullback,MFSL
2017-09-01,2017-09-06,610.4500122070312,596.25,-0.023261547912321743,-0.025861547912321745,macd_bear_cross,5,58.7,0.5663,0.81,1.02,True,fib_pullback,MFSL
2017-09-15,2017-09-19,615.75,646.5499877929688,0.05002028062195493,0.047420280621954934,rsi_overbought,4,58.0,0.7118,1.19,5.31,True,fib_pullback,MFSL
2019-05-28,2019-06-13,428.8999938964844,430.3500061035156,0.003380769940932227,0.0007807699409322273,macd_bear_cross,16,58.7,3.7488,0.81,1.76,True,golden_cross,MFSL
2024-02-07,2024-02-23,960.25,930.2000122070312,-0.031293921159040616,-0.033893921159040614,macd_bear_cross,16,56.5,6.315,0.96,5.25,True,fib_pullback,MFSL
2024-03-11,2024-03-13,991.5499877929688,951.9500122070312,-0.03993744750487133,-0.04253744750487133,macd_bear_cross,2,53.4,2.6729,0.84,1.24,True,fib_pullback,MFSL
2024-07-04,2024-07-26,1002.4500122070312,1108.25,0.10554141004999897,0.10294141004999896,rsi_overbought,22,57.8,3.0007,0.82,1.02,True,fib_pullback,MFSL
2025-02-05,2025-02-11,1118.5,1060.300048828125,-0.052033930417411715,-0.054633930417411714,bb_mid_break,6,56.3,9.3248,0.93,2.4,True,fib_pullback,MFSL
2025-10-13,2025-10-16,1607.5,1552.4000244140625,-0.03427681218409798,-0.036876812184097975,macd_bear_cross,3,59.5,2.3808,0.84,1.58,True,fib_pullback,MFSL
2025-11-04,2025-11-11,1592.4000244140625,1635.5,0.02706604805648412,0.024466048056484117,rsi_overbought,7,45.8,3.9431,0.75,1.82,True,fib_pullback,MFSL
2026-05-07,2026-05-13,1707.4000244140625,1597.9000244140625,-0.06413259835671942,-0.06673259835671942,bb_mid_break,6,54.1,8.861,0.93,1.04,True,fib_pullback,MFSL
2016-10-18,2016-11-02,111.16747283935547,105.54905700683594,-0.050540105743327665,-0.05314010574332766,bb_mid_break,15,64.8,1.3116,0.93,1.87,True,fib_pullback,MINDACORP
2017-06-08,2017-07-06,105.28776550292969,114.04570007324219,0.08318093302178406,0.08058093302178405,rsi_overbought,28,47.3,0.0677,0.63,2.01,True,fib_pullback,MINDACORP
2017-08-18,2017-08-29,105.97842407226562,102.986328125,-0.02823306699885766,-0.030833066998857662,bb_mid_break,11,56.3,0.4306,0.85,2.7,True,fib_pullback,MINDACORP
2017-09-08,2017-09-11,109.9839859008789,130.83221435546875,0.1895569458028093,0.1869569458028093,rsi_overbought,3,64.0,0.7523,0.9,1.09,True,fib_pullback,MINDACORP
2018-04-27,2018-04-30,188.69898986816406,178.11639404296875,-0.05608188911127145,-0.05868188911127145,bb_mid_break,3,59.2,1.8444,0.88,1.36,True,fib_pullback,MINDACORP
2018-05-25,2018-05-30,183.19024658203125,173.67071533203125,-0.051965273411743694,-0.05456527341174369,bb_mid_break,5,57.9,0.4927,0.86,2.42,True,fib_pullback,MINDACORP
2021-04-28,2021-05-06,100.29490661621094,106.37934875488281,0.06066551476990388,0.05806551476990388,rsi_overbought,8,52.4,0.2836,0.86,2.59,True,fib_pullback,MINDACORP
2021-09-02,2021-09-07,128.56558227539062,123.15333557128906,-0.04209716635132098,-0.044697166351320976,bb_mid_break,5,49.1,0.1564,0.69,5.2,True,fib_pullback,MINDACORP
2021-10-01,2021-10-19,130.82888793945312,126.44987487792969,-0.033471300799789876,-0.036071300799789874,macd_bear_cross,18,56.5,0.2029,0.83,1.34,True,fib_pullback,MINDACORP
2025-01-07,2025-01-13,528.498291015625,506.431884765625,-0.041753032365714135,-0.04435303236571413,bb_mid_break,6,56.3,1.5881,0.73,5.32,True,fib_pullback,MINDACORP
2016-12-21,2016-12-26,534.8914184570312,492.10010498046876,-0.07999999999999999,-0.08259999999999999,stop_loss,5,57.9,2.8469,1.13,4.92,True,fib_pullback,MOTILALOFS
2017-07-27,2017-07-31,1083.1871337890625,1025.052978515625,-0.05366954006375635,-0.05626954006375635,macd_bear_cross,4,58.0,1.093,0.75,1.37,True,fib_pullback,MOTILALOFS
2017-12-13,2017-12-21,1325.7088623046875,1499.9677734375,0.13144583708211086,0.12884583708211086,rsi_overbought,8,62.7,9.6137,0.97,1.48,True,fib_pullback,MOTILALOFS
2020-02-20,2020-02-24,800.1670532226562,760.7630615234375,-0.049244706515370745,-0.05184470651537074,bb_mid_break,4,60.4,0.8313,0.96,3.4,True,fib_pullback,MOTILALOFS
2021-05-03,2021-05-06,626.9835815429688,686.2325439453125,0.09449842730576075,0.09189842730576074,rsi_overbought,3,45.8,4.8171,0.81,1.79,True,golden_cross,MOTILALOFS
2022-01-07,2022-01-11,912.4722290039062,895.6876831054688,-0.018394582722545134,-0.020994582722545136,bb_mid_break,4,64.9,0.3889,0.67,1.15,True,fib_pullback,MOTILALOFS
2022-02-16,2022-02-21,909.6412353515625,863.56640625,-0.05065164958551519,-0.05325164958551519,bb_mid_break,5,57.8,1.6342,0.71,3.45,True,fib_pullback,MOTILALOFS
2022-03-25,2022-03-30,888.9367065429688,856.130126953125,-0.0369054167168177,-0.0395054167168177,death_cross,5,63.5,9.3751,1.02,1.6,True,fib_pullback,MOTILALOFS
2016-08-26,2016-09-08,416.1789855957031,403.45184326171875,-0.030580934584592774,-0.03318093458459277,bb_mid_break,13,57.2,0.9135,0.96,2.57,True,fib_pullback,MPHASIS
2016-10-03,2016-10-24,402.6282653808594,396.68853759765625,-0.014752386491257737,-0.017352386491257737,macd_bear_cross,21,55.8,0.6288,0.63,1.01,True,fib_pullback,MPHASIS
2016-11-09,2016-11-10,401.8564147949219,391.90911865234375,-0.02475335910129616,-0.027353359101296163,macd_bear_cross,1,50.4,0.0173,0.53,2.05,True,fib_pullback,MPHASIS
2016-11-21,2016-12-07,403.25537109375,398.3593444824219,-0.012141255795424686,-0.014741255795424686,bb_mid_break,16,53.7,0.3072,0.81,1.91,True,fib_pullback,MPHASIS
2016-12-08,2016-12-12,402.2450256347656,399.2142333984375,-0.007534691651053638,-0.01013469165105364,macd_bear_cross,4,52.8,0.212,0.62,1.46,True,fib_pullback,MPHASIS
2017-07-12,2017-07-14,468.7288513183594,461.0920715332031,-0.016292531948218756,-0.018892531948218758,macd_bear_cross,2,55.3,0.2556,0.72,1.03,True,fib_pullback,MPHASIS
2017-07-26,2017-08-08,476.60577392578125,438.47731201171877,-0.07999999999999996,-0.08259999999999997,stop_loss,13,59.8,0.7627,1.02,1.9,True,fib_pullback,MPHASIS
2020-12-16,2020-12-23,1184.67626953125,1374.092041015625,0.15988821280207005,0.15728821280207006,rsi_overbought,7,60.0,2.3377,1.1,1.46,True,fib_pullback,MPHASIS
2022-03-04,2022-03-16,2841.138671875,2761.66748046875,-0.027971598920162263,-0.030571598920162264,bb_mid_break,12,62.4,20.6846,0.96,1.17,True,fib_pullback,MPHASIS
2023-11-29,2023-12-14,2191.5380859375,2430.940185546875,0.10923930601323004,0.10663930601323003,rsi_overbought,15,64.4,14.3303,0.77,1.01,True,fib_pullback,MPHASIS
2024-11-25,2024-12-09,2847.629638671875,2964.30810546875,0.04097389113118427,0.03837389113118427,rsi_overbought,14,59.0,7.8761,0.78,1.5,True,fib_pullback,MPHASIS
2025-01-24,2025-01-30,2873.314453125,2738.017578125,-0.047087388869969285,-0.04968738886996928,bb_mid_break,6,59.4,16.7124,1.06,6.79,True,fib_pullback,MPHASIS
2025-10-27,2025-10-31,2813.277099609375,2692.222412109375,-0.043029777449511995,-0.04562977744951199,bb_mid_break,4,60.7,13.1128,1.03,1.1,True,fib_pullback,MPHASIS
2016-10-25,2016-11-03,310.9371643066406,295.1737976074219,-0.05069630944364438,-0.05329630944364438,bb_mid_break,9,63.3,1.5799,0.93,1.95,True,fib_pullback,MUTHOOTFIN
2016-11-08,2016-11-09,304.2114562988281,279.8745397949219,-0.08,-0.0826,stop_loss,1,55.6,0.0097,0.77,1.86,True,fib_pullback,MUTHOOTFIN
2019-08-07,2019-08-13,559.5018310546875,535.53466796875,-0.042836612421371816,-0.045436612421371814,bb_mid_break,6,50.3,2.5924,0.77,1.36,True,fib_pullback,MUTHOOTFIN
2019-08-16,2019-08-21,566.8660888671875,545.5768432617188,-0.037556040171696815,-0.040156040171696814,bb_mid_break,5,62.1,1.9847,0.84,1.16,True,fib_pullback,MUTHOOTFIN
2019-09-20,2019-09-27,561.9566040039062,613.9970703125,0.09260584525176611,0.09000584525176611,rsi_overbought,7,55.5,1.013,0.92,1.26,True,fib_pullback,MUTHOOTFIN
2020-10-06,2020-10-15,1094.201416015625,1053.7296142578125,-0.036987524568543026,-0.039587524568543024,rsi_overbought,9,58.6,14.6402,0.98,1.21,True,fib_pullback,MUTHOOTFIN
2021-05-07,2021-06-02,1127.9964599609375,1317.159423828125,0.1676981892955038,0.16509818929550382,rsi_overbought,26,64.0,5.5187,0.92,1.99,True,fib_pullback,MUTHOOTFIN
2021-10-07,2021-10-25,1437.8067626953125,1415.4180908203125,-0.015571405320858414,-0.018171405320858414,bb_mid_break,18,54.2,2.9738,0.75,2.03,True,fib_pullback,MUTHOOTFIN
2022-01-03,2022-01-07,1433.9898681640625,1420.445068359375,-0.009445533825164965,-0.012045533825164965,rsi_overbought,4,57.5,9.2986,0.98,1.83,True,fib_pullback,MUTHOOTFIN
2023-09-15,2023-09-21,1279.9268798828125,1234.496337890625,-0.03549463856587419,-0.03809463856587419,bb_mid_break,6,60.6,3.9731,1.19,1.19,True,fib_pullback,MUTHOOTFIN
2023-10-20,2023-10-27,1227.833740234375,1246.2281494140625,0.01498118888325734,0.01238118888325734,rsi_overbought,7,56.1,6.2343,0.87,1.76,True,fib_pullback,MUTHOOTFIN
2024-03-11,2024-03-15,1353.40771484375,1295.1348876953125,-0.043056372820488215,-0.04565637282048821,bb_mid_break,4,58.9,11.9048,0.95,1.05,True,fib_pullback,MUTHOOTFIN
2024-10-30,2024-10-31,1928.3948974609375,1891.1201171875,-0.019329433158382724,-0.021929433158382725,bb_mid_break,1,58.0,1.7719,0.81,1.24,True,fib_pullback,MUTHOOTFIN
2024-11-26,2024-12-04,1912.03515625,1908.11669921875,-0.0020493645310032463,-0.004649364531003246,rsi_overbought,8,57.0,14.663,0.76,1.57,True,fib_pullback,MUTHOOTFIN
2025-05-30,2025-06-06,2196.82470703125,2425.689697265625,0.10417990543435716,0.10157990543435716,rsi_overbought,7,46.8,3.4425,0.68,4.26,True,fib_pullback,MUTHOOTFIN
2026-04-08,2026-04-29,3473.92626953125,3461.10009765625,-0.003692125531705854,-0.006292125531705854,macd_bear_cross,21,55.2,29.4139,1.06,1.0,True,fib_pullback,MUTHOOTFIN
2016-11-11,2016-11-21,571.4297485351562,536.9134521484375,-0.06040339424959986,-0.06300339424959986,bb_mid_break,10,56.8,4.7816,0.98,3.48,True,fib_pullback,NATCOPHARM
2016-12-28,2016-12-30,559.0333862304688,534.2407836914062,-0.04434905526168598,-0.046949055261685975,bb_mid_break,2,54.8,0.4747,0.99,1.27,True,fib_pullback,NATCOPHARM
2017-01-05,2017-01-16,550.5541381835938,608.8489990234375,0.10588397542914138,0.10328397542914138,rsi_overbought,11,51.1,0.7284,0.69,1.26,True,fib_pullback,NATCOPHARM
2019-11-27,2019-12-13,546.135986328125,555.1375732421875,0.016482317846482724,0.013882317846482722,macd_bear_cross,16,45.3,0.2628,0.54,1.41,True,fib_pullback,NATCOPHARM
2023-12-22,2024-01-02,782.9225463867188,811.2369995117188,0.036165075658728424,0.033565075658728426,rsi_overbought,11,50.0,2.0695,0.85,2.47,True,fib_pullback,NATCOPHARM
2024-12-02,2024-12-09,1404.4984130859375,1474.7183837890625,0.04999647564488094,0.04739647564488094,rsi_overbought,7,52.2,3.1378,0.74,2.78,True,fib_pullback,NATCOPHARM
2016-12-29,2017-01-03,47.71483612060547,51.44509506225586,0.0781781777940445,0.0755781777940445,rsi_overbought,5,53.0,0.1918,0.95,2.0,True,fib_pullback,NBCC
2017-04-07,2017-04-20,53.872962951660156,58.25337219238281,0.08130997444215511,0.0787099744421551,rsi_overbought,13,46.3,0.0697,0.72,1.69,True,fib_pullback,NBCC
2017-09-07,2017-09-27,64.31170654296875,63.45543670654297,-0.013314369691833312,-0.015914369691833314,macd_bear_cross,20,57.5,0.1706,0.88,1.14,True,fib_pullback,NBCC
2019-06-25,2019-06-28,37.814640045166016,36.85613250732422,-0.02534752510395313,-0.02794752510395313,bb_mid_break,3,43.4,0.0733,0.59,1.14,True,golden_cross,NBCC
2019-07-01,2019-07-05,37.3508415222168,35.61935043334961,-0.046357485355109675,-0.04895748535510967,macd_bear_cross,4,52.7,0.089,0.58,1.11,True,fib_pullback,NBCC
2021-09-23,2021-10-19,30.057981491088867,30.249839782714844,0.006382939974956594,0.0037829399749565945,bb_mid_break,26,62.7,0.2476,1.27,4.76,True,fib_pullback,NBCC
2024-04-02,2024-04-05,84.07427978515625,90.730712890625,0.07917323969326441,0.0765732396932644,rsi_overbought,3,58.0,0.8517,0.77,1.49,True,fib_pullback,NBCC
2024-04-23,2024-05-07,88.04191589355469,84.33660888671875,-0.04208571530083199,-0.044685715300831985,macd_bear_cross,14,60.3,0.0846,0.75,2.28,True,fib_pullback,NBCC
2017-01-02,2017-01-18,74.62564849853516,73.77711486816406,-0.011370536101776721,-0.013970536101776721,macd_bear_cross,16,51.5,0.2318,0.85,1.16,True,fib_pullback,NCC
2017-03-20,2017-03-27,75.02757263183594,72.48200225830078,-0.03392846501947221,-0.03652846501947221,bb_mid_break,7,58.5,0.3368,0.85,2.1,True,fib_pullback,NCC
2017-07-12,2017-07-24,84.36137390136719,81.72648620605469,-0.03123334262423384,-0.03383334262423384,macd_bear_cross,12,57.9,0.3145,1.22,2.57,True,fib_pullback,NCC
2017-09-14,2017-09-22,81.79011535644531,76.18190002441406,-0.06856837537874075,-0.07116837537874075,macd_bear_cross,8,63.1,0.6122,1.13,2.94,True,fib_pullback,NCC
2018-04-03,2018-04-25,114.2280044555664,113.37555694580078,-0.007462684074965338,-0.010062684074965338,macd_bear_cross,22,55.2,0.2521,0.92,1.42,True,fib_pullback,NCC
2021-10-04,2021-10-14,78.02938842773438,76.61920928955078,-0.018072410492997876,-0.020672410492997877,macd_bear_cross,10,56.7,0.3401,0.76,1.09,True,fib_pullback,NCC
2023-11-08,2023-12-18,153.64236450195312,167.16290283203125,0.08800006673879489,0.08540006673879488,macd_bear_cross,40,48.2,0.5384,0.63,1.22,True,fib_pullback,NCC
2024-11-29,2024-12-05,306.6402893066406,309.0165710449219,0.007749411349873094,0.0051494113498730945,rsi_overbought,6,46.5,2.4164,0.73,2.39,True,fib_pullback,NCC
2017-07-11,2017-07-27,475.9319763183594,465.57098388671875,-0.02176990189184089,-0.024369901891840892,bb_mid_break,16,53.5,1.7488,0.86,6.66,True,fib_pullback,NESCO
2017-09-01,2017-09-04,461.8025207519531,498.69732666015625,0.07989303706728865,0.07729303706728864,rsi_overbought,3,63.5,0.8447,0.9,5.52,True,fib_pullback,NESCO
2017-12-22,2018-01-03,499.47735595703125,530.1596069335938,0.06142871265459733,0.05882871265459733,rsi_overbought,12,62.2,0.2486,0.74,2.33,True,fib_pullback,NESCO
2018-05-31,2018-06-01,536.2960205078125,524.593994140625,-0.021820088010548702,-0.024420088010548704,macd_bear_cross,1,50.0,0.5098,0.67,1.12,True,fib_pullback,NESCO
2019-09-20,2019-09-26,522.9935302734375,559.5718383789062,0.06994026883342985,0.06734026883342985,rsi_overbought,6,62.4,1.1815,1.26,1.63,True,fib_pullback,NESCO
2020-11-27,2020-12-15,524.8134155273438,523.6549682617188,-0.002207350710463389,-0.004807350710463389,macd_bear_cross,18,61.2,2.8033,1.08,2.11,True,fib_pullback,NESCO
2020-12-31,2021-01-11,530.0750732421875,580.567626953125,0.09525547655372923,0.09265547655372923,rsi_overbought,11,52.6,0.2524,0.61,2.51,True,fib_pullback,NESCO
2021-09-01,2021-09-20,591.8804931640625,569.1288452148438,-0.03843959754036404,-0.041039597540364035,bb_mid_break,19,52.7,0.6958,0.79,3.55,True,fib_pullback,NESCO
2021-09-22,2021-10-01,600.5639038085938,582.4692993164062,-0.030129357388009866,-0.03272935738800987,bb_mid_break,9,54.1,1.4599,0.95,4.77,True,fib_pullback,NESCO
2021-10-04,2021-10-08,592.8021850585938,642.5743408203125,0.08396081697438273,0.08136081697438273,rsi_overbought,4,57.0,0.4669,0.71,1.49,True,fib_pullback,NESCO
2021-11-10,2021-11-15,617.7852172851562,602.79541015625,-0.024263784094379327,-0.02686378409437933,bb_mid_break,5,53.6,0.0253,0.62,1.94,True,fib_pullback,NESCO
2021-11-17,2021-11-22,611.5272827148438,586.4957885742188,-0.04093275124128391,-0.04353275124128391,macd_bear_cross,5,54.5,0.4931,0.74,1.12,True,fib_pullback,NESCO
2022-01-17,2022-01-20,585.9622192382812,562.9195556640625,-0.03932448683154513,-0.04192448683154513,bb_mid_break,3,61.6,4.1322,1.04,1.03,True,fib_pullback,NESCO
2022-02-02,2022-02-03,579.5587158203125,577.3272094726562,-0.00385035422079324,-0.00645035422079324,death_cross,1,58.2,1.4916,0.83,1.25,True,fib_pullback,NESCO
2022-11-04,2022-11-10,575.7286987304688,626.7377319335938,0.08859908028834466,0.08599908028834466,rsi_overbought,6,63.2,1.2135,1.02,1.61,True,fib_pullback,NESCO
2024-02-23,2024-02-28,867.34375,831.353759765625,-0.041494494235272926,-0.044094494235272924,macd_bear_cross,5,56.3,1.9666,0.73,1.97,True,fib_pullback,NESCO
2024-04-24,2024-05-06,831.8447265625,818.2442016601562,-0.016349836054796323,-0.018949836054796325,bb_mid_break,12,49.0,1.3066,0.76,1.59,True,fib_pullback,NESCO
2024-05-08,2024-05-09,832.3357543945312,805.576416015625,-0.03214969228177862,-0.03474969228177862,macd_bear_cross,1,58.3,0.3416,0.66,2.16,True,fib_pullback,NESCO
2024-08-19,2024-09-17,913.3468627929688,946.610595703125,0.03641960602835754,0.03381960602835754,macd_bear_cross,29,49.9,2.0585,0.76,1.85,True,fib_pullback,NESCO
2025-01-03,2025-01-13,984.174560546875,945.2266845703125,-0.039574154360300054,-0.04217415436030005,bb_mid_break,10,42.7,0.7016,0.53,1.07,True,fib_pullback,NESCO
2016-11-10,2016-11-11,16.517671585083008,15.83073616027832,-0.04158790912304214,-0.044187909123042136,macd_bear_cross,1,59.0,0.0074,0.79,1.36,True,fib_pullback,NHPC
2016-11-23,2016-12-13,16.267871856689453,16.86113739013672,0.03646853987255322,0.03386853987255322,macd_bear_cross,20,48.1,0.0045,0.58,1.44,True,fib_pullback,NHPC
2017-06-08,2017-06-12,20.894521713256836,22.119718551635742,0.05863722822626575,0.05603722822626575,rsi_overbought,4,57.1,0.1147,0.92,1.09,True,fib_pullback,NHPC
2021-05-07,2021-05-11,20.407690048217773,22.164093017578125,0.0860657411598497,0.0834657411598497,rsi_overbought,4,55.6,0.0316,0.72,1.91,True,fib_pullback,NHPC
2021-07-30,2021-08-06,21.954998016357422,21.745901107788086,-0.0095238864705681,-0.012123886470568102,bb_mid_break,7,53.1,0.0076,0.73,1.13,True,fib_pullback,NHPC
2021-08-24,2021-08-31,21.99681854248047,22.540464401245117,0.024714749440459052,0.02211474944045905,rsi_overbought,7,48.2,0.0171,0.67,1.25,True,fib_pullback,NHPC
2022-01-06,2022-01-19,27.145936965942383,26.341299057006836,-0.02964119123775522,-0.03224119123775522,bb_mid_break,13,54.2,0.1106,0.88,1.57,True,fib_pullback,NHPC
2022-03-02,2022-03-04,25.77077865600586,24.840900421142578,-0.03608265963848065,-0.03868265963848065,bb_mid_break,2,56.1,0.0247,0.88,1.79,True,fib_pullback,NHPC
2023-03-01,2023-03-21,37.30073165893555,37.20771026611328,-0.0024938222036184096,-0.005093822203618409,bb_mid_break,20,56.6,0.0265,0.92,1.45,True,fib_pullback,NHPC
2023-11-17,2023-11-21,49.46546173095703,51.06112289428711,0.032258086905341946,0.029658086905341944,rsi_overbought,4,64.7,0.2455,0.99,1.4,True,fib_pullback,NHPC
2024-07-05,2024-07-10,98.94298553466797,103.7081069946289,0.04816027568009173,0.04556027568009173,rsi_overbought,5,54.4,0.1529,0.91,1.5,True,fib_pullback,NHPC
2025-09-12,2025-09-17,82.01837921142578,85.66254425048828,0.04443107842534445,0.041831078425344455,rsi_overbought,5,60.1,0.5559,0.93,1.45,True,fib_pullback,NHPC
2016-10-19,2016-10-21,47.988983154296875,49.028804779052734,0.021667923685996147,0.019067923685996146,rsi_overbought,2,61.6,0.1207,1.23,3.79,True,fib_pullback,NLCINDIA
2016-12-07,2016-12-14,49.595977783203125,48.17803955078125,-0.02858978279690443,-0.03118978279690443,macd_bear_cross,7,64.3,0.0025,0.71,2.22,True,fib_pullback,NLCINDIA
2017-01-03,2017-01-09,49.50143814086914,51.45502853393555,0.03946532598723616,0.036865325987236165,rsi_overbought,6,62.7,0.2028,0.79,1.27,True,fib_pullback,NLCINDIA
2017-07-12,2017-07-17,71.50408935546875,71.73896789550781,0.003284826674337593,0.0006848266743375931,rsi_overbought,5,57.8,0.2631,0.84,1.74,True,fib_pullback,NLCINDIA
2017-07-20,2017-07-21,69.92704772949219,68.61841583251953,-0.01871424490899438,-0.021314244908994383,macd_bear_cross,1,63.6,0.0892,0.59,1.38,True,fib_pullback,NLCINDIA
2017-09-04,2017-09-13,67.00780487060547,64.12215423583984,-0.04306439586161526,-0.045664395861615255,bb_mid_break,9,63.3,0.4374,0.9,3.47,True,fib_pullback,NLCINDIA
2020-11-25,2020-12-07,43.24232482910156,46.42815017700195,0.0736737758779419,0.07107377587794189,rsi_overbought,12,63.1,0.0882,0.83,2.92,True,fib_pullback,NLCINDIA
2022-03-11,2022-03-24,58.784149169921875,56.09557342529297,-0.04573640654145202,-0.04833640654145202,bb_mid_break,13,54.6,0.2798,0.61,1.22,True,fib_pullback,NLCINDIA
2022-03-28,2022-03-31,59.78667068481445,57.006954193115234,-0.0464939167854559,-0.049093916785455896,bb_mid_break,3,63.1,0.2844,0.99,1.71,True,fib_pullback,NLCINDIA
2022-04-04,2022-04-08,59.69552993774414,64.79927062988281,0.08549619540125217,0.08289619540125216,rsi_overbought,4,54.9,0.2642,0.98,1.28,True,fib_pullback,NLCINDIA
2022-08-02,2022-08-22,65.48281860351562,62.65753173828125,-0.043145468162280536,-0.045745468162280534,macd_bear_cross,20,63.3,0.4661,1.31,2.79,True,fib_pullback,NLCINDIA
2022-10-25,2022-10-31,68.58895874023438,71.65804290771484,0.044746038194047405,0.04214603819404741,rsi_overbought,6,62.9,0.5673,1.18,1.98,True,fib_pullback,NLCINDIA
2023-03-03,2023-03-06,75.82237243652344,77.57575225830078,0.02312483460267916,0.02052483460267916,rsi_overbought,3,57.0,0.4198,0.81,1.0,True,fib_pullback,NLCINDIA
2023-03-14,2023-03-20,75.39588165283203,74.35330963134766,-0.013827970422641962,-0.016427970422641963,macd_bear_cross,6,48.5,0.0993,0.59,1.01,True,fib_pullback,NLCINDIA
2023-04-26,2023-05-19,75.30108642578125,81.03515625,0.07614856699139927,0.07354856699139926,macd_bear_cross,23,57.0,0.1503,0.67,1.36,True,fib_pullback,NLCINDIA
2024-12-03,2024-12-04,256.9082336425781,256.8595275878906,-0.0001895854173177726,-0.0027895854173177726,rsi_overbought,1,64.8,2.3926,0.77,1.06,True,fib_pullback,NLCINDIA
2025-09-10,2025-09-17,243.69314575195312,253.0343017578125,0.03833163209016727,0.03573163209016727,rsi_overbought,7,61.6,1.2293,1.13,4.44,False,golden_cross,NLCINDIA
2026-01-12,2026-01-13,252.3063201904297,251.76405334472656,-0.002149240040018997,-0.004749240040018997,macd_bear_cross,1,59.4,0.3337,0.56,1.01,True,fib_pullback,NLCINDIA
2026-02-12,2026-02-27,259.6499938964844,260.04998779296875,0.0015405118655378903,-0.0010594881344621096,macd_bear_cross,15,56.2,0.2986,0.7,1.03,True,fib_pullback,NLCINDIA
2019-05-27,2019-06-04,16.789838790893555,17.028165817260742,0.014194717968135043,0.011594717968135042,rsi_overbought,8,61.1,0.1563,0.94,1.27,True,fib_pullback,NMDC
2025-12-02,2025-12-08,73.84518432617188,72.45738220214844,-0.01879340049980184,-0.021393400499801842,bb_mid_break,6,44.2,0.0762,0.71,1.55,True,fib_pullback,NMDC
2016-11-18,2016-12-15,92.91875457763672,93.59060668945312,0.00723053289801739,0.00463053289801739,macd_bear_cross,27,64.4,0.1602,1.12,2.86,True,fib_pullback,NTPC
2017-04-11,2017-04-17,99.07679748535156,94.5085678100586,-0.04610796666059355,-0.04870796666059355,macd_bear_cross,6,62.5,0.3624,0.79,3.29,True,fib_pullback,NTPC
2017-06-02,2017-06-06,96.46636962890625,93.7966537475586,-0.02767509435275434,-0.030275094352754342,bb_mid_break,4,59.2,0.37,0.92,1.34,True,fib_pullback,NTPC
2017-10-05,2017-10-18,102.82207489013672,106.99867248535156,0.04061965876177322,0.03801965876177322,rsi_overbought,13,57.4,0.1262,0.96,2.38,True,fib_pullback,NTPC
2021-02-04,2021-02-17,80.07532501220703,82.8057632446289,0.0340983721515415,0.031498372151541505,rsi_overbought,13,44.4,0.0957,0.65,1.36,True,fib_pullback,NTPC
2021-09-08,2021-09-15,97.71473693847656,106.41095733642578,0.08899599661640145,0.08639599661640145,rsi_overbought,7,52.7,0.2475,0.68,1.16,True,fib_pullback,NTPC
2022-01-04,2022-01-13,113.8648681640625,115.62125396728516,0.01542517750683172,0.012825177506831719,rsi_overbought,9,60.0,0.9559,1.22,2.74,True,fib_pullback,NTPC
2023-01-30,2023-02-02,151.74085998535156,149.98843383789062,-0.011548808591371564,-0.014148808591371565,bb_mid_break,3,45.7,0.0561,0.7,2.95,True,fib_pullback,NTPC
2023-02-03,2023-03-20,152.66270446777344,162.29916381835938,0.06312255101323822,0.06052255101323822,macd_bear_cross,45,54.9,0.2472,0.78,1.01,True,fib_pullback,NTPC
2023-05-03,2023-05-10,162.62196350097656,163.2674560546875,0.0039692827451752,0.0013692827451752005,rsi_overbought,7,46.3,0.3935,0.74,1.01,True,fib_pullback,NTPC
2023-05-30,2023-05-31,163.0369110107422,160.31655883789062,-0.01668549873759767,-0.019285498737597672,macd_bear_cross,1,49.3,0.0071,0.68,1.19,True,fib_pullback,NTPC
2016-11-30,2016-12-02,338.595947265625,333.0540466308594,-0.016367297599158982,-0.018967297599158984,bb_mid_break,2,51.2,0.5763,0.65,1.14,True,fib_pullback,NH
2020-11-11,2020-11-24,337.99713134765625,378.523193359375,0.11990060936355863,0.11730060936355863,rsi_overbought,13,55.8,0.1122,0.74,4.03,True,fib_pullback,NH
2021-10-18,2021-10-21,519.1287231445312,494.41778564453125,-0.04760079032097825,-0.050200790320978246,bb_mid_break,3,59.3,0.5755,0.7,1.01,True,fib_pullback,NH
2021-10-26,2021-11-11,522.736572265625,564.8441162109375,0.08055212927385505,0.07795212927385504,rsi_overbought,16,58.4,1.2777,1.02,1.95,True,fib_pullback,NH
2022-08-01,2022-08-03,656.27490234375,632.2063598632812,-0.03667448259031837,-0.03927448259031837,macd_bear_cross,2,58.8,0.1501,0.67,2.07,True,fib_pullback,NH
2023-02-22,2023-03-02,733.8995971679688,760.8721313476562,0.03675234907304937,0.03415234907304937,rsi_overbought,8,63.6,2.7032,1.08,3.92,True,fib_pullback,NH
2023-11-07,2023-11-16,1070.9525146484375,1135.8465576171875,0.06059469685269176,0.05799469685269176,rsi_overbought,9,50.8,2.9815,0.79,1.54,True,fib_pullback,NH
2024-05-17,2024-05-23,1283.0986328125,1245.392578125,-0.029386715661016537,-0.03198671566101654,bb_mid_break,6,54.2,2.0336,1.06,1.24,True,fib_pullback,NH
2024-06-07,2024-06-13,1253.8765869140625,1217.0634765625,-0.029359436754588335,-0.03195943675458834,bb_mid_break,6,45.2,3.545,0.69,1.24,True,fib_pullback,NH
2024-07-19,2024-08-02,1232.8404541015625,1225.192626953125,-0.006203420015131548,-0.008803420015131548,macd_bear_cross,14,64.1,2.7296,0.74,1.04,True,fib_pullback,NH
2024-11-08,2024-11-19,1285.0684814453125,1256.2503662109375,-0.022425353707191818,-0.02502535370719182,death_cross,11,52.8,4.0758,0.85,1.12,True,fib_pullback,NH
2025-02-03,2025-02-13,1348.77685546875,1322.945068359375,-0.019152009470386037,-0.02175200947038604,bb_mid_break,10,61.4,4.935,0.81,1.93,True,fib_pullback,NH
2025-07-03,2025-07-04,1996.76123046875,2002.2362060546875,0.0027419280294480783,0.00014192802944807846,macd_bear_cross,1,56.0,2.8677,0.6,2.91,True,fib_pullback,NH
2026-01-01,2026-01-12,1930.1220703125,1868.5584716796875,-0.031896220233803625,-0.03449622023380362,macd_bear_cross,11,57.2,0.4231,0.92,1.82,True,fib_pullback,NH
2026-01-14,2026-01-19,1941.796142578125,1857.98193359375,-0.04316323796641947,-0.04576323796641947,macd_bear_cross,5,59.8,2.1448,0.93,1.23,True,fib_pullback,NH
2026-02-11,2026-02-23,1860.4764404296875,1865.46533203125,0.0026815129141921773,8.151291419217742e-05,death_cross,12,56.6,8.823,0.73,1.8,True,fib_pullback,NH
2016-10-04,2016-10-06,26.970537185668945,27.370094299316406,0.014814577510891012,0.01221457751089101,rsi_overbought,2,60.6,0.0891,0.69,2.06,True,fib_pullback,NATIONALUM
2017-07-04,2017-07-13,39.929073333740234,43.10322570800781,0.07949476682659214,0.07689476682659213,rsi_overbought,9,60.8,0.2428,0.98,3.39,True,fib_pullback,NATIONALUM
2018-01-15,2018-01-16,51.231422424316406,47.1329086303711,-0.07999999999999992,-0.08259999999999992,stop_loss,1,61.7,0.0162,0.7,1.1,True,fib_pullback,NATIONALUM
2018-10-25,2018-10-29,42.544979095458984,44.18132019042969,0.03846143845315362,0.03586143845315362,rsi_overbought,4,42.3,0.1851,0.55,1.04,True,golden_cross,NATIONALUM
2021-12-08,2021-12-16,79.42940521240234,81.44947814941406,0.02543230597799187,0.02283230597799187,rsi_overbought,8,52.4,0.3892,0.76,1.06,True,fib_pullback,NATIONALUM
2021-12-21,2021-12-30,79.55061340332031,78.86377716064453,-0.008633952816850483,-0.011233952816850485,macd_bear_cross,9,63.6,0.2305,0.66,1.19,True,fib_pullback,NATIONALUM
2022-01-06,2022-01-07,84.76241302490234,89.448974609375,0.05529056355552067,0.052690563555520674,rsi_overbought,1,59.8,0.3002,0.91,1.4,True,fib_pullback,NATIONALUM
2023-07-12,2023-07-14,74.64175415039062,78.7419662475586,0.054931882882960234,0.052331882882960236,rsi_overbought,2,53.0,0.0509,0.72,1.31,True,fib_pullback,NATIONALUM
2024-09-16,2024-09-27,172.6446075439453,190.8388214111328,0.10538535854678407,0.10278535854678407,rsi_overbought,11,54.4,1.2417,1.02,1.25,True,fib_pullback,NATIONALUM
2026-08-03,2026-08-06,369.0,381.0,0.032520325203252036,0.029920325203252034,rsi_overbought,3,52.6,3.0664,1.07,1.84,True,fib_pullback,NATIONALUM
2016-09-09,2016-09-27,28.238079071044922,26.843013763427734,-0.04940369010609065,-0.05200369010609065,macd_bear_cross,18,60.5,0.136,1.18,3.97,True,fib_pullback,NFL
2016-10-06,2016-10-13,27.841827392578125,27.342418670654297,-0.017937354286484693,-0.020537354286484694,bb_mid_break,7,49.5,0.0274,0.65,1.09,True,fib_pullback,NFL
2016-10-24,2016-11-04,28.50769805908203,28.091529846191406,-0.014598450286239137,-0.017198450286239137,macd_bear_cross,11,56.1,0.0944,0.72,1.12,True,fib_pullback,NFL
2019-07-01,2019-07-05,32.98766326904297,31.856155395507812,-0.034300940454821835,-0.03690094045482183,bb_mid_break,4,46.3,0.0394,0.58,1.48,True,fib_pullback,NFL
2020-09-14,2020-09-18,35.191162109375,33.396175384521484,-0.05100674763949689,-0.05360674763949689,bb_mid_break,4,48.6,0.0405,0.72,1.23,True,fib_pullback,NFL
2020-11-11,2020-12-09,31.31777572631836,34.90774154663086,0.1146302934054036,0.11203029340540359,rsi_overbought,28,57.0,0.3065,0.95,1.1,True,fib_pullback,NFL
2021-09-24,2021-09-28,56.54204177856445,56.683746337890625,0.0025061804432377826,-9.381955676221725e-05,rsi_overbought,4,60.4,0.5144,1.2,9.63,True,fib_pullback,NFL
2023-03-06,2023-03-20,63.296852111816406,70.19337463378906,0.10895522118208462,0.10635522118208461,rsi_overbought,14,55.8,0.5371,0.89,1.73,True,fib_pullback,NFL
2023-07-05,2023-07-13,69.36624908447266,68.59390258789062,-0.011134326949717074,-0.013734326949717074,bb_mid_break,8,49.1,0.1606,0.99,2.21,True,fib_pullback,NFL
2023-11-28,2023-12-01,70.41802215576172,70.76176452636719,0.004881454492503709,0.0022814544925037093,rsi_overbought,3,61.7,0.275,1.26,2.4,True,fib_pullback,NFL
2024-04-03,2024-04-04,103.12261962890625,101.79676818847656,-0.01285703801164918,-0.015457038011649181,rsi_overbought,1,62.3,1.7332,0.95,3.93,True,fib_pullback,NFL
2024-04-24,2024-05-06,103.36815643310547,98.85040283203125,-0.043705467495668025,-0.04630546749566802,macd_bear_cross,12,63.5,0.6768,0.79,2.29,True,fib_pullback,NFL
2024-11-28,2024-12-02,117.20179748535156,117.92022705078125,0.006129851084574708,0.003529851084574708,death_cross,4,51.7,1.2918,0.89,2.19,True,fib_pullback,NFL
2025-10-15,2025-10-17,95.16000366210938,93.29000091552734,-0.019651142019939047,-0.02225114201993905,bb_mid_break,2,46.8,0.0139,0.59,1.14,True,fib_pullback,NFL
2025-10-28,2025-10-31,95.05999755859375,93.44999694824219,-0.01693667843152614,-0.019536678431526143,bb_mid_break,3,54.9,0.1297,0.8,2.93,True,fib_pullback,NFL
2025-11-04,2025-11-06,95.44999694824219,93.18000030517578,-0.023782050452000675,-0.026382050452000677,bb_mid_break,2,60.5,0.1606,0.86,1.2,True,fib_pullback,NFL
2016-12-20,2016-12-26,470.5736999511719,450.0048828125,-0.04371008651951045,-0.04631008651951045,bb_mid_break,6,64.8,3.8914,1.09,1.54,True,fib_pullback,NAVINFLUOR
2016-12-28,2017-01-10,467.9884948730469,528.2703247070312,0.12881049533138048,0.12621049533138048,rsi_overbought,13,63.7,1.2865,0.82,1.58,True,fib_pullback,NAVINFLUOR
2017-09-29,2017-10-05,661.4153442382812,708.5950317382812,0.07133140758071536,0.06873140758071536,rsi_overbought,6,64.3,3.4434,1.22,2.87,True,fib_pullback,NAVINFLUOR
2018-02-27,2018-03-12,772.4544677734375,751.130859375,-0.027605003644942033,-0.030205003644942035,bb_mid_break,13,57.0,0.4816,0.75,1.52,True,fib_pullback,NAVINFLUOR
2019-05-24,2019-05-27,676.5562133789062,715.4403076171875,0.057473560170386254,0.054873560170386255,rsi_overbought,3,59.5,2.6424,1.17,3.32,True,fib_pullback,NAVINFLUOR
2020-04-07,2020-04-27,1323.7315673828125,1594.6029052734375,0.20462708948323446,0.20202708948323447,rsi_overbought,20,53.2,7.4681,0.69,1.09,True,fib_pullback,NAVINFLUOR
2021-02-11,2021-02-17,2596.4208984375,2460.73486328125,-0.05225887499130225,-0.05485887499130225,bb_mid_break,6,55.5,17.0532,0.91,1.56,True,fib_pullback,NAVINFLUOR
2021-11-30,2021-12-10,3690.876953125,3903.390869140625,0.05757816332394751,0.05497816332394751,rsi_overbought,10,60.2,30.2218,1.11,2.76,True,fib_pullback,NAVINFLUOR
2023-08-02,2023-08-10,4545.96240234375,4369.111328125,-0.03890288976599792,-0.04150288976599792,bb_mid_break,8,64.8,22.8389,0.92,1.65,True,fib_pullback,NAVINFLUOR
2024-09-27,2024-10-01,3411.669189453125,3583.931396484375,0.050492060474029384,0.047892060474029385,rsi_overbought,4,59.8,22.3318,0.99,1.29,True,fib_pullback,NAVINFLUOR
2025-01-07,2025-01-17,3465.424560546875,3741.19970703125,0.0795790361804486,0.0769790361804486,rsi_overbought,10,50.9,5.2015,0.65,2.09,True,fib_pullback,NAVINFLUOR
2025-10-14,2025-10-17,4884.78955078125,5097.20703125,0.04348549272399605,0.04088549272399605,rsi_overbought,3,60.4,31.7283,0.87,1.24,True,fib_pullback,NAVINFLUOR
2017-07-19,2017-07-20,53.54999923706055,52.79999923706055,-0.014005602440437474,-0.016605602440437475,macd_bear_cross,1,57.4,0.0363,0.62,1.14,True,fib_pullback,NETWORK18
2017-10-13,2017-10-17,50.099998474121094,50.099998474121094,0.0,-0.0026,rsi_overbought,4,60.5,0.549,0.87,4.81,True,fib_pullback,NETWORK18
2017-10-31,2017-11-07,51.29999923706055,49.0,-0.044834293786869366,-0.047434293786869364,macd_bear_cross,7,63.5,0.2484,0.79,9.51,True,fib_pullback,NETWORK18
2020-11-13,2020-11-17,34.900001525878906,33.849998474121094,-0.030086046012898267,-0.03268604601289827,bb_mid_break,4,46.9,0.1257,0.77,1.34,True,fib_pullback,NETWORK18
2020-11-18,2020-11-25,35.20000076293945,34.0,-0.03409093002642436,-0.03669093002642436,bb_mid_break,7,59.4,0.1961,0.81,2.53,True,fib_pullback,NETWORK18
2021-02-25,2021-03-01,37.349998474121094,42.70000076293945,0.14323969229945877,0.14063969229945877,rsi_overbought,4,54.3,0.0324,0.89,1.45,True,fib_pullback,NETWORK18
2021-04-27,2021-05-04,40.45000076293945,37.95000076293945,-0.06180469599126722,-0.06440469599126722,bb_mid_break,7,60.5,0.5143,0.84,1.25,True,fib_pullback,NETWORK18
2021-05-06,2021-05-14,40.599998474121094,39.400001525878906,-0.02955657619068827,-0.03215657619068827,bb_mid_break,8,63.9,0.1285,0.73,1.04,True,fib_pullback,NETWORK18
2021-05-19,2021-05-24,41.45000076293945,39.900001525878906,-0.037394432051407946,-0.039994432051407944,bb_mid_break,5,51.0,0.0449,0.8,1.37,True,fib_pullback,NETWORK18
2021-05-27,2021-06-01,40.900001525878906,40.45000076293945,-0.011002463231076445,-0.013602463231076445,macd_bear_cross,5,51.5,0.0033,0.73,1.41,True,fib_pullback,NETWORK18
2021-09-03,2021-09-14,51.849998474121094,54.20000076293945,0.045323092728561436,0.04272309272856144,rsi_overbought,11,57.0,0.2411,1.01,2.72,True,fib_pullback,NETWORK18
2022-02-10,2022-02-15,92.0999984741211,84.7319985961914,-0.08000000000000004,-0.08260000000000005,stop_loss,5,54.4,0.6312,0.88,1.5,True,fib_pullback,NETWORK18
2017-01-24,2017-01-27,1384.0186767578125,1454.6785888671875,0.05105416082599561,0.048454160825995615,rsi_overbought,3,64.4,2.8344,0.73,1.95,True,fib_pullback,NILKAMAL
2017-06-02,2017-06-12,1913.0130615234375,1807.5240478515625,-0.05514286117203418,-0.05774286117203418,bb_mid_break,10,51.9,4.0802,0.63,1.5,True,fib_pullback,NILKAMAL
2019-11-25,2019-11-27,1235.901123046875,1211.33349609375,-0.01987831105174358,-0.022478311051743582,macd_bear_cross,2,61.3,1.5061,0.83,1.0,False,golden_cross,NILKAMAL
2020-10-14,2020-10-15,1241.864013671875,1234.2320556640625,-0.006145566602938068,-0.008745566602938067,rsi_overbought,1,52.7,0.4622,0.67,1.01,True,fib_pullback,NILKAMAL
2022-01-04,2022-01-07,2335.59716796875,2333.79541015625,-0.0007714334634456567,-0.0033714334634456565,death_cross,3,45.5,6.201,0.67,2.59,True,fib_pullback,NILKAMAL
2023-10-31,2023-11-01,2294.031005859375,2196.57177734375,-0.042483832287661456,-0.045083832287661454,bb_mid_break,1,60.7,8.6238,1.11,2.07,True,fib_pullback,NILKAMAL
2023-12-07,2023-12-22,2176.000244140625,2144.301025390625,-0.014567654041104704,-0.017167654041104704,bb_mid_break,15,60.3,9.1985,1.17,2.91,True,fib_pullback,NILKAMAL
2024-12-03,2024-12-09,1849.9732666015625,1860.7806396484375,0.005841907686984233,0.003241907686984233,rsi_overbought,6,49.9,3.526,0.55,1.59,True,fib_pullback,NILKAMAL
2024-12-20,2024-12-24,1858.7359619140625,1843.401123046875,-0.008250143743598854,-0.010850143743598856,macd_bear_cross,4,58.9,0.3153,0.63,1.44,True,fib_pullback,NILKAMAL
2025-07-29,2025-07-30,1780.4033203125,1665.385986328125,-0.0646018419939741,-0.06720184199397411,death_cross,1,60.5,5.3814,1.08,3.92,False,golden_cross,NILKAMAL
2016-10-04,2016-10-18,294.3385314941406,323.3238525390625,0.09847613527792193,0.09587613527792192,rsi_overbought,14,54.6,0.4949,0.97,4.14,True,fib_pullback,OBEROIRLTY
2017-07-28,2017-08-02,377.8221130371094,366.4884033203125,-0.02999747586421361,-0.03259747586421361,bb_mid_break,5,53.7,1.5193,0.92,5.8,True,fib_pullback,OBEROIRLTY
2018-03-09,2018-03-19,508.6543884277344,480.25592041015625,-0.0558305770355361,-0.0584305770355361,bb_mid_break,10,59.9,1.8847,0.84,1.87,True,fib_pullback,OBEROIRLTY
2018-04-19,2018-05-03,500.99755859375,504.29290771484375,0.006577575208836277,0.003977575208836277,macd_bear_cross,14,52.8,1.0135,0.73,1.58,True,fib_pullback,OBEROIRLTY
2019-06-25,2019-07-04,550.4490356445312,606.9342041015625,0.10261652723379139,0.10001652723379138,rsi_overbought,9,53.5,1.9432,0.84,1.63,True,fib_pullback,OBEROIRLTY
2019-08-30,2019-09-05,554.7072143554688,510.33063720703126,-0.07999999999999999,-0.08259999999999999,stop_loss,6,53.9,4.6626,0.81,1.05,True,fib_pullback,OBEROIRLTY
2019-09-11,2019-09-13,551.1423950195312,507.0510034179688,-0.07999999999999993,-0.08259999999999994,stop_loss,2,56.4,3.4047,0.86,1.34,True,fib_pullback,OBEROIRLTY
2022-01-05,2022-01-10,902.308837890625,918.6682739257812,0.018130639253629132,0.01553063925362913,rsi_overbought,5,60.8,8.9771,1.0,1.67,True,fib_pullback,OBEROIRLTY
2022-03-22,2022-03-28,892.2490234375,921.451904296875,0.032729518432945186,0.030129518432945184,rsi_overbought,6,51.0,5.8866,0.69,1.6,True,fib_pullback,OBEROIRLTY
2023-11-01,2023-11-10,1146.4073486328125,1238.9603271484375,0.08073306458302298,0.07813306458302298,rsi_overbought,9,54.2,3.4771,0.94,1.98,True,fib_pullback,OBEROIRLTY
2024-03-21,2024-04-03,1406.8458251953125,1506.77392578125,0.07102988742356646,0.06842988742356645,rsi_overbought,13,63.4,7.3799,1.06,1.39,True,fib_pullback,OBEROIRLTY
2024-08-12,2024-08-13,1797.2657470703125,1728.9573974609375,-0.038006816588322063,-0.04060681658832206,bb_mid_break,1,62.4,4.0425,0.77,1.14,True,fib_pullback,OBEROIRLTY
2024-09-04,2024-09-06,1767.0001220703125,1730.988525390625,-0.02038007594334197,-0.022980075943341973,bb_mid_break,2,62.2,4.8005,0.78,1.21,True,fib_pullback,OBEROIRLTY
2024-09-13,2024-09-25,1797.5628662109375,1923.430419921875,0.0700212248911507,0.0674212248911507,rsi_overbought,12,64.2,5.0236,1.07,1.9,True,fib_pullback,OBEROIRLTY
2024-10-18,2024-10-28,1913.5235595703125,1952.160888671875,0.020191718522785593,0.017591718522785592,macd_bear_cross,10,53.0,6.6225,0.62,1.16,True,fib_pullback,OBEROIRLTY
2016-08-10,2016-08-17,89.73550415039062,93.16352081298828,0.038201341766047614,0.035601341766047616,rsi_overbought,7,61.7,0.1789,0.84,1.42,False,golden_cross,ONGC
2017-01-10,2017-01-13,120.16072082519531,121.8863525390625,0.014361029977321482,0.01176102997732148,rsi_overbought,3,45.3,0.1264,0.59,1.07,True,fib_pullback,ONGC
2017-03-07,2017-03-08,120.27936553955078,118.16650390625,-0.017566285154755168,-0.02016628515475517,macd_bear_cross,1,52.8,0.0118,0.92,1.07,True,fib_pullback,ONGC
2017-05-02,2017-05-05,117.82970428466797,112.56287384033203,-0.044698664706920244,-0.04729866470692024,bb_mid_break,3,60.5,0.6161,1.07,2.67,True,fib_pullback,ONGC
2017-12-13,2017-12-26,114.99906158447266,121.12735748291016,0.05328996440493521,0.050689964404935214,rsi_overbought,13,53.8,0.0121,0.89,2.02,True,fib_pullback,ONGC
2018-05-07,2018-05-23,116.42389678955078,111.04269409179688,-0.04622077465317135,-0.04882077465317135,macd_bear_cross,16,56.3,0.1097,0.96,1.11,True,fib_pullback,ONGC
2021-04-30,2021-05-04,79.15673065185547,80.25460815429688,0.013869667094641073,0.011269667094641073,rsi_overbought,4,58.6,0.3641,1.06,3.76,True,fib_pullback,ONGC
2021-05-07,2021-05-10,81.57205963134766,83.36524963378906,0.02198289476256272,0.01938289476256272,rsi_overbought,3,62.2,0.7515,0.94,1.11,True,fib_pullback,ONGC
2021-08-30,2021-09-09,87.93973541259766,90.80406951904297,0.03257155702148027,0.02997155702148027,rsi_overbought,10,63.4,0.4318,1.01,1.19,True,fib_pullback,ONGC
2022-01-04,2022-01-07,113.9328842163086,121.06334686279297,0.06258476378906333,0.05998476378906333,rsi_overbought,3,55.7,0.7016,0.82,1.66,True,fib_pullback,ONGC
2022-06-08,2022-06-15,127.28495788574219,117.9372329711914,-0.0734393526919481,-0.0760393526919481,bb_mid_break,7,53.5,1.2922,0.87,1.78,True,fib_pullback,ONGC
2023-11-01,2023-11-02,160.94940185546875,160.51837158203125,-0.0026780483087757087,-0.005278048308775709,macd_bear_cross,1,58.0,0.0016,0.74,1.06,True,fib_pullback,ONGC
2026-01-13,2026-01-29,238.1753387451172,269.0586242675781,0.12966617654529974,0.12706617654529975,rsi_overbought,16,59.3,0.5891,1.03,2.54,True,fib_pullback,ONGC
2026-02-03,2026-02-18,251.09140014648438,264.6000061035156,0.05379955645295082,0.05119955645295082,macd_bear_cross,15,59.2,1.5732,0.7,1.07,True,fib_pullback,ONGC
2016-11-30,2016-12-19,84.804443359375,89.25347137451172,0.05246220408856543,0.04986220408856543,rsi_overbought,19,60.0,0.0571,0.59,1.23,True,fib_pullback,OIL
2017-02-09,2017-02-20,92.82279205322266,90.70569610595703,-0.022807932194624424,-0.025407932194624425,macd_bear_cross,11,58.4,0.0157,0.75,1.13,True,fib_pullback,OIL
2017-03-06,2017-03-08,93.81099700927734,90.677978515625,-0.03339713459545161,-0.035997134595451605,bb_mid_break,2,55.5,0.1327,0.87,1.1,True,fib_pullback,OIL
2017-04-07,2017-04-17,92.88221740722656,92.20291137695312,-0.007313628477398787,-0.009913628477398788,bb_mid_break,10,51.6,0.043,0.72,1.01,True,fib_pullback,OIL
2018-03-23,2018-03-27,102.43241882324219,94.23782531738281,-0.07999999999999999,-0.08259999999999999,stop_loss,4,49.8,0.4312,0.78,6.53,True,fib_pullback,OIL
2018-04-19,2018-04-24,98.85408782958984,104.07890319824219,0.05285381195018632,0.05025381195018632,rsi_overbought,5,60.6,0.2934,0.73,1.28,True,fib_pullback,OIL
2018-05-03,2018-05-04,100.89571380615234,97.05394744873047,-0.03807660615596551,-0.04067660615596551,macd_bear_cross,1,61.8,0.2295,0.68,1.2,True,fib_pullback,OIL
2021-04-30,2021-05-10,64.01177215576172,66.42335510253906,0.03767405378043852,0.03507405378043852,rsi_overbought,10,49.8,0.2267,0.72,1.58,True,fib_pullback,OIL
2022-05-31,2022-06-07,131.58016967773438,157.98451232910156,0.2006711400056452,0.1980711400056452,rsi_overbought,7,61.8,0.0736,0.79,1.96,True,fib_pullback,OIL
2023-01-10,2023-01-12,123.93208312988281,130.39080810546875,0.052115036013855184,0.049515036013855186,rsi_overbought,2,60.4,0.0265,0.77,1.26,False,golden_cross,OIL
2026-01-09,2026-01-15,413.7225646972656,451.1009216308594,0.09034643049006698,0.08774643049006697,rsi_overbought,6,59.5,1.0471,0.71,1.9,True,fib_pullback,OIL
2017-01-05,2017-01-10,158.9495391845703,157.21754455566406,-0.01089650613516456,-0.013496506135164562,bb_mid_break,5,57.7,0.3869,0.85,1.1,True,fib_pullback,OMAXE
2017-01-11,2017-02-02,158.40518188476562,168.25294494628906,0.06216818758295009,0.05956818758295009,rsi_overbought,22,56.1,0.2367,0.77,1.47,True,fib_pullback,OMAXE
2017-08-23,2017-08-29,202.94273376464844,200.4189453125,-0.012435963610676799,-0.0150359636106768,bb_mid_break,6,55.3,0.0037,0.76,1.26,True,fib_pullback,OMAXE
2017-10-09,2017-10-11,198.98574829101562,196.75108337402344,-0.011230276219199385,-0.013830276219199387,bb_mid_break,2,50.5,0.3423,0.76,1.06,True,fib_pullback,OMAXE
2017-10-12,2017-10-18,200.02859497070312,203.90203857421875,0.019364449388263427,0.016764449388263426,rsi_overbought,6,56.7,0.5081,0.85,1.62,True,fib_pullback,OMAXE
2017-10-26,2017-11-01,202.1143035888672,212.98973083496094,0.05380830081287125,0.051208300812871255,rsi_overbought,6,63.6,0.502,0.69,1.4,True,fib_pullback,OMAXE
2018-05-28,2018-05-30,222.9713134765625,220.04139709472656,-0.013140328843889212,-0.015740328843889213,bb_mid_break,2,58.7,0.1612,1.03,1.25,True,fib_pullback,OMAXE
2018-05-31,2018-06-08,221.18356323242188,219.79310607910156,-0.0062864397923601874,-0.008886439792360187,bb_mid_break,8,51.5,0.1409,0.57,1.05,True,fib_pullback,OMAXE
2021-09-03,2021-09-13,83.94999694824219,77.23399719238282,-0.07999999999999996,-0.08259999999999997,stop_loss,10,63.5,1.0769,0.95,2.27,True,fib_pullback,OMAXE
2022-04-19,2022-04-26,93.25,92.6500015258789,-0.006434299990574732,-0.009034299990574732,macd_bear_cross,7,62.3,0.7518,0.65,1.01,True,fib_pullback,OMAXE
2024-01-04,2024-01-11,80.69999694824219,91.80000305175781,0.13754654923512244,0.13494654923512245,rsi_overbought,7,54.4,0.127,0.89,2.29,True,fib_pullback,OMAXE
2024-04-01,2024-04-19,99.5999984741211,93.3499984741211,-0.06275100497741401,-0.06535100497741402,macd_bear_cross,18,50.7,0.5745,0.75,1.53,True,fib_pullback,OMAXE
2024-06-19,2024-06-24,96.12000274658203,119.0,0.23803575322131967,0.23543575322131968,rsi_overbought,5,61.8,0.8093,0.91,2.82,True,fib_pullback,OMAXE
2024-10-16,2024-10-22,129.22000122070312,118.88240112304688,-0.08,-0.0826,stop_loss,6,63.7,2.0997,0.98,2.57,True,fib_pullback,OMAXE
2026-06-16,2026-06-29,78.9000015258789,84.26000213623047,0.0679341002115634,0.0653341002115634,rsi_overbought,13,53.9,0.4419,0.96,1.05,True,fib_pullback,OMAXE
2017-06-22,2017-06-23,2491.9052734375,2453.2158203125,-0.015526052911164313,-0.018126052911164314,macd_bear_cross,1,55.9,1.7346,0.63,1.76,True,fib_pullback,OFSS
2017-09-04,2017-09-12,2435.53662109375,2346.5986328125,-0.036516793675354285,-0.03911679367535428,bb_mid_break,8,61.2,7.3886,0.82,1.02,True,fib_pullback,OFSS
2017-09-27,2017-10-09,2410.92236328125,2405.27880859375,-0.00234082804716248,-0.00494082804716248,bb_mid_break,12,51.0,2.6571,0.66,1.12,True,fib_pullback,OFSS
2018-04-03,2018-04-19,2740.83740234375,2816.99267578125,0.027785403604160524,0.025185403604160522,rsi_overbought,16,58.1,13.3913,1.05,1.03,True,fib_pullback,OFSS
2020-09-21,2020-09-24,2301.46142578125,2237.65283203125,-0.027725250154188287,-0.03032525015418829,bb_mid_break,3,59.4,3.6858,0.8,3.51,True,fib_pullback,OFSS
2020-10-09,2020-10-15,2322.466796875,2423.638916015625,0.043562353303288275,0.040962353303288276,rsi_overbought,6,59.7,2.4169,0.81,2.53,True,fib_pullback,OFSS
2020-12-08,2021-01-05,2355.93896484375,2605.62060546875,0.10597967279749088,0.10337967279749087,rsi_overbought,28,59.7,5.8827,1.0,3.16,True,fib_pullback,OFSS
2021-04-06,2021-04-22,2484.6142578125,2478.040771484375,-0.0026456768117850285,-0.005245676811785028,macd_bear_cross,16,57.3,5.3874,0.89,1.18,True,fib_pullback,OFSS
2023-12-06,2023-12-13,3697.045166015625,3659.90625,-0.010045567297099134,-0.012645567297099133,bb_mid_break,7,56.1,0.0434,0.68,1.69,True,fib_pullback,OFSS
2023-12-14,2023-12-26,3746.279296875,3739.71484375,-0.0017522594032099558,-0.004352259403209956,macd_bear_cross,12,56.2,6.032,0.76,1.17,True,fib_pullback,OFSS
2024-11-06,2024-11-19,10723.6591796875,10360.09765625,-0.033902748804824905,-0.0365027488048249,bb_mid_break,13,50.9,10.8056,0.74,1.04,True,fib_pullback,OFSS
2016-08-24,2016-08-29,158.54623413085938,166.70260620117188,0.051444754364714025,0.04884475436471403,rsi_overbought,5,59.2,0.983,0.95,2.62,True,fib_pullback,ORIENTCEM
2017-07-12,2017-07-18,142.4624786376953,144.38702392578125,0.013509138030515119,0.010909138030515117,rsi_overbought,6,63.9,1.3854,0.81,1.29,True,fib_pullback,ORIENTCEM
2017-10-24,2017-11-01,145.65806579589844,158.16012573242188,0.08583156633455366,0.08323156633455366,rsi_overbought,8,60.4,0.3631,0.88,1.57,True,fib_pullback,ORIENTCEM
2017-12-08,2017-12-13,154.8048095703125,149.013427734375,-0.03741086502423588,-0.04001086502423588,macd_bear_cross,5,63.9,0.2409,0.97,1.04,True,fib_pullback,ORIENTCEM
2017-12-29,2018-01-05,157.14891052246094,161.46951293945312,0.027493683555474942,0.02489368355547494,rsi_overbought,7,55.2,0.6908,0.98,1.31,True,fib_pullback,ORIENTCEM
2020-10-22,2020-11-23,60.585330963134766,66.05025482177734,0.09020209631218983,0.08760209631218982,rsi_overbought,32,61.6,0.506,1.05,6.04,True,fib_pullback,ORIENTCEM
2021-10-14,2021-10-19,155.23541259765625,149.303466796875,-0.03821258114703404,-0.04081258114703404,bb_mid_break,5,61.8,0.1851,0.94,1.67,True,fib_pullback,ORIENTCEM
2021-10-29,2021-11-16,155.7616424560547,157.29244995117188,0.009827884907858986,0.007227884907858987,macd_bear_cross,18,58.8,0.5943,0.89,1.07,True,fib_pullback,ORIENTCEM
2021-12-13,2021-12-17,160.83251953125,153.0348663330078,-0.04848306313280811,-0.05108306313280811,bb_mid_break,4,63.4,0.9072,0.91,1.1,True,fib_pullback,ORIENTCEM
2022-01-04,2022-01-12,157.34031677246094,169.34771728515625,0.07631483626704476,0.07371483626704475,rsi_overbought,8,46.3,0.566,0.71,1.1,True,fib_pullback,ORIENTCEM
2022-12-01,2022-12-20,127.81283569335938,125.8607406616211,-0.015273075048750397,-0.017873075048750398,macd_bear_cross,19,59.5,0.1478,0.73,2.79,True,fib_pullback,ORIENTCEM
2023-01-03,2023-01-20,128.54486083984375,128.64247131347656,0.0007593494830915649,-0.001840650516908435,macd_bear_cross,17,45.6,0.0219,0.74,1.76,True,fib_pullback,ORIENTCEM
2024-04-24,2024-05-10,228.1405487060547,209.88930480957032,-0.07999999999999997,-0.08259999999999998,stop_loss,16,56.6,1.9787,1.0,5.83,True,fib_pullback,ORIENTCEM
2025-01-31,2025-02-11,338.7278747558594,334.7012939453125,-0.011887361834183452,-0.014487361834183452,bb_mid_break,11,59.1,0.2677,0.78,1.32,True,fib_pullback,ORIENTCEM
2019-07-08,2019-07-09,155.52842712402344,150.43617248535156,-0.032741632721657664,-0.03534163272165766,macd_bear_cross,1,51.3,0.0008,0.63,1.51,True,fib_pullback,ORIENTELEC
2019-08-08,2019-08-21,153.63710021972656,147.239501953125,-0.04164097250893134,-0.04424097250893134,bb_mid_break,13,61.0,0.6854,0.95,1.11,True,fib_pullback,ORIENTELEC
2019-09-18,2019-10-07,150.53379821777344,152.30026245117188,0.011734668588132869,0.009134668588132867,macd_bear_cross,19,61.9,0.2682,0.94,1.18,True,fib_pullback,ORIENTELEC
2020-01-13,2020-01-20,186.72300720214844,200.66397094726562,0.07466119978468717,0.07206119978468717,rsi_overbought,7,60.8,0.2921,0.74,1.16,True,fib_pullback,ORIENTELEC
2021-06-10,2021-06-23,293.5742492675781,302.0940856933594,0.02902106178262198,0.026421061782621977,macd_bear_cross,13,56.7,0.1175,0.68,1.38,True,fib_pullback,ORIENTELEC
2021-09-08,2021-09-14,332.5968017578125,345.88336181640625,0.03994794895312506,0.037347948953125064,rsi_overbought,6,64.3,1.283,1.24,2.71,True,fib_pullback,ORIENTELEC
2021-10-25,2021-11-02,326.4125671386719,371.1034851074219,0.1369154330070989,0.13431543300709892,rsi_overbought,8,58.5,0.0907,0.85,2.41,True,fib_pullback,ORIENTELEC
2024-10-28,2024-11-12,248.49916076660156,228.61922790527345,-0.07999999999999996,-0.08259999999999997,stop_loss,15,62.2,0.9058,0.99,7.87,True,fib_pullback,ORIENTELEC
2017-11-21,2017-12-08,35.778324127197266,41.41341018676758,0.15750000026655087,0.15490000026655087,rsi_overbought,17,52.9,0.0228,0.66,1.09,True,fib_pullback,PCJEWELLER
2021-06-01,2021-06-09,2.7049999237060547,2.7100000381469727,0.0018484711948041142,-0.0007515288051958857,macd_bear_cross,8,61.4,0.0243,0.66,1.05,True,fib_pullback,PCJEWELLER
2023-12-07,2023-12-13,3.0250000953674316,3.4149999618530273,0.1289255716331554,0.12632557163315541,rsi_overbought,6,61.4,0.0019,0.97,4.9,True,fib_pullback,PCJEWELLER
2024-06-07,2024-06-26,5.320000171661377,5.059000015258789,-0.049060178191889126,-0.051660178191889124,macd_bear_cross,19,59.4,0.0579,1.16,4.98,True,fib_pullback,PCJEWELLER
2024-11-28,2024-12-11,15.623000144958496,17.927000045776367,0.14747486906740934,0.14487486906740935,rsi_overbought,13,48.5,0.0806,0.73,1.05,True,fib_pullback,PCJEWELLER
2025-03-27,2025-04-07,13.720000267028809,12.622400245666505,-0.07999999999999993,-0.08259999999999994,stop_loss,11,63.9,0.0819,0.69,1.69,True,fib_pullback,PCJEWELLER
2017-03-14,2017-03-22,851.6732788085938,819.5309448242188,-0.037740216564430586,-0.040340216564430584,bb_mid_break,8,49.1,1.9,0.75,1.47,True,fib_pullback,PIIND
2018-03-28,2018-04-11,859.019775390625,832.3331298828125,-0.031066392500309077,-0.033666392500309075,bb_mid_break,14,61.3,5.1388,0.86,1.37,True,fib_pullback,PIIND
2018-05-04,2018-05-14,844.4635009765625,834.5167236328125,-0.011778812621560617,-0.014378812621560617,macd_bear_cross,10,58.8,0.0768,0.63,1.47,True,fib_pullback,PIIND
2020-01-23,2020-02-07,1443.9835205078125,1562.9261474609375,0.08237118032434046,0.07977118032434045,rsi_overbought,15,57.0,1.4108,0.96,1.15,True,fib_pullback,PIIND
2021-02-04,2021-02-18,2206.918701171875,2225.399169921875,0.008373878358177336,0.005773878358177336,rsi_overbought,14,51.1,6.3887,0.66,2.45,True,fib_pullback,PIIND
2021-10-12,2021-10-20,3252.40576171875,2992.21330078125,-0.08000000000000002,-0.08260000000000002,stop_loss,8,52.9,5.8045,0.64,1.15,True,fib_pullback,PIIND
2021-12-15,2021-12-20,3031.994873046875,2789.435283203125,-0.08,-0.0826,stop_loss,5,56.7,19.2719,1.27,2.84,True,fib_pullback,PIIND
2021-12-28,2022-01-06,2947.4931640625,2901.14208984375,-0.01572559176180235,-0.018325591761802353,bb_mid_break,9,53.9,2.7923,0.78,1.19,True,fib_pullback,PIIND
2022-10-27,2022-10-31,3155.107177734375,3190.187744140625,0.0111186607712771,0.008518660771277099,rsi_overbought,4,64.5,23.44,1.03,1.25,True,fib_pullback,PIIND
2023-11-08,2023-11-15,3531.986572265625,3667.873779296875,0.038473307939017425,0.035873307939017426,rsi_overbought,7,56.3,23.7686,0.92,1.71,True,fib_pullback,PIIND
2021-01-04,2021-01-18,305.477783203125,286.9169006347656,-0.06076017173405198,-0.06336017173405198,macd_bear_cross,14,49.3,0.8469,0.64,1.05,True,fib_pullback,PNBHOUSING
2021-04-09,2021-04-12,325.7966613769531,299.73292846679686,-0.08000000000000003,-0.08260000000000003,stop_loss,3,56.8,0.5936,0.63,1.53,True,fib_pullback,PNBHOUSING
2021-12-02,2021-12-03,480.33441162109375,465.8209228515625,-0.030215384154029856,-0.032815384154029854,rsi_overbought,1,51.9,12.9605,0.81,2.91,True,fib_pullback,PNBHOUSING
2022-10-21,2022-11-03,349.67230224609375,345.3796081542969,-0.012276334339960806,-0.014876334339960808,macd_bear_cross,13,64.0,2.6731,0.92,2.47,False,golden_cross,PNBHOUSING
2023-04-05,2023-04-13,457.2335510253906,420.65486694335937,-0.08000000000000002,-0.08260000000000002,stop_loss,8,60.0,3.3175,0.63,1.82,True,fib_pullback,PNBHOUSING
2024-04-01,2024-04-04,739.7281494140625,759.8182373046875,0.02715874460981149,0.02455874460981149,rsi_overbought,3,57.1,10.3794,1.04,10.53,True,fib_pullback,PNBHOUSING
2025-01-02,2025-01-06,912.9862670898438,885.6895141601562,-0.029898317109080155,-0.03249831710908015,bb_mid_break,4,49.1,4.2641,0.64,1.15,True,fib_pullback,PNBHOUSING
2025-01-22,2025-01-24,899.8068237304688,852.37060546875,-0.05271822463521121,-0.05531822463521121,bb_mid_break,2,47.6,5.8939,0.74,5.16,True,fib_pullback,PNBHOUSING
2016-08-16,2016-08-24,111.58936309814453,117.87540435791016,0.05633190373384385,0.05373190373384385,rsi_overbought,8,59.0,0.0344,0.83,1.38,True,fib_pullback,PNCINFRA
2017-07-12,2017-07-18,145.9085693359375,141.35809326171875,-0.03118717492008169,-0.03378717492008169,bb_mid_break,6,56.7,0.5526,0.9,2.79,True,fib_pullback,PNCINFRA
2018-05-24,2018-06-04,169.3953399658203,166.44847106933594,-0.017396398844731965,-0.019996398844731967,bb_mid_break,11,64.7,0.02,0.8,1.52,True,fib_pullback,PNCINFRA
2019-09-23,2019-10-03,189.78858947753906,178.3251495361328,-0.060401101946979355,-0.06300110194697935,bb_mid_break,10,64.7,1.4938,1.22,1.39,True,fib_pullback,PNCINFRA
2019-11-14,2019-11-19,180.7957305908203,186.97213745117188,0.03416234907853052,0.03156234907853052,rsi_overbought,5,62.9,1.4982,1.26,3.09,True,fib_pullback,PNCINFRA
2020-02-11,2020-02-20,195.7179412841797,195.9649658203125,0.0012621455882480205,-0.0013378544117519794,bb_mid_break,9,58.5,0.1776,0.73,1.47,True,fib_pullback,PNCINFRA
2020-11-27,2020-12-15,169.35594177246094,175.2590789794922,0.03485639266771307,0.032256392667713074,macd_bear_cross,18,56.9,0.4911,0.66,1.71,True,fib_pullback,PNCINFRA
2021-05-20,2021-05-24,243.8150177001953,252.34730529785156,0.034994922290422205,0.03239492229042221,rsi_overbought,4,53.1,2.5317,0.87,1.79,True,fib_pullback,PNCINFRA
2022-11-01,2022-11-02,268.13726806640625,260.6226806640625,-0.028025150910699608,-0.03062515091069961,bb_mid_break,1,58.0,0.4785,0.79,4.83,True,fib_pullback,PNCINFRA
2022-11-18,2022-12-05,269.0828552246094,247.55622680664064,-0.07999999999999996,-0.08259999999999997,stop_loss,17,60.6,1.2351,1.05,1.05,True,fib_pullback,PNCINFRA
2023-05-03,2023-05-08,291.7261962890625,312.4287414550781,0.07096567065064706,0.06836567065064705,rsi_overbought,5,57.8,1.2916,1.04,1.58,True,fib_pullback,PNCINFRA
2023-12-14,2023-12-20,345.4942321777344,336.6239318847656,-0.0256742355351552,-0.028274235535155203,bb_mid_break,6,64.9,1.1886,0.79,1.5,True,fib_pullback,PNCINFRA
2023-12-26,2024-01-08,350.32806396484375,344.3979187011719,-0.01692740569098963,-0.01952740569098963,macd_bear_cross,13,50.5,0.9087,0.86,1.68,True,fib_pullback,PNCINFRA
2024-07-08,2024-07-09,503.5156555175781,524.9439697265625,0.042557394142904256,0.03995739414290426,rsi_overbought,1,64.4,1.0244,0.93,1.3,True,fib_pullback,PNCINFRA
2024-10-16,2024-10-21,465.08819580078125,427.8811401367188,-0.07999999999999993,-0.08259999999999994,stop_loss,5,60.3,4.0159,1.13,5.44,True,fib_pullback,PNCINFRA
2025-09-05,2025-09-09,312.4374694824219,304.7525329589844,-0.024596718620747453,-0.027196718620747455,bb_mid_break,4,56.5,0.21,0.9,1.68,True,fib_pullback,PNCINFRA
2025-09-17,2025-09-24,308.6947937011719,304.54998779296875,-0.013426873380363689,-0.01602687338036369,bb_mid_break,7,64.0,0.1723,0.73,7.49,True,fib_pullback,PNCINFRA
2017-12-29,2018-01-04,68.23351287841797,69.21076202392578,0.014322128588764381,0.01172212858876438,rsi_overbought,6,62.4,0.4436,0.99,1.5,True,fib_pullback,PTC
2021-08-31,2021-09-17,76.25428009033203,76.87640380859375,0.008158541625791249,0.005558541625791249,macd_bear_cross,17,63.5,0.5482,0.97,3.35,True,fib_pullback,PTC
2023-03-08,2023-03-13,79.81163787841797,75.79780578613281,-0.05029131338464293,-0.05289131338464293,bb_mid_break,5,55.9,0.3956,0.74,1.5,True,fib_pullback,PTC
2023-04-13,2023-05-09,80.78340148925781,78.37510681152344,-0.029811751341698806,-0.032411751341698804,bb_mid_break,26,62.9,0.7479,1.01,1.35,True,fib_pullback,PTC
2024-09-03,2024-09-13,192.7988739013672,212.34616088867188,0.10138693547196113,0.09878693547196113,rsi_overbought,10,60.2,0.9551,1.02,1.51,True,fib_pullback,PTC
2026-04-09,2026-04-20,166.61000061035156,192.16000366210938,0.15335215748249856,0.15075215748249857,rsi_overbought,11,57.3,0.922,0.83,1.06,True,golden_cross,PTC
2026-06-16,2026-06-19,195.24000549316406,186.64999389648438,-0.04399718989446786,-0.04659718989446786,bb_mid_break,3,55.3,0.5044,0.84,1.09,True,fib_pullback,PTC
2026-08-04,2026-08-06,183.44000244140625,200.1699981689453,0.09120145826907573,0.08860145826907573,rsi_overbought,2,62.6,1.9894,1.19,2.46,True,fib_pullback,PTC
2016-08-11,2016-08-25,12831.0205078125,12869.646484375,0.003010358882910488,0.0004103588829104882,macd_bear_cross,14,57.1,18.5828,0.71,5.98,True,fib_pullback,PAGEIND
2017-06-06,2017-06-09,13553.775390625,14737.8828125,0.08736365977364759,0.08476365977364758,rsi_overbought,3,47.6,16.496,0.76,5.87,True,fib_pullback,PAGEIND
2018-02-14,2018-03-05,20792.232421875,19708.04296875,-0.05214396564672636,-0.05474396564672636,bb_mid_break,19,55.5,193.3969,0.83,2.59,True,fib_pullback,PAGEIND
2018-04-04,2018-04-09,20676.75,22773.267578125,0.10139492802906647,0.09879492802906646,rsi_overbought,5,57.0,199.1753,0.94,1.34,True,fib_pullback,PAGEIND
2021-03-22,2021-04-09,28000.96484375,27793.552734375,-0.007407320088161025,-0.010007320088161024,macd_bear_cross,18,60.2,79.4153,1.01,1.34,True,fib_pullback,PAGEIND
2021-07-05,2021-07-12,28472.1171875,31281.369140625,0.09866677404511157,0.09606677404511156,rsi_overbought,7,55.0,20.1316,0.74,1.03,True,fib_pullback,PAGEIND
2021-09-01,2021-09-16,30299.23828125,31284.185546875,0.03250732762593944,0.02990732762593944,rsi_overbought,15,43.7,40.4054,0.67,1.01,True,fib_pullback,PAGEIND
2022-02-28,2022-03-04,40118.37890625,38922.1640625,-0.029817128118395705,-0.032417128118395706,bb_mid_break,4,55.7,64.4636,0.72,1.09,True,fib_pullback,PAGEIND
2022-03-16,2022-03-25,40212.1328125,38398.5234375,-0.04510104906537653,-0.047701049065376526,macd_bear_cross,9,56.1,136.2544,0.88,1.04,True,fib_pullback,PAGEIND
2022-05-27,2022-06-03,42193.73828125,40350.29296875,-0.043690021021891484,-0.04629002102189148,bb_mid_break,7,56.7,67.2151,0.72,3.49,True,fib_pullback,PAGEIND
2025-08-25,2025-08-26,46349.8828125,45019.23828125,-0.028708692460623467,-0.03130869246062347,bb_mid_break,1,54.4,199.8512,0.7,1.1,True,fib_pullback,PAGEIND
2020-11-18,2020-11-20,108.33403015136719,106.94767761230469,-0.012797018048026566,-0.015397018048026567,macd_bear_cross,2,58.6,0.0572,0.67,1.2,True,fib_pullback,PARAGMILK
2021-04-01,2021-04-12,110.36405944824219,101.53493469238282,-0.07999999999999993,-0.08259999999999994,stop_loss,11,55.5,0.9922,0.94,1.82,True,fib_pullback,PARAGMILK
2021-04-13,2021-04-20,108.13597106933594,105.85839080810547,-0.021062189008041573,-0.023662189008041574,macd_bear_cross,7,58.6,0.7908,0.63,1.01,True,fib_pullback,PARAGMILK
2021-08-31,2021-09-20,131.6050567626953,125.49180603027344,-0.04645148813274729,-0.04905148813274729,bb_mid_break,20,60.0,0.6564,0.77,5.4,True,fib_pullback,PARAGMILK
2021-10-05,2021-10-12,129.6168670654297,134.88504028320312,0.04064419498053522,0.03804419498053522,rsi_overbought,7,51.1,0.3435,0.69,1.29,True,fib_pullback,PARAGMILK
2022-12-02,2022-12-16,110.5818862915039,103.82272338867188,-0.06112359925760593,-0.06372359925760593,bb_mid_break,14,60.0,0.8592,1.01,4.99,True,fib_pullback,PARAGMILK
2024-02-07,2024-02-09,234.73179626464844,260.07867431640625,0.10798229492173471,0.1053822949217347,rsi_overbought,2,62.4,2.8752,1.12,7.47,True,fib_pullback,PARAGMILK
2024-12-02,2024-12-12,211.61810302734375,206.30621337890625,-0.02510130075096239,-0.02770130075096239,bb_mid_break,10,49.1,0.4572,0.75,1.23,True,fib_pullback,PARAGMILK
2017-10-05,2017-10-24,290.6194763183594,297.7731628417969,0.024615303193241556,0.022015303193241555,macd_bear_cross,19,57.7,0.452,0.58,1.12,True,fib_pullback,PERSISTENT
2017-12-01,2017-12-05,297.22821044921875,294.412109375,-0.009474541699667768,-0.01207454169966777,macd_bear_cross,4,63.8,0.1377,0.71,2.74,True,fib_pullback,PERSISTENT
2017-12-19,2017-12-20,297.22821044921875,293.9351806640625,-0.011079129333582762,-0.013679129333582764,bb_mid_break,1,55.5,0.1361,0.81,1.02,True,fib_pullback,PERSISTENT
2023-01-13,2023-01-24,1944.3221435546875,2226.998291015625,0.14538544880435175,0.14278544880435176,rsi_overbought,11,60.8,2.5847,0.81,2.14,True,fib_pullback,PERSISTENT
2023-04-28,2023-05-08,2313.4111328125,2282.645263671875,-0.013298919809044832,-0.015898919809044832,rsi_overbought,10,58.5,19.2397,1.02,1.3,True,fib_pullback,PERSISTENT
2023-08-22,2023-08-24,2467.660888671875,2511.939453125,0.01794353699748277,0.015343536997482768,rsi_overbought,2,64.2,11.5185,0.95,1.04,True,fib_pullback,PERSISTENT
2024-06-07,2024-06-21,3792.0517578125,3884.827880859375,0.02446594323395898,0.02186594323395898,rsi_overbought,14,62.7,35.2987,1.09,1.69,True,fib_pullback,PERSISTENT
2017-01-12,2017-01-16,127.43543243408203,124.26113891601562,-0.024909033990278637,-0.02750903399027864,macd_bear_cross,4,58.6,0.0449,0.58,1.68,True,fib_pullback,PETRONET
2017-01-25,2017-03-02,128.6022186279297,133.49237060546875,0.038025409123672964,0.035425409123672966,bb_mid_break,36,47.5,0.2687,0.74,1.01,True,fib_pullback,PETRONET
2018-01-08,2018-01-10,176.77792358398438,174.20986938476562,-0.014527007372607295,-0.017127007372607295,bb_mid_break,2,50.3,0.2039,0.76,1.32,True,fib_pullback,PETRONET
2018-01-29,2018-02-02,173.86285400390625,168.86557006835938,-0.028742677463666846,-0.03134267746366685,bb_mid_break,4,45.7,0.3039,0.61,1.31,True,fib_pullback,PETRONET
2018-10-31,2018-11-06,159.6516876220703,151.83529663085938,-0.04895902516053577,-0.05155902516053577,bb_mid_break,6,63.5,0.9773,1.09,1.24,True,fib_pullback,PETRONET
2018-11-09,2018-11-19,159.439453125,156.5746307373047,-0.017968089651243982,-0.020568089651243984,death_cross,10,64.9,0.6887,0.89,1.01,True,fib_pullback,PETRONET
2019-01-29,2019-02-04,161.79745483398438,152.33114624023438,-0.05850715391946741,-0.06110715391946741,macd_bear_cross,6,61.3,0.1864,0.62,1.63,True,fib_pullback,PETRONET
2019-02-27,2019-03-08,161.57980346679688,169.66786193847656,0.05005612272168475,0.04745612272168475,rsi_overbought,9,55.1,0.2664,0.68,1.64,True,fib_pullback,PETRONET
2020-01-14,2020-01-22,209.2606658935547,204.0988311767578,-0.024667008941960274,-0.027267008941960276,bb_mid_break,8,59.3,0.449,0.88,2.82,True,fib_pullback,PETRONET
2020-01-23,2020-01-30,208.73318481445312,203.19459533691406,-0.02653430254735211,-0.029134302547352112,macd_bear_cross,7,61.9,0.2899,0.91,1.81,True,fib_pullback,PETRONET
2021-02-19,2021-03-10,201.443603515625,196.9315948486328,-0.022398371495783,-0.024998371495783003,macd_bear_cross,19,63.8,0.8058,1.1,2.65,True,fib_pullback,PETRONET
2023-02-14,2023-02-16,195.4697723388672,193.88165283203125,-0.008124629643926566,-0.010724629643926568,bb_mid_break,2,40.1,0.0837,0.54,1.19,True,fib_pullback,PETRONET
2023-03-02,2023-03-15,195.778564453125,208.83633422851562,0.06669662642519289,0.06409662642519288,rsi_overbought,13,49.2,0.2296,0.65,1.41,True,fib_pullback,PETRONET
2023-06-14,2023-06-20,202.9691619873047,197.6754608154297,-0.026081307722037646,-0.028681307722037648,bb_mid_break,6,62.1,0.4955,1.28,1.88,True,fib_pullback,PETRONET
2023-07-07,2023-07-13,202.7486114501953,198.07249450683594,-0.023063620065817574,-0.025663620065817575,bb_mid_break,6,58.2,0.7894,0.93,1.32,True,fib_pullback,PETRONET
2023-07-28,2023-08-02,202.21922302246094,198.86654663085938,-0.01657941486220216,-0.019179414862202163,bb_mid_break,5,51.2,0.0712,0.78,3.74,True,fib_pullback,PETRONET
2024-11-25,2024-12-19,318.55096435546875,319.40972900390625,0.002695846958665021,9.584695866502119e-05,bb_mid_break,24,53.6,0.6928,0.78,1.92,True,fib_pullback,PETRONET
2024-12-24,2025-01-02,325.134765625,312.7304992675781,-0.03815115351807243,-0.04075115351807243,macd_bear_cross,9,56.6,0.1214,0.74,1.21,True,fib_pullback,PETRONET
2019-05-21,2019-06-18,2729.2421875,2697.569091796875,-0.011605087979435684,-0.014205087979435684,bb_mid_break,28,55.5,9.7637,0.85,2.08,True,fib_pullback,PFIZER
2020-01-24,2020-01-29,3583.233642578125,3726.740478515625,0.040049533536486694,0.037449533536486695,rsi_overbought,5,58.8,3.9213,0.72,1.72,True,fib_pullback,PFIZER
2020-02-10,2020-02-17,3677.54296875,3468.54052734375,-0.056832086853166014,-0.05943208685316601,bb_mid_break,7,64.6,1.3941,0.82,2.4,True,fib_pullback,PFIZER
2020-04-07,2020-04-16,3667.394287109375,3736.37353515625,0.018808789741897144,0.016208789741897142,rsi_overbought,9,51.0,25.0892,0.75,1.44,True,fib_pullback,PFIZER
2020-07-14,2020-08-11,3842.587646484375,4237.427734375,0.10275369730391666,0.10015369730391666,rsi_overbought,28,63.2,15.6612,0.91,1.91,True,fib_pullback,PFIZER
2023-10-11,2023-10-23,3784.4892578125,3734.724365234375,-0.013149698463377319,-0.01574969846337732,macd_bear_cross,12,63.9,11.7312,0.92,3.43,True,fib_pullback,PFIZER
2023-11-16,2023-11-22,3771.79833984375,3892.763671875,0.032070996679069826,0.029470996679069824,rsi_overbought,6,55.0,1.0582,0.82,1.14,True,fib_pullback,PFIZER
2024-12-30,2025-01-13,5131.18603515625,4867.96875,-0.05129755252544352,-0.053897552525443516,bb_mid_break,14,61.8,20.4699,0.86,5.81,True,fib_pullback,PFIZER
2016-12-14,2016-12-16,187.07078552246094,176.1140899658203,-0.05856978429870918,-0.06116978429870918,macd_bear_cross,2,61.0,0.8733,0.66,1.31,True,fib_pullback,PHOENIXLTD
2017-04-07,2017-04-18,204.75311279296875,195.8018798828125,-0.04371720062301117,-0.046317200623011166,macd_bear_cross,11,62.6,1.2425,1.11,1.53,False,golden_cross,PHOENIXLTD
2017-12-04,2017-12-12,260.02764892578125,275.04296875,0.05774508936357194,0.055145089363571945,rsi_overbought,8,59.6,0.9524,0.97,1.68,True,fib_pullback,PHOENIXLTD
2018-04-19,2018-05-10,308.02252197265625,297.97137451171875,-0.03263120955106575,-0.03523120955106575,bb_mid_break,21,61.8,1.8106,1.09,2.44,True,fib_pullback,PHOENIXLTD
2018-05-11,2018-05-16,304.28717041015625,336.4557800292969,0.10571792946702208,0.10311792946702207,rsi_overbought,5,43.5,0.0596,0.6,2.03,True,fib_pullback,PHOENIXLTD
2021-05-04,2021-05-14,380.6324157714844,361.52392578125,-0.050201951274970506,-0.052801951274970504,bb_mid_break,10,59.3,3.3057,0.83,1.35,True,fib_pullback,PHOENIXLTD
2021-05-25,2021-06-03,382.16900634765625,427.17669677734375,0.11776907515295561,0.1151690751529556,rsi_overbought,9,50.8,1.1919,0.93,1.95,True,fib_pullback,PHOENIXLTD
2021-09-08,2021-09-13,432.1335144042969,422.96343994140625,-0.021220465798705113,-0.023820465798705115,macd_bear_cross,5,61.0,1.0119,0.66,2.22,True,fib_pullback,PHOENIXLTD
2022-01-13,2022-01-18,515.3898315429688,491.09796142578125,-0.04713300230325218,-0.04973300230325218,bb_mid_break,5,59.1,2.3033,0.98,1.54,True,fib_pullback,PHOENIXLTD
2022-03-16,2022-03-28,491.9416198730469,515.3153686523438,0.04751325733595956,0.044913257335959564,rsi_overbought,12,60.7,2.8742,0.9,1.3,True,fib_pullback,PHOENIXLTD
2023-02-28,2023-03-08,687.5579833984375,658.3526000976562,-0.04247697504205523,-0.045076975042055226,bb_mid_break,8,48.8,2.0299,0.7,1.99,True,fib_pullback,PHOENIXLTD
2024-08-22,2024-09-09,1842.0684814453125,1746.097412109375,-0.05209962078100227,-0.05469962078100227,macd_bear_cross,18,53.9,15.4325,0.91,1.02,True,fib_pullback,PHOENIXLTD
2024-09-20,2024-10-01,1841.094970703125,1750.3406982421875,-0.049293639874687135,-0.051893639874687134,bb_mid_break,11,48.6,3.0062,0.75,1.95,True,fib_pullback,PHOENIXLTD
2024-11-22,2024-12-03,1624.7421875,1742.702880859375,0.07260271461337615,0.07000271461337615,death_cross,11,60.3,18.1418,1.15,1.26,True,fib_pullback,PHOENIXLTD
2026-04-08,2026-04-16,1713.0999755859375,1782.300048828125,0.04039464959919736,0.037794649599197365,rsi_overbought,8,63.4,19.9837,1.21,2.39,True,fib_pullback,PHOENIXLTD
2016-09-06,2016-09-23,341.0865173339844,334.0374450683594,-0.02066652273658388,-0.023266522736583882,bb_mid_break,17,55.0,0.5993,0.81,2.39,True,fib_pullback,PIDILITIND
2017-11-09,2017-11-24,388.0514831542969,402.1125183105469,0.03623497336475598,0.03363497336475598,rsi_overbought,15,55.3,0.5362,0.82,3.65,True,fib_pullback,PIDILITIND
2018-02-14,2018-02-27,427.2504577636719,422.92950439453125,-0.010113396698876577,-0.012713396698876576,bb_mid_break,13,52.8,0.2831,0.7,1.17,True,fib_pullback,PIDILITIND
2018-02-28,2018-03-06,430.1629638671875,421.1390686035156,-0.02097785263181792,-0.02357785263181792,macd_bear_cross,6,63.6,0.4618,0.77,1.77,True,fib_pullback,PIDILITIND
2018-03-16,2018-03-27,437.49188232421875,442.2664489746094,0.010913497697432165,0.008313497697432164,rsi_overbought,11,57.4,1.4829,0.99,1.49,True,fib_pullback,PIDILITIND
2018-07-25,2018-08-24,533.62744140625,552.614013671875,0.035580202201727744,0.032980202201727746,rsi_overbought,30,64.5,2.0373,1.19,1.86,True,fib_pullback,PIDILITIND
2019-02-12,2019-02-14,545.1746215820312,534.3992309570312,-0.019765026100685156,-0.022365026100685158,macd_bear_cross,2,51.2,0.7614,0.56,1.02,True,fib_pullback,PIDILITIND
2019-02-27,2019-03-12,550.6461791992188,543.2067260742188,-0.013510405421897015,-0.016110405421897015,rsi_overbought,13,54.3,1.6075,0.81,1.73,True,fib_pullback,PIDILITIND
2019-07-17,2019-07-19,590.0037841796875,573.7328491210938,-0.0275776791520347,-0.030177679152034703,bb_mid_break,2,52.2,0.8482,0.71,1.09,True,fib_pullback,PIDILITIND
2019-07-24,2019-08-08,591.6837158203125,641.1591796875,0.08361809281601494,0.08101809281601494,rsi_overbought,15,51.7,1.4747,0.88,1.42,True,fib_pullback,PIDILITIND
2020-05-28,2020-06-03,690.7566528320312,731.8526611328125,0.059494191090729044,0.056894191090729046,death_cross,6,62.6,2.5863,0.63,1.15,True,fib_pullback,PIDILITIND
2021-03-19,2021-04-07,848.5982055664062,915.1611328125,0.07843868489170984,0.07583868489170983,rsi_overbought,19,64.4,0.0466,0.71,1.38,True,fib_pullback,PIDILITIND
2021-12-13,2021-12-16,1146.9884033203125,1176.2454833984375,0.025507738346291327,0.022907738346291326,rsi_overbought,3,52.1,6.2007,0.69,2.04,True,fib_pullback,PIDILITIND
2022-03-17,2022-04-11,1221.067626953125,1191.2752685546875,-0.024398614573688297,-0.0269986145736883,bb_mid_break,25,64.3,13.2416,0.92,2.2,True,fib_pullback,PIDILITIND
2022-12-06,2022-12-12,1346.8843994140625,1313.1534423828125,-0.02504369123729107,-0.02764369123729107,macd_bear_cross,6,63.9,3.6067,0.95,1.4,True,fib_pullback,PIDILITIND
2024-06-13,2024-06-24,1510.23291015625,1524.2138671875,0.009257484019338128,0.006657484019338128,macd_bear_cross,11,58.7,1.9821,0.61,1.23,True,fib_pullback,PIDILITIND
2024-08-30,2024-09-04,1539.9176025390625,1585.10498046875,0.02934402324850446,0.02674402324850446,rsi_overbought,5,48.6,1.7318,0.72,1.49,True,fib_pullback,PIDILITIND
2024-12-03,2024-12-05,1552.5888671875,1573.764892578125,0.013639171217931744,0.011039171217931742,rsi_overbought,2,55.6,9.1767,0.82,1.25,True,fib_pullback,PIDILITIND
2025-08-05,2025-08-11,1488.0849609375,1537.330322265625,0.03309311136180034,0.030493111361800343,rsi_overbought,6,54.9,3.0022,0.78,2.31,True,fib_pullback,PIDILITIND
2023-02-28,2023-03-03,101.11466979980469,107.89505767822266,0.06705642110924508,0.06445642110924507,rsi_overbought,3,59.1,0.1964,0.75,1.09,True,fib_pullback,PFC
2024-03-11,2024-03-13,393.28790283203125,361.8248706054688,-0.0799999999999999,-0.08259999999999991,stop_loss,2,52.6,1.1674,0.8,1.35,True,fib_pullback,PFC
2024-04-29,2024-05-02,380.7388916015625,428.709228515625,0.1259927419347082,0.12339274193470819,rsi_overbought,3,49.1,1.2917,0.85,1.07,True,fib_pullback,PFC
2024-11-11,2024-11-14,446.2662353515625,421.1212158203125,-0.05634533276182343,-0.05894533276182343,bb_mid_break,3,62.0,2.8959,0.91,3.29,True,fib_pullback,PFC
2024-11-22,2024-12-05,442.654296875,477.8744812011719,0.07956589278544293,0.07696589278544293,rsi_overbought,13,56.9,1.9559,0.91,1.4,True,fib_pullback,PFC
2016-11-09,2016-11-17,64.5897445678711,69.1418685913086,0.07047750465484678,0.06787750465484678,rsi_overbought,8,54.3,0.0811,1.04,2.15,True,fib_pullback,POWERGRID
2016-11-24,2016-12-01,66.32815551757812,66.0593032836914,-0.0040533651477081736,-0.0066533651477081734,bb_mid_break,7,61.0,0.0563,0.66,2.0,True,fib_pullback,POWERGRID
2017-01-03,2017-01-13,67.40345001220703,70.66519927978516,0.04839142902903945,0.04579142902903945,rsi_overbought,10,63.6,0.1233,1.08,1.25,True,fib_pullback,POWERGRID
2017-04-11,2017-05-11,71.7381591796875,74.9981689453125,0.04544317561117549,0.04284317561117549,macd_bear_cross,30,64.8,0.1469,1.07,1.31,True,fib_pullback,POWERGRID
2017-09-18,2017-09-20,78.81272888183594,77.91607666015625,-0.011376997528204355,-0.013976997528204357,bb_mid_break,2,56.3,0.0187,0.66,1.5,True,fib_pullback,POWERGRID
2017-10-18,2017-11-07,78.15397644042969,75.99470520019531,-0.027628424535509195,-0.030228424535509196,macd_bear_cross,20,57.1,0.2286,0.92,1.65,True,fib_pullback,POWERGRID
2019-11-22,2019-11-26,77.95901489257812,76.25273895263672,-0.021886833001834756,-0.024486833001834758,bb_mid_break,4,53.3,0.2592,0.69,1.41,True,fib_pullback,POWERGRID
2020-10-23,2020-11-03,70.78221130371094,74.85899353027344,0.057596141056824604,0.054996141056824606,rsi_overbought,11,61.3,0.6015,1.08,1.68,True,fib_pullback,POWERGRID
2021-05-05,2021-05-10,94.86759185791016,95.58497619628906,0.007561953711794256,0.004961953711794256,rsi_overbought,5,63.0,0.5586,0.74,1.23,True,fib_pullback,POWERGRID
2021-08-04,2021-08-10,101.59207153320312,100.05587005615234,-0.015121273283109575,-0.017721273283109577,bb_mid_break,6,56.3,0.0677,0.79,1.78,True,fib_pullback,POWERGRID
2021-08-11,2021-08-23,102.22972869873047,101.82393646240234,-0.00396941517397536,-0.00656941517397536,bb_mid_break,12,52.8,0.2004,0.81,2.08,True,fib_pullback,POWERGRID
2021-11-22,2021-11-25,114.56397247314453,120.49278259277344,0.05175108711439546,0.04915108711439546,rsi_overbought,3,64.1,0.3661,0.91,2.04,True,fib_pullback,POWERGRID
2022-08-02,2022-08-12,139.6998748779297,143.12020874023438,0.02448344256065647,0.02188344256065647,rsi_overbought,10,63.3,0.9325,1.11,1.34,True,fib_pullback,POWERGRID
2023-09-01,2023-09-29,170.78785705566406,180.3588104248047,0.056040010889188745,0.05344001088918875,macd_bear_cross,28,57.8,0.2571,0.99,1.04,True,fib_pullback,POWERGRID
2024-09-12,2024-09-18,319.1297912597656,315.4496765136719,-0.011531717962044497,-0.014131717962044498,bb_mid_break,6,53.1,0.0582,0.74,1.44,True,fib_pullback,POWERGRID
2024-09-20,2024-09-25,321.63031005859375,343.23907470703125,0.06718510032372531,0.0645851003237253,rsi_overbought,5,58.5,0.5764,0.98,2.29,True,fib_pullback,POWERGRID
2024-11-22,2024-12-09,322.51416015625,315.00048828125,-0.0232971844441181,-0.0258971844441181,macd_bear_cross,17,64.6,2.4364,1.3,2.34,True,fib_pullback,POWERGRID
2026-08-03,2026-08-04,287.0,283.3999938964844,-0.012543575273573606,-0.015143575273573608,bb_mid_break,1,51.3,0.2117,0.65,1.05,True,fib_pullback,POWERGRID
2016-08-18,2016-08-23,76.14237976074219,79.38792419433594,0.042624678185683676,0.04002467818568368,rsi_overbought,5,58.4,0.3253,0.94,1.52,True,fib_pullback,PRAJIND
2018-10-15,2018-10-17,105.57203674316406,97.12627380371094,-0.07999999999999993,-0.08259999999999994,stop_loss,2,62.5,1.3179,0.97,1.47,False,golden_cross,PRAJIND
2019-05-24,2019-05-28,127.6184310913086,132.26559448242188,0.03641451592355279,0.03381451592355279,rsi_overbought,4,60.2,1.8847,0.89,1.58,True,fib_pullback,PRAJIND
2021-12-10,2021-12-14,336.7015075683594,314.3462829589844,-0.0663947862034336,-0.0689947862034336,bb_mid_break,4,56.4,2.1526,0.8,1.1,True,fib_pullback,PRAJIND
2021-12-31,2022-01-05,317.2828063964844,348.30535888671875,0.09777571259713277,0.09517571259713277,rsi_overbought,5,47.0,2.3618,0.7,1.24,True,fib_pullback,PRAJIND
2023-07-10,2023-07-17,391.869873046875,407.5255126953125,0.03995111827993164,0.03735111827993164,rsi_overbought,7,59.9,1.3311,1.1,3.5,False,golden_cross,PRAJIND
2024-03-20,2024-03-21,501.4482116699219,510.0621643066406,0.017178150078614462,0.01457815007861446,death_cross,1,54.9,0.8201,0.78,6.41,True,fib_pullback,PRAJIND
2016-09-27,2016-09-29,194.91871643066406,179.32521911621095,-0.07999999999999996,-0.08259999999999997,stop_loss,2,49.7,0.6311,0.62,1.23,True,fib_pullback,PRESTIGE
2017-08-30,2017-09-06,259.3766174316406,250.00965881347656,-0.03611335019677612,-0.03871335019677612,macd_bear_cross,7,54.8,0.2773,0.72,1.44,True,fib_pullback,PRESTIGE
2017-09-26,2017-10-16,259.1907043457031,278.4456481933594,0.0742887130009663,0.0716887130009663,rsi_overbought,20,55.8,0.0757,0.64,1.24,True,fib_pullback,PRESTIGE
2018-02-15,2018-02-20,315.1125793457031,289.9035729980469,-0.07999999999999989,-0.0825999999999999,stop_loss,5,54.6,0.6735,0.82,1.71,True,fib_pullback,PRESTIGE
2018-04-23,2018-04-25,297.99163818359375,285.9632873535156,-0.040364726015121984,-0.04296472601512198,bb_mid_break,2,58.2,0.9817,0.73,1.28,True,fib_pullback,PRESTIGE
2019-07-16,2019-07-22,271.615966796875,260.841064453125,-0.03966962057060472,-0.04226962057060472,macd_bear_cross,6,55.7,0.1209,0.73,1.72,True,fib_pullback,PRESTIGE
2019-08-07,2019-08-19,271.8597717285156,290.33807373046875,0.06796997541955531,0.0653699754195553,rsi_overbought,12,52.2,0.9803,0.88,1.38,True,fib_pullback,PRESTIGE
2021-12-23,2022-01-07,467.9787292480469,458.8503723144531,-0.019505922733414165,-0.022105922733414166,macd_bear_cross,15,63.9,1.2152,0.89,1.1,True,fib_pullback,PRESTIGE
2022-03-17,2022-03-28,479.4388427734375,486.6324462890625,0.015004215081973223,0.012404215081973223,rsi_overbought,11,64.9,6.0059,1.15,1.89,True,fib_pullback,PRESTIGE
2022-11-21,2022-11-24,466.4805908203125,455.2814636230469,-0.024007702394587965,-0.026607702394587967,bb_mid_break,3,63.5,1.7978,0.78,1.36,True,fib_pullback,PRESTIGE
2023-01-05,2023-01-09,470.86065673828125,458.51678466796875,-0.02621555208247862,-0.028815552082478622,bb_mid_break,4,55.0,1.1608,0.66,1.12,True,fib_pullback,PRESTIGE
2024-02-23,2024-02-29,1227.80810546875,1164.2921142578125,-0.05173120370197304,-0.05433120370197304,bb_mid_break,6,54.3,3.2452,0.72,1.96,True,fib_pullback,PRESTIGE
2024-08-30,2024-09-26,1809.330322265625,1823.8505859375,0.00802521435317177,0.005425214353171771,macd_bear_cross,27,58.7,3.544,0.83,9.95,True,fib_pullback,PRESTIGE
2024-12-13,2024-12-17,1752.6326904296875,1852.2679443359375,0.05684890761784361,0.05424890761784361,rsi_overbought,4,53.4,9.9658,0.73,1.17,True,fib_pullback,PRESTIGE
2025-09-17,2025-09-24,1654.300048828125,1572.699951171875,-0.04932605648779009,-0.05192605648779009,bb_mid_break,7,62.3,11.3809,0.93,1.48,True,fib_pullback,PRESTIGE
2025-10-10,2025-10-17,1621.5999755859375,1706.199951171875,0.05217068133919325,0.049570681339193255,rsi_overbought,7,50.4,6.3568,0.77,1.82,True,fib_pullback,PRESTIGE
2016-10-05,2016-10-21,108.61085510253906,105.99193572998047,-0.024112869474106274,-0.026712869474106275,bb_mid_break,16,52.9,0.0345,0.7,1.39,True,fib_pullback,PRSMJOHNSN
2017-10-17,2017-11-01,109.05557250976562,117.75234985351562,0.07974629029590605,0.07714629029590604,rsi_overbought,15,57.9,0.7719,0.86,1.5,True,fib_pullback,PRSMJOHNSN
2017-12-15,2017-12-28,113.05806732177734,112.61334228515625,-0.003933598434469527,-0.006533598434469527,bb_mid_break,13,53.6,0.0467,0.69,1.8,True,fib_pullback,PRSMJOHNSN
2018-01-01,2018-01-02,115.67698669433594,113.99691772460938,-0.014523796113102125,-0.017123796113102125,macd_bear_cross,1,62.5,0.0098,0.81,1.49,True,fib_pullback,PRSMJOHNSN
2018-04-18,2018-04-25,118.93827056884766,114.34281158447266,-0.038637344921834134,-0.04123734492183413,bb_mid_break,7,60.4,1.0289,0.94,1.18,True,fib_pullback,PRSMJOHNSN
2018-04-30,2018-05-03,122.69369506835938,116.71466064453125,-0.0487313909691682,-0.0513313909691682,bb_mid_break,3,63.0,0.6219,1.06,2.3,True,fib_pullback,PRSMJOHNSN
2019-09-09,2019-09-17,89.0,84.0,-0.056179775280898875,-0.05877977528089887,macd_bear_cross,8,62.9,0.5382,0.85,2.06,True,fib_pullback,PRSMJOHNSN
2019-09-26,2019-09-27,89.0999984741211,86.5,-0.02918067922163049,-0.03178067922163049,bb_mid_break,1,54.1,0.3418,0.73,1.06,True,fib_pullback,PRSMJOHNSN
2021-07-02,2021-07-14,134.3000030517578,140.89999389648438,0.0491436388291294,0.0465436388291294,rsi_overbought,12,62.9,0.3054,0.85,1.88,True,fib_pullback,PRSMJOHNSN
2022-11-02,2022-11-10,129.10000610351562,122.80000305175781,-0.04879940165693185,-0.05139940165693185,bb_mid_break,8,62.9,0.4203,1.05,1.82,True,fib_pullback,PRSMJOHNSN
2022-11-29,2022-12-06,129.60000610351562,122.5,-0.05478399513225814,-0.057383995132258135,bb_mid_break,7,54.4,0.6124,0.88,12.28,True,fib_pullback,PRSMJOHNSN
2023-10-16,2023-10-19,133.3000030517578,129.75,-0.026631680198682478,-0.02923168019868248,bb_mid_break,3,62.8,0.2422,0.94,1.92,True,fib_pullback,PRSMJOHNSN
2023-10-27,2023-11-10,135.85000610351562,153.3000030517578,0.12845046863631024,0.12585046863631025,rsi_overbought,14,57.1,0.4292,0.91,2.88,True,fib_pullback,PRSMJOHNSN
2024-03-27,2024-04-04,177.89999389648438,184.64999389648438,0.037942665719975566,0.03534266571997557,rsi_overbought,8,65.0,0.7957,1.25,6.78,True,fib_pullback,PRSMJOHNSN
2016-08-17,2016-09-01,511.23577880859375,514.617919921875,0.006615618963843141,0.004015618963843141,macd_bear_cross,15,56.9,0.1097,0.57,1.02,True,fib_pullback,PGHL
2017-11-13,2017-11-27,833.4039306640625,839.0996704101562,0.006834308714569347,0.004234308714569347,macd_bear_cross,14,45.1,0.5915,0.62,2.3,True,fib_pullback,PGHL
2018-10-11,2018-10-19,2145.164306640625,2080.99755859375,-0.02991227657864658,-0.03251227657864658,bb_mid_break,8,47.2,3.7778,0.61,1.1,True,fib_pullback,PGHL
2018-12-17,2018-12-24,2165.0478515625,2129.021240234375,-0.016640099341049135,-0.019240099341049137,bb_mid_break,7,52.7,0.2113,0.76,1.07,True,fib_pullback,PGHL
2019-12-31,2020-01-30,3592.624755859375,3562.3896484375,-0.008415882391436286,-0.011015882391436287,bb_mid_break,30,61.6,31.808,0.9,1.06,True,fib_pullback,PGHL
2020-01-31,2020-02-03,3640.096435546875,3348.8887207031253,-0.07999999999999992,-0.08259999999999992,stop_loss,3,64.3,3.7245,0.84,1.0,True,fib_pullback,PGHL
2020-11-03,2020-11-06,4298.98095703125,4369.61328125,0.016430015607123462,0.01383001560712346,rsi_overbought,3,61.2,2.043,0.65,1.2,True,fib_pullback,PGHL
2023-05-16,2023-05-18,4322.9111328125,4516.830078125,0.044858415857911865,0.04225841585791187,rsi_overbought,2,53.6,9.9473,1.14,2.38,True,fib_pullback,PGHL
2023-11-07,2023-11-13,4591.4423828125,4565.86962890625,-0.00556965584540023,-0.00816965584540023,bb_mid_break,6,49.7,4.352,0.67,1.17,True,fib_pullback,PGHL
2023-11-17,2023-12-06,4601.697265625,4595.26025390625,-0.0013988342446677072,-0.003998834244667707,macd_bear_cross,19,55.5,1.5356,0.66,1.98,True,fib_pullback,PGHL
2024-01-09,2024-01-10,4583.63818359375,4612.4453125,0.006284773743564571,0.0036847737435645707,rsi_overbought,1,61.7,12.3031,1.0,1.84,True,fib_pullback,PGHL
2024-09-24,2024-10-07,5012.04638671875,4911.66748046875,-0.020027529377220177,-0.02262752937722018,bb_mid_break,13,56.2,1.0428,0.88,2.19,True,fib_pullback,PGHL
2024-11-04,2024-11-13,4962.162109375,4892.75537109375,-0.013987196861247244,-0.016587196861247246,bb_mid_break,9,51.6,13.2327,0.74,2.89,True,fib_pullback,PGHL
2025-01-15,2025-01-27,5156.45458984375,5008.71240234375,-0.02865189345233366,-0.03125189345233366,bb_mid_break,12,49.3,14.605,0.75,1.8,True,fib_pullback,PGHL
2025-02-06,2025-02-10,5140.02783203125,5061.1240234375,-0.015350852402401988,-0.01795085240240199,bb_mid_break,4,46.1,2.7886,0.64,1.42,True,fib_pullback,PGHL
2025-02-21,2025-02-24,5085.29150390625,4984.994140625,-0.01972303125675429,-0.02232303125675429,macd_bear_cross,3,59.2,0.8623,0.64,1.2,True,fib_pullback,PGHL
2025-02-25,2025-02-28,5163.224609375,4750.166640625001,-0.07999999999999989,-0.0825999999999999,stop_loss,3,53.8,5.0381,0.92,2.29,True,fib_pullback,PGHL
2025-04-23,2025-04-24,5050.97509765625,5033.142578125,-0.0035305102849397603,-0.006130510284939761,bb_mid_break,1,56.2,1.2723,0.51,1.56,True,fib_pullback,PGHL
2016-12-27,2017-01-06,5889.2509765625,5833.310546875,-0.009498734204082418,-0.012098734204082418,bb_mid_break,10,52.6,5.9739,0.88,1.54,True,fib_pullback,PGHH
2017-03-28,2017-03-30,5994.5849609375,6344.2109375,0.058323633552742504,0.055723633552742506,rsi_overbought,2,55.6,13.189,0.83,1.53,True,fib_pullback,PGHH
2018-04-03,2018-04-24,8456.982421875,8617.4423828125,0.018973666129712064,0.016373666129712063,macd_bear_cross,21,53.3,11.5296,0.82,1.82,True,fib_pullback,PGHH
2019-05-15,2019-05-20,9556.572265625,9826.7880859375,0.028275391301593206,0.025675391301593204,rsi_overbought,5,55.1,17.1875,0.69,2.35,True,fib_pullback,PGHH
2019-07-31,2019-08-01,9815.0849609375,9677.525390625,-0.014015117633720495,-0.016615117633720495,bb_mid_break,1,50.0,5.6376,0.66,1.03,True,fib_pullback,PGHH
2021-07-05,2021-07-07,12639.3544921875,12408.0009765625,-0.018304219235879625,-0.020904219235879627,bb_mid_break,2,59.8,13.2844,0.76,2.85,True,fib_pullback,PGHH
2022-02-09,2022-02-17,14423.7216796875,14836.326171875,0.028605966015592125,0.026005966015592123,rsi_overbought,8,40.2,1.5059,0.53,1.06,True,fib_pullback,PGHH
2022-12-29,2023-01-03,13609.447265625,13165.390625,-0.03262855808601475,-0.03522855808601475,bb_mid_break,5,52.2,11.2673,0.92,1.52,False,golden_cross,PGHH
2017-07-14,2017-07-18,138.5362091064453,139.61819458007812,0.0078101276237569125,0.005210127623756913,rsi_overbought,4,62.4,1.876,0.89,1.02,True,fib_pullback,PNB
2017-08-02,2017-08-03,143.31488037109375,134.61410522460938,-0.060710898435353954,-0.06331089843535395,macd_bear_cross,1,58.7,0.2568,0.67,3.17,True,fib_pullback,PNB
2019-05-27,2019-05-29,80.47091674804688,74.03324340820313,-0.07999999999999989,-0.0825999999999999,stop_loss,2,58.4,0.5729,0.92,1.3,True,fib_pullback,PNB
2021-05-20,2021-05-31,33.811309814453125,38.22932052612305,0.13066665372961625,0.12806665372961626,rsi_overbought,11,60.3,0.2335,0.81,2.07,True,fib_pullback,PNB
2024-05-27,2024-06-03,120.91596984863281,127.86944580078125,0.057506679728517765,0.05490667972851777,rsi_overbought,7,55.2,0.1343,0.55,1.08,True,fib_pullback,PNB
2024-07-29,2024-08-02,119.93604278564453,113.57093811035156,-0.05307082447825121,-0.05567082447825121,bb_mid_break,4,60.3,0.6017,1.18,3.96,True,fib_pullback,PNB
2025-09-11,2025-09-17,104.71507263183594,108.80610656738281,0.03906824330753604,0.03646824330753604,rsi_overbought,6,52.0,0.4885,0.84,1.64,True,fib_pullback,PNB
2025-09-29,2025-10-17,106.41561889648438,110.48722076416016,0.038261318309264596,0.0356613183092646,macd_bear_cross,18,63.7,0.0383,0.59,1.21,True,fib_pullback,PNB
2017-10-25,2017-11-03,747.76953125,735.0484619140625,-0.017012018816375783,-0.019612018816375785,bb_mid_break,9,60.6,2.2621,1.17,2.92,True,fib_pullback,QUESS
2018-03-16,2018-03-27,907.5971069335938,924.1917114257812,0.018284109067132227,0.015684109067132225,rsi_overbought,11,59.4,5.9867,0.86,5.51,True,fib_pullback,QUESS
2018-04-18,2018-04-27,931.2344970703125,1023.5831909179688,0.09916803354921623,0.09656803354921623,rsi_overbought,9,52.2,0.3287,0.75,2.65,True,fib_pullback,QUESS
2021-11-22,2021-11-23,818.05224609375,803.5718994140625,-0.01770100473268309,-0.020301004732683092,bb_mid_break,1,61.2,2.2142,0.62,1.33,True,fib_pullback,QUESS
2023-08-30,2023-09-20,393.8341064453125,386.7474670410156,-0.017993970781910736,-0.020593970781910737,bb_mid_break,21,61.2,2.4849,0.82,1.64,True,fib_pullback,QUESS
2023-11-07,2023-11-13,400.3263854980469,449.932861328125,0.12391507936296181,0.1213150793629618,rsi_overbought,6,58.5,1.0027,0.97,7.28,True,fib_pullback,QUESS
2024-03-27,2024-04-02,475.4143371582031,499.1065979003906,0.049834973181095824,0.047234973181095825,rsi_overbought,6,49.9,0.6352,0.73,2.28,True,fib_pullback,QUESS
2024-12-17,2024-12-20,668.3048095703125,642.0703735351562,-0.039255195622523976,-0.041855195622523975,bb_mid_break,3,60.5,1.8765,0.84,10.45,True,fib_pullback,QUESS
2017-07-27,2017-08-01,520.3475952148438,512.8546142578125,-0.01439995308124276,-0.01699995308124276,bb_mid_break,5,56.8,0.552,0.79,2.03,True,fib_pullback,RBLBANK
2017-08-18,2017-08-21,509.76080322265625,489.9891052246094,-0.0387862265459647,-0.041386226545964695,bb_mid_break,3,46.6,0.6359,0.64,1.67,True,fib_pullback,RBLBANK
2017-08-29,2017-09-12,513.9181518554688,521.9911499023438,0.01570872330103141,0.013108723301031407,rsi_overbought,14,54.5,1.7505,0.84,7.48,True,fib_pullback,RBLBANK
2017-10-17,2017-10-18,504.5398864746094,504.9266357421875,0.000766538539262917,-0.0018334614607370828,rsi_overbought,1,61.9,1.211,0.66,1.27,True,fib_pullback,RBLBANK
2017-10-26,2017-11-03,512.9512329101562,502.5095520019531,-0.020356088918947957,-0.02295608891894796,macd_bear_cross,8,64.4,1.9654,0.87,3.01,True,fib_pullback,RBLBANK
2018-06-07,2018-06-12,508.8422546386719,529.9674682617188,0.04151623303777682,0.038916233037776825,rsi_overbought,5,60.0,0.6405,0.88,1.49,False,golden_cross,RBLBANK
2023-03-03,2023-03-09,163.88372802734375,156.9528350830078,-0.042291525996891705,-0.0448915259968917,bb_mid_break,6,50.7,0.8098,0.76,1.16,True,fib_pullback,RBLBANK
2023-04-17,2023-04-27,151.74240112304688,156.6579132080078,0.03239379401262395,0.029793794012623945,rsi_overbought,10,64.3,2.0352,1.18,1.62,True,fib_pullback,RBLBANK
2023-05-03,2023-05-05,152.23394775390625,146.43360900878906,-0.038101480193456744,-0.04070148019345674,bb_mid_break,2,63.3,1.1617,0.71,1.29,True,fib_pullback,RBLBANK
2023-05-29,2023-06-05,151.1525115966797,170.27392578125,0.1265041115267207,0.12390411152672069,rsi_overbought,7,53.1,0.2595,0.78,1.33,True,fib_pullback,RBLBANK
2023-12-04,2023-12-11,239.99745178222656,273.9010009765625,0.1412662882150098,0.13866628821500981,rsi_overbought,7,51.7,0.0244,0.67,1.3,True,fib_pullback,RBLBANK
2026-04-06,2026-05-12,318.1499938964844,325.25,0.02231653697854772,0.01971653697854772,macd_bear_cross,36,59.9,1.8448,1.17,4.57,True,fib_pullback,RBLBANK
2019-09-06,2019-09-16,66.70356750488281,63.427059173583984,-0.04912043619044787,-0.05172043619044787,bb_mid_break,10,52.6,0.3934,1.06,2.11,True,fib_pullback,RECLTD
2021-08-05,2021-08-10,80.5683822631836,77.08798217773438,-0.04319808822870727,-0.04579808822870727,macd_bear_cross,5,58.5,0.2926,0.81,1.79,True,fib_pullback,RECLTD
2021-08-31,2021-09-13,79.85994720458984,83.20280456542969,0.041858997881327395,0.0392589978813274,rsi_overbought,13,57.4,0.1218,0.72,1.12,True,fib_pullback,RECLTD
2024-03-14,2024-03-15,413.4162292480469,397.74505615234375,-0.0379065261279342,-0.0405065261279342,macd_bear_cross,1,50.9,0.0441,0.53,1.29,True,fib_pullback,RECLTD
2026-06-25,2026-06-29,360.5162048339844,360.81280517578125,0.0008227101523313155,-0.0017772898476686844,death_cross,4,63.8,2.2504,0.81,1.07,True,fib_pullback,RECLTD
2026-07-27,2026-07-28,363.9765319824219,364.27313232421875,0.0008148886418072669,-0.001785111358192733,rsi_overbought,1,63.3,0.7099,0.83,1.77,False,golden_cross,RECLTD
2019-09-11,2019-09-20,86.3487777709961,87.62269592285156,0.014753169468524525,0.012153169468524523,rsi_overbought,9,50.0,0.2631,0.71,1.37,True,fib_pullback,RITES
2019-12-26,2019-12-31,107.54367065429688,106.98978424072266,-0.005150339487246137,-0.007750339487246137,rsi_overbought,5,62.5,0.5629,1.02,3.03,True,fib_pullback,RITES
2021-03-01,2021-03-17,102.91449737548828,98.542724609375,-0.04247965911121994,-0.04507965911121994,macd_bear_cross,16,53.7,0.4907,0.79,3.87,True,fib_pullback,RITES
2021-04-27,2021-04-28,98.96688079833984,97.06835174560547,-0.019183478729646115,-0.021783478729646116,bb_mid_break,1,51.6,0.2511,0.81,1.37,True,fib_pullback,RITES
2021-05-18,2021-05-19,100.29991912841797,100.52207946777344,0.0022149603039163775,-0.0003850396960836224,death_cross,1,55.7,0.5394,1.02,1.06,True,fib_pullback,RITES
2021-08-31,2021-09-28,112.02973175048828,112.57860565185547,0.004899359239649302,0.002299359239649302,macd_bear_cross,28,63.9,0.5014,1.05,1.1,True,fib_pullback,RITES
2022-01-20,2022-01-24,115.88420867919922,110.02088165283203,-0.050596428048264634,-0.05319642804826463,macd_bear_cross,4,63.7,0.3491,0.78,1.75,True,fib_pullback,RITES
2023-02-24,2023-02-27,154.16079711914062,147.96063232421875,-0.04021881639681832,-0.04281881639681832,bb_mid_break,3,60.0,0.228,0.74,1.62,True,fib_pullback,RITES
2023-03-02,2023-03-24,155.66529846191406,158.83372497558594,0.020354096545461477,0.017754096545461475,macd_bear_cross,22,59.1,0.6174,1.0,2.63,True,fib_pullback,RITES
2023-07-12,2023-07-20,180.1468048095703,193.3905487060547,0.07351639631068715,0.07091639631068715,rsi_overbought,8,54.5,0.57,0.92,2.61,True,fib_pullback,RITES
2023-10-17,2023-10-23,234.24740600585938,215.50761352539064,-0.07999999999999995,-0.08259999999999995,stop_loss,6,55.4,0.3734,0.79,1.97,True,fib_pullback,RITES
2023-11-21,2023-12-14,224.8479766845703,241.43377685546875,0.07376450709256749,0.07116450709256748,rsi_overbought,23,64.9,2.2594,1.02,1.56,True,fib_pullback,RITES
2024-05-02,2024-05-06,334.873291015625,318.8741149902344,-0.04777680530109555,-0.05037680530109555,bb_mid_break,4,57.6,1.9683,0.88,1.74,True,fib_pullback,RITES
2024-05-17,2024-06-04,328.9888000488281,302.66969604492186,-0.08000000000000003,-0.08260000000000003,stop_loss,18,50.3,0.793,0.81,1.76,True,fib_pullback,RITES
2024-06-14,2024-06-26,333.3136291503906,327.5,-0.017441918487430118,-0.02004191848743012,rsi_overbought,12,45.1,0.3854,0.58,2.34,True,fib_pullback,RITES
2025-09-09,2025-09-17,262.88751220703125,268.45391845703125,0.021174099154684455,0.018574099154684453,rsi_overbought,8,59.9,2.2523,1.02,2.85,True,fib_pullback,RITES
2025-11-17,2025-11-24,250.40098571777344,243.28067016601562,-0.028435653044046355,-0.031035653044046357,bb_mid_break,7,62.5,1.0132,1.22,2.78,True,fib_pullback,RITES
2017-01-05,2017-01-24,118.71988677978516,111.87345886230469,-0.05766875376304885,-0.06026875376304885,macd_bear_cross,19,63.9,1.3297,0.99,6.33,True,fib_pullback,RADICO
2017-06-09,2017-06-14,123.96395874023438,119.15689086914062,-0.03877794739652456,-0.04137794739652456,bb_mid_break,5,55.1,0.3525,0.76,2.62,True,fib_pullback,RADICO
2018-03-21,2018-03-28,334.7346496582031,324.1964416503906,-0.03148227414930914,-0.03408227414930914,bb_mid_break,7,48.4,0.1336,0.69,2.12,True,fib_pullback,RADICO
2018-04-04,2018-04-18,345.4193115234375,372.93572998046875,0.07966091512276145,0.07706091512276145,rsi_overbought,14,60.1,2.5979,0.86,1.47,True,fib_pullback,RADICO
2018-07-26,2018-08-03,394.9879150390625,425.724365234375,0.07781617873618439,0.07521617873618439,rsi_overbought,8,56.1,4.9404,0.81,2.24,True,fib_pullback,RADICO
2021-04-28,2021-05-11,559.4751586914062,561.9422607421875,0.004409672194475478,0.0018096721944754783,rsi_overbought,13,56.1,3.7818,0.86,2.49,True,fib_pullback,RADICO
2021-05-19,2021-06-03,551.3833618164062,636.8909301757812,0.15507825277442158,0.1524782527744216,rsi_overbought,15,45.7,0.0199,0.6,1.29,True,fib_pullback,RADICO
2023-01-06,2023-01-17,1063.819091796875,1091.0037841796875,0.025553867751043454,0.022953867751043452,rsi_overbought,11,54.2,4.0116,0.79,3.91,True,fib_pullback,RADICO
2023-05-19,2023-06-02,1146.8115234375,1188.18359375,0.03607573648064649,0.033475736480646494,rsi_overbought,14,58.4,4.7649,1.1,2.7,True,fib_pullback,RADICO
2023-11-02,2023-11-13,1272.345703125,1398.2127685546875,0.09892520965060535,0.09632520965060534,rsi_overbought,11,54.3,3.709,0.99,2.7,True,fib_pullback,RADICO
2024-03-20,2024-03-28,1635.873046875,1718.4251708984375,0.050463649475206165,0.04786364947520617,rsi_overbought,8,55.9,10.0809,0.85,1.17,True,fib_pullback,RADICO
2024-07-24,2024-08-05,1710.1697998046875,1665.4342041015625,-0.02615856958077151,-0.028758569580771512,macd_bear_cross,12,49.0,0.7279,0.52,1.04,True,fib_pullback,RADICO
2025-02-01,2025-02-10,2371.491455078125,2181.772138671875,-0.08000000000000003,-0.08260000000000003,stop_loss,9,64.3,9.6166,0.81,2.41,True,fib_pullback,RADICO
2017-06-23,2017-06-29,97.86093139648438,104.13225555419922,0.06408404322565174,0.06148404322565174,rsi_overbought,6,58.0,0.7002,0.95,2.52,True,fib_pullback,RAIN
2020-11-17,2020-11-20,101.24984741210938,111.44766235351562,0.10071931170324512,0.09811931170324512,rsi_overbought,3,52.3,0.2783,0.8,1.16,True,fib_pullback,RAIN
2021-02-11,2021-02-23,132.52316284179688,150.34506225585938,0.13448139202154324,0.13188139202154325,rsi_overbought,12,49.5,0.2499,0.63,1.06,True,fib_pullback,RAIN
2021-09-06,2021-09-13,228.67410278320312,236.54100036621094,0.03440222345801049,0.031802223458010495,rsi_overbought,7,56.1,1.5655,0.81,2.43,True,fib_pullback,RAIN
2021-12-29,2022-01-07,225.37521362304688,238.8391876220703,0.05974026061953164,0.05714026061953164,rsi_overbought,9,60.3,1.1114,1.03,8.13,True,fib_pullback,RAIN
2023-01-05,2023-01-06,173.96182250976562,169.89227294921875,-0.023393348620030837,-0.02599334862003084,bb_mid_break,1,49.9,0.7822,0.62,1.45,True,fib_pullback,RAIN
2023-01-10,2023-01-12,173.5205535888672,173.03024291992188,-0.0028256633511384213,-0.005425663351138421,rsi_overbought,2,52.9,0.6185,0.63,1.23,True,fib_pullback,RAIN
2023-10-12,2023-10-13,166.8994598388672,163.78952026367188,-0.018633610786983962,-0.021233610786983964,bb_mid_break,1,53.8,0.0719,0.63,1.61,True,fib_pullback,RAIN
2023-10-16,2023-10-18,167.7880096435547,162.65415954589844,-0.030597240580912146,-0.03319724058091215,bb_mid_break,2,56.8,0.2588,0.73,2.16,True,fib_pullback,RAIN
2024-02-16,2024-02-27,198.541748046875,182.65840820312502,-0.07999999999999989,-0.0825999999999999,stop_loss,11,59.0,0.2341,0.96,5.14,False,golden_cross,RAIN
2024-04-25,2024-05-03,178.6974334716797,170.00938415527344,-0.04861876943399497,-0.05121876943399497,macd_bear_cross,8,62.2,1.2473,0.8,1.17,True,fib_pullback,RAIN
2024-06-18,2024-06-25,166.83035278320312,161.73599243164062,-0.03053617202489913,-0.03313617202489913,bb_mid_break,7,51.7,0.7677,0.68,1.8,True,fib_pullback,RAIN
2024-07-04,2024-07-08,165.97140502929688,161.46942138671875,-0.02712505592022581,-0.029725055920225812,bb_mid_break,4,52.7,0.293,0.72,1.36,True,fib_pullback,RAIN
2024-07-09,2024-07-18,169.60459899902344,163.1774139404297,-0.03789511072533332,-0.040495110725333315,bb_mid_break,9,56.4,0.6273,0.94,3.41,True,fib_pullback,RAIN
2019-08-30,2019-09-03,701.5597534179688,681.840087890625,-0.028108319257583395,-0.030708319257583397,macd_bear_cross,4,55.6,0.0312,0.61,1.36,True,fib_pullback,RAJESHEXPO
2019-12-13,2019-12-17,680.7136840820312,687.6282348632812,0.010157796064544434,0.007557796064544435,rsi_overbought,4,45.2,0.0237,0.54,1.17,True,fib_pullback,RAJESHEXPO
2019-12-23,2019-12-24,683.9968872070312,673.9483642578125,-0.0146908898814583,-0.017290889881458302,bb_mid_break,1,62.1,1.3967,0.76,1.35,True,fib_pullback,RAJESHEXPO
2020-01-10,2020-01-27,697.0300903320312,711.804443359375,0.021196148103600473,0.018596148103600472,rsi_overbought,17,59.5,1.1401,1.02,1.4,True,fib_pullback,RAJESHEXPO
2021-04-08,2021-05-06,503.5823059082031,500.9402770996094,-0.0052464687055056285,-0.007846468705505628,macd_bear_cross,28,44.0,0.547,0.66,2.35,True,fib_pullback,RAJESHEXPO
2017-05-11,2017-05-18,221.0233917236328,210.79571533203125,-0.04627418080883596,-0.04887418080883596,bb_mid_break,7,43.9,0.2103,0.69,1.14,True,fib_pullback,RALLIS
2017-06-05,2017-06-21,222.9714813232422,219.3739013671875,-0.016134708953380764,-0.018734708953380766,macd_bear_cross,16,54.0,1.1205,0.93,1.33,True,fib_pullback,RALLIS
2017-12-20,2017-12-22,225.66615295410156,232.49769592285156,0.030272785171019747,0.027672785171019745,rsi_overbought,2,57.2,0.9139,1.09,2.16,False,golden_cross,RALLIS
2020-01-02,2020-01-15,165.95626831054688,181.7880859375,0.09539752724089771,0.09279752724089771,rsi_overbought,13,58.0,0.4502,0.82,2.85,True,fib_pullback,RALLIS
2023-08-25,2023-09-08,219.64122009277344,230.50686645507812,0.0494699781658251,0.0468699781658251,rsi_overbought,14,61.9,0.1907,0.93,1.18,False,golden_cross,RALLIS
2017-06-20,2017-06-22,96.30477142333984,101.06693267822266,0.049448860991000536,0.04684886099100054,rsi_overbought,2,62.1,0.9923,1.04,2.54,True,fib_pullback,RKFORGE
2018-04-03,2018-04-13,151.96006774902344,161.44293212890625,0.062403659858487746,0.05980365985848775,rsi_overbought,10,56.0,0.9995,0.99,1.29,True,fib_pullback,RKFORGE
2021-02-25,2021-03-12,107.75508880615234,108.31473541259766,0.005193690735591126,0.0025936907355911263,macd_bear_cross,15,52.5,0.0086,0.74,4.22,True,fib_pullback,RKFORGE
2021-04-06,2021-04-12,106.35107421875,100.47976684570312,-0.055206845969137816,-0.057806845969137814,bb_mid_break,6,51.5,0.1923,0.63,1.15,True,fib_pullback,RKFORGE
2022-03-15,2022-03-21,186.2854766845703,171.38263854980468,-0.08000000000000003,-0.08260000000000003,stop_loss,6,61.7,3.0811,1.01,1.25,True,fib_pullback,RKFORGE
2022-09-06,2022-09-13,194.70132446289062,205.31077575683594,0.054490904585332886,0.05189090458533289,rsi_overbought,7,60.3,0.8794,0.68,1.29,False,golden_cross,RKFORGE
2024-02-20,2024-02-22,756.62060546875,734.5000610351562,-0.02923597939800937,-0.03183597939800937,bb_mid_break,2,49.3,1.3072,0.78,2.57,True,fib_pullback,RKFORGE
2024-02-26,2024-03-06,760.4481811523438,717.7481689453125,-0.0561511136003059,-0.058751113600305896,macd_bear_cross,9,56.1,3.0651,0.78,1.87,True,fib_pullback,RKFORGE
2024-04-16,2024-05-06,720.7803955078125,697.6657104492188,-0.032068970247600484,-0.03466897024760048,macd_bear_cross,20,62.2,5.0364,0.85,1.58,True,fib_pullback,RKFORGE
2024-11-25,2024-12-13,969.7681884765625,951.1292724609375,-0.019219970542553498,-0.0218199705425535,macd_bear_cross,18,61.8,5.2554,0.85,1.81,True,fib_pullback,RKFORGE
2026-07-16,2026-07-17,589.7000122070312,568.25,-0.03637444762253219,-0.03897444762253219,bb_mid_break,1,63.4,0.7498,0.98,12.23,True,fib_pullback,RKFORGE
2026-07-21,2026-08-03,576.2999877929688,681.1500244140625,0.18193655880964604,0.17933655880964605,rsi_overbought,13,55.4,0.6291,0.78,1.8,True,fib_pullback,RKFORGE
2016-10-05,2016-10-13,37.51412582397461,35.88825225830078,-0.0433403026183476,-0.0459403026183476,bb_mid_break,8,53.0,0.1646,0.89,1.89,True,fib_pullback,RCF
2016-11-30,2016-12-05,37.077911376953125,39.13999938964844,0.05561499923043304,0.05301499923043304,rsi_overbought,5,57.1,0.2732,0.74,1.67,True,fib_pullback,RCF
2017-11-27,2017-11-30,77.66622161865234,73.77690124511719,-0.05007737330949412,-0.05267737330949412,bb_mid_break,3,50.4,0.3166,0.83,1.48,True,fib_pullback,RCF
2017-12-19,2018-01-03,74.3382339477539,80.9541015625,0.0889968359941915,0.0863968359941915,rsi_overbought,15,49.2,0.0955,0.65,1.03,True,fib_pullback,RCF
2021-05-05,2021-05-10,68.34054565429688,70.34139251708984,0.029277595659161475,0.026677595659161474,rsi_overbought,5,60.4,0.2431,0.78,2.46,True,fib_pullback,RCF
2021-12-15,2021-12-20,71.81626892089844,66.07096740722656,-0.08000000000000002,-0.08260000000000002,stop_loss,5,55.1,0.5251,0.99,3.39,True,fib_pullback,RCF
2022-05-27,2022-06-08,87.31784057617188,86.29984283447266,-0.011658530891074506,-0.014258530891074508,macd_bear_cross,12,55.5,0.3512,0.6,1.0,True,fib_pullback,RCF
2022-07-27,2022-08-19,79.7752914428711,84.63399505615234,0.06090486822928975,0.05830486822928975,macd_bear_cross,23,64.2,0.634,0.83,1.09,True,fib_pullback,RCF
2023-11-29,2023-12-05,122.75808715820312,129.53292846679688,0.055188553890243894,0.052588553890243896,rsi_overbought,6,51.2,0.1962,0.77,1.37,True,fib_pullback,RCF
2024-04-26,2024-05-06,148.48536682128906,142.86831665039062,-0.037828981341029314,-0.04042898134102931,bb_mid_break,10,61.3,1.3818,0.86,1.63,True,fib_pullback,RCF
2025-08-20,2025-08-28,154.70005798339844,147.44204711914062,-0.04691666544195285,-0.04951666544195285,bb_mid_break,8,52.4,0.5524,0.94,3.79,True,fib_pullback,RCF
2025-09-02,2025-09-09,154.54269409179688,149.00575256347656,-0.03582790866212946,-0.03842790866212946,bb_mid_break,7,62.6,0.5512,0.83,1.79,True,fib_pullback,RCF
2025-10-16,2025-11-06,150.89645385742188,145.5969696044922,-0.03512000525828812,-0.03772000525828812,bb_mid_break,21,59.4,0.454,0.9,4.52,True,fib_pullback,RCF
2025-11-13,2025-11-20,150.8170623779297,147.05580139160156,-0.024939227213581782,-0.027539227213581784,macd_bear_cross,7,56.7,0.1563,0.83,1.8,True,fib_pullback,RCF
2016-09-07,2016-09-14,442.5189514160156,444.7787170410156,0.005106596266146297,0.0025065962661462975,rsi_overbought,7,63.5,5.5426,1.07,1.48,True,fib_pullback,RAYMOND
2017-08-31,2017-09-04,764.9955444335938,845.76220703125,0.105577951643439,0.102977951643439,rsi_overbought,4,49.1,3.1317,0.78,1.0,True,fib_pullback,RAYMOND
2018-04-06,2018-04-10,975.3532104492188,1021.1259765625,0.046929425794579246,0.04432942579457925,rsi_overbought,4,59.7,9.4387,1.21,1.62,True,fib_pullback,RAYMOND
2019-05-06,2019-05-15,795.8128051757812,767.8722534179688,-0.03510945234368391,-0.037709452343683905,bb_mid_break,9,57.9,0.427,0.83,3.62,False,golden_cross,RAYMOND
2021-02-11,2021-02-12,335.0082702636719,331.14337158203125,-0.01153672617872602,-0.014136726178726022,bb_mid_break,1,53.8,0.5213,0.61,1.06,True,fib_pullback,RAYMOND
2021-09-07,2021-09-20,429.4012145996094,407.5000915527344,-0.05100386841545493,-0.053603868415454926,bb_mid_break,13,60.9,3.5927,1.03,2.71,True,fib_pullback,RAYMOND
2021-09-22,2021-10-07,431.5318908691406,467.7034606933594,0.08382131330170348,0.08122131330170347,rsi_overbought,15,59.0,0.5482,0.8,3.59,True,fib_pullback,RAYMOND
2022-07-06,2022-07-26,945.2202758789062,934.6807250976562,-0.011150364682401544,-0.013750364682401546,macd_bear_cross,20,57.3,4.7303,0.85,1.45,True,fib_pullback,RAYMOND
2023-04-11,2023-04-20,1302.31884765625,1475.4244384765625,0.13292105165478194,0.13032105165478194,rsi_overbought,9,53.8,13.3209,0.88,1.68,True,fib_pullback,RAYMOND
2023-11-03,2023-11-17,1865.09912109375,1775.452392578125,-0.0480653963651291,-0.050665396365129095,bb_mid_break,14,58.3,16.637,1.03,2.93,True,fib_pullback,RAYMOND
2024-01-04,2024-01-08,1736.4561767578125,1726.794189453125,-0.005564198759526242,-0.008164198759526241,bb_mid_break,4,48.0,2.2899,0.62,1.62,True,fib_pullback,RAYMOND
2024-01-09,2024-01-19,1732.7706298828125,1788.0030517578125,0.031875206632937546,0.029275206632937544,death_cross,10,48.9,2.59,0.57,1.25,True,fib_pullback,RAYMOND
2026-06-15,2026-06-23,591.9000244140625,592.8499755859375,0.0016049182846636673,-0.0009950817153363326,rsi_overbought,8,62.7,2.6709,1.1,1.13,False,golden_cross,RAYMOND
2017-07-07,2017-07-19,50.49527359008789,55.221153259277344,0.09359053497864665,0.09099053497864665,rsi_overbought,12,53.6,0.0617,0.77,3.4,True,fib_pullback,REDINGTON
2018-01-11,2018-01-18,69.09647369384766,70.8145523071289,0.024864924668857993,0.022264924668857992,rsi_overbought,7,54.7,0.0499,0.78,3.8,True,fib_pullback,REDINGTON
2019-08-20,2019-09-17,41.500370025634766,40.73074722290039,-0.018544962424647763,-0.021144962424647765,macd_bear_cross,28,52.2,0.155,0.63,1.78,True,fib_pullback,REDINGTON
2020-02-20,2020-02-24,48.41021728515625,46.830535888671875,-0.03263115691423975,-0.035231156914239746,macd_bear_cross,4,59.1,0.0112,0.66,1.54,True,fib_pullback,REDINGTON
2021-10-14,2021-10-21,130.38751220703125,122.38983917236328,-0.06133772244974767,-0.06393772244974767,bb_mid_break,7,63.4,0.9095,1.18,4.25,True,fib_pullback,REDINGTON
2021-11-10,2021-11-15,132.51455688476562,123.3682861328125,-0.06902087564543345,-0.07162087564543346,bb_mid_break,5,58.7,0.611,1.08,6.77,True,fib_pullback,REDINGTON
2021-11-16,2021-11-18,126.8141098022461,123.07050323486328,-0.029520426183021684,-0.03212042618302168,bb_mid_break,2,49.5,0.3492,0.68,2.96,True,fib_pullback,REDINGTON
2021-12-07,2021-12-16,127.83507537841797,126.17598724365234,-0.012978348312107493,-0.015578348312107495,bb_mid_break,9,51.5,0.4338,0.68,1.29,True,fib_pullback,REDINGTON
2022-01-05,2022-01-06,126.64391326904297,124.17655181884766,-0.019482669056140402,-0.022082669056140404,bb_mid_break,1,51.5,0.0377,0.56,1.02,True,fib_pullback,REDINGTON
2022-04-11,2022-04-27,134.25872802734375,131.3234100341797,-0.021863144663237404,-0.024463144663237405,macd_bear_cross,16,62.1,1.2508,1.05,3.03,True,fib_pullback,REDINGTON
2023-05-10,2023-05-18,155.54193115234375,152.2725372314453,-0.021019373339889083,-0.023619373339889085,macd_bear_cross,8,59.9,0.3787,0.65,1.15,True,fib_pullback,REDINGTON
2024-08-20,2024-09-02,199.81704711914062,190.4268341064453,-0.046994053550878524,-0.04959405355087852,macd_bear_cross,13,45.0,1.1343,0.69,1.11,True,fib_pullback,REDINGTON
2016-09-23,2016-10-06,227.17691040039062,220.98228454589844,-0.027267849728101312,-0.029867849728101314,death_cross,13,62.9,1.9439,0.92,2.31,True,fib_pullback,RELAXO
2017-03-30,2017-04-12,238.9564666748047,239.2003631591797,0.0010206732957217608,-0.001579326704278239,macd_bear_cross,13,59.7,0.2953,0.96,1.12,False,golden_cross,RELAXO
2017-07-07,2017-07-10,250.7360076904297,230.67712707519533,-0.07999999999999993,-0.08259999999999994,stop_loss,3,60.6,1.6398,0.83,2.88,True,fib_pullback,RELAXO
2019-06-24,2019-07-02,415.5760803222656,454.130126953125,0.09277253541869392,0.09017253541869391,rsi_overbought,8,49.5,0.287,0.84,1.76,True,fib_pullback,RELAXO
2019-08-05,2019-08-19,426.4201965332031,411.24334716796875,-0.03559130052615281,-0.038191300526152806,bb_mid_break,14,59.5,2.0857,0.91,1.15,True,fib_pullback,RELAXO
2019-08-26,2019-09-06,428.81915283203125,473.4194641113281,0.1040072743597039,0.1014072743597039,rsi_overbought,11,56.9,0.688,0.87,2.7,True,fib_pullback,RELAXO
2020-05-21,2020-06-01,644.4486694335938,698.1609497070312,0.08334609538513789,0.08074609538513788,rsi_overbought,11,57.0,3.8877,1.3,2.28,True,fib_pullback,RELAXO
2021-03-30,2021-04-06,867.1112060546875,935.1730346679688,0.07849261794569483,0.07589261794569482,rsi_overbought,7,63.5,4.3278,0.97,1.12,True,fib_pullback,RELAXO
2021-05-10,2021-05-19,880.5270385742188,994.585693359375,0.12953452851356406,0.12693452851356407,rsi_overbought,9,57.0,0.1045,0.6,1.51,True,fib_pullback,RELAXO
2021-10-04,2021-10-07,1188.4498291015625,1309.9833984375,0.10226226329454206,0.09966226329454206,rsi_overbought,3,50.3,0.8614,0.88,2.51,True,fib_pullback,RELAXO
2021-12-31,2022-01-07,1293.5360107421875,1328.89306640625,0.027333646199595024,0.024733646199595023,rsi_overbought,7,56.2,6.8277,0.93,1.44,True,fib_pullback,RELAXO
2022-02-08,2022-02-11,1285.7060546875,1275.6112060546875,-0.007851599201861209,-0.01045159920186121,bb_mid_break,3,48.0,0.8103,0.53,5.63,True,fib_pullback,RELAXO
2023-12-01,2023-12-19,905.9693603515625,899.187744140625,-0.00748548075434459,-0.010085480754344591,macd_bear_cross,18,54.5,1.4627,0.95,1.81,True,fib_pullback,RELAXO
2017-02-16,2017-03-08,412.7854919433594,455.3177185058594,0.10303711586921782,0.10043711586921782,rsi_overbought,20,59.7,0.2207,0.8,1.26,False,golden_cross,RELCAPITAL
2020-08-12,2020-08-25,11.0,10.120000000000001,-0.0799999999999999,-0.08259999999999991,stop_loss,13,53.3,0.0333,0.78,1.52,True,golden_cross,RELCAPITAL
2020-10-29,2020-11-06,9.050000190734863,8.326000175476075,-0.0799999999999999,-0.08259999999999991,stop_loss,8,64.6,0.1973,0.99,1.48,True,fib_pullback,RELCAPITAL
2021-03-23,2021-03-24,12.100000381469727,11.550000190734863,-0.045454559784737586,-0.048054559784737584,macd_bear_cross,1,58.9,0.0119,0.71,1.27,True,fib_pullback,RELCAPITAL
2021-05-06,2021-05-11,10.899999618530273,12.350000381469727,0.1330275975858215,0.1304275975858215,rsi_overbought,5,61.4,0.1305,0.83,1.3,True,fib_pullback,RELCAPITAL
2021-05-24,2021-06-02,11.850000381469727,15.399999618530273,0.2995779850447776,0.2969779850447776,rsi_overbought,9,61.5,0.0655,0.78,1.43,True,fib_pullback,RELCAPITAL
2023-11-03,2023-11-06,10.149999618530273,10.649999618530273,0.0492610855952328,0.0466610855952328,rsi_overbought,3,57.8,0.1105,0.9,1.49,True,fib_pullback,RELCAPITAL
2021-09-23,2021-10-01,3.25,3.049999952316284,-0.0615384762103741,-0.0641384762103741,macd_bear_cross,8,64.3,0.0363,0.82,1.14,True,fib_pullback,RCOM
2021-10-07,2021-10-13,3.299999952316284,3.1500000953674316,-0.04545450276251277,-0.04805450276251277,bb_mid_break,6,50.0,0.0047,0.88,3.25,True,fib_pullback,RCOM
2024-02-07,2024-02-09,2.0,2.200000047683716,0.10000002384185791,0.0974000238418579,rsi_overbought,2,62.5,0.0194,0.82,1.14,True,fib_pullback,RCOM
2024-10-03,2024-10-07,2.140000104904175,2.3499999046325684,0.09813074272620045,0.09553074272620045,rsi_overbought,4,56.4,0.0035,0.82,1.52,True,fib_pullback,RCOM
2024-12-05,2024-12-09,2.140000104904175,2.319999933242798,0.0841120651938861,0.0815120651938861,rsi_overbought,4,64.3,0.0367,0.94,7.58,True,fib_pullback,RCOM
2020-10-29,2020-11-05,1.9500000476837158,1.7940000438690187,-0.07999999999999993,-0.08259999999999994,stop_loss,7,63.6,0.0492,0.84,2.45,True,fib_pullback,RHFL
2020-11-23,2020-11-27,1.899999976158142,2.049999952316284,0.07894735686336514,0.07634735686336513,rsi_overbought,4,57.1,0.0051,0.71,1.39,True,fib_pullback,RHFL
2021-03-01,2021-03-02,2.5,2.3000000000000003,-0.07999999999999989,-0.0825999999999999,stop_loss,1,64.7,0.0296,1.09,3.44,True,fib_pullback,RHFL
2021-03-04,2021-03-12,2.450000047683716,3.0,0.22448977208643986,0.22188977208643987,rsi_overbought,8,63.2,0.0335,0.91,1.34,True,fib_pullback,RHFL
2021-05-03,2021-05-18,2.799999952316284,2.6500000953674316,-0.053571378394048186,-0.056171378394048184,macd_bear_cross,15,64.0,0.0397,0.82,2.32,True,fib_pullback,RHFL
2024-09-18,2024-09-20,3.990000009536743,4.380000114440918,0.09774438696040393,0.09514438696040392,rsi_overbought,2,59.0,0.0453,0.65,1.04,True,fib_pullback,RHFL
2017-02-14,2017-02-22,228.97726440429688,263.37396240234375,0.1502188354268827,0.1476188354268827,rsi_overbought,8,59.9,0.1615,0.9,1.23,True,fib_pullback,RELIANCE
2017-06-14,2017-06-22,296.0912780761719,312.482666015625,0.05535923937359718,0.05275923937359718,rsi_overbought,8,62.8,0.3349,0.92,3.6,True,fib_pullback,RELIANCE
2018-06-05,2018-06-08,416.6798400878906,432.8167724609375,0.038727413281245134,0.036127413281245135,rsi_overbought,3,45.2,0.223,0.55,1.26,True,fib_pullback,RELIANCE
2018-11-29,2018-12-06,517.2216796875,497.3694152832031,-0.03838250634871185,-0.040982506348711846,bb_mid_break,7,63.2,3.854,1.01,1.49,True,fib_pullback,RELIANCE
2019-01-15,2019-01-21,500.02520751953125,547.8521728515625,0.09564910851052065,0.09304910851052065,rsi_overbought,6,62.5,0.4521,0.81,1.49,True,fib_pullback,RELIANCE
2019-08-13,2019-09-03,567.6388549804688,537.202880859375,-0.05361855315936924,-0.05621855315936924,macd_bear_cross,21,51.2,2.1529,0.8,4.16,True,fib_pullback,RELIANCE
2021-01-04,2021-01-05,898.5590209960938,887.3883056640625,-0.012431810344130764,-0.015031810344130765,bb_mid_break,1,49.9,1.8039,0.57,1.09,True,fib_pullback,RELIANCE
2021-01-18,2021-01-25,895.44482421875,876.0595092773438,-0.021648810085333155,-0.024248810085333156,bb_mid_break,7,49.1,1.12,0.7,1.32,True,fib_pullback,RELIANCE
2021-08-05,2021-08-09,966.6400756835938,940.7784423828125,-0.02675414971026551,-0.029354149710265513,bb_mid_break,4,58.9,2.4956,0.97,1.99,True,fib_pullback,RELIANCE
2021-08-13,2021-08-27,971.8032836914062,1008.8292846679688,0.03810030445248013,0.03550030445248013,rsi_overbought,14,61.0,3.4639,0.96,1.13,True,fib_pullback,RELIANCE
2022-01-21,2022-01-24,1122.2625732421875,1076.99365234375,-0.04033719200637401,-0.04293719200637401,macd_bear_cross,3,61.2,1.8121,0.59,1.08,True,fib_pullback,RELIANCE
2023-01-09,2023-01-10,1179.974609375,1162.52587890625,-0.014787377906370469,-0.01738737790637047,bb_mid_break,1,46.3,0.4279,0.73,1.28,True,fib_pullback,RELIANCE
2024-05-23,2024-05-30,1468.3428955078125,1407.8720703125,-0.041183040678246505,-0.0437830406782465,bb_mid_break,7,54.5,6.8176,0.98,1.32,True,fib_pullback,RELIANCE
2024-06-07,2024-06-21,1452.4345703125,1436.872314453125,-0.010714600283871436,-0.013314600283871436,bb_mid_break,14,54.5,0.6683,0.74,1.33,True,fib_pullback,RELIANCE
2025-10-16,2025-10-20,1391.8646240234375,1460.04931640625,0.04898802024704979,0.04638802024704979,rsi_overbought,4,61.3,1.9833,0.82,1.15,True,fib_pullback,RELIANCE
2020-08-19,2020-08-24,32.25,29.67,-0.07999999999999995,-0.08259999999999995,stop_loss,5,62.9,0.2045,0.89,1.05,True,fib_pullback,RELINFRA
2021-11-26,2021-11-30,92.75,85.33,-0.08000000000000002,-0.08260000000000002,stop_loss,4,64.2,1.1352,1.12,3.89,True,fib_pullback,RELINFRA
2021-12-06,2021-12-10,91.80000305175781,109.0999984741211,0.1884531029112206,0.18585310291122062,rsi_overbought,4,62.4,1.0858,0.96,1.09,True,fib_pullback,RELINFRA
2022-03-11,2022-03-22,122.5,112.7,-0.07999999999999997,-0.08259999999999998,stop_loss,11,52.1,0.3091,0.81,1.01,True,fib_pullback,RELINFRA
2022-04-01,2022-04-18,122.6500015258789,119.55000305175781,-0.025275160501869218,-0.02787516050186922,macd_bear_cross,17,50.1,0.6069,0.91,1.28,True,fib_pullback,RELINFRA
2022-10-10,2022-10-12,157.6999969482422,145.0839971923828,-0.08000000000000002,-0.08260000000000002,stop_loss,2,56.0,0.2038,0.72,1.24,True,fib_pullback,RELINFRA
2022-11-29,2022-12-15,154.14999389648438,148.89999389648438,-0.03405773731996063,-0.03665773731996063,macd_bear_cross,16,58.6,0.8123,0.86,1.2,True,fib_pullback,RELINFRA
2023-10-20,2023-10-23,178.64999389648438,169.75,-0.04981804758214166,-0.05241804758214166,bb_mid_break,3,59.5,0.7528,1.16,1.99,True,fib_pullback,RELINFRA
2023-11-02,2023-11-16,176.9499969482422,182.1999969482422,0.02966939864675795,0.027069398646757947,rsi_overbought,14,56.8,0.802,0.88,1.48,True,fib_pullback,RELINFRA
2024-12-24,2025-01-08,302.29998779296875,302.1499938964844,-0.0004961756617307536,-0.0030961756617307536,macd_bear_cross,15,54.3,0.0069,0.81,1.11,True,fib_pullback,RELINFRA
2025-02-07,2025-02-11,286.5,263.58,-0.08000000000000006,-0.08260000000000006,stop_loss,4,54.3,3.1545,0.85,2.01,True,fib_pullback,RELINFRA
2016-08-26,2016-09-01,52.400001525878906,51.150001525878906,-0.02385496113740874,-0.026454961137408743,bb_mid_break,6,53.2,0.0779,0.59,1.28,True,fib_pullback,RPOWER
2016-09-14,2016-09-15,52.79999923706055,52.20000076293945,-0.011363607628614363,-0.013963607628614365,macd_bear_cross,1,50.7,0.0084,0.64,1.13,True,fib_pullback,RPOWER
2021-02-08,2021-02-10,3.5999999046325684,3.311999912261963,-0.07999999999999997,-0.08259999999999998,stop_loss,2,58.8,0.0152,0.96,2.21,True,fib_pullback,RPOWER
2021-02-23,2021-03-02,3.700000047683716,4.5,0.21621620054224117,0.21361620054224117,rsi_overbought,7,62.5,0.0302,1.17,4.82,True,fib_pullback,RPOWER
2022-01-03,2022-01-20,14.25,16.549999237060547,0.16140345523231908,0.1588034552323191,rsi_overbought,17,53.1,0.1286,0.97,2.21,True,fib_pullback,RPOWER
2022-04-04,2022-04-20,14.850000381469727,14.75,-0.006734032249218661,-0.009334032249218662,macd_bear_cross,16,58.8,0.2051,1.08,1.81,True,fib_pullback,RPOWER
2022-04-21,2022-04-22,15.149999618530273,14.949999809265137,-0.013201307874655843,-0.015801307874655845,macd_bear_cross,1,63.6,0.0059,0.67,1.33,True,fib_pullback,RPOWER
2022-12-14,2022-12-16,16.450000762939453,15.75,-0.042553235895070554,-0.04515323589507055,bb_mid_break,2,64.6,0.0568,0.89,3.69,True,fib_pullback,RPOWER
2023-11-06,2023-11-13,19.299999237060547,22.5,0.16580315489312028,0.1632031548931203,rsi_overbought,7,57.0,0.1883,0.97,3.68,True,fib_pullback,RPOWER
2024-05-22,2024-05-27,26.5,25.299999237060547,-0.04528304765809257,-0.04788304765809257,bb_mid_break,5,43.0,0.0464,0.54,1.68,True,fib_pullback,RPOWER
2024-06-11,2024-06-26,28.68000030517578,29.280000686645508,0.020920515170337935,0.018320515170337934,rsi_overbought,15,59.5,0.301,1.21,5.04,True,fib_pullback,RPOWER
2025-02-06,2025-02-11,42.38999938964844,38.99879943847657,-0.07999999999999989,-0.0825999999999999,stop_loss,5,55.6,0.3977,0.99,3.78,True,fib_pullback,RPOWER
2022-11-17,2022-11-22,240.35975646972656,221.13097595214845,-0.07999999999999996,-0.08259999999999997,stop_loss,5,64.7,3.0135,0.84,1.47,True,fib_pullback,REPCOHOME
2023-01-09,2023-01-12,230.84771728515625,230.2200164794922,-0.0027191120321484086,-0.005319112032148409,rsi_overbought,3,49.8,1.0373,0.71,1.45,True,fib_pullback,REPCOHOME
2023-01-20,2023-01-27,227.95066833496094,224.32933044433594,-0.01588649823699417,-0.01848649823699417,bb_mid_break,7,55.2,0.4164,0.71,1.15,True,fib_pullback,REPCOHOME
2024-01-01,2024-01-12,396.78228759765625,419.5361633300781,0.0573459966426089,0.0547459966426089,rsi_overbought,11,53.4,0.7987,0.91,1.42,True,fib_pullback,REPCOHOME
2024-04-01,2024-04-12,431.3506164550781,448.5618591308594,0.039900818543454356,0.03730081854345436,rsi_overbought,11,57.7,3.3003,0.94,2.19,True,fib_pullback,REPCOHOME
2024-11-28,2024-12-05,494.27764892578125,465.5274658203125,-0.05816605943633466,-0.06076605943633466,death_cross,7,56.2,4.3373,1.06,3.09,True,fib_pullback,REPCOHOME
2025-07-16,2025-07-22,444.3071594238281,424.798095703125,-0.04390895646606782,-0.04650895646606782,macd_bear_cross,6,57.6,0.1108,1.06,4.19,False,golden_cross,REPCOHOME
2025-12-30,2026-01-12,411.2646484375,403.7011413574219,-0.018390851508423664,-0.020990851508423666,bb_mid_break,13,60.6,2.0836,0.97,1.51,True,fib_pullback,REPCOHOME
2026-02-09,2026-02-19,414.0511779785156,395.5,-0.04480407004053545,-0.04740407004053545,macd_bear_cross,10,55.5,1.6711,0.91,1.8,True,fib_pullback,REPCOHOME
2016-10-26,2016-11-03,262.6791076660156,255.37240600585938,-0.02781607462077412,-0.03041607462077412,bb_mid_break,8,58.6,0.639,1.03,2.88,True,fib_pullback,RUPA
2017-08-28,2017-09-04,441.2301940917969,405.93177856445317,-0.0799999999999999,-0.08259999999999991,stop_loss,7,57.7,5.1316,0.86,3.93,True,fib_pullback,RUPA
2017-10-06,2017-10-11,402.7281799316406,381.61553955078125,-0.052424045380790214,-0.05502404538079021,bb_mid_break,5,52.9,3.1323,0.73,1.45,True,fib_pullback,RUPA
2017-10-16,2017-10-27,398.3240051269531,386.3375244140625,-0.03009228808359244,-0.03269228808359244,bb_mid_break,11,63.6,2.1251,0.73,2.15,True,fib_pullback,RUPA
2017-11-07,2017-11-08,407.17767333984375,416.93939208984375,0.02397410120729422,0.02137410120729422,rsi_overbought,1,59.4,2.2487,1.02,3.99,True,fib_pullback,RUPA
2021-05-11,2021-05-21,291.84063720703125,302.90704345703125,0.037919346517015416,0.03531934651701542,rsi_overbought,10,62.0,1.2437,1.07,6.27,True,fib_pullback,RUPA
2021-10-11,2021-10-20,462.92291259765625,443.823974609375,-0.04125727517160262,-0.043857275171602615,macd_bear_cross,9,55.7,1.8324,0.75,1.09,True,fib_pullback,RUPA
2021-12-31,2022-01-07,423.09747314453125,446.2173156738281,0.05464424629498809,0.05204424629498809,rsi_overbought,7,60.4,4.1878,1.01,8.1,True,fib_pullback,RUPA
2022-04-11,2022-04-18,453.9718017578125,497.38726806640625,0.09563472035154132,0.09303472035154131,rsi_overbought,7,57.1,2.8143,1.12,4.15,True,fib_pullback,RUPA
2023-11-06,2023-11-13,256.7947998046875,261.523193359375,0.01841312035245189,0.015813120352451887,rsi_overbought,7,50.9,1.0316,0.73,4.53,True,fib_pullback,RUPA
2017-04-07,2017-05-03,284.3740234375,289.19158935546875,0.016940949316446827,0.014340949316446826,macd_bear_cross,26,46.6,0.6251,0.78,1.46,True,fib_pullback,SHK
2021-02-09,2021-02-11,120.55208587646484,117.18872833251953,-0.027899621308849824,-0.030499621308849825,macd_bear_cross,2,51.4,0.0129,0.66,1.8,True,fib_pullback,SHK
2021-03-10,2021-03-16,118.48603057861328,115.17071533203125,-0.027980642362581142,-0.030580642362581144,bb_mid_break,6,55.9,0.4755,0.94,1.37,True,fib_pullback,SHK
2021-09-03,2021-09-24,158.63543701171875,154.2919158935547,-0.02738052228420562,-0.029980522284205623,macd_bear_cross,21,60.3,1.7295,0.91,7.3,True,fib_pullback,SHK
2021-10-29,2021-11-01,153.27842712402344,141.01615295410156,-0.08000000000000004,-0.08260000000000005,stop_loss,3,53.9,0.5732,0.76,1.63,True,fib_pullback,SHK
2022-01-03,2022-01-07,158.297607421875,158.05630493164062,-0.0015243596802526887,-0.0041243596802526886,rsi_overbought,4,62.3,1.3016,1.13,2.5,True,fib_pullback,SHK
2023-11-28,2023-12-08,155.2925262451172,152.43043518066406,-0.01843032072216751,-0.02103032072216751,macd_bear_cross,10,54.2,0.4578,0.78,1.44,True,fib_pullback,SHK
2024-06-10,2024-06-26,200.1239013671875,192.26988220214844,-0.03924578279447242,-0.041845782794472416,macd_bear_cross,16,53.4,0.9219,0.88,1.92,True,fib_pullback,SHK
2024-07-11,2024-07-12,196.83572387695312,189.4967041015625,-0.03728499903797152,-0.03988499903797152,macd_bear_cross,1,40.8,0.0537,0.57,1.18,True,fib_pullback,SHK
2025-08-26,2025-09-04,239.2742156982422,265.2150573730469,0.108414697334207,0.105814697334207,rsi_overbought,9,46.5,0.0135,0.58,9.89,True,fib_pullback,SHK
2020-09-11,2020-09-21,853.98388671875,829.9766235351562,-0.02811207981433527,-0.030712079814335273,bb_mid_break,10,51.1,0.9944,0.88,1.07,True,fib_pullback,SBILIFE
2021-03-03,2021-03-17,895.527099609375,878.2379760742188,-0.019306086373821283,-0.021906086373821285,bb_mid_break,14,49.7,2.0669,0.91,1.03,True,fib_pullback,SBILIFE
2021-04-22,2021-05-04,905.9449462890625,973.8115234375,0.07491247390521136,0.07231247390521135,rsi_overbought,12,61.9,1.9012,0.8,1.17,True,fib_pullback,SBILIFE
2021-11-09,2021-11-11,1196.087158203125,1142.5367431640625,-0.0447713318145736,-0.0473713318145736,bb_mid_break,2,52.9,3.9975,0.84,1.02,True,fib_pullback,SBILIFE
2021-12-13,2021-12-16,1175.677490234375,1153.0389404296875,-0.0192557482751281,-0.021855748275128102,bb_mid_break,3,58.5,3.2732,0.88,1.55,True,fib_pullback,SBILIFE
2021-12-29,2022-01-07,1174.686767578125,1206.1431884765625,0.02677856069094217,0.02417856069094217,rsi_overbought,9,57.1,3.3711,0.79,1.12,True,fib_pullback,SBILIFE
2022-01-21,2022-01-24,1229.1781005859375,1213.6729736328125,-0.012614223232364661,-0.015214223232364661,macd_bear_cross,3,59.8,0.1793,0.62,2.21,True,fib_pullback,SBILIFE
2022-11-29,2022-12-16,1249.0836181640625,1244.864990234375,-0.003377378318265158,-0.005977378318265158,macd_bear_cross,17,47.9,0.3546,0.6,1.18,True,fib_pullback,SBILIFE
2023-01-03,2023-01-19,1259.0096435546875,1313.3046875,0.0431252010048278,0.0405252010048278,rsi_overbought,16,49.7,0.3822,0.73,2.26,True,fib_pullback,SBILIFE
2023-09-06,2023-09-15,1313.1055908203125,1365.6875,0.04004393062315648,0.037443930623156485,rsi_overbought,9,64.3,2.3359,0.72,1.54,True,fib_pullback,SBILIFE
2023-11-07,2023-11-13,1334.0487060546875,1321.6121826171875,-0.009322390840046421,-0.011922390840046423,bb_mid_break,6,48.3,0.4739,0.63,1.1,True,fib_pullback,SBILIFE
2024-02-02,2024-02-05,1428.1688232421875,1412.64794921875,-0.010867674584999315,-0.013467674584999315,bb_mid_break,3,51.2,1.1375,0.66,1.12,True,fib_pullback,SBILIFE
2024-06-12,2024-06-25,1447.927490234375,1457.197021484375,0.006401930561108103,0.003801930561108103,rsi_overbought,13,50.8,6.3322,0.78,1.18,True,fib_pullback,SBILIFE
2025-09-19,2025-09-25,1839.143310546875,1807.2877197265625,-0.017320885565377794,-0.019920885565377796,bb_mid_break,6,57.3,2.3946,0.83,1.88,True,fib_pullback,SBILIFE
2025-10-17,2025-10-27,1841.5400390625,1900.4581298828125,0.031993923330772,0.029393923330772,rsi_overbought,10,64.3,6.4066,0.84,1.16,True,fib_pullback,SBILIFE
2026-04-15,2026-04-23,1971.0,1813.3200000000002,-0.07999999999999992,-0.08259999999999992,stop_loss,8,59.0,19.3314,0.91,1.11,True,fib_pullback,SBILIFE
2016-11-29,2016-12-05,18.448665618896484,19.381298065185547,0.05055284027337953,0.04795284027337953,rsi_overbought,6,63.3,0.0622,0.72,1.68,True,fib_pullback,SJVN
2016-12-08,2016-12-12,18.3903751373291,18.040632247924805,-0.019017713711254464,-0.021617713711254465,macd_bear_cross,4,64.5,0.0463,0.65,1.68,True,fib_pullback,SJVN
2017-01-20,2017-02-06,18.506956100463867,19.614456176757812,0.05984236793354616,0.05724236793354616,rsi_overbought,17,62.6,0.0887,0.83,1.02,True,fib_pullback,SJVN
2017-07-13,2017-07-17,20.195940017700195,20.84842300415039,0.03230763142880915,0.02970763142880915,rsi_overbought,4,56.6,0.0482,0.9,3.82,True,fib_pullback,SJVN
2017-08-31,2017-09-04,20.040584564208984,19.51238250732422,-0.02635661924892629,-0.028956619248926292,bb_mid_break,4,45.7,0.0581,0.66,1.94,True,fib_pullback,SJVN
2019-12-17,2019-12-23,18.19978141784668,18.017419815063477,-0.010019988624939176,-0.012619988624939175,bb_mid_break,6,57.1,0.01,0.97,1.02,True,fib_pullback,SJVN
2020-02-24,2020-02-26,18.783342361450195,18.50998878479004,-0.014552978452928097,-0.017152978452928097,bb_mid_break,2,53.2,0.0058,0.64,1.79,True,fib_pullback,SJVN
2020-10-22,2020-11-26,18.1152286529541,19.27236557006836,0.06387647317526739,0.06127647317526739,rsi_overbought,35,63.9,0.0955,1.16,4.26,True,fib_pullback,SJVN
2021-05-07,2021-05-11,22.00633430480957,23.115184783935547,0.05038778670574104,0.04778778670574104,rsi_overbought,4,57.6,0.0502,0.95,1.03,True,fib_pullback,SJVN
2021-09-23,2021-09-29,23.372974395751953,24.5416259765625,0.050000122407311144,0.047400122407311146,rsi_overbought,6,61.9,0.0722,0.78,5.14,True,fib_pullback,SJVN
2021-12-13,2021-12-20,25.14759063720703,23.805809020996094,-0.05335626921752532,-0.05595626921752532,macd_bear_cross,7,60.9,0.0676,0.9,1.17,True,fib_pullback,SJVN
2021-12-28,2022-01-07,25.277437210083008,26.14310646057129,0.03424671746956101,0.03164671746956101,rsi_overbought,10,58.7,0.0663,0.95,1.47,True,fib_pullback,SJVN
2023-03-08,2023-03-13,31.53455924987793,29.780004501342773,-0.05563910802215979,-0.058239108022159786,bb_mid_break,5,62.5,0.2628,1.09,1.67,True,fib_pullback,SJVN
2023-03-29,2023-04-17,31.012935638427734,31.629398345947266,0.01987759929297632,0.017277599292976318,rsi_overbought,19,44.8,0.0521,0.78,1.0,True,fib_pullback,SJVN
2024-03-27,2024-04-04,118.4607162475586,127.04622650146484,0.07247558959515571,0.0698755895951557,rsi_overbought,8,51.3,0.3288,0.66,1.22,True,fib_pullback,SJVN
2024-07-03,2024-07-09,131.5319061279297,140.22352600097656,0.06607993549940111,0.0634799354994011,rsi_overbought,6,55.7,0.1923,0.98,2.75,True,fib_pullback,SJVN
2017-06-15,2017-06-20,1367.47705078125,1354.203369140625,-0.009706694260822619,-0.01230669426082262,macd_bear_cross,5,53.9,1.6612,0.65,3.01,True,fib_pullback,SKFINDIA
2017-07-05,2017-07-07,1372.837890625,1351.9482421875,-0.01521639851300269,-0.01781639851300269,bb_mid_break,2,51.9,0.1319,0.69,4.16,True,fib_pullback,SKFINDIA
2017-08-02,2017-08-04,1361.8909912109375,1328.6649169921875,-0.024397014469716656,-0.026997014469716658,bb_mid_break,2,57.8,1.9668,0.87,1.26,True,fib_pullback,SKFINDIA
2017-10-17,2017-10-18,1330.934326171875,1321.9853515625,-0.006723828842189875,-0.009323828842189876,bb_mid_break,1,48.8,0.4731,0.56,2.56,True,fib_pullback,SKFINDIA
2018-02-15,2018-02-28,1576.1492919921875,1524.340087890625,-0.032870746676590394,-0.03547074667659039,macd_bear_cross,13,51.6,4.4748,0.74,1.66,True,fib_pullback,SKFINDIA
2018-04-02,2018-04-10,1534.0169677734375,1598.371337890625,0.04195153734876559,0.03935153734876559,rsi_overbought,8,59.6,6.7351,1.12,1.12,True,fib_pullback,SKFINDIA
2018-07-13,2018-07-18,1522.9146728515625,1482.219970703125,-0.02672159043043378,-0.02932159043043378,bb_mid_break,5,61.2,6.5968,0.81,1.13,True,fib_pullback,SKFINDIA
2019-06-17,2019-06-26,1682.4615478515625,1726.9068603515625,0.026416837018804335,0.023816837018804334,rsi_overbought,9,60.6,8.3822,0.97,1.85,True,fib_pullback,SKFINDIA
2021-05-06,2021-05-12,2093.76416015625,2168.53759765625,0.03571244504176627,0.033112445041766275,rsi_overbought,6,62.7,4.8037,0.74,1.15,True,fib_pullback,SKFINDIA
2022-11-09,2022-11-18,4544.44921875,4724.11181640625,0.039534515407274845,0.03693451540727485,rsi_overbought,9,62.1,26.3568,1.29,2.88,True,fib_pullback,SKFINDIA
2023-02-24,2023-03-10,4270.5556640625,4186.3544921875,-0.01971667822610723,-0.022316678226107233,bb_mid_break,14,57.9,16.9487,0.87,3.42,True,fib_pullback,SKFINDIA
2017-03-16,2017-04-13,311.7377624511719,325.5712585449219,0.04437542627167849,0.04177542627167849,rsi_overbought,28,63.7,0.896,1.04,1.67,True,fib_pullback,SRF
2018-02-22,2018-02-27,367.8537292480469,368.599365234375,0.002026990423210679,-0.0005730095767893209,rsi_overbought,5,63.9,1.8666,0.77,1.36,True,fib_pullback,SRF
2018-03-20,2018-03-27,370.7587585449219,386.600341796875,0.042727468702627364,0.040127468702627365,rsi_overbought,7,52.5,0.6077,0.81,1.62,True,fib_pullback,SRF
2019-08-08,2019-08-27,565.2616577148438,548.04931640625,-0.030450219068771194,-0.033050219068771196,macd_bear_cross,19,62.2,6.0604,0.95,1.25,True,fib_pullback,SRF
2019-09-20,2019-09-26,559.219482421875,540.7163696289062,-0.03308738943220509,-0.03568738943220509,bb_mid_break,6,59.5,0.6258,1.02,2.03,True,fib_pullback,SRF
2019-10-23,2019-11-04,551.7401123046875,572.1568603515625,0.03700428442947838,0.034404284429478384,rsi_overbought,12,55.7,2.0005,0.78,1.99,True,fib_pullback,SRF
2021-03-03,2021-03-15,1118.623779296875,1087.929931640625,-0.02743893722297143,-0.03003893722297143,bb_mid_break,12,50.6,0.2157,0.76,1.2,True,fib_pullback,SRF
2021-04-01,2021-04-08,1128.560302734375,1219.84619140625,0.08088702788029982,0.07828702788029981,rsi_overbought,7,53.9,4.345,0.88,2.93,True,fib_pullback,SRF
2022-03-16,2022-03-25,2434.759033203125,2578.081298828125,0.05886507193134748,0.056265071931347485,rsi_overbought,9,53.9,18.5124,0.85,1.13,True,fib_pullback,SRF
2024-02-21,2024-03-13,2380.57861328125,2367.72802734375,-0.005398093499541065,-0.007998093499541066,bb_mid_break,21,64.1,14.9778,0.96,1.36,True,fib_pullback,SRF
2024-03-14,2024-04-15,2411.63916015625,2537.765869140625,0.05229916277201406,0.04969916277201406,macd_bear_cross,32,53.4,1.6986,0.8,1.07,True,fib_pullback,SRF
2025-10-08,2025-10-16,2961.595458984375,3178.083740234375,0.07309853227700473,0.07049853227700473,rsi_overbought,8,53.7,11.5861,0.74,2.7,True,fib_pullback,SRF
2018-04-20,2018-04-23,394.5253601074219,384.73272705078125,-0.024821301865041768,-0.02742130186504177,macd_bear_cross,3,61.0,0.174,0.68,1.21,True,fib_pullback,SADBHAV
2024-02-15,2024-02-26,25.799999237060547,26.75,0.0368217360865197,0.034221736086519704,macd_bear_cross,11,64.7,0.0612,0.64,1.61,True,fib_pullback,SADBHAV
2024-06-19,2024-06-28,30.299999237060547,27.875999298095703,-0.08,-0.0826,stop_loss,9,62.6,0.5049,1.05,4.39,True,fib_pullback,SADBHAV
2024-07-04,2024-07-19,30.229999542236328,28.459999084472656,-0.058551124200008256,-0.061151124200008254,macd_bear_cross,15,62.3,0.1598,0.89,2.31,True,fib_pullback,SADBHAV
2024-09-02,2024-09-10,32.220001220703125,32.25,0.0009310607746842397,-0.0016689392253157603,macd_bear_cross,8,52.6,0.0168,0.6,2.1,True,fib_pullback,SADBHAV
2016-11-04,2016-11-07,3004.0556640625,2974.984619140625,-0.009677265727679995,-0.012277265727679995,bb_mid_break,3,53.6,3.5728,0.67,2.66,True,fib_pullback,SANOFI
2018-11-29,2018-12-10,4372.8701171875,4379.60693359375,0.0015405937578093264,-0.0010594062421906735,bb_mid_break,11,55.6,0.5883,0.61,1.2,True,fib_pullback,SANOFI
2020-04-07,2020-04-15,5116.66796875,5481.83935546875,0.07136898249974997,0.06876898249974997,rsi_overbought,8,53.0,43.2927,0.71,1.77,True,fib_pullback,SANOFI
2021-11-26,2021-11-29,6572.6044921875,6401.22119140625,-0.026075401461469964,-0.028675401461469966,macd_bear_cross,3,55.5,0.1086,0.63,2.3,True,fib_pullback,SANOFI
2016-08-30,2016-09-01,761.5252685546875,755.1669311523438,-0.008349476589806866,-0.010949476589806866,bb_mid_break,2,60.7,0.5178,0.79,3.9,True,fib_pullback,SCHAEFFLER
2016-09-30,2016-10-06,763.999755859375,780.7964477539062,0.02198520584033134,0.01938520584033134,rsi_overbought,6,50.7,0.2775,0.93,2.0,True,fib_pullback,SCHAEFFLER
2017-03-27,2017-03-30,807.2194213867188,841.3546752929688,0.042287453698288374,0.039687453698288376,rsi_overbought,3,63.7,1.7917,1.28,2.55,False,golden_cross,SCHAEFFLER
2017-07-05,2017-07-13,882.7040405273438,862.2969970703125,-0.02311878332950612,-0.025718783329506122,bb_mid_break,8,57.4,1.8185,0.83,2.65,True,fib_pullback,SCHAEFFLER
2018-03-13,2018-03-19,1052.362548828125,1000.3247680664062,-0.04944852971028496,-0.05204852971028496,bb_mid_break,6,61.0,3.9701,1.24,2.1,True,fib_pullback,SCHAEFFLER
2019-01-02,2019-01-10,1068.925537109375,1066.97216796875,-0.0018274136717767709,-0.004427413671776771,macd_bear_cross,8,62.3,2.7179,0.91,1.61,False,golden_cross,SCHAEFFLER
2019-02-12,2019-02-14,1038.6129150390625,1014.892333984375,-0.022838711815744525,-0.025438711815744527,bb_mid_break,2,56.0,2.8037,0.69,1.53,True,fib_pullback,SCHAEFFLER
2019-03-05,2019-03-22,1029.9266357421875,1011.652587890625,-0.017743057823136912,-0.020343057823136914,macd_bear_cross,17,54.8,4.2391,0.8,1.17,True,fib_pullback,SCHAEFFLER
2020-11-18,2020-12-04,724.6126708984375,746.2186279296875,0.02981724982046072,0.02721724982046072,macd_bear_cross,16,49.2,1.7107,0.7,2.48,True,golden_cross,SCHAEFFLER
2021-06-17,2021-06-24,1021.0953979492188,1048.3270263671875,0.02666903452180972,0.02406903452180972,rsi_overbought,7,54.8,1.0306,0.92,1.46,True,fib_pullback,SCHAEFFLER
2023-09-01,2023-09-05,3080.76025390625,3289.650146484375,0.06780465708529675,0.06520465708529674,rsi_overbought,4,60.2,16.1363,1.14,3.51,True,fib_pullback,SCHAEFFLER
2023-09-14,2023-09-18,3283.406005859375,3147.837158203125,-0.04128909047931378,-0.043889090479313775,macd_bear_cross,4,63.9,18.5469,0.67,1.09,True,fib_pullback,SCHAEFFLER
2024-10-14,2024-10-22,3976.44921875,3826.610595703125,-0.03768151302934956,-0.040281513029349555,bb_mid_break,8,60.2,15.997,1.17,1.64,True,fib_pullback,SCHAEFFLER
2025-09-16,2025-09-17,4024.784423828125,4101.65185546875,0.019098521447644012,0.01649852144764401,rsi_overbought,1,61.5,26.1252,0.99,1.05,True,fib_pullback,SCHAEFFLER
2026-04-20,2026-04-24,4053.349365234375,4286.60009765625,0.057545183354405435,0.05494518335440544,rsi_overbought,4,51.2,22.1044,0.83,1.07,True,golden_cross,SCHAEFFLER
2026-07-22,2026-07-23,4199.2001953125,4093.199951171875,-0.02524296037587143,-0.02784296037587143,bb_mid_break,1,62.7,6.2797,0.94,1.05,True,fib_pullback,SCHAEFFLER
2026-07-27,2026-07-30,4185.5,4040.10009765625,-0.034738956479213955,-0.03733895647921395,macd_bear_cross,3,58.2,1.7301,0.84,1.35,True,fib_pullback,SCHAEFFLER
2019-07-25,2019-07-26,439.6292724609375,419.0014343261719,-0.04692098417217765,-0.04952098417217765,bb_mid_break,1,53.5,2.1012,0.8,2.2,True,fib_pullback,SIS
2021-08-30,2021-09-08,467.7730407714844,473.0652770996094,0.011313683916877017,0.008713683916877015,rsi_overbought,9,52.2,1.7969,0.71,1.24,True,fib_pullback,SIS
2022-01-18,2022-01-21,461.0597839355469,507.31768798828125,0.10032951401200702,0.09772951401200701,rsi_overbought,3,60.9,2.2039,1.03,3.75,True,fib_pullback,SIS
2023-10-03,2023-10-04,438.4208679199219,429.30645751953125,-0.02078918014015561,-0.023389180140155612,bb_mid_break,1,47.6,0.1601,0.61,2.87,True,fib_pullback,SIS
2023-11-23,2023-11-29,429.6004943847656,474.2903137207031,0.10402646160809977,0.10142646160809976,rsi_overbought,6,56.2,1.2431,0.7,2.17,True,fib_pullback,SIS
2024-02-01,2024-02-05,478.7494812011719,479.1415100097656,0.0008188600175819687,-0.0017811399824180312,macd_bear_cross,4,62.9,2.3377,0.62,1.64,True,fib_pullback,SIS
2024-04-18,2024-04-19,449.103271484375,454.00347900390625,0.010911092905948105,0.008311092905948104,death_cross,1,59.3,2.3523,0.79,1.16,True,fib_pullback,SIS
2018-02-08,2018-02-19,1754.2469482421875,1650.2694091796875,-0.0592718939409807,-0.0618718939409807,bb_mid_break,11,55.4,8.9724,0.89,1.34,True,fib_pullback,SHANKARA
2018-03-01,2018-03-07,1806.4310302734375,1661.9165478515627,-0.07999999999999992,-0.08259999999999992,stop_loss,6,57.7,11.018,0.99,4.89,True,fib_pullback,SHANKARA
2018-03-12,2018-03-14,1713.2418212890625,1682.8294677734375,-0.017751349014316263,-0.020351349014316265,macd_bear_cross,2,58.2,0.2526,0.56,2.88,True,fib_pullback,SHANKARA
2021-11-03,2021-11-11,585.6283569335938,564.7731323242188,-0.035611705550897425,-0.038211705550897423,bb_mid_break,8,45.8,0.0104,0.65,2.87,True,fib_pullback,SHANKARA
2021-11-16,2021-11-18,575.9420776367188,554.7901611328125,-0.036725770394654224,-0.03932577039465422,macd_bear_cross,2,57.5,1.4914,0.67,1.86,True,fib_pullback,SHANKARA
2022-06-02,2022-06-13,750.3456420898438,709.1292724609375,-0.054929844750096046,-0.057529844750096044,bb_mid_break,11,63.5,4.9633,1.05,2.53,True,fib_pullback,SHANKARA
2022-07-20,2022-07-27,705.7493896484375,691.0020141601562,-0.020896051352772005,-0.023496051352772006,bb_mid_break,7,63.5,2.6978,0.71,2.07,True,fib_pullback,SHANKARA
2022-07-28,2022-08-01,717.379150390625,699.1676025390625,-0.025386224065260338,-0.02798622406526034,bb_mid_break,4,52.4,1.3583,0.78,1.93,True,fib_pullback,SHANKARA
2022-08-04,2022-08-05,715.3007202148438,693.4765014648438,-0.03051055050447174,-0.03311055050447174,bb_mid_break,1,59.7,1.18,0.76,2.99,True,fib_pullback,SHANKARA
2022-08-17,2022-08-30,714.9047241210938,755.4849853515625,0.056763173974487664,0.054163173974487666,rsi_overbought,13,57.3,0.106,0.92,2.59,True,fib_pullback,SHANKARA
2022-10-18,2022-10-27,728.1676025390625,707.3331298828125,-0.028612193928433304,-0.031212193928433305,bb_mid_break,9,59.8,1.7513,0.7,1.58,True,fib_pullback,SHANKARA
2016-09-20,2016-09-29,335.2090759277344,332.5533447265625,-0.007922611265288078,-0.010522611265288077,bb_mid_break,9,53.8,0.7624,1.03,2.24,True,fib_pullback,SHARDACROP
2016-10-03,2016-10-05,344.416015625,398.94891357421875,0.15833438479990472,0.15573438479990473,rsi_overbought,2,63.3,0.4604,0.69,1.06,True,fib_pullback,SHARDACROP
2017-03-30,2017-04-05,425.2286682128906,457.53631591796875,0.07597711565604817,0.07337711565604817,rsi_overbought,6,57.8,1.119,1.02,1.21,True,fib_pullback,SHARDACROP
2021-01-14,2021-01-18,260.3111877441406,252.19549560546875,-0.03117688566904306,-0.03377688566904306,macd_bear_cross,4,58.7,0.4283,0.72,1.47,True,fib_pullback,SHARDACROP
2021-01-28,2021-02-15,259.6544189453125,310.55328369140625,0.19602541313504043,0.19342541313504044,rsi_overbought,18,52.3,0.2325,0.61,2.07,True,fib_pullback,SHARDACROP
2021-05-03,2021-05-11,294.8848876953125,309.5212097167969,0.049634018670387886,0.04703401867038789,rsi_overbought,8,53.1,2.3817,0.9,1.36,True,fib_pullback,SHARDACROP
2021-09-17,2021-10-01,319.90447998046875,307.0836181640625,-0.040077156209844284,-0.04267715620984428,macd_bear_cross,14,64.5,3.3394,0.91,1.32,True,fib_pullback,SHARDACROP
2024-10-23,2024-10-29,569.85498046875,691.1535034179688,0.21285858175608344,0.21025858175608345,rsi_overbought,6,57.1,0.9373,0.63,1.2,True,fib_pullback,SHARDACROP
2026-01-28,2026-01-29,856.63134765625,968.7530517578125,0.13088676290953905,0.12828676290953905,rsi_overbought,1,56.1,4.5762,0.92,2.08,True,fib_pullback,SHARDACROP
2020-05-19,2020-05-26,681.5781860351562,682.6766967773438,0.0016117164027471356,-0.0009882835972528643,bb_mid_break,7,49.9,0.8726,0.55,1.55,True,fib_pullback,SFL
2021-04-28,2021-04-30,1039.86865234375,1016.9745483398438,-0.022016342114271305,-0.024616342114271307,bb_mid_break,2,43.0,1.2564,0.71,1.11,True,fib_pullback,SFL
2021-05-27,2021-06-02,1043.214111328125,1017.17431640625,-0.02496112220790755,-0.027561122207907553,bb_mid_break,6,62.7,3.5503,1.02,3.41,True,fib_pullback,SFL
2021-09-21,2021-10-07,1177.85693359375,1185.09716796875,0.006146955685788917,0.003546955685788917,macd_bear_cross,16,42.1,0.692,0.77,1.46,True,fib_pullback,SFL
2021-10-08,2021-10-21,1206.0439453125,1203.8468017578125,-0.001821777359960291,-0.004421777359960291,bb_mid_break,13,62.6,0.9713,0.74,1.77,True,fib_pullback,SFL
2022-02-28,2022-03-17,1709.5628662109375,1666.9454345703125,-0.02492884729947484,-0.027528847299474843,macd_bear_cross,17,57.9,6.5266,1.0,2.1,True,fib_pullback,SFL
2022-04-01,2022-04-06,1758.09716796875,1898.0828857421875,0.0796234248731386,0.0770234248731386,rsi_overbought,5,53.5,5.2644,0.81,1.37,True,fib_pullback,SFL
2017-04-03,2017-04-21,327.82476806640625,355.9958801269531,0.08593344617219513,0.08333344617219512,rsi_overbought,18,62.4,1.4691,1.14,2.4,True,fib_pullback,SHILPAMED
2020-05-28,2020-06-02,187.6443328857422,205.4122772216797,0.09468948016008835,0.09208948016008835,rsi_overbought,5,45.6,0.1064,0.71,1.56,True,fib_pullback,SHILPAMED
2020-09-16,2020-09-22,286.921142578125,263.967451171875,-0.08000000000000006,-0.08260000000000006,stop_loss,6,50.8,1.5284,0.68,1.94,True,fib_pullback,SHILPAMED
2021-09-01,2021-09-16,297.9298095703125,288.4618835449219,-0.03177904902851341,-0.03437904902851341,macd_bear_cross,15,53.6,0.3293,0.66,1.25,True,fib_pullback,SHILPAMED
2021-10-08,2021-10-22,296.564208984375,286.25628662109375,-0.03475780977948131,-0.03735780977948131,macd_bear_cross,14,63.2,1.7223,0.99,3.19,True,fib_pullback,SHILPAMED
2021-12-08,2021-12-14,289.7420654296875,277.21820068359375,-0.043224185371636865,-0.045824185371636864,bb_mid_break,6,55.7,1.4304,0.91,1.07,True,fib_pullback,SHILPAMED
2022-01-03,2022-01-17,295.51849365234375,275.07696533203125,-0.06917173970289821,-0.07177173970289821,macd_bear_cross,14,59.6,1.0342,0.96,5.15,True,fib_pullback,SHILPAMED
2023-10-31,2023-11-13,176.81076049804688,182.55380249023438,0.03248129229245038,0.029881292292450377,rsi_overbought,13,57.4,1.003,0.78,1.71,True,fib_pullback,SHILPAMED
2025-08-14,2025-08-19,453.7751770019531,433.3748779296875,-0.04495684230029581,-0.04755684230029581,bb_mid_break,5,49.7,1.384,0.69,2.18,True,fib_pullback,SHILPAMED
2025-11-12,2025-11-14,399.8999938964844,379.6000061035156,-0.05076266092222917,-0.05336266092222917,death_cross,2,64.9,5.8475,1.17,1.5,True,fib_pullback,SHILPAMED
2017-12-04,2017-12-06,90.806640625,85.39984130859375,-0.059541893403308024,-0.06214189340330802,bb_mid_break,2,63.7,0.2048,0.86,3.43,True,fib_pullback,SCI
2017-12-07,2017-12-13,89.23543548583984,86.37029266357422,-0.032107680168381926,-0.034707680168381924,bb_mid_break,6,60.9,0.1614,0.84,1.64,True,fib_pullback,SCI
2018-01-03,2018-01-16,88.77333068847656,86.093017578125,-0.03019277399602499,-0.03279277399602499,macd_bear_cross,13,61.9,0.0786,0.73,1.61,True,fib_pullback,SCI
2020-01-17,2020-01-21,58.273372650146484,55.5468635559082,-0.04678824942237881,-0.04938824942237881,macd_bear_cross,4,52.9,0.0638,0.78,1.4,True,fib_pullback,SCI
2021-05-28,2021-06-01,109.06541442871094,105.88103485107422,-0.029196969491351848,-0.03179696949135185,macd_bear_cross,4,50.9,0.1348,0.68,1.15,True,fib_pullback,SCI
2021-07-14,2021-07-28,107.8946762084961,101.38540649414062,-0.06032985076832642,-0.06292985076832641,macd_bear_cross,14,64.7,0.4508,1.07,4.56,True,fib_pullback,SCI
2021-09-08,2021-09-09,102.0550537109375,103.55726623535156,0.01471962896290227,0.012119628962902269,rsi_overbought,1,64.6,0.7708,0.83,1.92,True,fib_pullback,SCI
2022-01-17,2022-01-18,133.4602508544922,126.37178039550781,-0.05311297119254427,-0.055712971192544265,bb_mid_break,1,61.1,0.3576,0.91,1.61,True,fib_pullback,SCI
2024-04-03,2024-04-15,212.5547332763672,195.55035461425783,-0.07999999999999993,-0.08259999999999994,stop_loss,12,59.4,2.2753,0.76,1.92,True,fib_pullback,SCI
2024-04-25,2024-05-03,219.97055053710938,209.15383911132812,-0.04917345253430392,-0.05177345253430392,bb_mid_break,8,55.8,1.3027,0.92,3.25,True,fib_pullback,SCI
2025-09-11,2025-09-24,207.2772979736328,226.76625061035156,0.09402357531309524,0.09142357531309524,rsi_overbought,13,53.5,0.2571,0.79,3.52,True,fib_pullback,SCI
2026-01-30,2026-02-09,222.43614196777344,261.7969970703125,0.17695350564137038,0.1743535056413704,rsi_overbought,10,59.9,1.8781,0.74,2.91,True,fib_pullback,SCI
2026-04-10,2026-04-16,243.2899932861328,288.92999267578125,0.18759505384165692,0.18499505384165693,rsi_overbought,6,51.8,1.5569,0.81,1.26,True,fib_pullback,SCI
2018-02-28,2018-03-06,508.8173522949219,491.7796630859375,-0.03348488240846973,-0.03608488240846973,bb_mid_break,6,63.1,1.7001,0.93,5.12,True,fib_pullback,SHOPERSTOP
2018-07-10,2018-07-13,536.8043823242188,510.8467712402344,-0.04835581068022376,-0.050955810680223756,bb_mid_break,3,55.1,1.8834,0.9,1.29,True,fib_pullback,SHOPERSTOP
2018-08-01,2018-08-08,527.6205444335938,529.7944946289062,0.004120291027799644,0.0015202910277996445,rsi_overbought,7,50.8,2.379,0.7,4.9,True,fib_pullback,SHOPERSTOP
2021-09-08,2021-09-21,251.85000610351562,243.5,-0.03315467898016885,-0.03575467898016885,bb_mid_break,13,62.6,1.229,0.93,1.31,True,fib_pullback,SHOPERSTOP
2022-01-17,2022-01-19,344.95001220703125,351.1000061035156,0.01782865249702698,0.015228652497026977,rsi_overbought,2,58.2,1.8789,0.81,1.17,True,fib_pullback,SHOPERSTOP
2022-03-09,2022-03-17,353.3999938964844,404.04998779296875,0.14332199991865432,0.14072199991865433,rsi_overbought,8,48.5,0.9431,0.8,1.09,True,fib_pullback,SHOPERSTOP
2022-12-30,2023-01-11,709.3499755859375,694.7999877929688,-0.020511719593632415,-0.023111719593632417,bb_mid_break,12,59.2,3.654,0.9,1.35,True,fib_pullback,SHOPERSTOP
2024-05-02,2024-05-06,741.8499755859375,719.6500244140625,-0.029925122197841617,-0.032525122197841615,bb_mid_break,4,45.1,1.0842,0.61,1.3,True,fib_pullback,SHOPERSTOP
2024-06-20,2024-07-10,751.1500244140625,895.9500122070312,0.19277106182073353,0.19017106182073354,rsi_overbought,20,57.7,0.2105,0.68,1.06,True,fib_pullback,SHOPERSTOP
2024-08-21,2024-09-13,811.2999877929688,914.0499877929688,0.12664859059041453,0.12404859059041454,rsi_overbought,23,56.3,6.7374,0.98,2.31,True,fib_pullback,SHOPERSTOP
2017-07-07,2017-07-14,17730.677734375,17953.783203125,0.012583019785953173,0.009983019785953173,rsi_overbought,7,59.8,147.269,0.86,1.17,True,fib_pullback,SHREECEM
2017-08-01,2017-08-04,18011.5703125,17458.65234375,-0.030697932448803526,-0.033297932448803524,bb_mid_break,3,52.5,40.5898,0.82,1.35,True,fib_pullback,SHREECEM
2017-08-30,2017-09-11,17110.447265625,18171.900390625,0.062035381572547565,0.05943538157254757,rsi_overbought,12,48.8,11.522,0.53,1.45,True,fib_pullback,SHREECEM
2019-09-23,2019-10-01,19376.103515625,18087.607421875,-0.06649923668662017,-0.06909923668662017,bb_mid_break,8,62.9,208.8115,1.09,1.48,True,fib_pullback,SHREECEM
2019-10-22,2019-10-29,18984.36328125,19787.341796875,0.042296836808747004,0.039696836808747006,rsi_overbought,7,52.0,80.8156,0.79,3.51,True,fib_pullback,SHREECEM
2021-06-22,2021-06-28,28571.8984375,27742.416015625,-0.02903140733505906,-0.03163140733505906,bb_mid_break,6,63.2,62.3386,0.99,1.46,True,fib_pullback,SHREECEM
2021-07-20,2021-07-28,27442.1328125,26921.693359375,-0.018964978293813144,-0.021564978293813146,macd_bear_cross,8,59.4,50.2827,0.56,1.63,True,fib_pullback,SHREECEM
2021-07-30,2021-08-10,27679.9453125,26555.638671875,-0.04061809472279824,-0.043218094722798236,macd_bear_cross,11,64.4,8.2097,0.79,1.04,True,fib_pullback,SHREECEM
2021-08-31,2021-09-01,27701.63671875,27888.037109375,0.006728858389036411,0.004128858389036411,rsi_overbought,1,63.8,153.5221,0.76,1.84,True,fib_pullback,SHREECEM
2021-11-01,2021-11-16,28541.70703125,27555.771484375,-0.03454367833695126,-0.03714367833695126,bb_mid_break,15,63.5,153.7842,1.01,1.58,True,fib_pullback,SHREECEM
2023-05-26,2023-06-22,24602.490234375,25327.0078125,0.029448952980893464,0.026848952980893463,macd_bear_cross,27,54.5,60.9477,1.0,1.55,True,fib_pullback,SHREECEM
2024-04-02,2024-04-12,26238.96875,25208.7578125,-0.03926263060548064,-0.041862630605480636,bb_mid_break,10,63.7,235.4894,1.03,1.23,True,fib_pullback,SHREECEM
2025-01-29,2025-01-31,26408.126953125,27542.232421875,0.04294532023278523,0.04034532023278523,rsi_overbought,2,56.7,121.6472,0.97,1.28,True,fib_pullback,SHREECEM
2025-06-26,2025-07-11,29883.75,30980.62890625,0.03670486154682729,0.03410486154682729,rsi_overbought,15,57.1,8.2209,0.89,1.99,True,fib_pullback,SHREECEM
2016-08-29,2016-09-02,16.950000762939453,16.299999237060547,-0.03834817089212824,-0.04094817089212824,bb_mid_break,4,50.0,0.0247,0.67,2.22,True,fib_pullback,RENUKA
2016-09-19,2016-09-26,16.799999237060547,16.25,-0.03273805131176773,-0.035338051311767725,bb_mid_break,7,60.2,0.0189,0.78,1.32,True,fib_pullback,RENUKA
2016-10-06,2016-10-14,16.549999237060547,16.149999618530273,-0.024169162354675585,-0.026769162354675587,bb_mid_break,8,54.1,0.0202,0.7,1.08,True,fib_pullback,RENUKA
2021-03-08,2021-03-12,10.75,9.89,-0.07999999999999995,-0.08259999999999995,stop_loss,4,63.8,0.1844,0.79,1.74,True,fib_pullback,RENUKA
2021-10-04,2021-10-21,29.399999618530273,29.350000381469727,-0.0017006543438535721,-0.004300654343853572,macd_bear_cross,17,59.5,0.1984,0.86,1.41,True,fib_pullback,RENUKA
2021-12-08,2021-12-10,28.850000381469727,33.25,0.1525129830277708,0.1499129830277708,rsi_overbought,2,55.9,0.232,0.84,2.06,True,fib_pullback,RENUKA
2022-07-20,2022-07-26,49.54999923706055,47.70000076293945,-0.037335993998106894,-0.03993599399810689,bb_mid_break,6,63.2,0.32,0.89,1.41,True,fib_pullback,RENUKA
2022-09-02,2022-09-07,47.70000076293945,52.5,0.10062891321355931,0.0980289132135593,rsi_overbought,5,64.6,0.2846,0.78,1.45,True,fib_pullback,RENUKA
2022-11-28,2022-12-13,58.599998474121094,57.75,-0.01450509379273226,-0.01710509379273226,bb_mid_break,15,48.7,0.1248,0.76,1.19,True,fib_pullback,RENUKA
2023-09-25,2023-09-28,55.45000076293945,54.95000076293945,-0.009017132427781314,-0.011617132427781316,macd_bear_cross,3,58.7,0.114,0.77,1.55,False,golden_cross,RENUKA
2024-01-31,2024-02-12,48.0,46.099998474121094,-0.03958336512247721,-0.04218336512247721,death_cross,12,58.0,0.2999,0.88,1.56,True,fib_pullback,RENUKA
2024-09-25,2024-09-27,48.939998626708984,53.04999923706055,0.08398039897182448,0.08138039897182447,rsi_overbought,2,51.8,0.1186,0.81,2.21,True,fib_pullback,RENUKA
2016-09-27,2016-09-29,701.9902954101562,667.40869140625,-0.04926222517606321,-0.05186222517606321,macd_bear_cross,2,52.8,0.5743,0.7,1.35,True,fib_pullback,SIEMENS
2017-07-20,2017-07-31,755.8416137695312,804.4638061523438,0.06432854647989548,0.06172854647989548,rsi_overbought,11,64.1,1.3502,0.79,2.38,True,fib_pullback,SIEMENS
2017-08-03,2017-08-04,762.4756469726562,754.3489990234375,-0.010658239356869829,-0.01325823935686983,macd_bear_cross,1,58.6,0.4988,0.55,1.06,True,fib_pullback,SIEMENS
2019-09-11,2019-09-20,691.3446044921875,749.4859008789062,0.08409886474694513,0.08149886474694512,rsi_overbought,9,61.6,4.5085,1.06,1.93,True,fib_pullback,SIEMENS
2020-01-16,2020-01-24,866.72802734375,917.248779296875,0.058289048420362366,0.05568904842036237,rsi_overbought,8,52.1,2.1185,0.81,1.79,True,fib_pullback,SIEMENS
2021-08-03,2021-08-11,1162.3406982421875,1255.8690185546875,0.08046549557624821,0.07786549557624821,rsi_overbought,8,53.8,1.6777,0.83,2.39,True,fib_pullback,SIEMENS
2021-12-09,2021-12-15,1301.83056640625,1423.41162109375,0.09339237979572784,0.09079237979572784,rsi_overbought,6,46.1,1.1602,0.57,1.23,True,fib_pullback,SIEMENS
2022-01-19,2022-01-24,1364.1541748046875,1285.78173828125,-0.0574513042374103,-0.0600513042374103,macd_bear_cross,5,53.7,0.2876,0.67,1.06,True,fib_pullback,SIEMENS
2022-03-17,2022-03-22,1372.35546875,1336.7344970703125,-0.02595608243695972,-0.028556082436959722,bb_mid_break,5,58.3,2.8079,0.62,1.79,True,fib_pullback,SIEMENS
2022-03-31,2022-04-08,1365.006591796875,1451.695556640625,0.06350809246249418,0.060908092462494186,rsi_overbought,8,56.4,2.4417,0.79,1.41,True,fib_pullback,SIEMENS
2022-06-14,2022-06-15,1383.652587890625,1373.2200927734375,-0.007539822646587763,-0.010139822646587762,macd_bear_cross,1,61.2,0.0112,0.71,1.9,True,fib_pullback,SIEMENS
2022-06-28,2022-07-06,1372.1536865234375,1526.1939697265625,0.11226168374288288,0.10966168374288288,rsi_overbought,8,52.2,0.2831,0.65,1.11,True,fib_pullback,SIEMENS
2022-10-27,2022-11-01,1659.8587646484375,1697.6123046875,0.02274503159132265,0.020145031591322648,rsi_overbought,5,58.4,7.6672,0.92,1.17,True,fib_pullback,SIEMENS
2022-12-07,2022-12-12,1674.6142578125,1751.274169921875,0.04577765401897009,0.04317765401897009,rsi_overbought,5,54.8,2.0531,0.86,5.67,True,fib_pullback,SIEMENS
2023-01-11,2023-01-18,1695.16259765625,1766.4332275390625,0.04204353610759937,0.039443536107599375,rsi_overbought,7,59.4,3.7571,0.82,1.5,True,fib_pullback,SIEMENS
2023-08-24,2023-08-31,2205.23486328125,2273.938720703125,0.03115489355163196,0.028554893551631957,rsi_overbought,7,50.8,1.9523,0.65,1.76,True,fib_pullback,SIEMENS
2023-12-20,2023-12-27,2266.430419921875,2306.145263671875,0.017523080965075023,0.014923080965075022,macd_bear_cross,7,64.4,6.5701,0.66,1.06,False,golden_cross,SIEMENS
2024-11-25,2024-12-04,4277.40673828125,4510.64599609375,0.05452819245013401,0.05192819245013401,rsi_overbought,9,63.0,14.6506,1.1,5.01,True,fib_pullback,SIEMENS
2025-11-17,2025-11-27,3216.792724609375,3295.904052734375,0.024593231487927695,0.021993231487927693,rsi_overbought,10,56.8,9.1663,1.13,5.4,True,fib_pullback,SIEMENS
2026-04-08,2026-04-16,3210.324462890625,3546.373291015625,0.10467752777313248,0.10207752777313248,rsi_overbought,8,53.9,5.8062,0.73,1.07,True,golden_cross,SIEMENS
2026-07-16,2026-07-27,3639.714599609375,3699.819091796875,0.01651351789888982,0.013913517898889817,rsi_overbought,11,52.5,8.9486,0.72,3.79,True,fib_pullback,SIEMENS
2020-11-19,2020-11-25,2.450000047683716,2.299999952316284,-0.061224527529803535,-0.06382452752980354,macd_bear_cross,6,50.0,0.0048,0.52,1.21,True,fib_pullback,SPTL
2021-03-02,2021-03-04,3.450000047683716,3.1740000438690186,-0.08,-0.0826,stop_loss,2,60.9,0.0098,0.77,1.03,True,fib_pullback,SPTL
2021-03-10,2021-03-15,3.5,4.199999809265137,0.1999999455043248,0.1973999455043248,rsi_overbought,5,55.0,0.0064,0.87,4.1,True,fib_pullback,SPTL
2017-06-21,2017-06-23,360.5110168457031,350.67816162109375,-0.02727477043736998,-0.029874770437369982,bb_mid_break,2,62.3,0.2604,0.83,1.55,True,fib_pullback,SOBHA
2017-07-06,2017-07-20,363.7734375,373.86248779296875,0.027734433724201618,0.025134433724201617,rsi_overbought,14,58.7,1.2395,0.98,4.63,True,fib_pullback,SOBHA
2017-10-12,2017-10-23,393.1380920410156,475.3249816894531,0.20905348861453762,0.20645348861453763,rsi_overbought,11,55.5,3.3212,0.76,1.02,True,fib_pullback,SOBHA
2018-04-06,2018-04-16,506.89617919921875,508.2367248535156,0.0026446158193865928,4.4615819386592884e-05,rsi_overbought,10,55.0,4.9663,0.83,7.11,True,fib_pullback,SOBHA
2019-03-22,2019-04-01,432.5167541503906,480.49078369140625,0.11091831491072031,0.1083183149107203,rsi_overbought,10,64.9,3.3921,1.06,2.59,True,fib_pullback,SOBHA
2021-05-25,2021-06-03,465.47479248046875,502.1379089355469,0.07876498802374246,0.07616498802374246,rsi_overbought,9,47.9,0.1577,0.57,1.14,True,fib_pullback,SOBHA
2024-09-17,2024-09-20,1837.0279541015625,1975.6351318359375,0.075451860939244,0.07285186093924399,rsi_overbought,3,64.6,16.9055,1.21,1.5,True,fib_pullback,SOBHA
2025-09-11,2025-09-18,1551.0423583984375,1622.64892578125,0.046166738770920104,0.043566738770920106,rsi_overbought,7,54.9,8.5275,1.0,1.35,True,fib_pullback,SOBHA
2025-10-16,2025-10-31,1540.1868896484375,1611.9925537109375,0.046621396757175575,0.04402139675717558,rsi_overbought,15,47.7,0.655,0.62,1.29,True,fib_pullback,SOBHA
2016-11-02,2016-11-04,668.135009765625,646.861572265625,-0.031840028121655393,-0.03444002812165539,bb_mid_break,2,55.2,1.4785,0.98,1.16,False,golden_cross,SOLARINDS
2019-09-23,2019-10-04,1116.73388671875,1069.1025390625,-0.042652370652244725,-0.045252370652244724,bb_mid_break,11,55.5,4.1831,0.94,1.19,True,fib_pullback,SOLARINDS
2020-10-05,2020-10-13,1070.89697265625,1050.1649169921875,-0.01935952401904617,-0.021959524019046172,bb_mid_break,8,50.1,1.2848,0.82,2.95,True,fib_pullback,SOLARINDS
2022-03-09,2022-03-17,2387.269287109375,2569.007080078125,0.07612789807588369,0.07352789807588368,rsi_overbought,8,61.7,8.436,1.16,1.61,True,fib_pullback,SOLARINDS
2022-07-22,2022-08-01,2804.340087890625,2682.52685546875,-0.043437396536844704,-0.0460373965368447,bb_mid_break,10,60.1,10.685,1.15,2.51,True,fib_pullback,SOLARINDS
2023-04-28,2023-05-08,3808.57568359375,3768.486083984375,-0.010526139675277947,-0.013126139675277947,bb_mid_break,10,55.2,3.3421,0.68,1.09,True,fib_pullback,SOLARINDS
2024-02-13,2024-02-16,6912.64599609375,6677.69970703125,-0.03398789540145195,-0.03658789540145195,bb_mid_break,3,52.7,28.9824,0.71,1.83,True,fib_pullback,SOLARINDS
2024-09-06,2024-09-18,11019.7392578125,10728.4853515625,-0.026430199429946954,-0.029030199429946956,macd_bear_cross,12,64.5,78.3211,0.91,1.36,True,fib_pullback,SOLARINDS
2024-09-20,2024-10-04,11077.6201171875,10936.888671875,-0.012704122710811132,-0.015304122710811132,macd_bear_cross,14,50.6,1.8967,0.78,1.28,True,fib_pullback,SOLARINDS
2024-11-28,2024-12-09,10880.404296875,10949.873046875,0.006384758149102269,0.0037847581491022688,rsi_overbought,11,63.2,107.9736,1.19,2.78,True,fib_pullback,SOLARINDS
2025-11-12,2025-11-13,14075.68359375,13750.875,-0.02307586637527318,-0.025675866375273183,bb_mid_break,1,49.5,3.6591,0.7,2.25,True,fib_pullback,SOLARINDS
2016-12-02,2016-12-12,43.32286071777344,46.512271881103516,0.07361958814556319,0.07101958814556318,rsi_overbought,10,55.9,0.0877,0.56,2.17,True,fib_pullback,SONATSOFTW
2018-07-13,2018-07-17,99.99506378173828,91.99545867919922,-0.08000000000000002,-0.08260000000000002,stop_loss,4,56.8,1.0414,1.0,8.27,True,fib_pullback,SONATSOFTW
2019-05-13,2019-05-16,103.4632339477539,101.36231231689453,-0.02030597295963398,-0.02290597295963398,bb_mid_break,3,57.4,0.1556,0.88,1.68,True,fib_pullback,SONATSOFTW
2019-08-09,2019-08-14,105.44226837158203,99.77936553955078,-0.05370619315657165,-0.05630619315657165,bb_mid_break,5,57.1,0.4091,0.8,2.48,True,fib_pullback,SONATSOFTW
2020-11-27,2020-12-17,114.69564819335938,123.0765609741211,0.07307088728103073,0.07047088728103072,rsi_overbought,20,58.0,0.0798,0.66,3.68,True,fib_pullback,SONATSOFTW
2021-12-29,2022-01-07,298.3925476074219,296.8303527832031,-0.005235368097309324,-0.007835368097309323,rsi_overbought,9,59.9,1.9382,0.94,1.02,True,fib_pullback,SONATSOFTW
2023-10-13,2023-10-20,520.1943969726562,530.2837524414062,0.01939535590438192,0.016795355904381918,rsi_overbought,7,61.0,1.0903,0.8,1.19,True,fib_pullback,SONATSOFTW
2017-01-11,2017-01-13,17.84493637084961,17.678937911987305,-0.009302272387671248,-0.011902272387671248,rsi_overbought,2,60.4,0.2096,0.92,2.63,True,fib_pullback,SOUTHBANK
2017-09-15,2017-09-20,27.179508209228516,29.223779678344727,0.07521370340402628,0.07261370340402627,rsi_overbought,5,61.7,0.081,0.78,2.61,True,fib_pullback,SOUTHBANK
2021-02-24,2021-03-01,8.66115951538086,10.104686737060547,0.16666674007287474,0.16406674007287475,rsi_overbought,5,58.7,0.0795,1.01,1.11,True,fib_pullback,SOUTHBANK
2023-03-06,2023-03-14,17.418556213378906,16.74490737915039,-0.038674206172788134,-0.04127420617278813,bb_mid_break,8,55.8,0.0698,0.94,3.47,True,fib_pullback,SOUTHBANK
2023-12-04,2023-12-13,24.815174102783203,26.521522521972656,0.06876229891121632,0.06616229891121632,rsi_overbought,9,64.6,0.0603,0.91,1.5,True,fib_pullback,SOUTHBANK
2024-04-29,2024-05-03,30.27548599243164,27.85344711303711,-0.08,-0.0826,stop_loss,4,61.9,0.3918,1.03,1.28,True,fib_pullback,SOUTHBANK
2024-06-20,2024-06-26,27.808595657348633,26.58002281188965,-0.044179607650713014,-0.04677960765071301,bb_mid_break,6,62.5,0.1848,0.92,1.94,True,fib_pullback,SOUTHBANK
2025-08-19,2025-08-28,29.81999969482422,29.270000457763672,-0.018443971921167018,-0.02104397192116702,bb_mid_break,9,58.2,0.0991,0.91,1.39,True,fib_pullback,SOUTHBANK
2025-09-18,2025-09-24,29.59000015258789,29.8799991607666,0.009800574744280565,0.007200574744280566,rsi_overbought,6,56.8,0.0461,0.74,1.23,True,fib_pullback,SOUTHBANK
2025-10-03,2025-10-10,29.780000686645508,34.2599983215332,0.1504364516988308,0.1478364516988308,rsi_overbought,7,60.3,0.0163,0.81,1.42,True,fib_pullback,SOUTHBANK
2026-04-20,2026-04-22,39.290000915527344,39.849998474121094,0.014252928112619103,0.011652928112619101,rsi_overbought,2,62.0,0.4288,0.84,1.2,True,fib_pullback,SOUTHBANK
2026-04-29,2026-05-12,39.88999938964844,38.209999084472656,-0.04211582679571928,-0.044715826795719275,macd_bear_cross,13,63.2,0.2172,0.77,1.01,True,fib_pullback,SOUTHBANK
2020-07-30,2020-07-31,95.13060760498047,87.52015899658204,-0.0799999999999999,-0.08259999999999991,stop_loss,1,57.8,0.0719,1.2,12.48,False,golden_cross,STARCEMENT
2020-09-14,2020-09-21,90.3691177368164,85.2108383178711,-0.05708011263281182,-0.05968011263281182,bb_mid_break,7,49.7,0.0359,0.7,1.16,True,fib_pullback,STARCEMENT
2021-03-03,2021-03-04,98.50334167480469,105.64556884765625,0.07250746067509718,0.06990746067509718,rsi_overbought,1,61.2,0.0948,0.63,1.02,True,fib_pullback,STARCEMENT
2021-04-08,2021-04-12,101.87605285644531,96.56897735595703,-0.052093454268065734,-0.05469345426806573,bb_mid_break,4,62.5,0.4358,1.03,3.61,True,fib_pullback,STARCEMENT
2021-04-13,2021-04-19,100.0408935546875,95.4281997680664,-0.04610808263222437,-0.04870808263222437,macd_bear_cross,6,58.4,0.4657,0.84,2.21,True,fib_pullback,STARCEMENT
2021-04-30,2021-05-24,102.07445526123047,111.6966323852539,0.09426625985314561,0.09166625985314561,rsi_overbought,24,50.4,0.3207,1.04,4.36,True,fib_pullback,STARCEMENT
2022-12-02,2022-12-06,105.69517517089844,109.16708374023438,0.03284831652648488,0.030248316526484877,rsi_overbought,4,45.1,0.3188,0.78,1.07,True,fib_pullback,STARCEMENT
2023-02-24,2023-02-27,112.3910140991211,109.06788635253906,-0.0295675572750973,-0.0321675572750973,bb_mid_break,3,47.6,0.0817,0.76,1.5,True,fib_pullback,STARCEMENT
2023-03-02,2023-03-09,112.4902114868164,109.365478515625,-0.027777821108973717,-0.030377821108973718,bb_mid_break,7,51.2,0.1673,0.77,2.14,True,fib_pullback,STARCEMENT
2023-03-23,2023-03-28,113.73018646240234,107.67913055419922,-0.05320536346964948,-0.055805363469649476,bb_mid_break,5,53.1,0.1685,0.93,7.42,True,fib_pullback,STARCEMENT
2023-11-20,2023-12-01,166.3545684814453,162.6346435546875,-0.022361423318366647,-0.02496142331836665,macd_bear_cross,11,60.0,1.04,0.85,1.09,True,fib_pullback,STARCEMENT
2024-08-12,2024-08-26,212.45175170898438,220.347900390625,0.03716678548481323,0.034566785484813234,rsi_overbought,14,54.2,0.0396,0.86,5.57,True,fib_pullback,STARCEMENT
2024-11-01,2024-11-04,210.13052368164062,202.6609344482422,-0.03554737837476329,-0.038147378374763286,death_cross,3,53.2,0.5351,0.82,2.9,True,fib_pullback,STARCEMENT
2025-03-06,2025-03-10,215.57647705078125,204.88294982910156,-0.04960433238344793,-0.052204332383447925,bb_mid_break,4,62.1,0.7997,0.93,1.04,True,fib_pullback,STARCEMENT
2025-03-24,2025-04-21,214.61427307128906,229.70223999023438,0.07030271893395225,0.06770271893395224,rsi_overbought,28,58.1,0.9576,0.87,1.07,True,fib_pullback,STARCEMENT
2017-01-19,2017-01-27,232.10926818847656,239.34022521972656,0.03115324557129853,0.028553245571298527,rsi_overbought,8,64.7,1.5613,0.98,1.11,True,fib_pullback,SBIN
2017-06-20,2017-06-27,262.94061279296875,253.4688720703125,-0.03602235737586115,-0.03862235737586115,macd_bear_cross,7,55.0,0.1264,0.83,1.24,True,fib_pullback,SBIN
2018-01-23,2018-02-01,288.31915283203125,277.39727783203125,-0.037881198292653344,-0.04048119829265334,bb_mid_break,9,63.6,1.333,1.12,1.92,True,fib_pullback,SBIN
2018-10-31,2018-11-16,255.05502319335938,263.6656494140625,0.03375987703710245,0.03115987703710245,rsi_overbought,16,51.7,2.411,1.0,1.01,True,fib_pullback,SBIN
2020-02-13,2020-02-17,296.7938537597656,284.7843322753906,-0.04046418526610018,-0.04306418526610018,bb_mid_break,4,51.9,1.5822,0.9,1.57,True,fib_pullback,SBIN
2020-02-26,2020-02-28,297.4736022949219,273.67571411132815,-0.07999999999999992,-0.08259999999999992,stop_loss,2,62.6,1.2626,0.82,1.0,True,fib_pullback,SBIN
2021-09-08,2021-09-09,394.57623291015625,395.4451904296875,0.002202255095605591,-0.000397744904394409,rsi_overbought,1,60.4,1.4584,0.76,1.2,True,fib_pullback,SBIN
2022-01-05,2022-01-07,450.4215393066406,449.36956787109375,-0.002335526487401633,-0.004935526487401633,rsi_overbought,2,55.1,3.515,0.85,1.69,True,fib_pullback,SBIN
2023-09-13,2023-09-28,564.8836059570312,558.7276000976562,-0.01089783062290405,-0.01349783062290405,macd_bear_cross,15,62.6,3.2467,1.11,1.18,True,fib_pullback,SBIN
2023-10-03,2023-10-04,571.03955078125,555.2234497070312,-0.027697032635621198,-0.0302970326356212,macd_bear_cross,1,58.4,0.5114,0.81,1.0,True,fib_pullback,SBIN
2024-10-17,2024-10-22,781.0072631835938,761.1222534179688,-0.025460723226271163,-0.028060723226271164,bb_mid_break,5,54.7,2.9185,0.89,1.23,True,fib_pullback,SBIN
2025-08-11,2025-08-18,808.8700561523438,812.9957275390625,0.005100536675005454,0.0025005366750054537,rsi_overbought,7,55.8,0.684,0.77,1.35,True,fib_pullback,SBIN
2025-09-11,2025-09-17,809.0665283203125,841.973388671875,0.04067262604458474,0.038072626044584744,rsi_overbought,6,48.3,0.7355,0.72,1.32,True,fib_pullback,SBIN
2016-10-07,2016-10-14,41.73695373535156,39.898685455322266,-0.04404414111498194,-0.04664414111498194,bb_mid_break,7,59.1,0.129,0.9,1.37,True,fib_pullback,SAIL
2016-10-20,2016-11-09,41.36094284057617,38.05206741333008,-0.07999999999999999,-0.08259999999999999,stop_loss,20,52.3,0.0654,0.77,1.08,True,fib_pullback,SAIL
2017-01-05,2017-01-12,43.40809631347656,47.836639404296875,0.10202113123872282,0.09942113123872282,rsi_overbought,7,48.7,0.087,0.59,1.11,True,fib_pullback,SAIL
2017-05-15,2017-05-18,51.68029022216797,50.46870422363281,-0.023443869864636584,-0.026043869864636585,bb_mid_break,3,58.4,0.1095,1.0,1.07,True,fib_pullback,SAIL
2021-07-26,2021-07-29,111.77506256103516,122.42646789550781,0.09529321738161783,0.09269321738161783,rsi_overbought,3,56.6,0.123,0.78,1.44,True,fib_pullback,SAIL
2021-11-01,2021-11-11,109.73876953125,105.90906524658203,-0.034898370931500146,-0.037498370931500144,bb_mid_break,10,59.2,0.0967,0.9,3.75,True,fib_pullback,SAIL
2021-12-13,2021-12-20,102.28824615478516,96.40440368652344,-0.057522175708811546,-0.060122175708811544,bb_mid_break,7,53.6,0.9755,0.75,1.8,True,fib_pullback,SAIL
2023-05-02,2023-05-12,81.83767700195312,80.33828735351562,-0.018321507933341214,-0.020921507933341216,bb_mid_break,10,61.6,0.2398,1.19,1.79,True,fib_pullback,SAIL
2023-06-02,2023-06-09,80.87033081054688,80.19319152832031,-0.008373148414749058,-0.01097314841474906,bb_mid_break,7,46.4,0.0283,0.64,1.0,True,fib_pullback,SAIL
2023-06-13,2023-07-03,81.35400390625,84.64299011230469,0.04042808034187008,0.03782808034187008,rsi_overbought,20,57.1,0.1019,0.82,1.04,True,fib_pullback,SAIL
2023-08-30,2023-09-04,88.4156494140625,99.39505004882812,0.12417938122410434,0.12157938122410433,rsi_overbought,5,45.7,0.1359,0.66,1.78,True,fib_pullback,SAIL
2024-07-31,2024-08-02,149.97984313964844,143.30601501464844,-0.04449816712227056,-0.04709816712227056,bb_mid_break,2,52.9,0.5261,0.7,1.21,True,fib_pullback,SAIL
2025-09-03,2025-09-16,128.07479858398438,132.94000244140625,0.03798720678238306,0.03538720678238306,rsi_overbought,13,63.6,0.7945,1.25,3.17,True,fib_pullback,SAIL
2026-04-01,2026-04-16,155.82000732421875,171.32000732421875,0.09947374708915746,0.09687374708915746,rsi_overbought,15,54.7,0.1288,0.68,1.63,True,fib_pullback,SAIL
2019-03-27,2019-04-04,431.8821716308594,466.1302185058594,0.07929951529527983,0.07669951529527982,rsi_overbought,8,60.8,2.4369,0.99,2.63,True,fib_pullback,STAR
2020-07-29,2020-08-05,422.8923645019531,524.7835083007812,0.24093871715756066,0.23833871715756066,rsi_overbought,7,56.4,0.3833,1.08,1.82,True,fib_pullback,STAR
2020-11-19,2020-12-01,685.03857421875,782.9503173828125,0.1429288026235977,0.1403288026235977,rsi_overbought,12,51.3,3.1651,0.6,1.1,True,fib_pullback,STAR
2021-03-03,2021-03-04,874.7702026367188,851.4835815429688,-0.026620272413897764,-0.029220272413897765,bb_mid_break,1,55.4,0.2771,0.74,1.28,True,fib_pullback,STAR
2021-03-30,2021-04-30,853.0065307617188,849.6659545898438,-0.003916237509801863,-0.006516237509801863,macd_bear_cross,31,50.3,3.179,0.72,2.24,True,fib_pullback,STAR
2023-08-31,2023-09-07,438.5893859863281,470.98040771484375,0.07385272595156996,0.07125272595156995,rsi_overbought,7,53.4,1.0635,0.74,1.21,True,fib_pullback,STAR
2023-11-21,2023-11-29,490.0194091796875,480.6235046386719,-0.019174555874724948,-0.02177455587472495,bb_mid_break,8,59.1,0.7875,0.85,1.63,True,fib_pullback,STAR
2023-12-01,2023-12-06,496.84375,481.9587097167969,-0.02995919800380527,-0.03255919800380527,bb_mid_break,5,63.7,1.2399,0.97,2.12,True,fib_pullback,STAR
2023-12-08,2023-12-13,506.63525390625,576.8075561523438,0.1385065522090153,0.13590655220901532,rsi_overbought,5,64.0,1.2785,1.18,4.33,True,fib_pullback,STAR
2025-09-01,2025-09-10,892.520751953125,868.3837890625,-0.02704358732030095,-0.02964358732030095,bb_mid_break,9,64.7,2.355,0.81,1.0,True,fib_pullback,STAR
2026-03-11,2026-03-20,889.7835693359375,899.4383544921875,0.01085071189104509,0.00825071189104509,death_cross,9,57.0,3.6849,1.03,1.65,True,fib_pullback,STAR
2017-01-04,2017-01-11,305.3737487792969,312.3642578125,0.022891650186524,0.020291650186524,rsi_overbought,7,60.5,6.2025,0.91,1.05,True,fib_pullback,SUDARSCHEM
2017-07-05,2017-07-13,363.6194763183594,348.3857421875,-0.04189471445561899,-0.044494714455618985,bb_mid_break,8,58.8,1.5091,1.13,3.71,True,fib_pullback,SUDARSCHEM
2017-07-14,2017-07-25,351.71954345703125,413.534423828125,0.175750485069777,0.173150485069777,rsi_overbought,11,57.6,0.3861,0.58,1.22,True,fib_pullback,SUDARSCHEM
2017-12-11,2017-12-14,352.9853210449219,340.5477294921875,-0.035235435615045115,-0.03783543561504511,bb_mid_break,3,61.1,0.9739,1.3,3.76,True,fib_pullback,SUDARSCHEM
2017-12-18,2017-12-27,350.4792175292969,353.4029846191406,0.008342198177840173,0.005742198177840174,death_cross,9,59.1,1.0304,0.94,1.42,True,fib_pullback,SUDARSCHEM
2018-03-27,2018-04-05,406.3338623046875,440.0899658203125,0.08307479796087766,0.08047479796087766,rsi_overbought,9,53.1,1.2517,0.83,1.13,True,fib_pullback,SUDARSCHEM
2018-07-27,2018-08-10,450.2158203125,419.09698486328125,-0.06911981775233667,-0.07171981775233667,macd_bear_cross,14,64.7,3.7081,1.16,2.4,True,fib_pullback,SUDARSCHEM
2020-04-09,2020-05-05,407.537109375,374.934140625,-0.08,-0.0826,stop_loss,26,63.8,9.0585,1.06,2.63,True,fib_pullback,SUDARSCHEM
2021-01-07,2021-01-11,474.6044006347656,483.998779296875,0.01979412464263868,0.01719412464263868,rsi_overbought,4,55.7,0.7401,0.75,2.27,True,fib_pullback,SUDARSCHEM
2021-04-09,2021-04-12,528.8878173828125,509.7119140625,-0.03625703351460042,-0.03885703351460042,bb_mid_break,3,58.0,1.2664,0.72,1.9,True,fib_pullback,SUDARSCHEM
2021-04-20,2021-04-27,533.7302856445312,625.0096435546875,0.17102150723923704,0.16842150723923704,rsi_overbought,7,63.6,1.8925,0.84,1.24,True,fib_pullback,SUDARSCHEM
2021-10-05,2021-10-12,673.8080444335938,649.1559448242188,-0.03658623522385767,-0.03918623522385767,bb_mid_break,7,53.2,1.8959,0.93,4.49,True,fib_pullback,SUDARSCHEM
2023-12-05,2023-12-11,471.2617492675781,486.4525451660156,0.032234306989792,0.029634306989792,rsi_overbought,6,56.3,2.008,0.9,1.4,True,fib_pullback,SUDARSCHEM
2024-11-28,2024-12-05,1040.514404296875,1126.6507568359375,0.08278247007764292,0.08018247007764291,rsi_overbought,7,51.6,7.9863,0.81,1.79,True,fib_pullback,SUDARSCHEM
2025-03-07,2025-03-19,1011.8024291992188,1003.9763793945312,-0.0077347608375296665,-0.010334760837529666,death_cross,12,62.3,16.9765,0.97,2.33,True,fib_pullback,SUDARSCHEM
2020-11-23,2020-12-01,173.8000030517578,185.1999969482422,0.065592598943105,0.062992598943105,rsi_overbought,8,58.3,0.6022,1.06,3.91,True,fib_pullback,SPARC
2021-02-08,2021-02-09,190.0,182.75,-0.038157894736842106,-0.040757894736842104,macd_bear_cross,1,54.6,0.165,0.58,1.02,True,fib_pullback,SPARC
2021-12-13,2021-12-17,279.25,256.91,-0.0799999999999999,-0.08259999999999991,stop_loss,4,63.4,3.0522,1.09,6.69,True,fib_pullback,SPARC
2023-11-02,2023-11-13,237.89999389648438,259.29998779296875,0.08995373873694168,0.08735373873694167,rsi_overbought,11,56.4,0.8063,0.83,4.53,True,fib_pullback,SPARC
2024-04-03,2024-04-05,393.3500061035156,433.6499938964844,0.10245325325446478,0.09985325325446477,rsi_overbought,2,56.9,2.2482,0.83,1.15,True,fib_pullback,SPARC
2020-11-04,2020-12-04,474.91888427734375,535.5248413085938,0.12761328099949223,0.12501328099949224,rsi_overbought,30,57.5,1.6952,0.73,4.75,True,fib_pullback,SUNPHARMA
2021-04-01,2021-04-09,579.7926635742188,604.4746704101562,0.04257040212234072,0.03997040212234072,rsi_overbought,8,43.5,1.1803,0.67,1.03,True,fib_pullback,SUNPHARMA
2021-07-16,2021-07-20,653.6965942382812,642.1624755859375,-0.017644452723184004,-0.020244452723184005,bb_mid_break,4,58.7,1.2706,0.93,1.08,True,fib_pullback,SUNPHARMA
2021-07-23,2021-07-30,658.822998046875,734.7205200195312,0.11520168876566171,0.1126016887656617,rsi_overbought,7,57.4,1.3446,0.98,1.28,True,fib_pullback,SUNPHARMA
2021-12-22,2021-12-29,759.0712890625,798.3812255859375,0.05178688364302081,0.04918688364302081,rsi_overbought,7,61.7,4.963,1.12,1.35,True,fib_pullback,SUNPHARMA
2023-01-11,2023-02-01,989.423095703125,976.814697265625,-0.012743181852390408,-0.015343181852390409,macd_bear_cross,21,59.4,2.6929,1.11,1.49,True,fib_pullback,SUNPHARMA
2023-05-31,2023-06-06,945.7971801757812,983.0822143554688,0.03942180729779495,0.03682180729779495,rsi_overbought,6,55.4,4.3985,0.86,1.98,True,fib_pullback,SUNPHARMA
2023-06-16,2023-06-19,961.9428100585938,971.44580078125,0.009878956028661835,0.007278956028661834,death_cross,3,61.2,0.4881,0.64,1.23,True,fib_pullback,SUNPHARMA
2024-07-04,2024-07-10,1524.6815185546875,1564.4647216796875,0.026092795538514985,0.023492795538514983,rsi_overbought,6,64.2,6.1918,1.07,1.16,True,fib_pullback,SUNPHARMA
2026-01-07,2026-01-09,1766.4658203125,1714.2427978515625,-0.029563562374333906,-0.032163562374333904,bb_mid_break,2,47.3,1.3395,0.72,1.64,True,fib_pullback,SUNPHARMA
2026-04-28,2026-05-08,1742.732666015625,1843.0697021484375,0.05757454260739318,0.05497454260739318,rsi_overbought,10,54.2,5.5925,0.8,2.87,True,fib_pullback,SUNPHARMA
2020-12-01,2020-12-15,386.835693359375,437.07525634765625,0.1298731317991592,0.12727313179915922,rsi_overbought,14,52.9,1.9593,0.88,1.07,True,fib_pullback,SUNTV
2021-04-27,2021-05-25,428.88616943359375,454.6466064453125,0.06006357595009215,0.057463575950092154,macd_bear_cross,28,56.1,1.6277,0.93,1.92,True,fib_pullback,SUNTV
2021-10-01,2021-10-14,460.81427001953125,490.44720458984375,0.06430559229221901,0.061705592292219,rsi_overbought,13,60.9,2.2382,0.92,2.43,True,fib_pullback,SUNTV
2021-12-10,2021-12-16,489.1085510253906,465.0751953125,-0.04913705896677935,-0.051737058966779347,bb_mid_break,6,57.2,1.4358,0.76,1.26,True,fib_pullback,SUNTV
2024-04-22,2024-04-25,584.2257690429688,608.2711791992188,0.041157736324502155,0.038557736324502156,death_cross,3,54.6,0.5505,0.6,1.25,True,fib_pullback,SUNTV
2024-09-16,2024-09-19,813.2923583984375,780.2305297851562,-0.04065183727827925,-0.04325183727827925,bb_mid_break,3,63.6,3.3036,1.11,1.22,True,fib_pullback,SUNTV
2024-09-27,2024-10-03,804.9063720703125,791.4117431640625,-0.016765464126641524,-0.019365464126641526,bb_mid_break,6,61.4,2.2554,0.84,1.25,True,fib_pullback,SUNTV
2024-12-03,2024-12-12,751.489990234375,701.2290649414062,-0.06688169629151461,-0.06948169629151461,macd_bear_cross,9,63.2,5.4769,1.03,1.69,True,fib_pullback,SUNTV
2017-05-31,2017-06-08,1184.8023681640625,1214.51806640625,0.02508072151158352,0.022480721511583517,rsi_overbought,8,63.8,2.9879,0.99,2.77,True,fib_pullback,SUNDARMFIN
2017-09-05,2017-09-12,1264.59375,1324.2764892578125,0.04719518759112363,0.04459518759112363,rsi_overbought,7,57.9,1.0481,0.67,1.65,True,fib_pullback,SUNDARMFIN
2017-10-25,2017-10-26,1261.7996826171875,1254.77880859375,-0.005564174821216479,-0.00816417482121648,bb_mid_break,1,41.9,0.5122,0.57,2.47,True,fib_pullback,SUNDARMFIN
2019-05-28,2019-05-30,1403.5638427734375,1533.321044921875,0.0924483790434767,0.0898483790434767,rsi_overbought,2,54.3,8.6365,0.9,3.22,True,fib_pullback,SUNDARMFIN
2019-09-20,2019-10-11,1487.2513427734375,1539.5626220703125,0.0351731262849792,0.0325731262849792,rsi_overbought,21,63.6,1.4573,1.1,3.72,True,fib_pullback,SUNDARMFIN
2021-05-27,2021-06-14,2366.478515625,2463.0703125,0.04081668024334021,0.03821668024334021,rsi_overbought,18,53.6,3.8421,0.7,2.68,True,fib_pullback,SUNDARMFIN
2021-11-02,2021-11-10,2388.4072265625,2355.0458984375,-0.013968023440045892,-0.016568023440045893,bb_mid_break,8,57.7,1.7007,0.8,1.13,True,fib_pullback,SUNDARMFIN
2022-12-05,2022-12-08,2238.518798828125,2290.299560546875,0.023131707335161747,0.020531707335161745,rsi_overbought,3,56.6,1.4716,0.76,1.03,True,fib_pullback,SUNDARMFIN
2023-02-08,2023-02-14,2246.593017578125,2266.318603515625,0.008780222222342968,0.006180222222342968,rsi_overbought,6,58.5,5.7514,0.84,1.21,True,fib_pullback,SUNDARMFIN
2023-03-31,2023-04-18,2234.945068359375,2229.69677734375,-0.0023482863583209486,-0.004948286358320948,bb_mid_break,18,52.2,3.5582,0.72,4.88,True,fib_pullback,SUNDARMFIN
2023-04-25,2023-04-26,2282.957763671875,2259.388671875,-0.01032392809535242,-0.012923928095352422,macd_bear_cross,1,59.4,0.9719,0.69,3.64,True,fib_pullback,SUNDARMFIN
2023-08-24,2023-08-28,2549.539794921875,2531.993896484375,-0.006881986495150061,-0.009481986495150061,bb_mid_break,4,60.0,1.1235,0.6,1.17,True,fib_pullback,SUNDARMFIN
2025-08-19,2025-08-28,4895.2451171875,4587.30224609375,-0.06290652739993428,-0.06550652739993429,bb_mid_break,9,56.6,29.846,0.71,1.89,True,fib_pullback,SUNDARMFIN
2018-03-05,2018-03-13,522.2211303710938,570.0350341796875,0.09155873063699448,0.08895873063699447,rsi_overbought,8,63.2,3.0317,0.77,1.26,True,fib_pullback,SUNDRMFAST
2020-10-07,2020-10-12,415.8403015136719,390.8535461425781,-0.06008738277685248,-0.06268738277685247,bb_mid_break,5,53.6,2.7997,0.95,1.16,True,fib_pullback,SUNDRMFAST
2021-05-04,2021-05-10,698.8546752929688,685.200439453125,-0.01953801887941827,-0.022138018879418273,rsi_overbought,6,62.5,1.6841,0.72,3.9,True,fib_pullback,SUNDRMFAST
2021-08-12,2021-08-20,776.8450927734375,727.798828125,-0.06313519272334718,-0.06573519272334719,bb_mid_break,8,59.9,1.9154,0.91,5.61,True,fib_pullback,SUNDRMFAST
2021-08-30,2021-09-09,770.3953247070312,863.1932373046875,0.12045492699861046,0.11785492699861046,rsi_overbought,10,56.6,2.3637,0.83,1.02,True,fib_pullback,SUNDRMFAST
2021-11-30,2021-12-06,842.929931640625,793.9317626953125,-0.058128400838662345,-0.06072840083866234,bb_mid_break,6,54.2,5.2981,0.96,1.64,True,fib_pullback,SUNDRMFAST
2021-12-21,2021-12-27,827.2388916015625,823.6290283203125,-0.004363749477809467,-0.0069637494778094665,bb_mid_break,6,50.9,1.1681,0.63,1.18,True,fib_pullback,SUNDRMFAST
2021-12-29,2022-01-10,856.7916870117188,850.2459106445312,-0.007639869137873615,-0.010239869137873614,macd_bear_cross,12,52.9,2.0355,0.99,1.44,True,fib_pullback,SUNDRMFAST
2022-03-16,2022-03-23,836.4365234375,896.23046875,0.07148653082097019,0.06888653082097018,rsi_overbought,7,61.6,3.4548,0.93,5.55,True,fib_pullback,SUNDRMFAST
2022-09-14,2022-09-15,844.19580078125,878.1904907226562,0.040268726650791564,0.037668726650791566,rsi_overbought,1,61.8,1.9758,0.84,2.26,False,golden_cross,SUNDRMFAST
2023-04-03,2023-04-12,968.3700561523438,985.7399291992188,0.01793722651430516,0.01533722651430516,rsi_overbought,9,56.6,0.7601,0.8,2.42,True,fib_pullback,SUNDRMFAST
2023-12-22,2023-12-26,1235.2880859375,1220.28271484375,-0.012147264483945815,-0.014747264483945817,bb_mid_break,4,44.7,1.4034,0.8,1.18,True,fib_pullback,SUNDRMFAST
2024-01-24,2024-01-29,1249.1163330078125,1209.8868408203125,-0.03140579556192117,-0.03400579556192117,macd_bear_cross,5,61.0,2.0043,0.85,1.05,True,fib_pullback,SUNDRMFAST
2024-09-05,2024-09-30,1355.36669921875,1350.4949951171875,-0.003594380844955546,-0.006194380844955546,macd_bear_cross,25,61.5,0.7583,0.99,1.29,True,fib_pullback,SUNDRMFAST
2016-09-08,2016-09-29,118.77506256103516,114.99761962890625,-0.031803333550658286,-0.034403333550658284,macd_bear_cross,21,60.0,0.5892,1.26,3.11,True,fib_pullback,SUNTECK
2019-07-04,2019-07-08,464.58941650390625,427.42226318359377,-0.07999999999999996,-0.08259999999999997,stop_loss,4,54.4,4.0258,0.78,1.23,True,fib_pullback,SUNTECK
2019-11-06,2019-11-11,431.04541015625,428.1574401855469,-0.006699920478578493,-0.009299920478578493,rsi_overbought,5,50.5,4.2718,0.98,1.19,True,fib_pullback,SUNTECK
2022-04-01,2022-04-25,481.38824462890625,458.5284729003906,-0.047487183128324666,-0.050087183128324664,bb_mid_break,24,52.7,2.3803,0.82,2.7,True,fib_pullback,SUNTECK
2024-01-30,2024-02-08,468.65960693359375,458.5199890136719,-0.021635357026530768,-0.02423535702653077,bb_mid_break,9,60.2,1.272,0.86,1.52,True,fib_pullback,SUNTECK
2024-09-26,2024-10-03,589.8089599609375,568.1321411132812,-0.03675227119149205,-0.039352271191492046,bb_mid_break,7,52.3,1.6985,0.96,1.09,True,fib_pullback,SUNTECK
2024-10-15,2024-10-22,594.3436279296875,546.7961376953125,-0.08,-0.0826,stop_loss,7,57.3,0.7305,0.98,3.32,True,fib_pullback,SUNTECK
2026-01-01,2026-01-16,429.8999938964844,417.0,-0.03000696459556258,-0.03260696459556258,death_cross,15,62.4,2.6841,1.17,12.0,True,fib_pullback,SUNTECK
2017-01-02,2017-01-17,191.8573455810547,182.55116271972656,-0.04850574176945707,-0.05110574176945707,macd_bear_cross,15,58.6,0.6634,1.02,1.47,True,fib_pullback,SUPRAJIT
2017-02-07,2017-02-09,182.36317443847656,195.14735412597656,0.07010285781032491,0.0675028578103249,rsi_overbought,2,49.4,0.0339,0.51,12.69,True,fib_pullback,SUPRAJIT
2017-11-14,2017-11-16,263.8099670410156,259.04095458984375,-0.01807745364840752,-0.02067745364840752,bb_mid_break,2,50.5,0.4426,0.65,2.38,True,fib_pullback,SUPRAJIT
2017-11-21,2017-12-07,263.24334716796875,280.0531921386719,0.06385667539767757,0.061256675397677575,rsi_overbought,16,51.3,0.4825,0.71,1.21,True,fib_pullback,SUPRAJIT
2021-05-21,2021-06-03,263.6954650878906,274.3150939941406,0.040272322858151695,0.0376723228581517,rsi_overbought,13,58.0,2.6165,0.99,1.27,True,fib_pullback,SUPRAJIT
2021-10-06,2021-10-11,318.16802978515625,357.32489013671875,0.12306975147064042,0.12046975147064042,rsi_overbought,5,51.0,0.5242,0.74,1.43,True,fib_pullback,SUPRAJIT
2023-04-28,2023-05-11,351.0263977050781,395.7390441894531,0.12737687757016278,0.12477687757016279,rsi_overbought,13,54.4,0.2978,0.7,1.75,True,fib_pullback,SUPRAJIT
2024-10-15,2024-10-17,523.5496215820312,502.6650390625,-0.03989035930619805,-0.04249035930619805,bb_mid_break,2,49.8,0.3759,0.71,1.79,True,fib_pullback,SUPRAJIT
2024-11-04,2024-11-11,522.3123779296875,497.76556396484375,-0.046996423983174655,-0.04959642398317465,bb_mid_break,7,49.4,3.966,0.91,1.65,True,fib_pullback,SUPRAJIT
2025-11-03,2025-11-04,454.9156799316406,443.6549072265625,-0.02475353829696585,-0.02735353829696585,bb_mid_break,1,63.9,0.9823,0.98,1.74,True,fib_pullback,SUPRAJIT
2025-11-13,2025-11-25,452.872802734375,449.1856384277344,-0.008141721658660235,-0.010741721658660237,bb_mid_break,12,55.1,1.6349,0.9,1.41,True,fib_pullback,SUPRAJIT
2025-12-02,2025-12-08,469.1162109375,446.34552001953125,-0.048539552432995056,-0.051139552432995054,macd_bear_cross,6,58.5,1.204,0.82,1.71,True,fib_pullback,SUPRAJIT
2025-12-17,2026-01-07,467.7210693359375,466.0269775390625,-0.003622013007197309,-0.006222013007197309,macd_bear_cross,21,57.1,0.0985,0.84,1.21,True,fib_pullback,SUPRAJIT
2017-09-13,2017-09-14,1070.994140625,1058.927001953125,-0.011267231270595916,-0.013867231270595918,macd_bear_cross,1,61.0,1.2534,0.63,4.63,True,fib_pullback,SUPREMEIND
2017-10-13,2017-10-27,1042.0150146484375,1012.9900512695312,-0.02785464985713176,-0.03045464985713176,bb_mid_break,14,47.1,2.5757,0.67,1.22,True,fib_pullback,SUPREMEIND
2018-04-26,2018-05-10,1199.77197265625,1219.112060546875,0.01611980303874475,0.013519803038744747,macd_bear_cross,14,61.5,1.086,0.81,1.29,True,fib_pullback,SUPREMEIND
2019-08-13,2019-08-21,1017.7412719726562,1050.859619140625,0.032541027940997704,0.029941027940997702,rsi_overbought,8,51.8,2.4199,0.72,1.07,True,fib_pullback,SUPREMEIND
2019-08-30,2019-09-03,1032.6890869140625,1021.0579223632812,-0.011262987764824867,-0.013862987764824867,macd_bear_cross,4,60.5,0.5167,0.59,1.48,True,fib_pullback,SUPREMEIND
2020-01-07,2020-01-09,1071.353271484375,1116.0732421875,0.04174157291848734,0.03914157291848734,rsi_overbought,2,57.0,2.4168,0.75,1.31,True,fib_pullback,SUPREMEIND
2021-08-30,2021-09-15,2046.0474853515625,2159.222900390625,0.055314168341315945,0.052714168341315946,rsi_overbought,16,56.5,12.607,0.88,1.48,True,fib_pullback,SUPREMEIND
2021-12-02,2021-12-20,2297.97900390625,2114.14068359375,-0.07999999999999997,-0.08259999999999998,stop_loss,18,55.3,12.5052,0.8,1.45,True,fib_pullback,SUPREMEIND
2023-11-30,2023-12-18,4337.99462890625,4377.251953125,0.0090496479541857,0.0064496479541857,macd_bear_cross,18,52.2,6.9619,0.83,6.5,True,fib_pullback,SUPREMEIND
2024-03-27,2024-04-02,4081.9921875,4003.869873046875,-0.019138281227571555,-0.021738281227571557,death_cross,6,57.9,23.7368,0.88,1.79,True,fib_pullback,SUPREMEIND
2024-09-20,2024-09-25,5436.61962890625,5138.0400390625,-0.054920080900310995,-0.057520080900310994,bb_mid_break,5,64.7,23.2036,1.12,1.56,True,fib_pullback,SUPREMEIND
2024-10-07,2024-10-10,5337.68212890625,5218.2607421875,-0.02237326686653421,-0.024973266866534213,bb_mid_break,3,51.7,0.537,0.75,1.03,True,fib_pullback,SUPREMEIND
2016-08-11,2016-08-12,6.34024715423584,6.181200981140137,-0.02508516927284867,-0.027685169272848673,bb_mid_break,1,43.7,0.0087,0.7,3.1,True,fib_pullback,SUVEN
2016-09-30,2016-10-17,6.184289455413818,5.998991966247559,-0.029962615835202797,-0.0325626158352028,macd_bear_cross,17,51.3,0.0372,0.92,1.53,True,fib_pullback,SUVEN
2016-10-19,2016-10-24,6.259951114654541,6.151861667633057,-0.017266819667081275,-0.019866819667081276,macd_bear_cross,5,58.3,0.002,0.72,1.39,True,fib_pullback,SUVEN
2017-12-28,2018-01-01,6.980706691741943,7.0809502601623535,0.01436008886306548,0.011760088863065479,rsi_overbought,4,59.3,0.0647,1.0,1.67,True,fib_pullback,SUVEN
2018-05-07,2018-05-10,7.708774089813232,7.328921794891357,-0.04927531803323063,-0.05187531803323063,macd_bear_cross,3,63.6,0.0191,0.85,1.76,True,fib_pullback,SUVEN
2020-05-12,2020-05-14,36.391204833984375,36.11481475830078,-0.007594969085098372,-0.010194969085098371,macd_bear_cross,2,63.3,0.1191,0.62,1.55,True,fib_pullback,SUVEN
2020-06-19,2020-06-25,32.56782531738281,39.339351654052734,0.20792073989219276,0.20532073989219277,rsi_overbought,6,54.6,0.0536,0.74,1.91,True,fib_pullback,SUVEN
2020-08-04,2020-08-07,36.85185241699219,44.68286895751953,0.2124999430670819,0.2098999430670819,rsi_overbought,3,54.0,0.0532,0.92,1.41,True,fib_pullback,SUVEN
2021-04-05,2021-04-15,74.1182861328125,83.51551055908203,0.1267868553980141,0.1241868553980141,rsi_overbought,10,47.6,0.1011,0.68,4.33,True,fib_pullback,SUVEN
2021-08-03,2021-08-06,84.52893829345703,80.19884490966797,-0.051226165514541115,-0.05382616551454111,bb_mid_break,3,55.7,0.1178,0.86,7.77,True,fib_pullback,SUVEN
2024-04-02,2024-04-12,107.80000305175781,115.69999694824219,0.0732838003046379,0.07068380030463789,rsi_overbought,10,57.9,0.6075,0.84,2.29,True,fib_pullback,SUVEN
2024-12-02,2024-12-06,138.14999389648438,146.4499969482422,0.060079648342054905,0.057479648342054906,rsi_overbought,4,61.6,1.9981,1.05,2.65,True,fib_pullback,SUVEN
2025-01-13,2025-01-14,134.0800018310547,130.08999633789062,-0.02975839378486587,-0.03235839378486587,bb_mid_break,1,52.2,0.1017,0.54,7.08,True,fib_pullback,SUVEN
2025-01-15,2025-01-21,132.92999267578125,130.27000427246094,-0.020010445722419275,-0.022610445722419277,bb_mid_break,6,51.6,0.1844,0.56,1.73,True,fib_pullback,SUVEN
2016-09-08,2016-09-14,16.0228328704834,14.741006240844728,-0.07999999999999992,-0.08259999999999992,stop_loss,6,62.5,0.1041,1.15,4.04,True,fib_pullback,SUZLON
2017-07-21,2017-08-01,17.583797454833984,17.354244232177734,-0.013054814993512293,-0.015654814993512293,bb_mid_break,11,53.8,0.033,0.8,1.2,True,fib_pullback,SUZLON
2021-10-04,2021-10-11,6.24385404586792,7.024335861206055,0.1250000095461304,0.12240000954613038,rsi_overbought,7,63.6,0.0461,1.09,1.52,True,fib_pullback,SUZLON
2021-12-08,2021-12-16,6.5652289390563965,6.473408222198486,-0.013985912404618644,-0.016585912404618645,bb_mid_break,8,56.2,0.0138,0.85,1.47,True,fib_pullback,SUZLON
2022-06-02,2022-06-03,8.998496055603027,8.278616371154785,-0.08000000000000006,-0.08260000000000006,stop_loss,1,59.8,0.0964,0.84,2.73,True,fib_pullback,SUZLON
2024-05-16,2024-06-03,42.79999923706055,50.0,0.16822431988982298,0.16562431988982299,rsi_overbought,18,54.0,0.1453,0.92,1.19,True,fib_pullback,SUZLON
2016-12-14,2016-12-19,1124.6046142578125,1090.667724609375,-0.03017672986415256,-0.03277672986415256,bb_mid_break,5,46.5,1.1039,0.68,1.8,True,fib_pullback,SYMPHONY
2017-07-24,2017-08-03,1304.7474365234375,1259.63134765625,-0.034578407747174036,-0.037178407747174035,bb_mid_break,10,60.4,5.1657,1.19,4.0,True,fib_pullback,SYMPHONY
2019-02-28,2019-03-18,1194.7042236328125,1211.65234375,0.014186038503866908,0.011586038503866906,macd_bear_cross,18,65.0,7.1758,1.17,2.81,False,golden_cross,SYMPHONY
2017-04-20,2017-04-21,268.2612609863281,261.95794677734375,-0.023496923058546355,-0.026096923058546356,macd_bear_cross,1,60.7,0.0319,0.89,1.52,True,fib_pullback,SYNGENE
2018-03-27,2018-04-10,296.5875549316406,303.22442626953125,0.02237744378526042,0.019777443785260418,rsi_overbought,14,55.7,1.5234,0.91,3.19,True,fib_pullback,SYNGENE
2018-07-03,2018-07-20,301.49737548828125,295.27679443359375,-0.020632289235065944,-0.023232289235065946,bb_mid_break,17,57.6,1.4873,1.08,1.07,True,fib_pullback,SYNGENE
2018-08-31,2018-09-04,294.0411071777344,297.1302795410156,0.010505920049518745,0.007905920049518744,rsi_overbought,4,51.8,0.6214,0.67,1.44,True,fib_pullback,SYNGENE
2019-04-01,2019-04-04,290.1611022949219,286.94830322265625,-0.011072466456927478,-0.01367246645692748,bb_mid_break,3,48.0,0.3517,0.59,5.89,True,golden_cross,SYNGENE
2019-04-22,2019-04-26,294.0658264160156,301.0102844238281,0.023615318013825104,0.021015318013825102,rsi_overbought,4,46.2,0.5935,0.95,2.67,True,fib_pullback,SYNGENE
2019-09-23,2019-09-24,315.8921813964844,310.2486267089844,-0.017865445933328214,-0.020465445933328216,macd_bear_cross,1,58.9,0.1339,0.69,2.81,True,fib_pullback,SYNGENE
2021-07-02,2021-07-07,582.7742919921875,577.1802368164062,-0.009599008145431786,-0.012199008145431785,macd_bear_cross,5,51.3,0.1426,0.72,1.26,True,fib_pullback,SYNGENE
2021-07-08,2021-07-09,579.8535766601562,576.3385620117188,-0.006061900434732679,-0.008661900434732679,macd_bear_cross,1,63.7,0.0449,0.62,1.93,True,fib_pullback,SYNGENE
2021-08-31,2021-09-07,635.0021362304688,614.705078125,-0.03196376350157994,-0.03456376350157994,bb_mid_break,7,61.2,0.7205,0.96,4.42,True,fib_pullback,SYNGENE
2023-03-01,2023-03-20,582.07763671875,570.9688110351562,-0.019084783511381223,-0.021684783511381225,bb_mid_break,19,59.7,2.6846,1.0,1.25,True,fib_pullback,SYNGENE
2024-11-06,2024-11-13,899.5545043945312,858.6498413085938,-0.04547213413540679,-0.048072134135406785,bb_mid_break,7,57.3,2.7529,0.99,2.97,True,fib_pullback,SYNGENE
2024-11-26,2024-12-09,906.2723999023438,863.775390625,-0.046892092578261296,-0.049492092578261294,macd_bear_cross,13,61.6,2.8026,0.92,1.33,True,fib_pullback,SYNGENE
2016-09-28,2016-09-30,386.80352783203125,402.40594482421875,0.04033680116527485,0.03773680116527485,rsi_overbought,2,59.9,0.2964,1.09,2.64,True,fib_pullback,TTKPRESTIG
2016-12-28,2017-01-05,436.6618957519531,445.60040283203125,0.020470087193400696,0.017870087193400695,rsi_overbought,8,64.4,1.2706,0.9,8.77,True,fib_pullback,TTKPRESTIG
2017-03-06,2017-03-10,450.4383850097656,457.149169921875,0.014898341561108037,0.012298341561108036,rsi_overbought,4,56.7,2.4223,0.93,3.61,True,fib_pullback,TTKPRESTIG
2017-10-03,2017-10-04,500.9335632324219,491.9015808105469,-0.018030299993463134,-0.020630299993463136,macd_bear_cross,1,58.8,0.1098,0.98,1.09,True,fib_pullback,TTKPRESTIG
2020-11-05,2020-11-10,568.435791015625,567.1048583984375,-0.0023413948210571343,-0.004941394821057135,rsi_overbought,5,63.3,2.4308,0.9,1.41,True,fib_pullback,TTKPRESTIG
2020-12-07,2020-12-11,559.1392211914062,551.1835327148438,-0.014228457198210183,-0.016828457198210182,bb_mid_break,4,52.9,0.0454,0.62,1.34,True,fib_pullback,TTKPRESTIG
2020-12-24,2021-01-01,573.4708251953125,595.375244140625,0.03819622199237825,0.03559622199237825,rsi_overbought,8,60.1,0.7808,1.14,3.14,True,fib_pullback,TTKPRESTIG
2023-10-16,2023-10-23,779.2661743164062,754.2793579101562,-0.032064546402478106,-0.034664546402478104,bb_mid_break,7,57.3,1.3893,0.99,1.53,True,fib_pullback,TTKPRESTIG
2023-10-25,2023-10-26,772.3496704101562,761.1470336914062,-0.014504617724250261,-0.017104617724250263,macd_bear_cross,1,52.5,0.5566,0.61,1.16,True,fib_pullback,TTKPRESTIG
2023-11-10,2023-11-13,777.31787109375,763.4363403320312,-0.01785824213997074,-0.02045824213997074,macd_bear_cross,3,45.0,0.5895,0.63,1.42,True,fib_pullback,TTKPRESTIG
2024-12-03,2024-12-16,860.193603515625,849.1203002929688,-0.01287303599724467,-0.015473035997244672,macd_bear_cross,13,54.9,1.8187,0.88,8.82,True,fib_pullback,TTKPRESTIG
2018-03-20,2018-04-02,310.9117736816406,323.6331481933594,0.040916348586865846,0.03831634858686585,macd_bear_cross,13,54.5,1.2188,0.53,1.71,True,fib_pullback,TVTODAY
2018-06-08,2018-06-21,312.9989318847656,300.0456237792969,-0.04138451216899893,-0.04398451216899893,bb_mid_break,13,64.1,2.2079,1.25,3.13,True,fib_pullback,TVTODAY
2020-09-09,2020-09-10,172.0388641357422,167.18203735351562,-0.028230986100875596,-0.030830986100875597,macd_bear_cross,1,63.9,0.2417,0.87,1.09,False,golden_cross,TVTODAY
2021-09-03,2021-09-24,214.81471252441406,215.1681365966797,0.0016452507750159698,-0.0009547492249840301,macd_bear_cross,21,57.9,0.7899,0.94,1.03,True,fib_pullback,TVTODAY
2021-10-18,2021-10-27,217.6704864501953,219.66517639160156,0.00916380522658799,0.00656380522658799,rsi_overbought,9,59.4,0.3994,0.81,2.18,True,fib_pullback,TVTODAY
2022-03-24,2022-03-28,284.1829528808594,269.45880126953125,-0.051812226813974536,-0.054412226813974535,bb_mid_break,4,55.2,1.4564,0.73,3.92,True,fib_pullback,TVTODAY
2023-08-10,2023-08-14,197.64390563964844,181.83239318847657,-0.07999999999999995,-0.08259999999999995,stop_loss,4,52.3,0.5389,0.78,1.11,False,golden_cross,TVTODAY
2023-12-06,2023-12-13,204.44093322753906,204.01353454589844,-0.002090572934163522,-0.004690572934163521,rsi_overbought,7,55.5,1.123,1.02,2.1,True,fib_pullback,TVTODAY
2024-04-25,2024-05-09,226.8558349609375,213.41639709472656,-0.059242196122154346,-0.061842196122154344,macd_bear_cross,14,63.6,1.5834,0.91,1.48,True,fib_pullback,TVTODAY
2024-06-12,2024-06-25,216.36073303222656,216.3322296142578,-0.0001317402542008603,-0.00273174025420086,rsi_overbought,13,54.3,1.1499,0.83,1.53,True,fib_pullback,TVTODAY
2017-01-03,2017-01-23,358.615478515625,362.0363464355469,0.009539097236074339,0.00693909723607434,macd_bear_cross,20,48.1,0.3129,0.76,2.22,True,fib_pullback,TVSMOTOR
2018-04-02,2018-04-05,632.4445190429688,621.5757446289062,-0.017185340510989657,-0.01978534051098966,death_cross,3,55.6,2.9906,0.82,2.08,True,fib_pullback,TVSMOTOR
2022-02-03,2022-02-07,642.5161743164062,622.6712646484375,-0.030886241407202537,-0.033486241407202536,bb_mid_break,4,48.9,1.2449,0.78,2.91,True,fib_pullback,TVSMOTOR
2022-02-08,2022-02-24,641.782958984375,605.221435546875,-0.0569686728599943,-0.0595686728599943,macd_bear_cross,16,53.9,3.3604,0.76,4.54,True,fib_pullback,TVSMOTOR
2023-01-25,2023-02-02,1020.9200439453125,990.5198974609375,-0.029777206025747734,-0.032377206025747736,bb_mid_break,8,52.1,0.9564,0.63,3.3,True,fib_pullback,TVSMOTOR
2023-02-06,2023-02-28,1044.9859619140625,1067.8695068359375,0.02189842328595501,0.019298423285955008,macd_bear_cross,22,64.2,6.3179,0.99,1.18,True,fib_pullback,TVSMOTOR
2025-01-02,2025-01-06,2482.443115234375,2395.5087890625,-0.03501966495762674,-0.03761966495762674,bb_mid_break,4,47.7,0.6939,0.67,2.01,True,fib_pullback,TVSMOTOR
2026-02-03,2026-02-12,3713.32080078125,3867.681396484375,0.04156942100737671,0.038969421007376714,rsi_overbought,9,47.8,0.2702,0.59,1.2,True,fib_pullback,TVSMOTOR
2026-05-07,2026-05-11,3706.699951171875,3613.699951171875,-0.025089702761238605,-0.027689702761238607,bb_mid_break,4,48.1,5.5232,0.65,1.32,True,fib_pullback,TVSMOTOR
2016-09-28,2016-10-04,166.52886962890625,173.11199951171875,0.039531463208045424,0.036931463208045426,rsi_overbought,6,53.9,0.8276,0.9,2.57,True,fib_pullback,TAKE
2017-12-19,2018-01-05,157.0707550048828,167.10911560058594,0.06390980036602655,0.06130980036602655,rsi_overbought,17,59.4,0.2092,0.87,1.17,True,fib_pullback,TAKE
2018-07-18,2018-07-20,239.82009887695312,220.63449096679688,-0.08,-0.0826,stop_loss,2,59.9,0.1673,0.7,1.22,True,fib_pullback,TAKE
2023-11-08,2023-12-04,21.899999618530273,21.100000381469727,-0.03652964616417813,-0.039129646164178127,bb_mid_break,26,57.1,0.1949,0.91,3.43,True,fib_pullback,TAKE
2026-04-06,2026-04-10,42.029998779296875,45.47999954223633,0.08208424608945869,0.07948424608945868,rsi_overbought,4,51.5,0.5117,0.89,1.83,True,fib_pullback,TAKE
2017-02-06,2017-02-13,279.46795654296875,279.3072204589844,-0.0005751503176703606,-0.0031751503176703604,bb_mid_break,7,47.9,0.0439,0.74,3.81,True,fib_pullback,TNPL
2017-03-06,2017-03-08,283.36456298828125,280.11065673828125,-0.01148310930514825,-0.01408310930514825,bb_mid_break,2,56.1,0.0367,0.59,1.9,True,fib_pullback,TNPL
2017-09-08,2017-09-11,282.4004211425781,259.8083874511719,-0.07999999999999997,-0.08259999999999998,stop_loss,3,59.8,0.6372,0.95,4.0,True,fib_pullback,TNPL
2017-09-26,2017-09-27,289.788818359375,283.5086669921875,-0.021671475810358262,-0.024271475810358264,macd_bear_cross,1,61.6,0.2063,0.62,1.74,True,fib_pullback,TNPL
2021-05-20,2021-06-17,133.26768493652344,157.94180297851562,0.18514704486496247,0.18254704486496248,rsi_overbought,28,64.9,0.3452,1.01,3.69,True,fib_pullback,TNPL
2023-01-20,2023-01-25,236.87844848632812,228.24917602539062,-0.036429115928777935,-0.03902911592877793,bb_mid_break,5,60.1,0.8549,1.21,2.22,True,fib_pullback,TNPL
2023-02-10,2023-02-14,235.21896362304688,216.40144653320314,-0.07999999999999993,-0.08259999999999994,stop_loss,4,48.8,0.9308,0.89,2.35,True,fib_pullback,TNPL
2024-04-26,2024-05-13,265.89288330078125,265.5508728027344,-0.0012862717264229618,-0.003886271726422962,macd_bear_cross,17,55.1,1.2328,0.8,1.2,True,fib_pullback,TNPL
2025-10-28,2025-10-30,158.6999969482422,155.44000244140625,-0.02054186874306708,-0.023141868743067083,bb_mid_break,2,53.5,0.2088,0.72,2.14,True,fib_pullback,TNPL
2017-06-07,2017-06-08,208.18959045410156,204.6251220703125,-0.017121261327303978,-0.01972126132730398,macd_bear_cross,1,50.0,0.2732,0.53,1.23,True,fib_pullback,TATACHEM
2017-07-04,2017-07-18,208.38946533203125,207.54000854492188,-0.004076294287505934,-0.006676294287505934,macd_bear_cross,14,55.9,0.4118,0.81,1.62,True,fib_pullback,TATACHEM
2017-08-04,2017-08-08,210.40878295898438,206.83453369140625,-0.01698716763299213,-0.01958716763299213,macd_bear_cross,4,51.1,0.0417,0.51,2.39,True,fib_pullback,TATACHEM
2017-12-29,2018-01-01,253.85423278808594,251.92835998535156,-0.007586530197202059,-0.01018653019720206,macd_bear_cross,3,56.8,0.1842,0.7,1.0,True,fib_pullback,TATACHEM
2018-04-03,2018-04-13,248.73590087890625,252.46620178222656,0.014997034566137518,0.012397034566137517,rsi_overbought,10,62.0,1.5484,1.21,3.91,True,fib_pullback,TATACHEM
2018-08-20,2018-08-29,262.7398376464844,282.921875,0.07681376959922802,0.07421376959922801,rsi_overbought,9,60.5,0.8668,0.95,1.77,False,golden_cross,TATACHEM
2018-11-14,2018-11-21,261.19024658203125,255.7573699951172,-0.020800457360140266,-0.023400457360140268,bb_mid_break,7,64.8,1.1563,0.84,1.23,True,fib_pullback,TATACHEM
2018-11-22,2018-11-28,261.1529541015625,258.5764465332031,-0.009865894786537127,-0.012465894786537129,bb_mid_break,6,54.4,0.2348,0.75,1.3,True,fib_pullback,TATACHEM
2018-11-29,2018-12-04,261.1342468261719,255.1412353515625,-0.02294992536386358,-0.025549925363863583,macd_bear_cross,5,48.7,0.2051,0.67,1.54,True,fib_pullback,TATACHEM
2020-08-19,2020-08-24,285.6101379394531,297.59283447265625,0.041954731087813675,0.03935473108781368,rsi_overbought,5,51.1,0.4247,0.96,3.69,True,fib_pullback,TATACHEM
2022-03-14,2022-03-17,867.2227783203125,874.34228515625,0.008209547781628817,0.005609547781628817,rsi_overbought,3,58.6,10.1472,0.89,1.0,True,fib_pullback,TATACHEM
2023-08-28,2023-08-29,994.7728271484375,1024.6905517578125,0.030074931474692115,0.027474931474692113,rsi_overbought,1,48.3,0.7287,0.67,1.79,True,fib_pullback,TATACHEM
2023-10-16,2023-10-20,999.6710205078125,971.67431640625,-0.028005917474071364,-0.030605917474071365,bb_mid_break,4,48.4,1.3459,0.62,1.03,True,fib_pullback,TATACHEM
2024-04-10,2024-04-12,1122.3189697265625,1103.0140380859375,-0.017200931429795202,-0.019800931429795204,rsi_overbought,2,58.2,4.1205,0.93,1.52,True,fib_pullback,TATACHEM
2024-05-27,2024-05-29,1061.42724609375,1029.8768310546875,-0.029724519655184946,-0.032324519655184944,bb_mid_break,2,57.9,2.8808,0.83,1.71,True,fib_pullback,TATACHEM
2024-06-11,2024-06-27,1067.4300537109375,1062.8055419921875,-0.004332379159339586,-0.006932379159339586,macd_bear_cross,16,53.8,4.3077,0.87,2.4,True,fib_pullback,TATACHEM
2024-07-29,2024-08-05,1069.5718994140625,1025.420166015625,-0.04127981804928205,-0.043879818049282045,bb_mid_break,7,55.7,1.337,0.79,1.67,True,fib_pullback,TATACHEM
2024-08-22,2024-09-03,1056.7691650390625,1079.0155029296875,0.02105127460811433,0.01845127460811433,rsi_overbought,12,46.0,3.3908,0.7,1.13,True,fib_pullback,TATACHEM
2024-09-27,2024-10-01,1039.00146484375,1102.6734619140625,0.06128191270633848,0.058681912706338483,rsi_overbought,4,54.7,2.7684,0.65,2.53,True,fib_pullback,TATACHEM
2024-12-02,2024-12-05,1099.947509765625,1106.6651611328125,0.006107247216386613,0.0035072472163866133,rsi_overbought,3,57.0,5.1508,0.75,1.02,True,fib_pullback,TATACHEM
2024-12-10,2024-12-13,1093.8138427734375,1064.6552734375,-0.026657707368197146,-0.029257707368197147,macd_bear_cross,3,64.5,3.0838,0.74,1.33,True,fib_pullback,TATACHEM
2025-09-11,2025-09-17,953.588623046875,989.9298706054688,0.03810998441075921,0.03550998441075921,rsi_overbought,6,61.1,2.6106,1.17,2.05,True,fib_pullback,TATACHEM
2017-07-11,2017-08-10,989.6976928710938,1006.7776489257812,0.017257750702781655,0.014657750702781653,macd_bear_cross,30,54.4,3.3836,0.95,1.84,True,fib_pullback,TCS
2017-09-15,2017-09-26,1004.6130981445312,992.0255126953125,-0.01252978432440048,-0.015129784324400482,bb_mid_break,11,54.1,0.7519,0.77,1.96,True,fib_pullback,TCS
2017-09-27,2017-09-28,1000.183349609375,992.7470703125,-0.007434916107910879,-0.01003491610791088,macd_bear_cross,1,58.3,0.1449,0.62,1.38,True,fib_pullback,TCS
2017-12-26,2018-01-10,1064.990234375,1128.1590576171875,0.05931399293934253,0.05671399293934253,rsi_overbought,15,52.0,1.182,0.71,1.06,True,fib_pullback,TCS
2018-11-28,2018-12-12,1618.657470703125,1645.5003662109375,0.01658343163618939,0.013983431636189387,rsi_overbought,14,56.1,7.7154,1.0,2.19,True,fib_pullback,TCS
2019-07-30,2019-08-16,1800.386474609375,1788.7784423828125,-0.006447522457133024,-0.009047522457133025,bb_mid_break,17,61.6,5.0498,0.77,1.08,True,fib_pullback,TCS
2019-12-16,2020-01-02,1796.60107421875,1822.7044677734375,0.014529320910062649,0.011929320910062647,macd_bear_cross,17,58.8,2.3639,0.88,1.46,True,fib_pullback,TCS
2021-03-31,2021-04-09,2741.17333984375,2865.7314453125,0.04543970410709231,0.04283970410709231,rsi_overbought,9,63.8,10.4662,1.0,1.03,True,fib_pullback,TCS
2021-05-27,2021-06-09,2756.446044921875,2773.99853515625,0.006367797500230948,0.0037677975002309485,rsi_overbought,13,62.8,10.7173,1.06,2.66,True,fib_pullback,TCS
2021-12-17,2021-12-20,3119.6943359375,3095.802490234375,-0.007658393140604032,-0.010258393140604033,macd_bear_cross,3,58.1,2.7698,0.6,1.84,True,fib_pullback,TCS
2021-12-21,2022-01-03,3140.53955078125,3322.837646484375,0.05804674412005924,0.05544674412005924,rsi_overbought,13,53.0,0.7769,0.66,1.01,True,fib_pullback,TCS
2023-01-09,2023-01-27,2929.39892578125,3078.196533203125,0.05079458660011345,0.04819458660011345,rsi_overbought,18,59.7,2.9027,0.77,1.94,True,fib_pullback,TCS
2024-06-07,2024-06-19,3609.33251953125,3523.8251953125,-0.02369061973537838,-0.02629061973537838,bb_mid_break,12,55.6,5.5339,0.76,1.72,True,fib_pullback,TCS
2024-07-11,2024-07-19,3636.907958984375,3997.190673828125,0.09906291798056963,0.09646291798056962,rsi_overbought,8,61.3,0.881,0.56,2.03,True,fib_pullback,TCS
2024-12-04,2024-12-09,4055.370849609375,4146.40771484375,0.022448468613701242,0.01984846861370124,rsi_overbought,5,60.8,18.7715,0.85,1.44,True,fib_pullback,TCS
2025-01-13,2025-01-20,3996.41845703125,3867.647216796875,-0.032221660874330225,-0.034821660874330224,bb_mid_break,7,59.0,9.2423,0.76,1.68,True,fib_pullback,TCS
2017-10-13,2017-10-30,776.1685180664062,752.5432739257812,-0.03043829218876371,-0.03303829218876371,macd_bear_cross,17,53.7,3.0915,0.62,1.48,True,fib_pullback,TATAELXSI
2017-11-02,2017-11-23,779.49853515625,854.3792724609375,0.0960627043252592,0.09346270432525919,rsi_overbought,21,55.4,1.3363,0.86,1.65,True,fib_pullback,TATAELXSI
2018-04-09,2018-04-16,937.8102416992188,964.5406494140625,0.02850300255455828,0.02590300255455828,rsi_overbought,7,57.3,4.7902,0.99,1.17,True,fib_pullback,TATAELXSI
2023-10-10,2023-10-19,7079.86083984375,7411.41943359375,0.04683123033775864,0.044231230337758644,rsi_overbought,9,58.4,5.106,0.87,1.48,True,fib_pullback,TATAELXSI
2023-10-25,2023-11-02,7258.65185546875,7212.13818359375,-0.006408031794493088,-0.009008031794493089,macd_bear_cross,8,60.9,14.3516,0.8,1.56,True,fib_pullback,TATAELXSI
2016-08-11,2016-08-16,42.53129959106445,41.86043167114258,-0.015773510952456764,-0.018373510952456765,bb_mid_break,5,57.0,0.0829,0.78,1.32,True,fib_pullback,TATAINVEST
2016-08-19,2016-08-24,43.33967590332031,47.56489181518555,0.09749071315832186,0.09489071315832186,rsi_overbought,5,64.1,0.1438,1.19,1.48,True,fib_pullback,TATAINVEST
2017-01-03,2017-01-13,47.86073303222656,48.319087982177734,0.009576847676832341,0.006976847676832342,rsi_overbought,10,55.2,0.1238,0.74,1.57,True,fib_pullback,TATAINVEST
2017-11-22,2017-12-04,75.2719955444336,73.53968811035156,-0.023013969824400866,-0.025613969824400867,bb_mid_break,12,54.4,0.1892,0.83,1.42,True,fib_pullback,TATAINVEST
2017-12-27,2018-01-02,73.73121643066406,75.8848876953125,0.029209761738757202,0.0266097617387572,rsi_overbought,6,55.7,0.1371,0.6,2.66,True,fib_pullback,TATAINVEST
2018-08-29,2018-09-03,70.68963623046875,70.23202514648438,-0.006473524386126842,-0.009073524386126842,death_cross,5,55.4,0.0638,0.66,1.5,True,fib_pullback,TATAINVEST
2019-03-05,2019-03-22,73.99749755859375,72.84257507324219,-0.01560758841117641,-0.01820758841117641,macd_bear_cross,17,56.7,0.1492,0.89,1.55,True,fib_pullback,TATAINVEST
2019-04-03,2019-04-15,74.67301177978516,74.99116516113281,0.004260620721793145,0.001660620721793145,rsi_overbought,12,58.5,0.1852,0.95,2.58,True,fib_pullback,TATAINVEST
2020-11-10,2020-11-18,79.24562072753906,82.50110626220703,0.0410809519160803,0.0384809519160803,rsi_overbought,8,57.5,0.0529,1.11,2.39,True,fib_pullback,TATAINVEST
2021-06-03,2021-06-07,99.33554077148438,102.54993438720703,0.03235894817462344,0.029758948174623438,rsi_overbought,4,62.2,0.0786,1.08,2.13,True,fib_pullback,TATAINVEST
2022-01-28,2022-02-01,139.0464630126953,137.52728271484375,-0.010925702566866856,-0.013525702566866856,macd_bear_cross,4,62.3,0.1132,0.69,2.3,True,fib_pullback,TATAINVEST
2023-04-13,2023-04-21,199.64862060546875,208.52694702148438,0.044469760868322425,0.04186976086832243,death_cross,8,60.7,2.8041,0.94,1.78,True,fib_pullback,TATAINVEST
2024-06-14,2024-06-28,664.2537231445312,641.6296997070312,-0.03405930994319375,-0.036659309943193746,bb_mid_break,14,56.6,3.0957,0.97,2.39,True,fib_pullback,TATAINVEST
2024-07-01,2024-07-04,653.6453247070312,654.0516357421875,0.0006216078044134434,-0.0019783921955865563,macd_bear_cross,3,55.7,0.0576,0.59,1.45,True,fib_pullback,TATAINVEST
2024-11-11,2024-11-13,680.961669921875,656.0831298828125,-0.03653442056719103,-0.039134420567191026,bb_mid_break,2,53.4,0.7635,0.64,1.77,True,fib_pullback,TATAINVEST
2024-12-03,2024-12-11,678.107666015625,692.25390625,0.02086134834235754,0.01826134834235754,rsi_overbought,8,48.5,1.8425,0.87,2.98,True,fib_pullback,TATAINVEST
2025-07-23,2025-07-25,674.0735473632812,658.9515380859375,-0.02243376755621888,-0.025033767556218882,macd_bear_cross,2,46.6,0.1125,0.67,1.29,True,fib_pullback,TATAINVEST
2025-07-31,2025-08-05,676.6104736328125,710.1375732421875,0.04955155280018576,0.04695155280018576,rsi_overbought,5,61.9,0.8558,0.92,2.36,True,fib_pullback,TATAINVEST
2017-05-17,2017-05-22,74.77848052978516,71.88722229003906,-0.038664308491725384,-0.04126430849172538,bb_mid_break,5,51.7,0.1581,0.81,1.6,True,fib_pullback,TATAPOWER
2017-06-22,2017-07-26,72.50052642822266,72.3252944946289,-0.0024169746376563766,-0.005016974637656377,macd_bear_cross,34,56.4,0.48,0.89,2.93,True,fib_pullback,TATAPOWER
2017-09-11,2017-09-22,71.81684875488281,71.63864135742188,-0.0024814148845374007,-0.0050814148845374,bb_mid_break,11,51.4,0.0521,0.75,1.82,True,fib_pullback,TATAPOWER
2017-09-25,2017-09-26,72.93063354492188,71.23767852783203,-0.023213222411499583,-0.025813222411499585,macd_bear_cross,1,59.9,0.0442,0.59,1.46,True,fib_pullback,TATAPOWER
2020-08-12,2020-08-13,50.55476760864258,53.56227493286133,0.059490083062009806,0.05689008306200981,rsi_overbought,1,63.6,0.0908,1.13,1.26,False,golden_cross,TATAPOWER
2020-10-07,2020-10-09,53.61001205444336,51.98691940307617,-0.030275924014321512,-0.03287592401432151,bb_mid_break,2,48.3,0.1005,0.68,1.16,True,fib_pullback,TATAPOWER
2020-11-05,2020-11-18,52.8462028503418,57.85871505737305,0.09485094361890999,0.09225094361890998,rsi_overbought,13,55.7,0.1044,0.89,1.4,True,fib_pullback,TATAPOWER
2022-03-23,2022-03-28,226.48854064941406,231.61184692382812,0.022620598197700986,0.020020598197700985,rsi_overbought,5,59.1,1.1531,0.8,1.13,True,fib_pullback,TATAPOWER
2023-11-08,2023-11-16,250.7361602783203,258.1122131347656,0.029417587189090717,0.026817587189090716,rsi_overbought,8,52.1,1.4287,0.77,1.83,True,fib_pullback,TATAPOWER
2024-09-10,2024-09-24,440.0176696777344,463.1374816894531,0.05254291726205342,0.049942917262053424,rsi_overbought,14,64.5,1.0791,1.07,3.47,True,fib_pullback,TATAPOWER
2024-11-06,2024-11-08,443.92034912109375,427.56854248046875,-0.03683500130822909,-0.039435001308229085,bb_mid_break,2,49.6,0.1655,0.59,1.06,True,fib_pullback,TATAPOWER
2025-10-03,2025-10-08,392.4680480957031,383.0762634277344,-0.023930061857363145,-0.026530061857363146,macd_bear_cross,5,60.8,0.2001,0.79,1.06,True,fib_pullback,TATAPOWER
2017-12-18,2018-01-03,52.85190963745117,55.12063217163086,0.04292602764483759,0.04032602764483759,rsi_overbought,16,50.3,0.0637,0.68,1.46,True,fib_pullback,TATASTEEL
2021-11-01,2021-11-02,117.70329284667969,113.28369903564453,-0.0375485995688508,-0.0401485995688508,bb_mid_break,1,56.9,0.2453,0.78,1.18,True,fib_pullback,TATASTEEL
2025-08-20,2025-08-22,158.64822387695312,155.34632873535156,-0.0208126826819221,-0.023412682681922103,bb_mid_break,2,50.9,0.051,0.75,1.28,True,fib_pullback,TATASTEEL
2018-04-12,2018-04-13,2225.0,2201.64990234375,-0.010494425912921348,-0.01309442591292135,macd_bear_cross,1,55.7,1.8768,0.61,1.94,True,fib_pullback,TEAMLEASE
2019-02-07,2019-02-18,2823.60009765625,3029.050048828125,0.07276170281422296,0.07016170281422296,rsi_overbought,11,60.4,21.9195,0.82,2.63,True,fib_pullback,TEAMLEASE
2019-05-31,2019-06-10,3000.550048828125,2859.60009765625,-0.04697470426361443,-0.049574704263614426,macd_bear_cross,10,57.4,15.5043,0.82,1.94,True,fib_pullback,TEAMLEASE
2019-06-13,2019-06-20,2987.699951171875,2956.800048828125,-0.010342371338738362,-0.012942371338738361,bb_mid_break,7,60.9,1.4657,0.72,1.79,True,fib_pullback,TEAMLEASE
2021-06-07,2021-06-18,3436.0,3525.10009765625,0.025931343904612922,0.02333134390461292,macd_bear_cross,11,59.1,5.1717,0.64,1.02,True,fib_pullback,TEAMLEASE
2022-01-31,2022-02-10,4322.35009765625,4168.10009765625,-0.035686604859620344,-0.03828660485962034,bb_mid_break,10,58.1,15.9936,0.91,1.66,True,fib_pullback,TEAMLEASE
2023-12-01,2023-12-05,2575.75,2524.25,-0.019994176453460157,-0.02259417645346016,bb_mid_break,4,59.5,8.6278,0.7,2.43,True,fib_pullback,TEAMLEASE
2024-04-02,2024-04-10,2987.64990234375,3350.949951171875,0.12160060940979851,0.11900060940979851,rsi_overbought,8,55.2,13.9907,0.95,1.11,True,fib_pullback,TEAMLEASE
2024-08-23,2024-08-27,3239.800048828125,3164.199951171875,-0.023334803542457958,-0.02593480354245796,bb_mid_break,4,56.5,0.1737,0.58,2.23,True,fib_pullback,TEAMLEASE
2017-02-09,2017-02-21,349.4853820800781,365.9869079589844,0.04721664116734139,0.04461664116734139,rsi_overbought,12,51.8,0.9484,0.76,1.22,True,fib_pullback,TECHM
2018-08-13,2018-08-27,497.84466552734375,556.6854248046875,0.11819100083158762,0.11559100083158762,rsi_overbought,14,62.4,0.4896,0.65,1.65,True,fib_pullback,TECHM
2018-11-12,2018-11-21,546.5768432617188,521.0037841796875,-0.04678767386013468,-0.04938767386013468,bb_mid_break,9,61.5,3.7353,0.82,1.42,True,fib_pullback,TECHM
2018-12-05,2018-12-06,548.3118896484375,525.341552734375,-0.041892830244462595,-0.04449283024446259,bb_mid_break,1,60.1,1.8738,0.82,1.61,True,fib_pullback,TECHM
2019-01-21,2019-02-01,538.5427856445312,563.210693359375,0.04580491721808333,0.04320491721808333,rsi_overbought,11,47.9,1.4799,0.76,1.25,True,fib_pullback,TECHM
2021-03-10,2021-03-25,825.2435913085938,792.4793090820312,-0.039702558822187255,-0.04230255882218725,macd_bear_cross,15,49.6,3.7825,0.9,1.36,True,fib_pullback,TECHM
2021-04-08,2021-04-13,841.8098754882812,819.5988159179688,-0.026384888342429167,-0.02898488834242917,bb_mid_break,5,52.0,0.7995,0.91,1.65,True,fib_pullback,TECHM
2023-12-08,2023-12-15,1129.4251708984375,1203.9027099609375,0.06594287163199529,0.06334287163199528,rsi_overbought,7,63.3,2.1338,0.7,1.54,True,fib_pullback,TECHM
2024-04-26,2024-05-29,1178.6927490234375,1185.790283203125,0.006021530365371214,0.003421530365371214,bb_mid_break,33,49.9,2.2389,0.85,7.1,True,fib_pullback,TECHM
2025-02-18,2025-02-20,1615.0843505859375,1570.4208984375,-0.027653943976507493,-0.030253943976507495,bb_mid_break,2,59.0,3.06,0.85,1.87,True,fib_pullback,TECHM
2021-05-04,2021-06-04,149.10745239257812,166.8777313232422,0.11917767117285001,0.11657767117285,rsi_overbought,31,63.1,0.3308,0.82,4.07,True,fib_pullback,NIACL
2024-04-29,2024-05-03,246.6890869140625,226.9539599609375,-0.07999999999999996,-0.08259999999999997,stop_loss,4,61.6,3.2328,1.07,3.73,True,fib_pullback,NIACL
2024-05-22,2024-05-27,239.32594299316406,227.4766845703125,-0.0495109651492735,-0.0521109651492735,bb_mid_break,5,48.7,1.8469,0.85,5.61,True,fib_pullback,NIACL
2024-06-03,2024-06-04,232.4016876220703,213.80955261230469,-0.08000000000000002,-0.08260000000000002,stop_loss,1,64.7,0.1929,0.74,1.06,True,fib_pullback,NIACL
2017-03-30,2017-04-19,644.886962890625,650.5120849609375,0.00872264814456567,0.00612264814456567,macd_bear_cross,20,64.6,1.7242,0.86,1.14,True,fib_pullback,RAMCOCEM
2017-08-02,2017-08-09,681.0577392578125,655.2904052734375,-0.037834287020150646,-0.040434287020150644,bb_mid_break,7,44.8,0.8019,0.66,1.56,True,fib_pullback,RAMCOCEM
2017-08-29,2017-09-11,667.9548950195312,720.1228637695312,0.07810103517315281,0.0755010351731528,rsi_overbought,13,47.4,0.6358,0.63,1.11,True,fib_pullback,RAMCOCEM
2017-11-17,2017-11-20,708.3838500976562,681.9345092773438,-0.03733758303025436,-0.03993758303025436,macd_bear_cross,3,49.2,0.1833,0.79,1.67,True,fib_pullback,RAMCOCEM
2019-09-20,2019-10-03,743.7492065429688,706.3702392578125,-0.050257488621598616,-0.052857488621598614,macd_bear_cross,13,53.9,2.8688,0.92,1.81,True,fib_pullback,RAMCOCEM
2019-10-17,2019-10-29,730.6837768554688,735.7920532226562,0.006991090440205477,0.004391090440205477,rsi_overbought,12,46.0,0.562,0.6,1.11,True,fib_pullback,RAMCOCEM
2021-01-08,2021-01-18,839.7632446289062,772.5821850585938,-0.07999999999999989,-0.0825999999999999,stop_loss,10,52.4,4.9709,0.85,1.9,True,fib_pullback,RAMCOCEM
2021-05-20,2021-05-25,986.3540649414062,935.6221313476562,-0.05143379583148339,-0.05403379583148339,bb_mid_break,5,52.5,3.0726,0.93,1.13,True,fib_pullback,RAMCOCEM
2021-06-04,2021-07-01,976.2669677734375,996.688232421875,0.020917705220542367,0.018317705220542366,macd_bear_cross,27,60.8,3.4707,0.83,1.0,True,fib_pullback,RAMCOCEM
2021-10-18,2021-10-19,1010.6815185546875,972.5584716796875,-0.03772013851556066,-0.040320138515560655,bb_mid_break,1,64.1,2.3659,1.04,1.34,True,fib_pullback,RAMCOCEM
2021-10-27,2021-11-15,1020.6203002929688,1048.4583740234375,0.02727564180575072,0.024675641805750718,rsi_overbought,19,56.0,3.0135,0.97,1.95,True,fib_pullback,RAMCOCEM
2022-11-07,2022-11-09,733.8417358398438,699.4382934570312,-0.046881283392037586,-0.049481283392037584,bb_mid_break,2,64.5,4.5512,1.07,1.56,True,golden_cross,RAMCOCEM
2023-02-08,2023-02-16,725.154052734375,719.8421020507812,-0.007325272007463393,-0.009925272007463393,rsi_overbought,8,55.7,3.9955,0.95,2.56,False,golden_cross,RAMCOCEM
2024-01-31,2024-02-05,1013.249755859375,974.4891357421875,-0.03825376704316417,-0.040853767043164166,bb_mid_break,5,56.3,3.7724,0.84,1.08,True,fib_pullback,RAMCOCEM
2025-11-28,2025-12-08,1037.5,995.9000244140625,-0.04009636201054217,-0.042696362010542166,bb_mid_break,10,51.5,3.9356,0.83,1.01,True,fib_pullback,RAMCOCEM
2025-12-10,2026-01-02,1020.7999877929688,1056.699951171875,0.03516845984346467,0.032568459843464674,macd_bear_cross,23,59.5,0.33,0.71,2.06,True,fib_pullback,RAMCOCEM
2016-09-27,2016-09-29,823.0499877929688,809.7649536132812,-0.016141223955681825,-0.018741223955681827,bb_mid_break,2,58.9,2.071,0.65,1.4,True,fib_pullback,THERMAX
2016-11-11,2016-11-15,837.331298828125,806.016845703125,-0.03739792501346324,-0.03999792501346324,bb_mid_break,4,52.6,1.611,0.81,1.67,True,fib_pullback,THERMAX
2018-05-11,2018-05-23,1121.583740234375,1086.671630859375,-0.031127510254120205,-0.033727510254120206,macd_bear_cross,12,63.1,3.7052,1.27,1.2,True,fib_pullback,THERMAX
2020-01-10,2020-01-16,1051.286865234375,1049.6436767578125,-0.0015630257838293888,-0.004163025783829388,macd_bear_cross,6,63.1,1.628,0.69,2.39,True,fib_pullback,THERMAX
2021-09-03,2021-09-14,1405.7117919921875,1437.5091552734375,0.02262011563279731,0.02002011563279731,rsi_overbought,11,62.5,8.4463,1.05,1.29,True,fib_pullback,THERMAX
2021-10-11,2021-10-12,1392.4139404296875,1369.5963134765625,-0.01638710033747843,-0.01898710033747843,bb_mid_break,1,42.9,1.1599,0.58,1.12,True,fib_pullback,THERMAX
2022-06-30,2022-07-27,2058.148193359375,2034.4525146484375,-0.011513106192931938,-0.014113106192931938,macd_bear_cross,27,62.5,7.8772,1.18,1.97,True,fib_pullback,THERMAX
2017-12-19,2017-12-21,86.69364929199219,85.03776550292969,-0.019100404730747127,-0.02170040473074713,macd_bear_cross,2,53.7,0.0513,0.72,1.31,True,fib_pullback,THOMASCOOK
2017-12-22,2018-01-05,87.1565933227539,88.84808349609375,0.01940748380419141,0.01680748380419141,macd_bear_cross,14,54.1,0.0643,0.84,1.73,True,fib_pullback,THOMASCOOK
2018-02-26,2018-03-09,87.42366027832031,92.49816131591797,0.05804493910964802,0.05544493910964802,rsi_overbought,11,61.2,0.3416,0.95,1.33,True,fib_pullback,THOMASCOOK
2018-06-13,2018-06-27,100.77759552001953,97.8219223022461,-0.02932867372476942,-0.03192867372476942,macd_bear_cross,14,57.1,0.3231,0.91,8.35,True,fib_pullback,THOMASCOOK
2021-02-10,2021-02-25,47.189720153808594,45.555660247802734,-0.034627454892291354,-0.03722745489229135,macd_bear_cross,15,60.8,0.4479,0.96,1.31,True,fib_pullback,THOMASCOOK
2021-04-27,2021-05-21,48.97233581542969,56.94457244873047,0.1627906143449456,0.1601906143449456,rsi_overbought,24,57.3,0.2703,0.83,1.18,True,fib_pullback,THOMASCOOK
2021-09-06,2021-09-16,61.40110778808594,63.82744216918945,0.039516133641717674,0.036916133641717676,rsi_overbought,10,60.1,0.4433,1.1,3.88,True,fib_pullback,THOMASCOOK
2022-02-04,2022-02-07,65.21390533447266,63.97598648071289,-0.01898243706477414,-0.02158243706477414,death_cross,3,55.2,0.1162,0.64,2.3,True,fib_pullback,THOMASCOOK
2022-11-23,2022-12-12,75.86007690429688,82.44583129882812,0.08681449667971822,0.08421449667971821,rsi_overbought,19,58.8,0.0132,0.93,2.36,True,fib_pullback,THOMASCOOK
2024-03-28,2024-04-03,165.0469512939453,171.2113494873047,0.03734936116681553,0.03474936116681553,rsi_overbought,6,61.9,1.8072,0.88,1.42,True,fib_pullback,THOMASCOOK
2025-07-25,2025-07-29,170.0111083984375,168.5349884033203,-0.00868249145025134,-0.011282491450251342,macd_bear_cross,4,60.9,0.7529,0.55,1.05,False,golden_cross,THOMASCOOK
2025-08-21,2025-08-26,173.8800048828125,174.1999969482422,0.0018403039823086508,-0.0007596960176913491,rsi_overbought,5,55.6,1.6719,0.85,1.12,True,fib_pullback,THOMASCOOK
2017-03-16,2017-04-19,193.53347778320312,197.8793487548828,0.02245539645883875,0.01985539645883875,macd_bear_cross,34,50.5,0.2569,0.86,2.09,True,fib_pullback,THYROCARE
2017-05-12,2017-05-19,199.13841247558594,196.0922393798828,-0.015296762979249827,-0.017896762979249827,bb_mid_break,7,55.2,0.1817,0.9,1.39,True,fib_pullback,THYROCARE
2017-06-15,2017-06-23,195.65899658203125,194.64364624023438,-0.005189387452322863,-0.007789387452322863,bb_mid_break,8,58.5,0.4263,0.85,1.45,True,fib_pullback,THYROCARE
2021-11-17,2021-11-22,363.8049011230469,334.70050903320316,-0.0799999999999999,-0.08259999999999991,stop_loss,5,62.2,3.1102,1.21,2.72,True,fib_pullback,THYROCARE
2023-11-22,2023-12-06,176.79566955566406,194.90431213378906,0.10242695776224033,0.09982695776224032,rsi_overbought,14,60.3,0.4507,0.98,2.44,True,fib_pullback,THYROCARE
2024-02-27,2024-02-29,202.2865753173828,217.8397979736328,0.07688707286604346,0.07428707286604345,rsi_overbought,2,64.8,1.6151,1.02,1.21,True,fib_pullback,THYROCARE
2024-04-15,2024-04-19,197.49124145507812,199.5103302001953,0.010223687543006583,0.007623687543006582,rsi_overbought,4,55.8,0.7479,0.64,1.6,True,fib_pullback,THYROCARE
2024-05-15,2024-05-21,205.31517028808594,200.2990264892578,-0.024431432863873493,-0.027031432863873495,bb_mid_break,6,45.0,0.1296,0.74,2.19,True,fib_pullback,THYROCARE
2025-10-16,2025-10-30,417.4224853515625,443.32965087890625,0.06206461423735753,0.05946461423735753,rsi_overbought,14,59.9,3.871,0.92,3.09,True,fib_pullback,THYROCARE
2026-01-06,2026-01-08,462.4310302734375,439.38104248046875,-0.04984524455320222,-0.052445244553202215,bb_mid_break,2,54.0,2.8842,0.92,3.9,True,fib_pullback,THYROCARE
2026-01-19,2026-01-22,470.0320739746094,452.1152648925781,-0.03811826910135306,-0.04071826910135306,bb_mid_break,3,62.0,2.1517,1.02,1.31,True,fib_pullback,THYROCARE
2016-12-06,2016-12-09,44.03863525390625,46.84569549560547,0.06374085449094909,0.06114085449094909,rsi_overbought,3,58.9,0.139,0.84,3.51,True,fib_pullback,TIMETECHNO
2017-02-06,2017-03-03,42.95722961425781,46.431541442871094,0.08087839601881897,0.07827839601881896,rsi_overbought,25,57.1,0.1713,0.98,8.93,True,fib_pullback,TIMETECHNO
2020-11-09,2020-11-18,19.062007904052734,20.315135955810547,0.0657395620684528,0.0631395620684528,rsi_overbought,9,62.4,0.0558,0.82,1.65,True,fib_pullback,TIMETECHNO
2022-08-24,2022-09-02,52.07487869262695,59.76444625854492,0.14766366737608358,0.1450636673760836,rsi_overbought,9,51.8,0.0799,0.73,1.07,True,fib_pullback,TIMETECHNO
2022-10-10,2022-10-11,54.506103515625,52.64012908935547,-0.03423422893795043,-0.03683422893795043,bb_mid_break,1,49.2,0.0565,0.57,1.2,True,fib_pullback,TIMETECHNO
2024-11-26,2024-12-05,211.13792419433594,220.5135498046875,0.044405218276760326,0.04180521827676033,rsi_overbought,9,55.0,0.7906,0.8,1.16,True,fib_pullback,TIMETECHNO
2016-09-09,2016-09-12,533.343994140625,515.1202392578125,-0.03416885740351565,-0.036768857403515647,macd_bear_cross,3,51.3,0.2795,0.67,8.76,True,fib_pullback,TIMKEN
2016-11-29,2016-12-09,530.4935913085938,559.5111083984375,0.05469909074351843,0.052099090743518435,rsi_overbought,10,52.1,1.1896,0.72,3.42,True,fib_pullback,TIMKEN
2017-03-29,2017-04-10,594.0892944335938,648.1524658203125,0.09100175999344125,0.08840175999344124,rsi_overbought,12,64.8,1.2213,1.07,1.87,True,fib_pullback,TIMKEN
2017-08-30,2017-09-04,675.8659057617188,659.9097900390625,-0.023608404546865382,-0.026208404546865384,bb_mid_break,5,59.7,2.2864,0.75,1.78,True,fib_pullback,TIMKEN
2017-09-05,2017-09-15,674.087890625,735.57275390625,0.09121193858599438,0.08861193858599438,rsi_overbought,10,62.7,0.7509,0.71,1.01,True,fib_pullback,TIMKEN
2019-08-22,2019-09-09,662.1254272460938,647.3906860351562,-0.02225370089202299,-0.024853700892022993,macd_bear_cross,18,58.5,5.1788,0.78,3.25,True,fib_pullback,TIMKEN
2020-05-07,2020-05-12,841.804931640625,774.4605371093751,-0.0799999999999999,-0.08259999999999991,stop_loss,5,64.2,7.4402,0.96,3.47,True,fib_pullback,TIMKEN
2020-10-22,2020-11-03,1092.51123046875,1045.5040283203125,-0.043026745023269655,-0.04562674502326965,bb_mid_break,12,49.0,3.7685,0.85,4.7,True,fib_pullback,TIMKEN
2021-03-31,2021-04-08,1279.01123046875,1354.725830078125,0.05919775980514733,0.056597759805147335,rsi_overbought,8,54.9,2.0032,0.83,1.48,True,fib_pullback,TIMKEN
2022-02-23,2022-02-24,1969.93701171875,1913.8011474609375,-0.028496273700058323,-0.031096273700058324,bb_mid_break,1,45.2,5.588,0.74,1.45,True,fib_pullback,TIMKEN
2022-03-14,2022-03-29,1986.6246337890625,2161.9931640625,0.08827461780686745,0.08567461780686744,rsi_overbought,15,54.2,2.4776,0.69,1.11,True,fib_pullback,TIMKEN
2023-02-17,2023-02-22,3117.763427734375,2989.680419921875,-0.041081695510674365,-0.04368169551067436,bb_mid_break,5,56.7,13.1335,0.86,3.94,True,fib_pullback,TIMKEN
2024-07-30,2024-08-07,4166.7724609375,4021.00048828125,-0.0349843851620955,-0.037584385162095495,bb_mid_break,8,45.7,10.1054,0.65,1.23,True,fib_pullback,TIMKEN
2024-09-24,2024-09-26,3893.968994140625,3727.82421875,-0.04266720552747805,-0.045267205527478045,bb_mid_break,2,57.1,24.1469,1.09,1.19,True,fib_pullback,TIMKEN
2025-11-06,2025-11-28,3051.934814453125,2807.780029296875,-0.08,-0.0826,stop_loss,22,64.9,10.7627,0.75,2.27,True,fib_pullback,TIMKEN
2026-01-05,2026-01-07,3084.208740234375,3029.253173828125,-0.017818368027215245,-0.020418368027215247,bb_mid_break,2,49.0,3.2253,0.81,2.66,True,fib_pullback,TIMKEN
2016-09-14,2016-09-15,399.7929992675781,391.9331359863281,-0.01965983220228791,-0.022259832202287912,macd_bear_cross,1,53.4,0.4046,0.57,1.58,True,fib_pullback,TITAN
2018-03-13,2018-03-15,825.5741577148438,845.4879150390625,0.024121100616011568,0.021521100616011566,rsi_overbought,2,61.5,4.9049,1.28,1.41,True,fib_pullback,TITAN
2019-09-16,2019-09-23,1122.9385986328125,1282.5482177734375,0.14213566025333094,0.13953566025333095,rsi_overbought,7,63.2,8.3274,1.05,1.92,True,fib_pullback,TITAN
2020-02-06,2020-02-18,1231.21875,1281.7659912109375,0.04105463891850047,0.03845463891850047,rsi_overbought,12,64.9,8.5471,0.92,1.08,False,golden_cross,TITAN
2021-03-23,2021-03-25,1467.63232421875,1423.95703125,-0.029759015420976934,-0.03235901542097693,bb_mid_break,2,58.1,2.7236,0.84,1.44,True,fib_pullback,TITAN
2021-03-26,2021-04-19,1477.9378662109375,1490.549560546875,0.00853330483254396,0.0059333048325439595,macd_bear_cross,24,56.7,2.7021,0.9,1.08,True,fib_pullback,TITAN
2021-05-18,2021-05-25,1510.718505859375,1540.0645751953125,0.019425239859125136,0.016825239859125134,rsi_overbought,7,57.5,5.9069,0.96,1.58,True,fib_pullback,TITAN
2021-12-30,2022-01-04,2397.861083984375,2541.20361328125,0.059779330109770885,0.05717933010977089,rsi_overbought,5,61.7,13.8861,0.99,1.22,True,fib_pullback,TITAN
2022-02-23,2022-02-24,2455.315673828125,2367.657958984375,-0.035701199555770904,-0.0383011995557709,macd_bear_cross,1,52.3,3.4297,0.73,1.53,True,fib_pullback,TITAN
2022-04-26,2022-04-27,2506.96630859375,2452.020263671875,-0.0219173447738499,-0.0245173447738499,bb_mid_break,1,53.0,0.6954,0.82,1.07,True,fib_pullback,TITAN
2024-03-27,2024-04-09,3723.67724609375,3644.38818359375,-0.02129321561990278,-0.02389321561990278,bb_mid_break,13,50.8,4.9965,0.75,1.41,True,fib_pullback,TITAN
2024-06-13,2024-06-14,3439.206298828125,3496.506591796875,0.016660906031799982,0.01406090603179998,death_cross,1,55.1,23.0999,0.88,1.22,True,fib_pullback,TITAN
2025-08-12,2025-08-19,3475.396240234375,3556.430419921875,0.023316529709439746,0.020716529709439744,rsi_overbought,7,52.2,14.1094,0.84,1.3,True,fib_pullback,TITAN
2025-10-08,2025-10-17,3553.9384765625,3662.78125,0.03062595882154289,0.02802595882154289,rsi_overbought,9,53.7,7.8548,0.79,3.04,True,fib_pullback,TITAN
2026-02-06,2026-03-04,4127.45654296875,4190.64892578125,0.015310247886231578,0.012710247886231579,macd_bear_cross,26,45.4,0.589,0.61,1.04,True,fib_pullback,TITAN
2026-06-05,2026-06-09,4246.26708984375,4091.474609375,-0.036453778623342765,-0.039053778623342764,bb_mid_break,4,57.4,18.3462,1.06,1.08,True,fib_pullback,TITAN
2026-06-15,2026-06-30,4269.49072265625,4389.59619140625,0.028131099597583097,0.025531099597583096,rsi_overbought,15,60.2,17.1276,1.04,1.22,True,fib_pullback,TITAN
2018-11-13,2018-11-20,765.4859619140625,744.8994750976562,-0.026893356430640065,-0.029493356430640067,bb_mid_break,7,61.1,3.4035,0.86,1.35,True,fib_pullback,TORNTPHARM
2018-11-29,2018-12-10,776.628662109375,764.5574951171875,-0.015543035663146154,-0.018143035663146154,macd_bear_cross,11,58.5,2.3654,0.98,1.67,True,fib_pullback,TORNTPHARM
2019-02-26,2019-03-01,826.7059326171875,814.6851196289062,-0.014540615367577843,-0.017140615367577845,bb_mid_break,3,50.4,0.2255,0.65,1.16,True,fib_pullback,TORNTPHARM
2020-07-30,2020-08-04,1133.18505859375,1314.99853515625,0.16044464686829288,0.1578446468682929,rsi_overbought,5,60.7,2.5384,0.99,2.27,True,fib_pullback,TORNTPHARM
2020-11-13,2020-11-25,1268.813232421875,1201.614990234375,-0.05296149225937208,-0.055561492259372076,bb_mid_break,12,55.0,6.2387,0.87,2.0,True,fib_pullback,TORNTPHARM
2021-02-08,2021-02-09,1282.1085205078125,1200.4296875,-0.06370664549944764,-0.06630664549944765,bb_mid_break,1,58.9,3.7587,0.67,1.02,True,fib_pullback,TORNTPHARM
2021-11-29,2021-12-22,1430.333251953125,1451.2891845703125,0.01465108399638483,0.01205108399638483,macd_bear_cross,23,62.1,16.4915,1.07,3.58,True,fib_pullback,TORNTPHARM
2022-09-29,2022-10-19,1481.7257080078125,1512.25537109375,0.02060412593298714,0.018004125932987138,macd_bear_cross,20,54.0,2.5792,1.0,2.05,True,fib_pullback,TORNTPHARM
2023-01-23,2023-01-25,1531.378173828125,1492.2216796875,-0.025569447710451533,-0.028169447710451535,bb_mid_break,2,63.8,6.6476,0.86,1.0,True,fib_pullback,TORNTPHARM
2023-10-25,2023-10-26,1867.48486328125,1835.8135986328125,-0.016959315318245603,-0.019559315318245604,bb_mid_break,1,62.2,3.5766,0.82,4.26,True,fib_pullback,TORNTPHARM
2023-10-27,2023-11-10,1865.930419921875,1999.5615234375,0.07161633793462675,0.06901633793462675,rsi_overbought,14,55.4,2.8532,0.79,1.72,True,fib_pullback,TORNTPHARM
2024-12-02,2024-12-05,3277.9794921875,3299.920166015625,0.006693352987844134,0.004093352987844134,rsi_overbought,3,64.4,29.0327,1.05,1.55,True,fib_pullback,TORNTPHARM
2025-01-27,2025-02-01,3276.60546875,3173.50732421875,-0.03146492475658998,-0.03406492475658998,bb_mid_break,5,43.3,3.8636,0.64,5.51,True,fib_pullback,TORNTPHARM
2018-02-26,2018-03-05,224.9791259765625,206.98079589843752,-0.0799999999999999,-0.08259999999999991,stop_loss,7,64.9,0.8768,0.77,1.53,True,fib_pullback,TORNTPOWER
2019-11-04,2019-11-05,240.73768615722656,235.68899536132812,-0.02097175093973912,-0.023571750939739122,bb_mid_break,1,57.7,0.3434,0.97,1.92,True,fib_pullback,TORNTPOWER
2019-12-20,2020-01-15,240.73768615722656,254.4952850341797,0.05714767428631009,0.05454767428631009,rsi_overbought,26,58.9,0.8388,1.06,2.48,True,fib_pullback,TORNTPOWER
2020-08-03,2020-08-04,286.03265380859375,290.4371643066406,0.015398628231426572,0.012798628231426572,rsi_overbought,1,55.3,0.3655,0.71,1.97,True,fib_pullback,TORNTPOWER
2020-11-06,2020-11-11,281.0611877441406,270.94384765625,-0.03599693066515031,-0.03859693066515031,bb_mid_break,5,62.7,1.645,0.89,3.77,True,fib_pullback,TORNTPOWER
2021-02-09,2021-02-16,284.3319091796875,305.99560546875,0.07619157607587344,0.07359157607587344,rsi_overbought,7,40.1,0.5523,0.59,1.21,True,fib_pullback,TORNTPOWER
2022-11-21,2022-11-25,479.8062744140625,499.3128662109375,0.04065514112064577,0.03805514112064577,rsi_overbought,4,63.7,1.8365,0.94,1.03,True,fib_pullback,TORNTPOWER
2016-12-27,2017-01-10,197.3804931640625,196.29466247558594,-0.0055012056716973595,-0.00810120567169736,macd_bear_cross,14,52.7,0.2576,0.64,1.47,True,fib_pullback,TRENT
2017-07-07,2017-07-11,245.20785522460938,239.72921752929688,-0.022342831106671075,-0.024942831106671077,bb_mid_break,4,51.0,0.5968,0.66,2.74,True,fib_pullback,TRENT
2018-03-08,2018-03-16,329.636474609375,347.3035583496094,0.05359565794765333,0.05099565794765333,rsi_overbought,8,63.4,1.4761,1.24,5.07,True,fib_pullback,TRENT
2019-12-17,2019-12-27,513.1344604492188,542.1058349609375,0.056459615840955275,0.05385961584095528,rsi_overbought,10,57.7,0.6682,0.75,2.68,True,fib_pullback,TRENT
2020-08-18,2020-08-31,586.499267578125,636.0001220703125,0.08440053931626386,0.08180053931626385,rsi_overbought,13,60.8,2.2452,0.87,2.26,True,fib_pullback,TRENT
2020-10-28,2020-10-30,679.182861328125,656.248291015625,-0.03376788729275651,-0.03636788729275651,bb_mid_break,2,47.8,0.0712,0.7,1.95,True,fib_pullback,TRENT
2020-11-09,2020-11-13,677.8396606445312,747.6882934570312,0.10304595152500175,0.10044595152500174,rsi_overbought,4,62.7,2.0112,0.76,1.78,True,fib_pullback,TRENT
2021-02-05,2021-02-18,685.003662109375,775.100341796875,0.1315272963797881,0.12892729637978811,rsi_overbought,13,61.0,3.4029,0.79,2.13,True,fib_pullback,TRENT
2021-05-17,2021-05-31,791.1694946289062,847.3866577148438,0.07105577688167294,0.06845577688167294,rsi_overbought,14,54.9,2.3353,0.87,2.11,True,fib_pullback,TRENT
2022-01-05,2022-01-07,1065.9522705078125,1080.2364501953125,0.013400393322202985,0.010800393322202985,rsi_overbought,2,61.9,5.3961,1.03,1.26,True,fib_pullback,TRENT
2022-02-28,2022-03-07,1103.4580078125,1059.7420654296875,-0.039617223377149784,-0.04221722337714978,bb_mid_break,7,59.2,3.5623,1.05,1.92,True,fib_pullback,TRENT
2022-11-30,2022-12-06,1466.5225830078125,1470.608154296875,0.002785890470696376,0.00018589047069637616,rsi_overbought,6,50.2,3.5861,0.63,1.26,True,fib_pullback,TRENT
2024-12-31,2025-01-06,7108.73486328125,6983.99169921875,-0.017547871240329402,-0.020147871240329403,bb_mid_break,6,58.9,14.8327,0.87,1.18,True,fib_pullback,TRENT
2017-06-14,2017-06-20,6.626797676086426,6.418960094451904,-0.031363200114668914,-0.03396320011466891,macd_bear_cross,6,62.8,0.0079,0.73,1.25,True,fib_pullback,TRIDENT
2017-07-11,2017-07-20,6.630794525146484,6.994509220123291,0.05485235496251056,0.052252354962510565,rsi_overbought,9,56.7,0.0567,0.81,2.35,True,fib_pullback,TRIDENT
2017-12-21,2017-12-27,7.464802265167236,7.122566223144531,-0.04584663194893587,-0.04844663194893587,bb_mid_break,6,58.4,0.0564,0.98,1.38,True,fib_pullback,TRIDENT
2018-01-05,2018-01-12,7.267512321472168,7.19503927230835,-0.009972194880178423,-0.012572194880178425,bb_mid_break,7,60.9,0.0153,0.64,1.23,True,fib_pullback,TRIDENT
2019-05-27,2019-06-07,5.7221527099609375,5.818833827972412,0.016895934609220627,0.014295934609220625,rsi_overbought,11,53.4,0.0264,0.85,1.65,True,fib_pullback,TRIDENT
2019-12-19,2019-12-20,6.383180618286133,6.251114845275879,-0.020689650020543085,-0.023289650020543087,macd_bear_cross,1,57.2,0.0152,0.69,1.1,True,fib_pullback,TRIDENT
2020-01-14,2020-01-27,6.339158535003662,6.251114845275879,-0.013888860681054467,-0.016488860681054467,macd_bear_cross,13,60.7,0.0198,0.88,1.33,True,fib_pullback,TRIDENT
2021-05-03,2021-05-10,12.798129081726074,15.203450202941895,0.18794318340250843,0.18534318340250844,rsi_overbought,7,50.0,0.0403,0.76,1.56,True,fib_pullback,TRIDENT
2022-04-06,2022-04-19,52.89485168457031,50.179893493652344,-0.0513274563488366,-0.0539274563488366,bb_mid_break,13,60.8,0.4254,1.0,1.36,True,fib_pullback,TRIDENT
2023-08-10,2023-08-14,31.9194278717041,30.963756561279297,-0.029940114035439436,-0.03254011403543944,bb_mid_break,4,52.1,0.0348,0.88,4.13,True,fib_pullback,TRIDENT
2024-05-17,2024-05-21,38.41799545288086,35.34455581665039,-0.07999999999999997,-0.08259999999999998,stop_loss,4,52.9,0.069,0.87,2.75,True,fib_pullback,TRIDENT
2017-01-03,2017-01-13,113.53219604492188,110.88972473144531,-0.023275083240977757,-0.02587508324097776,bb_mid_break,10,57.4,0.6025,0.88,1.47,True,fib_pullback,TRITURBINE
2017-01-25,2017-02-02,113.39064025878906,112.35253143310547,-0.009155154458201665,-0.011755154458201664,death_cross,8,51.9,0.2844,0.76,1.62,True,fib_pullback,TRITURBINE
2017-06-27,2017-06-28,131.6992645263672,130.51956176757812,-0.008957550089832712,-0.011557550089832714,macd_bear_cross,1,48.4,0.0423,0.62,1.61,True,fib_pullback,TRITURBINE
2017-09-19,2017-09-22,130.64776611328125,124.33833312988281,-0.04829346242267697,-0.05089346242267697,bb_mid_break,3,56.7,0.9683,0.92,12.35,True,fib_pullback,TRITURBINE
2020-11-23,2020-12-07,71.26485443115234,80.63550567626953,0.13149049864642606,0.12889049864642607,rsi_overbought,14,64.3,0.4852,0.78,1.25,True,golden_cross,TRITURBINE
2021-05-03,2021-05-04,100.14562225341797,96.54154205322266,-0.035988394890344846,-0.038588394890344845,bb_mid_break,1,57.3,0.2106,1.05,6.32,True,fib_pullback,TRITURBINE
2021-05-26,2021-06-02,98.5598373413086,110.90984344482422,0.12530465184056738,0.12270465184056738,rsi_overbought,7,52.5,0.2358,0.86,5.13,True,fib_pullback,TRITURBINE
2021-12-31,2022-01-06,184.4886932373047,176.89295959472656,-0.04117181117873636,-0.04377181117873636,bb_mid_break,6,54.1,0.5835,0.93,2.99,True,fib_pullback,TRITURBINE
2022-01-21,2022-01-24,197.05087280273438,181.28680297851562,-0.08,-0.0826,stop_loss,3,59.3,1.9399,0.88,3.91,True,fib_pullback,TRITURBINE
2023-02-08,2023-02-21,279.515380859375,300.571044921875,0.07532917865830491,0.0727291786583049,rsi_overbought,13,46.9,0.8177,0.77,1.26,True,fib_pullback,TRITURBINE
2023-11-02,2023-11-15,384.499267578125,395.689697265625,0.029103903781107353,0.02650390378110735,rsi_overbought,13,53.4,2.3701,0.71,3.47,True,fib_pullback,TRITURBINE
2018-11-29,2018-12-06,292.4986572265625,313.6878967285156,0.0724421770098604,0.0698421770098604,rsi_overbought,7,50.2,0.0337,0.78,1.18,True,fib_pullback,TIINDIA
2020-10-23,2020-11-03,604.33251953125,660.9190063476562,0.09363468783757907,0.09103468783757906,rsi_overbought,11,44.8,0.6444,0.68,2.37,True,fib_pullback,TIINDIA
2021-08-05,2021-08-16,1189.5472412109375,1272.4429931640625,0.06968680946940672,0.06708680946940672,rsi_overbought,11,62.3,12.043,1.16,1.21,True,fib_pullback,TIINDIA
2022-02-07,2022-02-10,1789.7344970703125,1706.491455078125,-0.046511391565872674,-0.04911139156587267,macd_bear_cross,3,49.9,1.9619,0.7,2.14,True,fib_pullback,TIINDIA
2023-02-27,2023-03-08,2649.89892578125,2782.76708984375,0.050140842267531946,0.04754084226753195,rsi_overbought,9,56.8,18.5814,0.83,1.6,True,fib_pullback,TIINDIA
2023-04-12,2023-04-24,2625.147705078125,2548.30517578125,-0.029271697416579517,-0.03187169741657952,bb_mid_break,12,61.2,8.3113,0.71,1.9,True,fib_pullback,TIINDIA
2023-11-21,2023-11-22,3184.89013671875,3717.2666015625,0.1671569322614794,0.1645569322614794,rsi_overbought,1,53.9,3.2482,0.68,1.06,True,fib_pullback,TIINDIA
2024-03-01,2024-03-05,3702.991943359375,3553.233154296875,-0.040442645124050144,-0.04304264512405014,bb_mid_break,4,64.1,3.8355,0.87,1.67,True,fib_pullback,TIINDIA
2024-03-21,2024-04-04,3696.2119140625,3586.734375,-0.029618848055217004,-0.032218848055217006,bb_mid_break,14,60.8,13.3497,0.97,1.66,True,fib_pullback,TIINDIA
2024-04-29,2024-05-02,3696.71044921875,3779.865478515625,0.022494331227496785,0.019894331227496783,rsi_overbought,3,57.7,13.8776,0.82,1.86,True,fib_pullback,TIINDIA
2024-05-15,2024-05-16,3775.67822265625,3754.0419921875,-0.005730422242796042,-0.00833042224279604,macd_bear_cross,1,58.8,1.1058,0.54,1.32,True,fib_pullback,TIINDIA
2024-09-17,2024-09-18,4125.0048828125,4012.645263671875,-0.027238663306506504,-0.029838663306506506,bb_mid_break,1,48.9,9.5908,0.75,2.11,True,fib_pullback,TIINDIA
2024-09-20,2024-10-04,4280.90283203125,4067.90234375,-0.04975597359685531,-0.05235597359685531,bb_mid_break,14,58.8,20.4749,1.09,4.34,True,fib_pullback,TIINDIA
2026-05-29,2026-06-08,3139.688720703125,3054.435302734375,-0.027153461872378777,-0.02975346187237878,macd_bear_cross,10,59.8,19.0114,0.84,1.96,False,golden_cross,TIINDIA
2019-01-04,2019-01-10,21.003694534301758,20.086292266845703,-0.04367813795605424,-0.04627813795605424,macd_bear_cross,6,63.4,0.1773,0.83,1.49,False,golden_cross,UCOBANK
2020-08-21,2020-08-31,13.664472579956055,13.181629180908203,-0.035335677701612715,-0.03793567770161271,macd_bear_cross,10,51.1,0.0097,0.84,3.83,True,fib_pullback,UCOBANK
2020-09-14,2020-09-16,13.809327125549316,13.036776542663574,-0.05594411486251262,-0.05854411486251262,bb_mid_break,2,56.4,0.0139,0.92,4.01,True,fib_pullback,UCOBANK
2023-04-13,2023-04-28,25.445858001708984,29.067182540893555,0.14231489222887891,0.13971489222887892,rsi_overbought,15,58.1,0.2678,0.95,1.53,True,fib_pullback,UCOBANK
2023-06-07,2023-06-13,26.556396484375,25.880414962768555,-0.025454565042518962,-0.028054565042518964,bb_mid_break,6,57.5,0.0921,0.82,1.16,True,fib_pullback,UCOBANK
2023-06-20,2023-06-23,26.89438819885254,25.638994216918945,-0.04667865923000084,-0.04927865923000084,bb_mid_break,3,64.5,0.0291,0.94,2.37,True,fib_pullback,UCOBANK
2023-06-30,2023-07-18,26.459827423095703,27.0875244140625,0.023722641154450833,0.02112264115445083,macd_bear_cross,18,53.6,0.0207,0.73,1.8,True,fib_pullback,UCOBANK
2023-07-20,2023-07-31,27.860074996948242,27.280662536621094,-0.02079723261299966,-0.023397232612999662,macd_bear_cross,11,63.6,0.0136,0.77,1.39,True,fib_pullback,UCOBANK
2023-12-05,2023-12-15,38.53091812133789,39.35175323486328,0.021303284571120133,0.01870328457112013,rsi_overbought,10,52.7,0.1915,0.94,2.84,True,fib_pullback,UCOBANK
2024-04-03,2024-04-15,54.99588394165039,50.59621322631836,-0.07999999999999996,-0.08259999999999997,stop_loss,12,61.6,0.4391,0.77,1.24,True,fib_pullback,UCOBANK
2024-04-25,2024-05-03,54.85103225708008,53.5473518371582,-0.023767655161195222,-0.026367655161195224,bb_mid_break,8,49.4,0.1097,0.77,1.7,True,fib_pullback,UCOBANK
2024-07-15,2024-07-23,54.75019454956055,52.866607666015625,-0.034403291148853835,-0.03700329114885383,bb_mid_break,8,54.8,0.0884,0.79,3.16,True,fib_pullback,UCOBANK
2024-07-24,2024-08-02,54.17734909057617,53.57537841796875,-0.011111113458154251,-0.013711113458154251,bb_mid_break,9,57.0,0.1009,0.75,1.21,True,fib_pullback,UCOBANK
2017-01-02,2017-01-20,258.7659912109375,256.1793212890625,-0.009996174187227069,-0.012596174187227069,macd_bear_cross,18,64.7,1.9784,1.03,1.09,True,fib_pullback,UFLEX
2017-08-30,2017-09-01,398.533447265625,413.0393371582031,0.03639817433669466,0.03379817433669466,rsi_overbought,2,56.8,0.4349,0.61,1.11,True,fib_pullback,UFLEX
2017-11-23,2017-11-30,442.09857177734375,434.6085510253906,-0.01694197002682325,-0.01954197002682325,macd_bear_cross,7,50.5,0.4678,0.78,1.61,True,fib_pullback,UFLEX
2017-12-14,2018-01-04,443.0466003417969,454.37646484375,0.025572624850777506,0.022972624850777505,macd_bear_cross,21,49.6,0.7839,0.76,1.48,True,fib_pullback,UFLEX
2020-10-27,2020-11-02,336.4369201660156,315.0881652832031,-0.06345544618669646,-0.06605544618669647,bb_mid_break,6,64.7,3.3959,1.06,3.35,True,fib_pullback,UFLEX
2021-02-18,2021-03-04,362.3950500488281,408.05224609375,0.1259873611374387,0.12338736113743869,rsi_overbought,14,58.7,2.674,0.95,1.22,True,fib_pullback,UFLEX
2021-04-26,2021-05-04,371.9049377441406,403.1517639160156,0.08401831489898602,0.08141831489898602,rsi_overbought,8,47.6,0.1171,0.77,2.39,True,fib_pullback,UFLEX
2021-12-08,2021-12-20,536.9358520507812,493.9809838867188,-0.07999999999999996,-0.08259999999999997,stop_loss,12,61.5,6.1178,1.12,2.39,True,fib_pullback,UFLEX
2022-03-15,2022-03-17,524.6939086914062,549.1776123046875,0.04666283181053872,0.04406283181053872,rsi_overbought,2,57.3,1.5795,0.67,1.7,True,fib_pullback,UFLEX
2023-11-29,2023-12-18,448.62200927734375,453.7037353515625,0.011327411426836981,0.00872741142683698,macd_bear_cross,19,64.1,0.9885,0.76,2.01,True,fib_pullback,UFLEX
2025-10-06,2025-10-09,559.1015625,546.8370971679688,-0.021936024069028157,-0.024536024069028158,bb_mid_break,3,59.0,1.9213,1.01,8.91,True,fib_pullback,UFLEX
2017-01-04,2017-01-13,402.7749328613281,415.1439208984375,0.0307094285864307,0.028109428586430698,rsi_overbought,9,57.2,1.9337,0.66,1.57,True,fib_pullback,UPL
2017-10-26,2017-10-31,494.3665771484375,486.0359191894531,-0.01685117551238305,-0.01945117551238305,bb_mid_break,5,60.0,1.1799,0.8,1.49,True,fib_pullback,UPL
2020-12-30,2021-01-11,439.467529296875,468.02215576171875,0.06497550913608943,0.06237550913608943,rsi_overbought,12,41.5,0.9278,0.72,1.39,True,fib_pullback,UPL
2021-10-29,2021-11-01,704.5349731445312,685.3558349609375,-0.02722240756621639,-0.029822407566216392,bb_mid_break,3,50.8,1.5755,0.69,1.19,True,fib_pullback,UPL
2021-11-03,2021-11-15,701.5367431640625,746.2720947265625,0.0637676529396524,0.06116765293965241,rsi_overbought,12,46.9,1.3476,0.62,2.23,True,fib_pullback,UPL
2023-02-14,2023-02-24,734.6052856445312,712.1311645507812,-0.03059346499805206,-0.03319346499805206,macd_bear_cross,10,54.4,2.4276,0.92,2.85,True,fib_pullback,UPL
2023-04-03,2023-04-13,703.7877807617188,710.877197265625,0.010073230450567473,0.007473230450567474,death_cross,10,60.5,2.8373,1.12,1.29,True,fib_pullback,UPL
2025-06-30,2025-07-14,648.9716796875,653.1773681640625,0.006480542384511554,0.0038805423845115544,macd_bear_cross,14,61.4,2.2983,1.2,1.21,True,fib_pullback,UPL
2025-10-28,2025-11-03,695.8641357421875,723.595703125,0.03985198540694277,0.03725198540694277,rsi_overbought,6,63.2,2.833,1.16,2.96,True,fib_pullback,UPL
2026-02-04,2026-02-13,751.4263916015625,717.3561401367188,-0.045340770361056486,-0.047940770361056484,bb_mid_break,9,44.9,0.3371,0.58,1.32,True,fib_pullback,UPL
2017-10-17,2017-10-18,3866.712646484375,3869.360595703125,0.0006848063098657001,-0.0019151936901343,rsi_overbought,1,64.9,16.7267,0.76,1.27,True,fib_pullback,ULTRACEMCO
2017-12-13,2018-01-02,4041.592041015625,4020.742431640625,-0.005158761488891054,-0.007758761488891054,macd_bear_cross,20,57.1,5.3587,0.76,1.19,True,fib_pullback,ULTRACEMCO
2019-09-20,2019-10-04,4058.422119140625,3782.67431640625,-0.0679445840376912,-0.0705445840376912,bb_mid_break,14,60.5,31.4028,1.15,2.54,True,fib_pullback,ULTRACEMCO
2021-05-27,2021-06-14,6363.11083984375,6368.1162109375,0.0007866232758995771,-0.0018133767241004226,macd_bear_cross,18,63.2,23.3933,0.91,3.45,True,fib_pullback,ULTRACEMCO
2021-10-29,2021-11-08,7316.6953125,7870.5224609375,0.07569361915225986,0.07309361915225986,rsi_overbought,10,64.8,40.7144,1.04,1.38,True,fib_pullback,ULTRACEMCO
2021-12-31,2022-01-19,7273.5771484375,7123.478515625,-0.02063615051429598,-0.02323615051429598,macd_bear_cross,19,57.9,31.1548,1.09,1.27,True,fib_pullback,ULTRACEMCO
2023-02-02,2023-02-27,6907.31005859375,6925.6201171875,0.0026508233217313716,5.0823321731371766e-05,macd_bear_cross,25,50.5,4.1983,0.65,1.36,True,fib_pullback,ULTRACEMCO
2023-08-31,2023-09-14,8032.61962890625,8410.65625,0.047062681735027555,0.04446268173502756,rsi_overbought,14,61.7,10.4766,0.99,1.75,True,fib_pullback,ULTRACEMCO
2024-03-01,2024-03-05,9812.0048828125,9524.337890625,-0.02931786068425228,-0.03191786068425228,macd_bear_cross,4,58.4,4.8228,0.94,1.23,True,fib_pullback,ULTRACEMCO
2024-04-01,2024-04-12,9636.6845703125,9344.46875,-0.030323273339538596,-0.032923273339538595,bb_mid_break,11,62.3,32.0333,0.86,1.15,True,fib_pullback,ULTRACEMCO
2024-04-29,2024-05-07,9646.4140625,9373.3662109375,-0.028305632517264756,-0.030905632517264758,bb_mid_break,8,55.4,28.7699,0.78,2.13,True,fib_pullback,ULTRACEMCO
2024-05-31,2024-06-24,9599.025390625,10441.7421875,0.08779191246832717,0.08519191246832716,macd_bear_cross,24,64.7,12.4588,0.59,2.26,True,fib_pullback,ULTRACEMCO
2024-11-22,2024-11-28,11077.5390625,10709.9208984375,-0.033185905460443955,-0.035785905460443954,bb_mid_break,6,58.2,30.7851,0.98,1.22,True,fib_pullback,ULTRACEMCO
2024-12-02,2024-12-19,11343.6357421875,11365.3037109375,0.0019101432065044043,-0.0006898567934955956,macd_bear_cross,17,62.7,67.0755,1.07,2.22,True,fib_pullback,ULTRACEMCO
2025-01-23,2025-01-31,11121.9453125,11186.75390625,0.0058270915679796914,0.0032270915679796916,rsi_overbought,8,42.9,9.364,0.67,4.75,True,fib_pullback,ULTRACEMCO
2017-03-15,2017-03-22,126.54568481445312,123.73542785644531,-0.022207449919199818,-0.02480744991919982,bb_mid_break,7,61.0,0.1662,0.97,1.44,True,fib_pullback,UNIONBANK
2017-07-31,2017-08-01,132.5856475830078,129.35594177246094,-0.02435939235824794,-0.02695939235824794,bb_mid_break,1,62.0,0.4324,0.74,1.35,True,fib_pullback,UNIONBANK
2021-04-07,2021-04-12,30.870939254760742,28.401264114379885,-0.07999999999999995,-0.08259999999999995,stop_loss,5,51.7,0.0104,0.7,1.72,True,fib_pullback,UNIONBANK
2021-05-05,2021-05-25,30.61927604675293,29.360944747924805,-0.04109604998193831,-0.04369604998193831,bb_mid_break,20,58.3,0.2755,0.81,1.35,True,fib_pullback,UNIONBANK
2021-09-29,2021-10-11,30.535385131835938,32.00343322753906,0.048076947101366355,0.045476947101366356,death_cross,12,60.3,0.0846,1.04,2.47,True,fib_pullback,UNIONBANK
2022-01-28,2022-02-14,39.46949768066406,36.31193786621094,-0.07999999999999995,-0.08259999999999995,stop_loss,17,57.4,0.1103,0.91,2.36,True,fib_pullback,UNIONBANK
2023-04-13,2023-04-19,61.718570709228516,64.24222564697266,0.040889717774471875,0.038289717774471876,rsi_overbought,6,64.4,0.6502,0.98,1.06,True,fib_pullback,UNIONBANK
2023-06-01,2023-06-13,64.0208511352539,63.97657012939453,-0.0006916653726740458,-0.0032916653726740457,rsi_overbought,12,54.7,0.0519,0.69,1.13,True,fib_pullback,UNIONBANK
2023-06-30,2023-07-06,63.97657012939453,70.57345581054688,0.1031140879826778,0.10051408798267779,rsi_overbought,6,52.4,0.0162,0.72,1.96,True,fib_pullback,UNIONBANK
2026-04-08,2026-04-22,180.33566284179688,188.48504638671875,0.045190082851615916,0.04259008285161592,rsi_overbought,14,56.6,0.5689,0.94,1.09,True,fib_pullback,UNIONBANK
2026-06-18,2026-07-03,171.06922912597656,163.08999633789062,-0.046643296569776296,-0.049243296569776294,macd_bear_cross,15,61.4,1.2794,1.05,1.04,True,fib_pullback,UNIONBANK
2026-07-14,2026-07-28,170.6699981689453,168.24000549316406,-0.014237960402248399,-0.0168379604022484,macd_bear_cross,14,51.2,0.11,0.68,1.01,True,fib_pullback,UNIONBANK
2017-01-25,2017-01-30,793.57568359375,774.8176879882812,-0.023637311466654525,-0.026237311466654527,bb_mid_break,5,56.2,2.774,0.77,1.48,True,fib_pullback,UBL
2017-02-06,2017-02-08,809.7781982421875,773.0817260742188,-0.04531669566756305,-0.04791669566756305,bb_mid_break,2,61.6,2.5629,1.13,1.02,True,fib_pullback,UBL
2017-08-10,2017-08-11,794.877685546875,759.579833984375,-0.04440664545541383,-0.04700664545541383,macd_bear_cross,1,55.4,0.429,0.71,1.77,False,golden_cross,UBL
2017-09-22,2017-09-25,781.3688354492188,828.55029296875,0.060383080792320104,0.057783080792320106,rsi_overbought,3,58.2,2.686,0.82,1.68,True,fib_pullback,UBL
2018-12-17,2018-12-18,1260.4736328125,1330.8922119140625,0.05586676092893529,0.05326676092893529,rsi_overbought,1,59.2,3.6366,0.83,2.1,True,fib_pullback,UBL
2019-03-06,2019-03-22,1346.8526611328125,1323.34716796875,-0.017452163731326388,-0.02005216373132639,bb_mid_break,16,50.8,2.4772,0.73,2.33,True,fib_pullback,UBL
2019-04-05,2019-05-02,1375.435791015625,1365.23095703125,-0.00741934596368161,-0.01001934596368161,macd_bear_cross,27,60.2,6.2392,0.88,1.45,True,fib_pullback,UBL
2019-07-03,2019-07-09,1341.2420654296875,1306.7098388671875,-0.025746453569093115,-0.028346453569093117,bb_mid_break,6,63.0,4.5631,1.13,1.11,True,fib_pullback,UBL
2019-07-25,2019-08-07,1356.5255126953125,1347.0941162109375,-0.006952612682997414,-0.009552612682997414,macd_bear_cross,13,55.1,2.3466,0.92,1.61,True,fib_pullback,UBL
2019-08-29,2019-09-03,1321.6806640625,1273.373779296875,-0.0365495887767188,-0.0391495887767188,bb_mid_break,5,45.3,0.3397,0.54,1.22,True,fib_pullback,UBL
2021-03-22,2021-04-05,1216.1290283203125,1118.8387060546875,-0.08000000000000003,-0.08260000000000003,stop_loss,14,63.5,3.1853,1.01,1.12,True,fib_pullback,UBL
2022-01-11,2022-01-14,1559.9630126953125,1609.4801025390625,0.03174247686693168,0.029142476866931676,rsi_overbought,3,54.6,5.8704,0.86,1.91,True,fib_pullback,UBL
2022-11-09,2022-11-10,1640.392333984375,1616.42578125,-0.014610256484290108,-0.017210256484290108,bb_mid_break,1,48.2,1.1181,0.77,1.5,True,fib_pullback,UBL
2022-11-14,2022-11-21,1653.304931640625,1617.599609375,-0.02159633203911968,-0.02419633203911968,macd_bear_cross,7,60.4,2.951,0.89,1.72,True,fib_pullback,UBL
2022-11-29,2022-12-08,1643.5716552734375,1727.35693359375,0.05097756343721645,0.04837756343721645,rsi_overbought,9,51.0,0.6962,0.71,2.03,True,fib_pullback,UBL
2023-09-06,2023-09-07,1554.59326171875,1634.0159912109375,0.051089073552511195,0.0484890735525112,rsi_overbought,1,60.9,4.022,1.1,1.82,False,golden_cross,UBL
2023-10-12,2023-10-16,1572.2864990234375,1538.5218505859375,-0.021474870170590125,-0.024074870170590127,bb_mid_break,4,59.8,0.7982,0.73,2.03,True,fib_pullback,UBL
2023-11-23,2023-11-24,1577.9384765625,1557.0997314453125,-0.013206310275533803,-0.015806310275533805,bb_mid_break,1,47.7,0.7069,0.7,1.67,True,fib_pullback,UBL
2023-11-28,2023-12-04,1584.8682861328125,1672.9901123046875,0.055601987207970646,0.05300198720797065,rsi_overbought,6,56.9,1.9132,0.8,1.59,True,fib_pullback,UBL
2024-04-01,2024-04-10,1749.218505859375,1809.4735107421875,0.03444681420930301,0.031846814209303013,rsi_overbought,9,62.9,7.4334,1.25,1.22,True,fib_pullback,UBL
2024-08-30,2024-10-04,2025.52880859375,2079.514892578125,0.026652834437766178,0.024052834437766176,macd_bear_cross,35,64.7,11.4317,0.88,2.19,True,fib_pullback,UBL
2017-08-31,2017-09-07,179.25440979003906,193.26541137695312,0.07816266056341468,0.07556266056341468,rsi_overbought,7,58.9,0.7006,0.87,1.13,True,fib_pullback,VGUARD
2018-02-19,2018-02-22,225.90966796875,217.14675903320312,-0.038789437452314106,-0.041389437452314104,bb_mid_break,3,51.2,1.4417,0.68,1.13,True,fib_pullback,VGUARD
2019-09-27,2019-10-01,222.25160217285156,214.0577392578125,-0.03686750887251852,-0.03946750887251852,bb_mid_break,4,61.5,0.8023,0.85,3.56,True,fib_pullback,VGUARD
2019-10-14,2019-10-23,224.1909637451172,234.56658935546875,0.04628030245745148,0.043680302457451484,rsi_overbought,9,60.7,0.9617,0.99,1.42,True,fib_pullback,VGUARD
2021-05-19,2021-05-20,227.7145538330078,236.139404296875,0.036997417697094,0.034397417697094,rsi_overbought,1,64.0,0.8765,1.38,3.9,True,fib_pullback,VGUARD
2021-09-16,2021-09-22,249.50357055664062,249.25892639160156,-0.0009805237035015698,-0.00358052370350157,macd_bear_cross,6,63.9,1.0489,0.66,1.55,True,fib_pullback,VGUARD
2022-08-02,2022-08-22,236.73095703125,226.24786376953125,-0.04428273088227711,-0.04688273088227711,macd_bear_cross,20,65.0,1.0185,1.19,4.22,False,golden_cross,VGUARD
2023-03-29,2023-04-20,243.96578979492188,255.28555297851562,0.046398977467739085,0.043798977467739086,rsi_overbought,22,53.5,0.0019,0.62,1.7,True,fib_pullback,VGUARD
2023-05-17,2023-05-19,250.01939392089844,247.4109344482422,-0.010433028541303955,-0.013033028541303955,bb_mid_break,2,49.2,0.0679,0.58,1.09,True,fib_pullback,VGUARD
2023-06-05,2023-06-26,249.18270874023438,270.39501953125,0.08512753913887675,0.08252753913887674,rsi_overbought,21,49.1,0.345,0.84,1.12,True,fib_pullback,VGUARD
2023-11-28,2023-12-13,297.0810852050781,290.40899658203125,-0.02245881328473357,-0.025058813284733573,bb_mid_break,15,58.0,0.7223,0.9,2.86,True,fib_pullback,VGUARD
2024-01-03,2024-01-15,291.3480224609375,287.29534912109375,-0.013910076703496803,-0.016510076703496804,bb_mid_break,12,51.2,0.1985,0.61,1.18,True,fib_pullback,VGUARD
2024-02-01,2024-02-23,295.697265625,307.3610534667969,0.03944503111025978,0.03684503111025978,macd_bear_cross,22,60.5,0.4409,1.16,5.76,True,fib_pullback,VGUARD
2024-11-04,2024-11-08,446.637939453125,427.94952392578125,-0.041842427336617055,-0.04444242733661705,bb_mid_break,4,53.4,2.967,0.9,3.4,True,fib_pullback,VGUARD
2024-12-03,2024-12-20,432.0639343261719,412.037109375,-0.04635153124364532,-0.04895153124364532,macd_bear_cross,17,54.5,2.1314,0.74,1.79,True,fib_pullback,VGUARD
2016-10-04,2016-10-05,128.5396270751953,126.00020599365234,-0.019755939388694622,-0.022355939388694623,bb_mid_break,1,53.2,0.1107,0.71,3.76,True,fib_pullback,VMART
2018-08-02,2018-08-07,651.6689453125,705.2359008789062,0.0821996443926277,0.07959964439262769,rsi_overbought,5,49.5,1.7712,0.57,1.56,True,fib_pullback,VMART
2018-11-20,2018-12-11,607.9899291992188,631.1074829101562,0.038022922092452324,0.035422922092452326,macd_bear_cross,21,53.2,2.5391,0.66,1.03,True,fib_pullback,VMART
2020-11-05,2020-11-23,491.7306823730469,511.4118347167969,0.04002425117906122,0.03742425117906122,rsi_overbought,18,60.8,1.2556,0.89,2.4,True,fib_pullback,VMART
2021-05-24,2021-05-28,700.548583984375,673.2295532226562,-0.03899662548219222,-0.041596625482192215,bb_mid_break,4,59.3,3.1503,1.1,1.56,True,fib_pullback,VMART
2021-05-31,2021-06-16,690.3648681640625,695.5191650390625,0.007466047466620364,0.004866047466620364,macd_bear_cross,16,54.9,2.7476,0.75,1.11,True,fib_pullback,VMART
2017-06-21,2017-06-22,187.55921936035156,184.5972442626953,-0.015792212762228988,-0.01839221276222899,macd_bear_cross,1,45.2,0.0374,0.65,1.29,True,fib_pullback,VIPIND
2017-07-06,2017-07-10,187.32034301757812,181.3486785888672,-0.031879422878008275,-0.03447942287800827,bb_mid_break,4,54.5,0.3932,0.72,1.44,True,fib_pullback,VIPIND
2018-11-26,2018-12-04,474.5619201660156,515.8894653320312,0.08708567504016766,0.08448567504016766,rsi_overbought,8,54.9,4.7283,0.93,2.34,True,fib_pullback,VIPIND
2021-05-19,2021-06-01,353.6225891113281,377.3321533203125,0.06704765175937356,0.06444765175937356,rsi_overbought,13,57.3,2.8644,1.05,6.34,True,fib_pullback,VIPIND
2021-12-13,2021-12-20,588.84521484375,541.73759765625,-0.07999999999999992,-0.08259999999999992,stop_loss,7,54.9,0.2401,0.81,3.78,True,fib_pullback,VIPIND
2022-01-11,2022-01-14,575.97998046875,577.9024047851562,0.003337658220068209,0.0007376582200682093,rsi_overbought,3,64.0,3.078,1.01,3.13,True,fib_pullback,VIPIND
2022-01-31,2022-02-15,590.9647827148438,611.2239379882812,0.03428149335797744,0.031681493357977444,macd_bear_cross,15,64.9,0.0012,0.86,1.12,True,fib_pullback,VIPIND
2022-06-23,2022-06-27,630.753173828125,628.5751342773438,-0.003453077433701107,-0.006053077433701107,rsi_overbought,4,63.1,10.8707,1.05,2.65,True,fib_pullback,VIPIND
2022-07-07,2022-07-08,614.9620971679688,630.2086181640625,0.024792619035070976,0.022192619035070974,death_cross,1,60.2,0.31,0.65,1.59,True,fib_pullback,VIPIND
2023-01-13,2023-02-01,702.0115356445312,681.8944702148438,-0.028656317465235965,-0.03125631746523597,bb_mid_break,19,63.4,3.0372,0.88,1.35,True,fib_pullback,VIPIND
2023-12-13,2023-12-19,650.7588500976562,609.958740234375,-0.06269620437303092,-0.06529620437303092,death_cross,6,60.8,4.4533,1.2,3.92,True,fib_pullback,VIPIND
2025-09-10,2025-09-25,447.70001220703125,426.20001220703125,-0.04802322853200569,-0.05062322853200569,macd_bear_cross,15,62.1,2.8321,1.08,3.01,True,fib_pullback,VIPIND
2017-03-17,2017-03-22,132.09991455078125,130.29248046875,-0.013682325898374781,-0.01628232589837478,macd_bear_cross,5,63.7,0.1925,0.86,1.55,False,golden_cross,VRLLOG
2017-06-30,2017-07-12,147.7279815673828,143.8926239013672,-0.02596229654885126,-0.02856229654885126,macd_bear_cross,12,56.9,0.2671,0.85,2.42,True,fib_pullback,VRLLOG
2017-08-31,2017-09-01,149.86610412597656,153.56922912597656,0.02470955671795655,0.022109556717956547,rsi_overbought,1,56.9,0.1678,0.77,11.5,True,fib_pullback,VRLLOG
2019-07-17,2019-07-18,122.75262451171875,119.54048919677734,-0.02616754898494863,-0.02876754898494863,bb_mid_break,1,55.9,0.1729,0.73,1.34,True,fib_pullback,VRLLOG
2019-11-21,2019-12-10,123.13291931152344,123.315673828125,0.001484205179438634,-0.0011157948205613658,macd_bear_cross,19,57.9,0.3295,1.13,1.86,True,fib_pullback,VRLLOG
2020-12-08,2020-12-10,89.85569763183594,94.2479248046875,0.04888089780180387,0.046280897801803875,rsi_overbought,2,64.6,0.7052,0.94,1.61,False,golden_cross,VRLLOG
2022-01-05,2022-01-24,220.73329162597656,208.40785217285156,-0.055838606683807114,-0.05843860668380711,macd_bear_cross,19,55.2,0.9023,0.89,2.1,True,fib_pullback,VRLLOG
2022-08-26,2022-09-08,301.7964782714844,292.4880676269531,-0.030843337529465026,-0.033443337529465024,bb_mid_break,13,64.1,0.533,0.85,1.23,True,fib_pullback,VRLLOG
2022-11-09,2022-11-10,292.77374267578125,269.3518432617188,-0.07999999999999988,-0.08259999999999988,stop_loss,1,59.2,1.2755,1.01,1.16,True,fib_pullback,VRLLOG
2023-09-07,2023-09-25,340.4200134277344,335.29052734375,-0.015068109634139596,-0.017668109634139596,macd_bear_cross,18,64.3,1.3422,1.32,3.98,True,fib_pullback,VRLLOG
2023-10-03,2023-10-04,349.4327087402344,339.3173828125,-0.028947850829997804,-0.0315478508299978,macd_bear_cross,1,53.4,0.5023,0.75,2.54,True,fib_pullback,VRLLOG
2023-12-08,2023-12-11,339.6050720214844,338.14288330078125,-0.004305556192077787,-0.006905556192077787,macd_bear_cross,3,52.0,0.1916,0.64,1.25,True,fib_pullback,VRLLOG
2023-12-22,2023-12-26,354.2266845703125,354.39447021484375,0.0004736674334255167,-0.0021263325665744834,macd_bear_cross,4,56.7,0.127,0.57,1.36,True,fib_pullback,VRLLOG
2024-01-29,2024-02-05,352.28509521484375,324.10228759765624,-0.08000000000000002,-0.08260000000000002,stop_loss,7,52.2,0.169,0.64,1.64,True,fib_pullback,VRLLOG
2025-10-31,2025-11-06,275.2044372558594,264.5345458984375,-0.03877078241838814,-0.04137078241838814,bb_mid_break,6,59.5,1.0971,1.26,3.45,True,fib_pullback,VRLLOG
2025-12-10,2025-12-11,267.9764404296875,264.9770812988281,-0.011192622478491187,-0.013792622478491189,bb_mid_break,1,49.7,0.135,0.57,1.4,True,fib_pullback,VRLLOG
2018-02-01,2018-02-05,223.0342559814453,212.41085815429688,-0.047631238440933574,-0.05023123844093357,bb_mid_break,4,64.3,1.4799,0.97,1.62,True,fib_pullback,VSTIND
2018-12-12,2018-12-13,211.4894561767578,208.8944549560547,-0.01227012101508401,-0.01487012101508401,macd_bear_cross,1,62.9,0.1454,0.68,1.02,False,golden_cross,VSTIND
2020-01-07,2020-01-08,296.0804748535156,292.6965026855469,-0.01142923108875367,-0.01402923108875367,macd_bear_cross,1,44.2,0.1111,0.62,8.08,True,fib_pullback,VSTIND
2020-10-27,2020-10-29,248.00672912597656,243.58409118652344,-0.017832733632024228,-0.02043273363202423,bb_mid_break,2,60.5,0.6392,0.83,2.11,True,fib_pullback,VSTIND
2020-11-17,2020-12-10,258.0778503417969,280.1367492675781,0.08547381689891854,0.08287381689891854,rsi_overbought,23,62.1,0.9856,1.19,1.04,True,fib_pullback,VSTIND
2021-10-04,2021-10-14,261.7331237792969,280.1272888183594,0.07027832310049204,0.06767832310049203,rsi_overbought,10,55.1,0.1777,0.92,1.23,True,fib_pullback,VSTIND
2022-10-04,2022-10-13,256.0873718261719,252.77357482910156,-0.012940103111838198,-0.015540103111838198,bb_mid_break,9,60.7,0.2913,1.1,1.02,True,fib_pullback,VSTIND
2024-02-19,2024-03-06,302.4021911621094,296.7574768066406,-0.018666248196736037,-0.02126624819673604,macd_bear_cross,16,63.9,0.7335,0.96,1.3,True,fib_pullback,VSTIND
2024-03-11,2024-03-13,309.1230773925781,288.2456970214844,-0.06753743702085377,-0.07013743702085377,macd_bear_cross,2,58.4,0.5168,1.01,3.52,True,fib_pullback,VSTIND
2020-11-18,2020-12-11,191.98631286621094,198.30462646484375,0.03291022940284207,0.030310229402842073,macd_bear_cross,23,62.6,0.7782,0.98,3.38,True,fib_pullback,WABAG
2021-02-10,2021-02-15,205.76715087890625,242.53262329101562,0.17867512989838605,0.17607512989838606,rsi_overbought,5,53.4,0.9137,0.67,1.86,True,fib_pullback,WABAG
2021-10-07,2021-10-11,349.0479736328125,339.69488525390625,-0.026795996783941813,-0.029395996783941815,bb_mid_break,4,49.8,0.2664,0.83,2.58,True,fib_pullback,WABAG
2021-10-13,2021-10-19,344.86895751953125,334.27215576171875,-0.030727038565691613,-0.033327038565691615,bb_mid_break,6,51.0,0.9626,0.7,1.75,True,fib_pullback,WABAG
2021-11-24,2021-11-26,350.8389892578125,336.26214599609375,-0.0415485271250939,-0.0441485271250939,bb_mid_break,2,58.2,1.0272,0.72,1.01,True,fib_pullback,WABAG
2022-11-11,2022-11-14,276.5617980957031,290.8401184082031,0.0516279558883944,0.049027955888394405,rsi_overbought,3,54.5,1.4629,1.0,1.27,True,golden_cross,WABAG
2023-02-10,2023-02-22,331.1876220703125,311.0885009765625,-0.06068802018658437,-0.06328802018658436,macd_bear_cross,12,57.1,1.4189,0.8,2.2,True,fib_pullback,WABAG
2023-03-06,2023-03-14,336.0631408691406,321.9340515136719,-0.04204296049524356,-0.04464296049524356,bb_mid_break,8,55.8,0.59,0.89,3.19,True,fib_pullback,WABAG
2023-03-17,2023-03-20,333.9736328125,322.63055419921875,-0.033963994455962036,-0.036563994455962034,macd_bear_cross,3,58.9,0.2361,0.72,1.67,True,fib_pullback,WABAG
2021-06-11,2021-06-16,47.99120330810547,44.15190704345704,-0.07999999999999989,-0.0825999999999999,stop_loss,5,59.6,0.9254,0.9,2.77,True,fib_pullback,VAKRANGEE
2023-12-13,2023-12-20,19.758852005004883,18.76093101501465,-0.05050500857729299,-0.053105008577292986,bb_mid_break,7,64.6,0.0351,1.19,5.07,True,fib_pullback,VAKRANGEE
2024-04-03,2024-04-04,23.950124740600586,23.600852966308594,-0.014583296666505532,-0.017183296666505532,rsi_overbought,1,62.6,0.3879,0.92,2.31,True,fib_pullback,VAKRANGEE
2024-04-25,2024-05-07,25.496902465820312,24.598773956298828,-0.03522500471284557,-0.03782500471284557,macd_bear_cross,12,61.7,0.2665,0.81,1.04,True,fib_pullback,VAKRANGEE
2024-06-10,2024-06-25,24.109792709350586,23.121850967407227,-0.040976782913616776,-0.043576782913616774,bb_mid_break,15,47.2,0.0216,0.58,1.62,True,fib_pullback,VAKRANGEE
2016-09-23,2016-10-17,187.8892364501953,193.06944274902344,0.027570532494027494,0.024970532494027493,macd_bear_cross,24,60.7,0.8341,1.03,1.07,True,fib_pullback,VTL
2017-08-01,2017-08-03,221.76405334472656,218.74452209472656,-0.013615963473152323,-0.016215963473152323,death_cross,2,64.1,1.6386,1.0,1.72,True,fib_pullback,VTL
2023-11-17,2023-11-22,372.01904296875,410.7945251464844,0.10422983153846659,0.10162983153846658,rsi_overbought,5,58.5,2.5094,0.94,1.19,True,fib_pullback,VTL
2024-01-11,2024-02-08,391.38226318359375,436.3833923339844,0.11497999113281487,0.11237999113281487,rsi_overbought,28,56.3,0.2898,0.8,2.55,True,fib_pullback,VTL
2024-11-05,2024-11-11,470.236572265625,479.1332092285156,0.0189194917784173,0.016319491778417298,rsi_overbought,6,46.7,4.4257,0.75,1.01,True,fib_pullback,VTL
2021-04-28,2021-05-21,390.49700927734375,417.7421569824219,0.06977043884535292,0.06717043884535291,rsi_overbought,23,55.9,4.5346,0.91,2.61,True,fib_pullback,VARROC
2024-09-24,2024-10-07,586.1937866210938,539.2982836914063,-0.07999999999999999,-0.08259999999999999,stop_loss,13,56.0,3.4807,1.02,3.48,True,fib_pullback,VARROC
2024-10-15,2024-10-16,593.0175170898438,575.2857666015625,-0.029900888215406363,-0.032500888215406365,bb_mid_break,1,52.9,1.3841,0.88,1.55,True,fib_pullback,VARROC
2026-02-04,2026-02-06,612.6519775390625,563.6398193359375,-0.07999999999999993,-0.08259999999999994,stop_loss,2,63.8,7.2512,1.08,3.55,True,fib_pullback,VARROC
2026-07-07,2026-07-16,649.8262939453125,658.259033203125,0.01297691296333136,0.010376912963331358,macd_bear_cross,9,62.8,3.1356,0.78,1.06,False,golden_cross,VARROC
2017-09-19,2017-09-22,31.074174880981445,30.196733474731445,-0.02823699775169338,-0.030836997751693383,macd_bear_cross,3,63.2,0.0306,0.73,1.25,True,fib_pullback,VBL
2017-11-27,2017-12-01,29.651216506958008,28.915205001831055,-0.024822303832095365,-0.027422303832095367,bb_mid_break,4,49.6,0.0683,0.94,3.87,True,fib_pullback,VBL
2018-11-12,2018-11-22,46.040672302246094,44.479923248291016,-0.033899354112579654,-0.03649935411257965,macd_bear_cross,10,59.7,0.0769,0.85,1.86,True,fib_pullback,VBL
2019-09-23,2019-09-25,55.29526138305664,54.47113037109375,-0.014904188737869275,-0.017504188737869276,bb_mid_break,2,46.1,0.0006,0.6,1.68,True,fib_pullback,VBL
2019-09-26,2019-09-30,55.487117767333984,54.42752456665039,-0.0190962018450234,-0.0216962018450234,bb_mid_break,4,52.8,0.1284,0.66,1.01,True,fib_pullback,VBL
2019-10-15,2019-10-23,54.998741149902344,54.47985076904297,-0.009434586501627526,-0.012034586501627528,bb_mid_break,8,48.8,0.0488,0.69,1.27,True,fib_pullback,VBL
2019-10-24,2019-10-25,54.84177017211914,53.26763153076172,-0.02870327920519411,-0.03130327920519411,macd_bear_cross,1,62.3,0.0995,0.58,6.92,True,fib_pullback,VBL
2019-11-04,2019-11-06,55.11647415161133,65.85198974609375,0.1947787074505485,0.19217870745054852,rsi_overbought,2,55.2,0.0093,0.75,3.02,True,fib_pullback,VBL
2021-12-14,2021-12-16,119.68639373779297,115.20943450927734,-0.0374057492142647,-0.040005749214264696,macd_bear_cross,2,48.1,0.0352,0.59,1.08,True,fib_pullback,VBL
2022-01-12,2022-01-25,119.73906707763672,114.91315460205078,-0.040303575043364084,-0.04290357504336408,bb_mid_break,13,63.2,0.511,1.08,3.82,True,fib_pullback,VBL
2023-02-07,2023-03-14,258.2205810546875,259.8837890625,0.00644103580364981,0.0038410358036498103,macd_bear_cross,35,63.7,1.3096,1.01,2.1,True,fib_pullback,VBL
2023-08-04,2023-08-14,327.0572509765625,344.5453186035156,0.05347096746742469,0.05087096746742469,rsi_overbought,10,48.2,0.1637,0.68,2.04,True,fib_pullback,VBL
2024-08-22,2024-08-29,633.7630615234375,599.9122924804688,-0.05341234145391558,-0.05601234145391558,bb_mid_break,7,51.8,2.8221,0.69,1.24,True,fib_pullback,VBL
2024-09-11,2024-09-26,623.8045043945312,622.9995727539062,-0.0012903588142670946,-0.0038903588142670947,bb_mid_break,15,45.4,1.7551,0.78,1.89,True,fib_pullback,VBL
2017-06-09,2017-06-22,87.63722229003906,83.87748718261719,-0.04290112134064306,-0.04550112134064306,bb_mid_break,13,62.9,0.2679,0.88,1.42,True,fib_pullback,VEDL
2017-12-19,2017-12-27,113.23910522460938,116.80187225341797,0.031462338224431015,0.028862338224431013,rsi_overbought,8,61.6,1.2298,0.99,1.33,True,fib_pullback,VEDL
2018-04-11,2018-04-25,114.15238189697266,111.61395263671875,-0.022237199242543585,-0.024837199242543587,bb_mid_break,14,55.0,0.5725,0.88,1.81,True,fib_pullback,VEDL
2021-07-28,2021-08-09,129.49923706054688,148.41348266601562,0.1460568111040335,0.14345681110403352,rsi_overbought,12,48.3,0.0168,0.63,1.16,True,fib_pullback,VEDL
2021-10-25,2021-10-27,165.87379455566406,160.72605895996094,-0.031034049769541164,-0.033634049769541166,macd_bear_cross,2,58.9,0.8253,0.6,1.14,True,fib_pullback,VEDL
2021-11-16,2021-11-18,169.5944061279297,156.02685363769533,-0.07999999999999993,-0.08259999999999994,stop_loss,2,51.3,0.2477,0.62,1.12,True,fib_pullback,VEDL
2025-08-19,2025-08-29,427.07110595703125,413.74017333984375,-0.031214784683955558,-0.03381478468395556,bb_mid_break,10,56.8,1.2307,0.85,2.57,True,fib_pullback,VEDL
2025-09-01,2025-09-26,423.920166015625,440.5917663574219,0.039327216958068435,0.03672721695806844,macd_bear_cross,25,59.9,0.6984,0.77,1.02,True,fib_pullback,VEDL
2020-01-17,2020-01-22,1769.0367431640625,1717.210205078125,-0.029296473510912854,-0.031896473510912855,bb_mid_break,5,55.6,5.9004,0.87,2.5,True,fib_pullback,VENKEYS
2021-03-03,2021-03-15,1617.36328125,1577.8343505859375,-0.024440353705515103,-0.027040353705515104,bb_mid_break,12,52.7,1.6875,0.81,3.5,True,fib_pullback,VENKEYS
2021-04-08,2021-04-12,1582.81201171875,1505.316162109375,-0.04896086776927066,-0.05156086776927066,bb_mid_break,4,59.5,3.3985,0.71,4.73,True,fib_pullback,VENKEYS
2021-05-05,2021-05-10,1579.44482421875,1644.7406005859375,0.04134096700686276,0.03874096700686276,rsi_overbought,5,61.6,8.867,0.94,1.43,True,fib_pullback,VENKEYS
2021-12-29,2022-01-06,2622.5302734375,2511.580078125,-0.04230654510884683,-0.044906545108846826,bb_mid_break,8,55.6,20.3791,0.81,2.07,True,fib_pullback,VENKEYS
2023-10-06,2023-10-10,2030.3475341796875,2103.503173828125,0.03603109241984735,0.033431092419847354,rsi_overbought,4,51.8,0.8066,1.07,2.6,True,fib_pullback,VENKEYS
2024-01-03,2024-01-23,1975.2578125,1935.2645263671875,-0.020247122112224274,-0.022847122112224276,macd_bear_cross,20,61.5,6.7722,0.99,3.79,True,fib_pullback,VENKEYS
2024-07-31,2024-08-05,1965.407958984375,1823.0560302734375,-0.07242869250641373,-0.07502869250641374,macd_bear_cross,5,56.9,9.4987,0.78,1.0,False,golden_cross,VENKEYS
2016-12-01,2016-12-13,289.97039794921875,299.23834228515625,0.03196169126739811,0.02936169126739811,rsi_overbought,12,57.8,3.1242,0.98,1.13,True,fib_pullback,VINATIORGA
2017-10-31,2017-11-06,493.83843994140625,461.7600402832031,-0.06495727562643608,-0.06755727562643608,bb_mid_break,6,58.1,1.7756,1.08,2.19,True,fib_pullback,VINATIORGA
2018-07-16,2018-07-18,475.00299072265625,464.7392272949219,-0.02160778695755025,-0.024207786957550253,macd_bear_cross,2,55.7,0.3975,0.65,1.26,True,fib_pullback,VINATIORGA
2018-08-03,2018-08-06,479.69708251953125,570.4656982421875,0.18922069578974463,0.18662069578974463,rsi_overbought,3,54.0,1.704,0.85,1.45,True,fib_pullback,VINATIORGA
2019-08-13,2019-08-14,1017.9345703125,1031.8934326171875,0.013712926853837187,0.011112926853837187,rsi_overbought,1,62.9,11.8308,0.77,1.14,True,fib_pullback,VINATIORGA
2020-07-07,2020-07-14,1006.5852661132812,956.3102416992188,-0.04994611594921214,-0.05254611594921214,macd_bear_cross,7,61.7,0.447,0.84,1.09,False,golden_cross,VINATIORGA
2020-08-14,2020-08-24,978.8947143554688,1111.0635986328125,0.13501848803460686,0.13241848803460687,rsi_overbought,10,56.3,1.3716,1.06,5.61,True,fib_pullback,VINATIORGA
2020-11-23,2020-11-25,1205.0377197265625,1131.3619384765625,-0.06113981333855501,-0.06373981333855501,bb_mid_break,2,62.4,10.524,0.89,1.34,True,fib_pullback,VINATIORGA
2020-12-29,2021-01-04,1197.4736328125,1209.60546875,0.01013119254158943,0.0075311925415894295,rsi_overbought,6,61.7,6.1514,1.27,5.29,True,fib_pullback,VINATIORGA
2021-09-28,2021-10-07,1898.3433837890625,2121.80859375,0.11771590528311299,0.11511590528311298,rsi_overbought,9,57.7,4.0726,0.77,1.26,True,fib_pullback,VINATIORGA
2021-12-15,2021-12-21,1953.4827880859375,1875.331787109375,-0.040005983903823615,-0.04260598390382361,bb_mid_break,6,58.8,7.9384,0.87,2.98,True,fib_pullback,VINATIORGA
2022-12-02,2022-12-05,2119.221923828125,2073.709228515625,-0.02147613461372968,-0.02407613461372968,bb_mid_break,3,60.3,6.7915,0.75,1.89,True,fib_pullback,VINATIORGA
2025-09-29,2025-10-03,1787.0999755859375,1688.0,-0.05545295559273092,-0.058052955592730916,bb_mid_break,4,64.7,9.6241,1.36,6.03,True,fib_pullback,VINATIORGA
2020-09-02,2020-09-18,9.899999618530273,11.25,0.13636368015033762,0.13376368015033763,macd_bear_cross,16,58.3,0.107,0.94,1.89,True,fib_pullback,IDEA
2024-02-09,2024-02-12,15.5,14.449999809265137,-0.06774194778934602,-0.07034194778934602,macd_bear_cross,3,54.3,0.0073,0.7,1.87,True,fib_pullback,IDEA
2024-02-14,2024-02-28,15.550000190734863,14.306000175476075,-0.07999999999999992,-0.08259999999999992,stop_loss,14,55.8,0.0544,0.89,1.54,True,fib_pullback,IDEA
2024-04-23,2024-04-24,14.399999618530273,13.247999649047852,-0.07999999999999997,-0.08259999999999998,stop_loss,1,55.3,0.1226,1.23,2.11,True,fib_pullback,IDEA
2017-10-12,2017-11-14,510.08843994140625,571.5810546875,0.12055284913564673,0.11795284913564673,rsi_overbought,33,50.1,0.8804,0.64,1.58,True,fib_pullback,VOLTAS
2018-03-01,2018-03-12,589.68115234375,608.5910034179688,0.03206792518136208,0.02946792518136208,rsi_overbought,11,56.7,4.8546,0.93,2.05,True,fib_pullback,VOLTAS
2019-08-01,2019-08-13,587.111328125,565.0910034179688,-0.037506216712519254,-0.04010621671251925,bb_mid_break,12,60.4,1.1689,0.99,3.56,True,fib_pullback,VOLTAS
2019-08-26,2019-09-17,593.6304931640625,599.3770141601562,0.009680299550423491,0.007080299550423491,macd_bear_cross,22,51.2,1.7884,0.79,1.22,True,fib_pullback,VOLTAS
2020-01-09,2020-01-16,660.898681640625,677.1241455078125,0.024550607101998086,0.021950607101998084,rsi_overbought,7,64.8,2.5465,0.95,2.12,True,fib_pullback,VOLTAS
2021-05-14,2021-06-03,971.5370483398438,1080.614501953125,0.11227307677012636,0.10967307677012636,rsi_overbought,20,63.8,5.3455,0.97,2.6,True,fib_pullback,VOLTAS
2021-07-15,2021-07-26,1013.6805419921875,998.3689575195312,-0.015104940697159262,-0.017704940697159263,bb_mid_break,11,56.7,1.58,0.98,1.01,True,fib_pullback,VOLTAS
2021-07-30,2021-08-09,1029.721435546875,996.181640625,-0.03257171674207437,-0.035171716742074366,macd_bear_cross,10,63.4,1.1023,1.0,1.43,True,fib_pullback,VOLTAS
2021-12-07,2021-12-15,1225.6767578125,1183.956298828125,-0.034038712669101016,-0.036638712669101015,bb_mid_break,8,54.5,4.2662,0.75,1.66,True,fib_pullback,VOLTAS
2021-12-31,2022-01-07,1191.1865234375,1241.7496337890625,0.04244768502387736,0.03984768502387736,rsi_overbought,7,46.0,0.8999,0.55,2.13,True,fib_pullback,VOLTAS
2022-02-18,2022-02-24,1223.7713623046875,1169.4468994140625,-0.0443910231632791,-0.0469910231632791,bb_mid_break,6,62.4,3.6318,1.0,2.01,True,fib_pullback,VOLTAS
2022-02-25,2022-03-03,1223.576171875,1169.6910400390625,-0.0440390496926434,-0.046639049692643396,bb_mid_break,6,54.3,3.4893,0.86,2.18,True,fib_pullback,VOLTAS
2023-12-06,2023-12-18,834.6812133789062,858.0903930664062,0.028045653013725285,0.025445653013725283,rsi_overbought,12,61.1,2.2517,0.92,1.63,True,fib_pullback,VOLTAS
2024-12-31,2025-01-08,1774.4393310546875,1749.1602783203125,-0.014246219801355334,-0.016846219801355335,bb_mid_break,8,53.5,2.4693,0.77,1.56,True,fib_pullback,VOLTAS
2025-12-18,2025-12-30,1397.310302734375,1346.4700927734375,-0.03638433772473378,-0.03898433772473378,macd_bear_cross,12,57.9,6.747,0.86,1.35,True,fib_pullback,VOLTAS
2017-04-25,2017-04-28,72.344482421875,70.46871948242188,-0.02592821009506518,-0.028528210095065183,bb_mid_break,3,55.5,0.0539,1.0,4.63,True,fib_pullback,WELCORP
2019-12-13,2019-12-18,120.05955505371094,115.13801574707031,-0.04099248330912838,-0.04359248330912838,macd_bear_cross,5,55.4,0.0515,0.84,1.18,True,fib_pullback,WELCORP
2020-11-18,2020-11-20,99.42957305908203,102.38202667236328,0.029693918242280622,0.02709391824228062,rsi_overbought,2,42.0,0.3832,0.61,1.71,True,fib_pullback,WELCORP
2021-02-25,2021-03-16,119.50627899169922,118.05274963378906,-0.012162786509411081,-0.014762786509411083,macd_bear_cross,19,58.8,0.5246,1.23,3.17,True,fib_pullback,WELCORP
2021-03-19,2021-03-24,122.73126220703125,119.64253997802734,-0.025166548224637698,-0.0277665482246377,macd_bear_cross,5,57.8,0.0693,0.74,1.13,True,fib_pullback,WELCORP
2021-11-16,2021-11-29,136.6810760498047,161.3091278076172,0.1801862589144263,0.1775862589144263,rsi_overbought,13,61.7,1.2831,0.96,1.37,False,golden_cross,WELCORP
2022-12-30,2023-01-04,228.4077606201172,220.406982421875,-0.035028486670157004,-0.037628486670157,bb_mid_break,5,44.4,0.1338,0.56,1.73,True,fib_pullback,WELCORP
2024-04-01,2024-04-04,542.0283813476562,573.3663330078125,0.05781607151684578,0.05521607151684578,rsi_overbought,3,51.1,3.2083,0.89,1.2,True,fib_pullback,WELCORP
2025-02-11,2025-02-14,771.6613159179688,731.1154174804688,-0.05254364525098239,-0.055143645250982386,bb_mid_break,3,45.8,5.3523,0.66,2.49,True,fib_pullback,WELCORP
2025-02-21,2025-02-28,771.6613159179688,730.5205688476562,-0.05331451275534195,-0.05591451275534195,bb_mid_break,7,61.2,1.7481,0.77,1.12,True,fib_pullback,WELCORP
2025-09-19,2025-09-25,900.8088989257812,870.0609741210938,-0.03413368233967775,-0.03673368233967775,bb_mid_break,6,63.1,5.4541,0.79,1.11,True,fib_pullback,WELCORP
2025-10-27,2025-10-31,870.16064453125,962.5538330078125,0.10617946129514294,0.10357946129514294,rsi_overbought,4,56.4,2.5296,0.94,4.12,True,fib_pullback,WELCORP
2017-07-26,2017-07-28,1132.226318359375,1127.0599365234375,-0.004563029274415489,-0.007163029274415489,bb_mid_break,2,45.2,0.519,0.62,1.69,True,fib_pullback,WHIRLPOOL
2018-03-07,2018-03-09,1465.3497314453125,1497.2550048828125,0.021773145859201135,0.019173145859201133,rsi_overbought,2,56.4,8.8512,0.81,1.67,True,fib_pullback,WHIRLPOOL
2018-06-06,2018-06-07,1529.0137939453125,1514.0137939453125,-0.00981024504775429,-0.01241024504775429,macd_bear_cross,1,51.2,0.4173,0.75,3.33,True,fib_pullback,WHIRLPOOL
2020-08-28,2020-09-01,2142.080078125,2065.14404296875,-0.03591650748350802,-0.03851650748350802,bb_mid_break,4,61.5,19.5362,0.71,1.54,True,golden_cross,WHIRLPOOL
2020-09-04,2020-09-09,2127.05712890625,2058.05126953125,-0.03244193982250179,-0.03504193982250179,macd_bear_cross,5,63.9,3.6147,0.63,1.17,True,fib_pullback,WHIRLPOOL
2020-11-11,2020-11-23,2097.356689453125,2117.501953125,0.009605072791470569,0.007005072791470568,rsi_overbought,12,63.8,9.1362,1.12,1.41,True,fib_pullback,WHIRLPOOL
2020-12-17,2020-12-24,2157.102294921875,2490.309326171875,0.1544697402781577,0.15186974027815772,rsi_overbought,7,62.0,2.6147,0.78,1.66,True,fib_pullback,WHIRLPOOL
2021-11-11,2021-11-22,2287.7734375,2104.7515625,-0.07999999999999996,-0.08259999999999997,stop_loss,11,58.8,10.7109,0.63,1.09,True,fib_pullback,WHIRLPOOL
2017-07-17,2017-07-24,90.28717041015625,98.64427947998047,0.09256142408561008,0.08996142408561007,rsi_overbought,7,64.6,0.2478,0.97,3.26,True,fib_pullback,WIPRO
2017-10-18,2017-10-23,99.72698211669922,100.45442199707031,0.007294313584260005,0.004694313584260005,rsi_overbought,5,60.7,0.2706,0.86,2.7,True,fib_pullback,WIPRO
2017-12-18,2017-12-26,100.08226013183594,102.48448944091797,0.024002548562728626,0.021402548562728625,rsi_overbought,8,51.1,0.2246,0.79,1.29,True,fib_pullback,WIPRO
2018-12-11,2018-12-21,111.33924865722656,109.33650207519531,-0.017987786033988654,-0.020587786033988656,macd_bear_cross,10,54.5,0.317,0.62,1.19,True,fib_pullback,WIPRO
2021-04-07,2021-04-09,200.04920959472656,205.57569885253906,0.027625649054092448,0.025025649054092446,rsi_overbought,2,55.0,1.1768,1.03,1.24,True,fib_pullback,WIPRO
2021-04-15,2021-04-19,196.71507263183594,215.9207000732422,0.09763170246415603,0.09503170246415603,rsi_overbought,4,56.5,0.7076,0.68,2.11,True,fib_pullback,WIPRO
2024-06-07,2024-06-20,224.54428100585938,227.25521850585938,0.012073064109476292,0.009473064109476292,rsi_overbought,13,61.7,1.3272,1.15,4.57,True,fib_pullback,WIPRO
2018-04-20,2018-05-07,734.9314575195312,676.1369409179688,-0.07999999999999995,-0.08259999999999995,stop_loss,17,62.9,3.9673,1.02,2.23,True,fib_pullback,WOCKPHARMA
2020-10-01,2020-10-15,279.17718505859375,272.7704162597656,-0.02294875491879278,-0.02554875491879278,bb_mid_break,14,56.3,1.12,0.83,1.28,True,fib_pullback,WOCKPHARMA
2020-11-17,2020-11-18,279.6380920410156,296.50762939453125,0.06032632117601955,0.05772632117601955,rsi_overbought,1,63.8,0.9151,1.35,2.39,True,fib_pullback,WOCKPHARMA
2021-03-02,2021-03-04,470.5958251953125,459.9025573730469,-0.02272282763627912,-0.025322827636279122,bb_mid_break,2,44.4,0.7581,0.67,1.36,True,fib_pullback,WOCKPHARMA
2023-09-13,2023-09-18,251.10000610351562,242.14999389648438,-0.035643217799610966,-0.038243217799610964,bb_mid_break,5,60.0,1.0538,0.79,1.45,True,fib_pullback,WOCKPHARMA
2023-10-12,2023-10-23,245.10000610351562,225.49200561523438,-0.08,-0.0826,stop_loss,11,63.7,0.6717,0.78,4.27,True,fib_pullback,WOCKPHARMA
2024-05-24,2024-05-30,560.6500244140625,534.6500244140625,-0.04637474158174291,-0.048974741581742906,bb_mid_break,6,52.7,1.3053,0.67,1.15,True,fib_pullback,WOCKPHARMA
2024-06-07,2024-06-25,572.6500244140625,620.4000244140625,0.08338426257618337,0.08078426257618336,rsi_overbought,18,59.5,1.3346,0.98,2.69,True,fib_pullback,WOCKPHARMA
2025-04-24,2025-04-29,1465.199951171875,1363.699951171875,-0.06927382158238522,-0.07187382158238523,bb_mid_break,5,51.3,10.8734,0.76,1.98,True,fib_pullback,WOCKPHARMA
2025-05-19,2025-05-30,1358.9000244140625,1465.300048828125,0.07829864044629818,0.07569864044629818,rsi_overbought,11,45.8,6.5062,0.62,1.41,True,fib_pullback,WOCKPHARMA
2016-10-20,2016-10-27,254.125244140625,243.40725708007812,-0.04217600300510041,-0.04477600300510041,bb_mid_break,7,59.1,1.0375,0.98,1.81,True,fib_pullback,YESBANK
2017-01-05,2017-01-11,234.9804229736328,255.88247680664062,0.08895232023372958,0.08635232023372957,rsi_overbought,6,55.8,1.4108,0.86,1.81,True,fib_pullback,YESBANK
2018-06-29,2018-07-09,335.0539245605469,358.3838806152344,0.06963045153190436,0.06703045153190436,rsi_overbought,10,54.2,0.0734,0.81,1.12,True,fib_pullback,YESBANK
2022-05-20,2022-05-25,13.949999809265137,13.050000190734863,-0.0645161025688705,-0.0671161025688705,bb_mid_break,5,53.8,0.0675,0.8,1.62,True,fib_pullback,YESBANK
2023-09-13,2023-09-21,17.700000762939453,17.700000762939453,0.0,-0.0026,macd_bear_cross,8,58.4,0.0437,0.6,1.26,True,fib_pullback,YESBANK
2024-04-03,2024-04-15,25.399999618530273,23.950000762939453,-0.05708656997510309,-0.05968656997510309,bb_mid_break,12,63.4,0.2791,0.98,1.23,True,fib_pullback,YESBANK
2024-04-23,2024-05-03,25.649999618530273,24.950000762939453,-0.027290404132603637,-0.02989040413260364,bb_mid_break,10,62.5,0.1351,0.96,1.59,True,fib_pullback,YESBANK
2024-06-10,2024-06-25,23.8700008392334,24.020000457763672,0.006284022340029829,0.0036840223400298293,rsi_overbought,15,55.3,0.1378,1.07,1.52,True,fib_pullback,YESBANK
2024-07-04,2024-07-05,23.950000762939453,26.639999389648438,0.11231726684833863,0.10971726684833863,rsi_overbought,1,54.1,0.0201,0.65,1.05,True,fib_pullback,YESBANK
2026-01-09,2026-01-20,22.84000015258789,21.700000762939453,-0.0499124072693699,-0.0525124072693699,macd_bear_cross,11,65.0,0.1838,0.85,1.26,True,fib_pullback,YESBANK
2017-10-25,2017-11-17,495.7541809082031,498.87493896484375,0.006294970727071858,0.003694970727071858,macd_bear_cross,23,55.5,0.9398,0.82,1.85,True,fib_pullback,ZEEL
2018-03-27,2018-04-09,546.3869018554688,532.6921997070312,-0.025064111350275465,-0.027664111350275467,bb_mid_break,13,63.1,2.0611,0.96,1.18,True,fib_pullback,ZEEL
2018-04-18,2018-05-10,548.0172729492188,548.1569213867188,0.0002548248830706844,-0.0023451751169293157,macd_bear_cross,22,51.1,0.5708,0.89,1.44,True,fib_pullback,ZEEL
2020-11-27,2020-12-07,182.5952606201172,204.43092346191406,0.11958504710166153,0.11698504710166152,rsi_overbought,10,51.8,0.3025,0.68,2.66,True,fib_pullback,ZEEL
2021-03-04,2021-03-15,213.8567352294922,202.01527404785156,-0.05537099951017869,-0.057970999510178686,bb_mid_break,11,59.8,1.8757,0.97,1.24,True,fib_pullback,ZEEL
2022-10-12,2022-10-14,260.3408203125,259.806396484375,-0.002052785373740102,-0.004652785373740102,macd_bear_cross,2,48.1,0.4092,0.52,1.17,False,golden_cross,ZEEL
2022-11-30,2022-12-15,257.0859680175781,250.96482849121094,-0.023809699041795456,-0.026409699041795458,macd_bear_cross,15,53.3,1.0215,0.73,1.28,True,fib_pullback,ZEEL
2023-11-01,2023-11-10,260.097900390625,239.290068359375,-0.08,-0.0826,stop_loss,9,56.0,0.9307,0.93,2.43,True,fib_pullback,ZEEL
2023-12-01,2023-12-05,258.9805603027344,244.55227661132812,-0.05571184058965801,-0.05831184058965801,bb_mid_break,4,52.7,1.1656,0.8,2.9,True,fib_pullback,ZEEL
2016-11-02,2016-11-04,178.62832641601562,164.3380603027344,-0.0799999999999999,-0.08259999999999991,stop_loss,2,58.8,0.2509,1.0,9.79,True,fib_pullback,ZENSARTECH
2018-03-21,2018-03-26,160.3474578857422,155.5371856689453,-0.02999905505346085,-0.03259905505346085,bb_mid_break,5,59.3,0.4125,1.04,1.67,True,fib_pullback,ZENSARTECH
2020-11-11,2020-11-19,170.31390380859375,186.24679565429688,0.09355015350719229,0.09095015350719228,rsi_overbought,8,47.2,0.118,0.65,1.52,True,fib_pullback,ZENSARTECH
2021-02-18,2021-02-22,221.91075134277344,245.95413208007812,0.10834707463166662,0.10574707463166662,rsi_overbought,4,57.0,0.5777,0.96,4.85,True,fib_pullback,ZENSARTECH
2021-05-17,2021-05-26,258.1354675292969,273.0086975097656,0.05761792489356669,0.05501792489356669,rsi_overbought,9,64.0,1.4401,1.36,3.82,True,fib_pullback,ZENSARTECH
2021-12-15,2022-01-10,430.7969970703125,454.08831787109375,0.05406565263726701,0.05146565263726701,macd_bear_cross,26,56.6,3.7607,0.86,1.11,True,fib_pullback,ZENSARTECH
2024-03-18,2024-04-04,554.0283813476562,595.517578125,0.07488641046948283,0.07228641046948282,rsi_overbought,17,61.5,2.5802,0.96,4.92,True,fib_pullback,ZENSARTECH
2024-11-26,2024-12-05,716.361572265625,740.9794921875,0.034365215660600426,0.03176521566060043,rsi_overbought,9,58.9,2.5233,0.93,1.29,True,fib_pullback,ZENSARTECH
2025-09-10,2025-09-18,802.92333984375,827.4400634765625,0.03053432677344202,0.027934326773442018,rsi_overbought,8,52.7,2.042,0.98,4.1,True,fib_pullback,ZENSARTECH
2025-10-23,2025-11-03,779.3794555664062,735.405029296875,-0.056422357499240565,-0.05902235749924056,bb_mid_break,11,60.8,3.181,0.87,3.53,True,fib_pullback,ZENSARTECH
2016-12-28,2017-01-12,167.80015563964844,165.4389190673828,-0.014071718606366437,-0.016671718606366438,bb_mid_break,15,53.9,0.0005,0.99,7.66,True,fib_pullback,ZYDUSWELL
2017-05-29,2017-05-30,167.36212158203125,163.56484985351562,-0.022688955497343056,-0.025288955497343057,bb_mid_break,1,48.6,0.0544,0.68,2.23,True,fib_pullback,ZYDUSWELL
2017-09-08,2017-10-06,171.2176971435547,172.43165588378906,0.007090147575203929,0.0044901475752039295,macd_bear_cross,28,62.3,0.1804,1.02,1.7,True,fib_pullback,ZYDUSWELL
2021-06-30,2021-07-09,413.4203186035156,432.6374816894531,0.046483354158428344,0.043883354158428346,rsi_overbought,9,56.2,1.0343,0.87,3.62,True,fib_pullback,ZYDUSWELL
2023-12-04,2023-12-12,311.441650390625,305.6343078613281,-0.018646647042914872,-0.021246647042914873,macd_bear_cross,8,59.7,0.566,0.89,1.34,True,fib_pullback,ZYDUSWELL
2023-12-14,2024-01-01,312.0570983886719,333.74774169921875,0.06950857206116443,0.06690857206116442,rsi_overbought,18,51.2,0.0721,0.92,1.92,True,fib_pullback,ZYDUSWELL
2024-02-08,2024-02-09,325.0020446777344,316.4647521972656,-0.02626842698461839,-0.028868426984618393,macd_bear_cross,1,56.0,0.1241,0.77,5.67,True,fib_pullback,ZYDUSWELL
2024-11-27,2024-12-16,395.28662109375,406.888671875,0.02935098271008354,0.02675098271008354,macd_bear_cross,19,54.2,1.6074,0.87,1.69,True,fib_pullback,ZYDUSWELL
